pair_key,프로필,좋아하는_게임,좋아하는_게임_장르,좋아하는_게임_설명,추천_게임,추천_게임_장르,추천_게임_설명,적합도,이유태그,메모
B0001,A12,Baldur's Gate 3 / Mount & Blade II: Bannerlord / Kenshi,"어드벤처, RPG, 전략 / 액션, 인디, RPG, 시뮬레이션, 전략 / 액션, 인디, RPG, 시뮬레이션, 전략","[Baldur's Gate 3] Baldur’s Gate 3 is a story-rich, party-based RPG set in the universe of Dungeons & Dragons, where your choices shape a tale of fellowship and betrayal, survival and sacrifice, and  ‖ [Mount & Blade II: Bannerlord] 본 게임은 전략/액션 RPG입니다. 캐릭터를 생성하고, 외교에 참여하고, 제작, 거래를 하고, 방대한 중세풍의 샌드박스에서 새로운 땅을 정복하십시오. 군대를 일으켜 전쟁에 뛰어들고, 깊이가 있으나 직관적인 실력 기반의 전투 시스템을 채용한 대규모 실시간 전투에서 자신의 부대에 명령을 내리고 함께 싸우십시오. ‖ [Kenshi] 자유롭게 돌아다니는 분대 기반의 RPG. 스토리를 따라가는 대신 제한 없는 샌드박스식 게임플레이에 중점을 두었습니다. 무역상, 도둑, 반란군, 전쟁 군주, 모험가, 농부, 노예 등 다양한 삶을 체험할 수 있습니다. 운이 나쁘면 식인종의 먹잇감으로 전락할지도 모르죠. 새로운 장비를 연구하거나 제작해 보세요.",Mortal Online 2,"액션, 인디, 대규모 멀티플레이어, RPG","Step into Nave, a vast fantasy sandbox world with a player-driven economy, persistent housing, and deep crafting systems. Engage in first-person, full-loot PvP combat with other players and perilous foes. Build, explore, and conquer in an unforgiving world. The land is yours—who will you become?",2,,
B0002,A07,Into the Breach / Monster Train / Mini Metro,"인디, RPG, 시뮬레이션, 전략 / 전략 / 인디, 시뮬레이션, 전략","[Into the Breach] 미래의 강력한 메크를 조종하여 외계 세력을 물리치세요. 이 턴제 전략 게임에서는 세계를 구하려 시도할 때마다 무작위로 새롭게 생성되는 도전이 여러분 앞에 나타납니다. ‖ [Monster Train] Monster Train is a strategic roguelike deck building game with a twist. Set on a train to hell, you’ll use tactical decision making to defend multiple vertical battlegrounds. With  ‖ [Mini Metro] 미니 메트로는 성장하는 도시를 위해 지하철 노선을 설계하는 게임입니다. 역과 역 사이에 노선을 그려서 열차 운행을 시작하세요. 새로운 역이 열리면 노선을 수정해서 노선도를 효율적으로 유지하세요. 한정된 자원을 어느 곳에 사용할 것인지 결정하세요. 도시를 얼마나 오래 유지할 수 있을까요?",Train Valley 2,"어드벤처, 캐주얼, 인디, 시뮬레이션, 전략",철도망을 더욱 크고 복잡하게 만들어 보세요! 전작의 성공을 뛰어넘은 이 속편에선 오리지널 이상의 재미를 느낄 수 있습니다. 점점 더 높아지는 난이도와 지역 산업의 복잡한 과제가 제시되는 이 방대한 계곡을 직접 체험하세요! 탑승하세요! 기차가 출발합니다!,3,,
B0003,A06,Cities: Skylines / Factorio / Farming Simulator 22,"시뮬레이션, 전략 / 캐주얼, 인디, 시뮬레이션, 전략 / 시뮬레이션","[Cities: Skylines] Cities: Skylines is a modern take on the classic city simulation. The game introduces new game play elements to realize the thrill and hardships of creating and maintaining a real  ‖ [Factorio] Factorio는 무한한 2D 세상에서 복잡성이 증가하는 아이템을 생산하기 위해 자동화 공장을 만드는 게임입니다. - 당신의 상상력으로 공장을 설계, 독창적인 방법으로 간단한 요소를 결합하고 마지막엔 당신을 좋아하지 않는 생물들로 부터 공장을 지키세요. ‖ [Farming Simulator 22] 농장을 만들고 농사를 즐기세요! 작물을 수확하고, 동물을 돌보고, 생산을 관리하고, 계절에 따른 어려움을 이겨내세요.",Citystate II,"시뮬레이션, 전략","Create your own Nation, build cities and bring prosperity to your people. Citystate II is a unique city-builder featuring realistic economics and complex political options. Slums or skyscrapers, experiment and bring about your vision of the ideal society.",3,,
B0004,A11,Forza Horizon 5 / Hi-Fi RUSH / Street Fighter 6,"액션, 어드벤처, 레이싱, 시뮬레이션, 스포츠 / 액션 / 액션, 어드벤처","[Forza Horizon 5] 세계 최고의 자동차를 타고 생동감 넘치는 멕시코의 대자연을 탐험하며 재미있는 드라이빙 액션을 마음껏 즐겨보세요. ‖ [Hi-Fi RUSH] 아케이드 챌린지! 업데이트!로 추가되는 두 개의 신규 게임 모드에서 여러분의 능력을 시험하고, 새로운 보상을 획득해 보세요. 몇 가지 비밀도 숨어 있답니다! 락 스타 지망생 차이가 되어 비트를 타고, 세상 모든 게 음악에 싱크되는 세계에서 오합지졸 팀과 함께 사악한 거대 기업에 맞서 싸우세요. ‖ [Street Fighter 6] 시리즈 최신작 『Street Fighter 6』, 2023년 6월 2일 발매 결정! RE ENGINE으로 개발된 본 작품은 대형 모드 「World Tour」, 「Fighting Ground」, 「Battle Hub」로 구성되어 있다. 새로운 「스트리트 파이터」에는 지금까지의 시리즈에는 없었던 새로운 체험이 기다리고 있다.",SAMURAI SHODOWN NEOGEO COLLECTION,액션,"The ULTIMATE collection is here! It all began in ’93, and now, the weapon-based fighting game series that swept the world is ready to be taken home in a new stellar collection! Six NEOGEO titles as well as one mysterious, unreleased game are featured!",3,,
B0005,A34,Pid / ChromaGun / Deer & Boy,"어드벤처, 인디 / 액션, 어드벤처, 인디 / 액션, 어드벤처, 인디","[Pid] You are stranded on a strange and peculiar planet. It’s time to embark on your journey and find your way home! Explore a gravity defying and challenging platformer with striking vi ‖ [ChromaGun] Welcome to ChromaTec’s test lab! You’re here to test our state-of-the-art military-grade color-technology: The ChromaGun (patent pending)! Use it to solve our meticulously designed ‖ [Deer & Boy] 도망친 소년은 길 잃은 어린 사슴을 만나 고요하면서도 위태로운 세상을 함께 헤쳐 나갑니다. 퍼즐을 풀고, 높은 곳에 오르고, 위협을 피해 나아가며 당신의 동료는 연약한 아기 사슴에서 어엿한 사슴으로 성장하죠. 혼자서는 할 수 없었던 일을 함께 해내는 법을 배우게 됩니다.",VIVIDLOPE,"액션, 인디",Rapid gravity arcade action! Dash! Spin! Slam! Paint!,2,,
B0006,A06,Cities: Skylines / Factorio / Farming Simulator 22,"시뮬레이션, 전략 / 캐주얼, 인디, 시뮬레이션, 전략 / 시뮬레이션","[Cities: Skylines] Cities: Skylines is a modern take on the classic city simulation. The game introduces new game play elements to realize the thrill and hardships of creating and maintaining a real  ‖ [Factorio] Factorio는 무한한 2D 세상에서 복잡성이 증가하는 아이템을 생산하기 위해 자동화 공장을 만드는 게임입니다. - 당신의 상상력으로 공장을 설계, 독창적인 방법으로 간단한 요소를 결합하고 마지막엔 당신을 좋아하지 않는 생물들로 부터 공장을 지키세요. ‖ [Farming Simulator 22] 농장을 만들고 농사를 즐기세요! 작물을 수확하고, 동물을 돌보고, 생산을 관리하고, 계절에 따른 어려움을 이겨내세요.",Incremental Factory,"캐주얼, 인디, 시뮬레이션, 전략, 앞서 해보기","Craft and automate an industrial empire from scratch! Experience a strategic game teeming with challenges as you manage resources, overcome hurdles, and optimize production chains. Are you ready to conquer the challenges of Incremental Factory? Your journey starts here... The Factory Must Grow!",3,,
B0007,A12,Baldur's Gate 3 / Mount & Blade II: Bannerlord / Kenshi,"어드벤처, RPG, 전략 / 액션, 인디, RPG, 시뮬레이션, 전략 / 액션, 인디, RPG, 시뮬레이션, 전략","[Baldur's Gate 3] Baldur’s Gate 3 is a story-rich, party-based RPG set in the universe of Dungeons & Dragons, where your choices shape a tale of fellowship and betrayal, survival and sacrifice, and  ‖ [Mount & Blade II: Bannerlord] 본 게임은 전략/액션 RPG입니다. 캐릭터를 생성하고, 외교에 참여하고, 제작, 거래를 하고, 방대한 중세풍의 샌드박스에서 새로운 땅을 정복하십시오. 군대를 일으켜 전쟁에 뛰어들고, 깊이가 있으나 직관적인 실력 기반의 전투 시스템을 채용한 대규모 실시간 전투에서 자신의 부대에 명령을 내리고 함께 싸우십시오. ‖ [Kenshi] 자유롭게 돌아다니는 분대 기반의 RPG. 스토리를 따라가는 대신 제한 없는 샌드박스식 게임플레이에 중점을 두었습니다. 무역상, 도둑, 반란군, 전쟁 군주, 모험가, 농부, 노예 등 다양한 삶을 체험할 수 있습니다. 운이 나쁘면 식인종의 먹잇감으로 전락할지도 모르죠. 새로운 장비를 연구하거나 제작해 보세요.",中世纪君主 Medieval Monarch,"인디, RPG, 시뮬레이션, 전략","In the medieval era, assume the role of a lord and engage with other lords，develop fiefdoms, and employ strategies involving intrigue, warfare, and plunder. Expand your territory and strengthen your house lineage Or, be a god, manipulate the world? This game primarily strategic role-playing elements",2,,
B0008,A12,Baldur's Gate 3 / Mount & Blade II: Bannerlord / Kenshi,"어드벤처, RPG, 전략 / 액션, 인디, RPG, 시뮬레이션, 전략 / 액션, 인디, RPG, 시뮬레이션, 전략","[Baldur's Gate 3] Baldur’s Gate 3 is a story-rich, party-based RPG set in the universe of Dungeons & Dragons, where your choices shape a tale of fellowship and betrayal, survival and sacrifice, and  ‖ [Mount & Blade II: Bannerlord] 본 게임은 전략/액션 RPG입니다. 캐릭터를 생성하고, 외교에 참여하고, 제작, 거래를 하고, 방대한 중세풍의 샌드박스에서 새로운 땅을 정복하십시오. 군대를 일으켜 전쟁에 뛰어들고, 깊이가 있으나 직관적인 실력 기반의 전투 시스템을 채용한 대규모 실시간 전투에서 자신의 부대에 명령을 내리고 함께 싸우십시오. ‖ [Kenshi] 자유롭게 돌아다니는 분대 기반의 RPG. 스토리를 따라가는 대신 제한 없는 샌드박스식 게임플레이에 중점을 두었습니다. 무역상, 도둑, 반란군, 전쟁 군주, 모험가, 농부, 노예 등 다양한 삶을 체험할 수 있습니다. 운이 나쁘면 식인종의 먹잇감으로 전락할지도 모르죠. 새로운 장비를 연구하거나 제작해 보세요.",Parting Shadows,"인디, RPG","A narrative RPG where every choice reshapes the story. Build your party from 56 unique classes, fight through three branching tales of mystery and betrayal, and discover that some paths can't be retraced.",3,,
B0009,A23,Vomitoreum / Tales of Kenzera™: ZAU / Shantae: Half-Genie Hero,"액션, 어드벤처, 인디 / 액션, 어드벤처, 인디 / 액션, 어드벤처, 인디","[Vomitoreum] Vomitoreum is an FPS Metroidvania with a focus on atmosphere and horror, inspired by the paintings of Zdzisław Beksiński. ‖ [Tales of Kenzera™: ZAU] 샤먼의 춤을 추세요. 아버지의 영혼을 되찾으세요. Surgent Studios가 제작한 메트로이드바니아 스타일의 어드벤처 게임 Tales of Kenzera™: ZAU에서 죽음의 신과 함께 아름답고 위험한 켄제라의 땅으로 용감하게 모험을 떠나세요. ‖ [Shantae: Half-Genie Hero] Shantae embarks on her first full HD adventure! When a mysterious crime wave sweeps Sequin Land, it’s up to Half-Genie Hero Shantae to save the day! Use Shantae’s devastating Hair-",Sundered®: Eldritch Edition,"액션, 어드벤처, 인디",Sundered는 섬뜩한 고대의 힘에 저항하거나 그 힘을 받아들여야 하는 혼란으로 가득한 손으로 그린 스타일의 메트로이드베니아 게임입니다. H.P.Lovecraft 작품의 영감을 받은 끊임없이 변화하는 세계 속에서 무시무시한 적 무리에 맞서 보세요.,3,,
B0010,A05,Opus Magnum,"인디, 시뮬레이션","[Opus Magnum] Opus Magnum은 SpaceChem, Infinifactory, SHENZHEN I/O를 제작한 Zachtronics의 신작 퍼즐게임입니다. 연금술사들의 최첨단 도구인 변성 기관을 이용해 물약과 독을 만들어내는 기계들을 설계하고 만들어 내세요!",CHR$(143),"인디, 시뮬레이션","풍부하고 도전적인 물리학 기반 퍼즐/논리/건설/프로그래밍 게임! 탄도학, 유체 역학, 열역학, 화학 및 핵 반응을 마스터하고, 자동화 브릭을 사용하고, 구조물, 기계, 차량을 만들고, 전력을 생산하고, 퍼즐을 풀고, 안개를 뚫고, CHR $를 물리치세요!",3,,
B0011,A17,Lethal Company / Phasmophobia / Deep Rock Galactic,"액션, 어드벤처, 인디, 앞서 해보기 / 액션, 인디, 앞서 해보기 / 액션","[Lethal Company] A co-op horror about scavenging at abandoned moons to sell scrap to the Company. ‖ [Phasmophobia] Phasmophobia is a 4 player online co-op psychological horror. Paranormal activity is on the rise and it’s up to you and your team to use all the ghost-hunting equipment at your dis ‖ [Deep Rock Galactic] 딥 락 갤럭틱은 1-4인의 플레이어가 협동하는 FPS 게임으로, 상남자 우주 드워프, 100% 파괴 가능한 맵 환경, 절차적 생성 동굴 지형, 그리고 끊임없이 등장하는 외계 괴물 무리가 특징입니다.",Mining Company,"액션, 어드벤처, 인디","Online co-op horror for 1-4 players. Mine nearby asteroids for gems to pay for your company's new spaceship. Time your orbits, day-trade the minerals market, and avoid deadly monsters at night.",3,,
B0012,A19,ELDEN RING / Disco Elysium - The Final Cut / Outer Wilds,"액션, RPG / RPG / 액션, 어드벤처","[ELDEN RING] 본 게임은 본격적인 다크 판타지 세계를 무대로 한 액션 RPG입니다. 드넓은 필드와 던전 탐험을 통해 미지의 것들을 발견해 보세요. 앞길을 막아서는 난관과 그것을 극복했을 때의 달성감, 그리고 등장인물들의 의도가 교착하는 군상극도 즐기실 수 있습니다. ‖ [Disco Elysium - The Final Cut] 디스코 엘리시움 - 최종판은 획기적인 오픈 월드 롤플레잉 게임입니다. 당신은 독특한 스킬 시스템을 갖춘 형사로서 오롯한 도시 블록을 당신의 미래를 닦기 위해 다듬을 수 있습니다. 잊지 못할 등장인물들을 심문하거나, 살인 사건을 해결하거나, 뇌물을 받으세요. 영웅이 되거나 인류의 완전한 재앙이 되세요. ‖ [Outer Wilds] Giant Bomb, Polygon, Eurogamer, The Guardian에 의해 2019년 올해의 게임에 이름을 올리며 냉정한 호평과 수상 실적이 있는 Outer Wilds는 무한 시간 루프에 갇힌 태양계에 관한 공개된 세계의 미스터리 게임입니다.",EVERSPACE™ 2,"액션, 어드벤처, RPG, 시뮬레이션","Everspace 2는 우주선을 통해 빠른 속도로 전개되는 싱글 플레이어 슈터 게임으로, 전리품, RPG 요소, 채굴, 제작으로 가득 찬 우주와 행성을 탐사하게 됩니다. 비밀, 퍼즐, 위협으로 가득한 생생한 오픈 월드에서 펼쳐지는 긴장감 넘치는 SF 스토리를 경험하세요.",2,,
B0013,A17,Lethal Company / Phasmophobia / Deep Rock Galactic,"액션, 어드벤처, 인디, 앞서 해보기 / 액션, 인디, 앞서 해보기 / 액션","[Lethal Company] A co-op horror about scavenging at abandoned moons to sell scrap to the Company. ‖ [Phasmophobia] Phasmophobia is a 4 player online co-op psychological horror. Paranormal activity is on the rise and it’s up to you and your team to use all the ghost-hunting equipment at your dis ‖ [Deep Rock Galactic] 딥 락 갤럭틱은 1-4인의 플레이어가 협동하는 FPS 게임으로, 상남자 우주 드워프, 100% 파괴 가능한 맵 환경, 절차적 생성 동굴 지형, 그리고 끊임없이 등장하는 외계 괴물 무리가 특징입니다.",Emissary Zero,"어드벤처, 인디, 대규모 멀티플레이어",협동 호러(1-4인). 밤에 신비한 건물을 탐험하게 됩니다. 달을 찾아 살아서 돌아오세요.,3,,
B0014,A01,It Takes Two / Overcooked! 2 / What Remains of Edith Finch,"액션, 어드벤처 / 액션, 캐주얼, 인디 / 어드벤처, 인디","[It Takes Two] It Takes Two에서 생애 가장 정신없는 여정을 시작하세요. 친구가 무료로 참가할 수 있게 친구 패스*로 초대하고, 함께 힘을 합쳐서 수많은 유쾌하고 획기적인 게임 플레이 챌린지를 헤쳐나가세요. ‖ [Overcooked! 2] 혼란스러운 요리 액션으로 가득한 Overcooked가 돌아왔습니다! 양파 왕국으로 돌아가는 여행을 떠나세요. 클래식 협동 또는 온라인 플레이에서 셰프 팀을 만들어서 최대 4명까지 플레이하세요. 앞치마를 준비하세요... 다시 세상을 구할 때가 되었습니다! ‖ [What Remains of Edith Finch] What Remains of Edith Finch(워트 리메인스 오브 에디스 핀치)는 워싱턴 주에 있는 어느 가족에 대한 이상한 이야기의 모음입니다. 플레이어는 에디스가 되어 거대한 핀치 가택을 탐사하고, 가족사를 연구하며 이야기를 찾고, 왜 가족 중에서 그녀만 살아남았는지 알아내야 합니다. 각 이야기는 새로운 가족 구성",The Remains and The Residue,"어드벤처, 인디",The Remains and The Residue is a story-based linear adventure game where you play the stories and the memories of the famous author Janus Brennhart.,2,,
B0015,A01,It Takes Two / Overcooked! 2 / What Remains of Edith Finch,"액션, 어드벤처 / 액션, 캐주얼, 인디 / 어드벤처, 인디","[It Takes Two] It Takes Two에서 생애 가장 정신없는 여정을 시작하세요. 친구가 무료로 참가할 수 있게 친구 패스*로 초대하고, 함께 힘을 합쳐서 수많은 유쾌하고 획기적인 게임 플레이 챌린지를 헤쳐나가세요. ‖ [Overcooked! 2] 혼란스러운 요리 액션으로 가득한 Overcooked가 돌아왔습니다! 양파 왕국으로 돌아가는 여행을 떠나세요. 클래식 협동 또는 온라인 플레이에서 셰프 팀을 만들어서 최대 4명까지 플레이하세요. 앞치마를 준비하세요... 다시 세상을 구할 때가 되었습니다! ‖ [What Remains of Edith Finch] What Remains of Edith Finch(워트 리메인스 오브 에디스 핀치)는 워싱턴 주에 있는 어느 가족에 대한 이상한 이야기의 모음입니다. 플레이어는 에디스가 되어 거대한 핀치 가택을 탐사하고, 가족사를 연구하며 이야기를 찾고, 왜 가족 중에서 그녀만 살아남았는지 알아내야 합니다. 각 이야기는 새로운 가족 구성",Restaurats,"액션, 캐주얼, 인디, RPG, 시뮬레이션, 전략","중세 레스토랑을 쥐들과 운영하자! 요리하고 손님에게 던지고, 전설의 쥐 셰프가 되어라!",2,,
B0016,A15,서브노티카 / The Long Dark / No Man's Sky,"어드벤처, 인디 / 어드벤처, 인디, 시뮬레이션, 전략 / 액션, 어드벤처","[서브노티카] 위험과 경이로움이 가득한 외계의 바다 속으로 내려가세요. 장비를 제작하고, 잠수함을 조종하며 야생 생물보다 앞서가세요. 우거진 산호초, 화산, 동굴 같은 많은 장소들을 탐험하세요. 물론 살아남는 걸 잊으면 안 되겠죠. ‖ [The Long Dark] The Long Dark는 깊은 생각을 요구하는 탐험 생존 게임입니다. 플레이어는 지구 자기장 이상으로 인한 대재앙이 휩쓸고 간 세상에서 혼자 드넓은 설원 황무지를 탐험하며 살아남아야 합니다. 좀비는 등장하지 않으며 오직 플레이어와 추위, 그리고 자연 속의 위험들만 존재합니다. 고요한 종말의 세상에 오신 것을 환영합니다. ‖ [No Man's Sky] No Man's Sky는 무한히 펼쳐지는 우주에서의 탐험과 생존을 그린 SF 게임입니다.",Fragmented,"액션, 인디, RPG","Stranded in a hostile alien world, you must fight to survive. Hunt, harvest, craft, advance skills, and build using local resources along with technology from your voyage.",3,,
B0017,A18,Euro Truck Simulator 2 / BeamNG.drive / 아세토 코르사 Assetto Corsa,"인디, 시뮬레이션 / 레이싱, 시뮬레이션, 앞서 해보기 / 인디, 레이싱, 시뮬레이션, 스포츠","[Euro Truck Simulator 2] 도로의 왕이 되어 인상적인 거리를 가로질러 중요한 화물을 배달하는 트럭 운전사가 되어 유럽을 여행하세요! 탐험할 도시가 수십 개나 되므로, 당신의 인내심, 기술, 속도가 모두 한계에 도달할 것입니다. ‖ [BeamNG.drive] 뭐든지 할 수 있는 동적 소프트 보디 물리 시뮬레이터입니다. ‖ [아세토 코르사 Assetto Corsa] 아세토 코르사(Assetto Corsa) v1.16은 새로운 레이저 스캔 트랙 ""라구나 세카(Laguna Seca)"" 및 기다리던 Alfa Romeo Giulia Quadrifoglio를 포함한 7개의 신차를 소개합니다! 체인지로그에서 더 자세한 내용을 확인하세요!",Mission: Driver,"시뮬레이션, 앞서 해보기",Start the engine and become a legendary driver! Control a variety of unique vehicles with realistic driving physics. Master dozens of challenging missions and break all the records!,3,,
B0018,A23,Vomitoreum / Tales of Kenzera™: ZAU / Shantae: Half-Genie Hero,"액션, 어드벤처, 인디 / 액션, 어드벤처, 인디 / 액션, 어드벤처, 인디","[Vomitoreum] Vomitoreum is an FPS Metroidvania with a focus on atmosphere and horror, inspired by the paintings of Zdzisław Beksiński. ‖ [Tales of Kenzera™: ZAU] 샤먼의 춤을 추세요. 아버지의 영혼을 되찾으세요. Surgent Studios가 제작한 메트로이드바니아 스타일의 어드벤처 게임 Tales of Kenzera™: ZAU에서 죽음의 신과 함께 아름답고 위험한 켄제라의 땅으로 용감하게 모험을 떠나세요. ‖ [Shantae: Half-Genie Hero] Shantae embarks on her first full HD adventure! When a mysterious crime wave sweeps Sequin Land, it’s up to Half-Genie Hero Shantae to save the day! Use Shantae’s devastating Hair-",Wife Quest,"액션, 어드벤처, 인디","A retro platform, side-scrolling game with gorgeous pixel art. Help Mia rescue Fernando, her husband, who has been kidnapped by a Dark Elf named Morganna and her pack of Monster Girls.",2,,
B0019,A26,RimWorld / Oxygen Not Included / Unpacking 언패킹,"인디, 시뮬레이션, 전략 / 인디, 시뮬레이션 / 캐주얼, 인디, 시뮬레이션","[RimWorld] 지능형 AI 이야기꾼이 주도하는 공상과학 정착지 시뮬레이터입니다. 심리, 생태, 총격전과 근접전, 날씨, 기후, 외교, 사람 사이의 관계, 예술, 의학, 무역, 그 외 많은 것들을 시뮬레이션하여 이야기를 생성합니다. ‖ [Oxygen Not Included] Oxygen Not Included는 우주 콜로니 시뮬레이션 게임입니다. 외계의 우주 암석 깊은 곳에서 근면한 일꾼들은 생존하고 나아가 번영하기 위해 과학을 마스터하고, 낯선 새로운 생명체에 맞서며, 경이로운 우주 테크놀로지를 활용해야 합니다. ‖ [Unpacking 언패킹] Unpacking은 상자에서 짐을 꺼내 새집에 맞게 배치하는 친숙한 체험에 대한 명상적 퍼즐 게임입니다. 게임의 일부인 블록 맞추기 게임과 집 꾸미기를 하는 동안, 푸는 짐에 닮긴 삶의 실마리를 찾아가며 만족할 만한 생활 공간을 만들어 보세요.",SpaceSlog,"인디, 시뮬레이션, 전략, 앞서 해보기","Build your spaceship, manage your crew, and explore the cosmos whilst trying to keep your crew alive and your ship fully functioning. This challenging survival colony sim features deep simulated ship systems and a whole universe to explore.",3,,
B0020,A25,DOOMBLADE / Transiruby / Blast Brigade vs. the Evil Legion of Dr. Cread,"액션, 어드벤처, 인디 / 액션 / 액션, 어드벤처, 인디","[DOOMBLADE] Deep underground, Gloom Girl discovers DOOMBLADE, a sentient weapon hellbent on escape after eons in chains. Together, “Doom and Gloom” embark on a vengeful quest to unlock the pow ‖ [Transiruby] 차원 대륙의 의문을 풀어라! 는 사이보그 소녀 실비가 검과 엘리먼트 샷으로 적을 쓰러뜨리며 앞으로 나아가는 탐색형 액션 게임입니다! ‖ [Blast Brigade vs. the Evil Legion of Dr. Cread] 스릴 넘치는 플랫포밍과 깊이 있는 탐험 세계, 폭발적인 액션으로 가득한 2D 메트로이드배니아 어드벤처 게임을 즐겨보세요! Blast Brigade에서 영웅들로 팀을 구성해 세계를 구하세요!",Vigil: The Longest Night,"액션, 인디, RPG","플레이어는 밤의 수호자 조직의 멤버 레일라로 변신하여, 태양 빛이 닿지 않는 나라에서 그녀의 여정을 시작합니다. 이 끝없는 긴 밤 속에서, 그녀는 끊임없이 싸우며, 영원한 어둠 속에 숨겨진 악의 세력이 수백 년 동안 이어온 음모를 밝히고, 그 뒤에 숨은 음산하고 기이한 괴물의 수수께끼를 탐구할 것입니다.",3,,
B0021,A07,Into the Breach / Monster Train / Mini Metro,"인디, RPG, 시뮬레이션, 전략 / 전략 / 인디, 시뮬레이션, 전략","[Into the Breach] 미래의 강력한 메크를 조종하여 외계 세력을 물리치세요. 이 턴제 전략 게임에서는 세계를 구하려 시도할 때마다 무작위로 새롭게 생성되는 도전이 여러분 앞에 나타납니다. ‖ [Monster Train] Monster Train is a strategic roguelike deck building game with a twist. Set on a train to hell, you’ll use tactical decision making to defend multiple vertical battlegrounds. With  ‖ [Mini Metro] 미니 메트로는 성장하는 도시를 위해 지하철 노선을 설계하는 게임입니다. 역과 역 사이에 노선을 그려서 열차 운행을 시작하세요. 새로운 역이 열리면 노선을 수정해서 노선도를 효율적으로 유지하세요. 한정된 자원을 어느 곳에 사용할 것인지 결정하세요. 도시를 얼마나 오래 유지할 수 있을까요?",Battle Train,"인디, 전략","Battle Train is a run-based roguelite deck-n-track builder set in the world’s most explosive game show. Choose your cards, upgrade your train, lay down tracks, and use destructive locomotives to blast your rival Champions off the rails in a chaotic mashup of deck-building and tactical rail combat.",3,,
B0022,A26,RimWorld / Oxygen Not Included / Unpacking 언패킹,"인디, 시뮬레이션, 전략 / 인디, 시뮬레이션 / 캐주얼, 인디, 시뮬레이션","[RimWorld] 지능형 AI 이야기꾼이 주도하는 공상과학 정착지 시뮬레이터입니다. 심리, 생태, 총격전과 근접전, 날씨, 기후, 외교, 사람 사이의 관계, 예술, 의학, 무역, 그 외 많은 것들을 시뮬레이션하여 이야기를 생성합니다. ‖ [Oxygen Not Included] Oxygen Not Included는 우주 콜로니 시뮬레이션 게임입니다. 외계의 우주 암석 깊은 곳에서 근면한 일꾼들은 생존하고 나아가 번영하기 위해 과학을 마스터하고, 낯선 새로운 생명체에 맞서며, 경이로운 우주 테크놀로지를 활용해야 합니다. ‖ [Unpacking 언패킹] Unpacking은 상자에서 짐을 꺼내 새집에 맞게 배치하는 친숙한 체험에 대한 명상적 퍼즐 게임입니다. 게임의 일부인 블록 맞추기 게임과 집 꾸미기를 하는 동안, 푸는 짐에 닮긴 삶의 실마리를 찾아가며 만족할 만한 생활 공간을 만들어 보세요.",Arcbound,"시뮬레이션, 앞서 해보기","A colony sim set on a starship. Build and manage a spacefaring civilisation, balance oxygen, power, and crew survival, and guide your ship through the final escape from Earth.",3,,
B0023,A17,Lethal Company / Phasmophobia / Deep Rock Galactic,"액션, 어드벤처, 인디, 앞서 해보기 / 액션, 인디, 앞서 해보기 / 액션","[Lethal Company] A co-op horror about scavenging at abandoned moons to sell scrap to the Company. ‖ [Phasmophobia] Phasmophobia is a 4 player online co-op psychological horror. Paranormal activity is on the rise and it’s up to you and your team to use all the ghost-hunting equipment at your dis ‖ [Deep Rock Galactic] 딥 락 갤럭틱은 1-4인의 플레이어가 협동하는 FPS 게임으로, 상남자 우주 드워프, 100% 파괴 가능한 맵 환경, 절차적 생성 동굴 지형, 그리고 끊임없이 등장하는 외계 괴물 무리가 특징입니다.",Titanfall® 2,액션,"디지털 디럭스 콘텐츠 및 점프 스타트 팩, 언더그라운드 R-201 Carbine 커스텀 무기 스킨이 포함되어 있습니다.",1,MODE_MISMATCH,
B0024,A18,Euro Truck Simulator 2 / BeamNG.drive / 아세토 코르사 Assetto Corsa,"인디, 시뮬레이션 / 레이싱, 시뮬레이션, 앞서 해보기 / 인디, 레이싱, 시뮬레이션, 스포츠","[Euro Truck Simulator 2] 도로의 왕이 되어 인상적인 거리를 가로질러 중요한 화물을 배달하는 트럭 운전사가 되어 유럽을 여행하세요! 탐험할 도시가 수십 개나 되므로, 당신의 인내심, 기술, 속도가 모두 한계에 도달할 것입니다. ‖ [BeamNG.drive] 뭐든지 할 수 있는 동적 소프트 보디 물리 시뮬레이터입니다. ‖ [아세토 코르사 Assetto Corsa] 아세토 코르사(Assetto Corsa) v1.16은 새로운 레이저 스캔 트랙 ""라구나 세카(Laguna Seca)"" 및 기다리던 Alfa Romeo Giulia Quadrifoglio를 포함한 7개의 신차를 소개합니다! 체인지로그에서 더 자세한 내용을 확인하세요!",EQDRIVE.IO,"인디, 시뮬레이션","High precision soft body physics for cars, trucks, airplanes, drones, ships and theme park rides.",3,,
B0025,A15,서브노티카 / The Long Dark / No Man's Sky,"어드벤처, 인디 / 어드벤처, 인디, 시뮬레이션, 전략 / 액션, 어드벤처","[서브노티카] 위험과 경이로움이 가득한 외계의 바다 속으로 내려가세요. 장비를 제작하고, 잠수함을 조종하며 야생 생물보다 앞서가세요. 우거진 산호초, 화산, 동굴 같은 많은 장소들을 탐험하세요. 물론 살아남는 걸 잊으면 안 되겠죠. ‖ [The Long Dark] The Long Dark는 깊은 생각을 요구하는 탐험 생존 게임입니다. 플레이어는 지구 자기장 이상으로 인한 대재앙이 휩쓸고 간 세상에서 혼자 드넓은 설원 황무지를 탐험하며 살아남아야 합니다. 좀비는 등장하지 않으며 오직 플레이어와 추위, 그리고 자연 속의 위험들만 존재합니다. 고요한 종말의 세상에 오신 것을 환영합니다. ‖ [No Man's Sky] No Man's Sky는 무한히 펼쳐지는 우주에서의 탐험과 생존을 그린 SF 게임입니다.",Investigator,"어드벤처, 인디, 시뮬레이션, 무료 플레이","Investigator is a first-person exploration game with horror elements, where the events take place in a world of extreme weather cataclysms.",2,,
B0026,A22,Deck of Ashes / Dicefolk / Cubic Cosmos,"어드벤처, 인디, RPG, 전략 / 캐주얼, 인디, 전략 / 전략","[Deck of Ashes] 덱 오브 애쉬즈(Deck of Ashes)는 전술 카드 전투를 벌이는 어드벤처 게임입니다. 한 번에 한 캐릭터씩 안티히어로 일행을 이끌어 속죄의 여행을 떠나보세요. 저주받은 판타지 세계를 탐험하며 강력한 카드를 찾아보세요. 독특한 전투 덱을 형성하여 적들을 무찌르세요! 잿빛 저주의 세계를 제거하실 수 있겠습니까? ‖ [Dicefolk] 마법 주사위의 힘을 휘두르고 강력한 키메라 팀을 구축해보세요! 수수께끼의 악을 멈추기 위한 택티컬 덱빌딩 로그라이트 모험이 다가오고 있습니다. 키메라 소환사로서, 신화적인 짐승들을 모집하고 완벽한 팀을 만들고, 다이스포크만의 독특한 주사위 메커니즘을 활용하여 승리로 이끌어주세요. ‖ [Cubic Cosmos] Cubic Cosmos is a thrilling fast-paced roguelike card game. You have been trapped in a deadly game. One wrong move could see you reduced to a plaything of the goddess. Can you free",SpellRogue,"인디, RPG, 전략","SpellRogue는 진정한 턴제 전술 로그라이크 게임입니다! 350개 이상의 강력한 주문들을 골라 완벽한 조합을 만들고 70개 이상의 특별한 조우에서 적을 격파하세요. 냉혹한 선택을 마주하고, 불가능해 보이는 확률에 적응해 나가며, 세상을 파괴한 공포에 맞서 반격을 시작하세요.",3,,
B0027,A20,Counter-Strike 2 / PUBG: BATTLEGROUNDS / 톰 클랜시의 레인보우식스 시즈,"액션, 무료 플레이 / 액션, 어드벤처, 대규모 멀티플레이어, 무료 플레이 / 액션, 무료 플레이","[Counter-Strike 2] Counter-Strike는 20년이 넘는 시간 동안 전 세계 수백만 명의 플레이어가 모여 수준 높은 경쟁을 펼칠 수 있는 플랫폼을 제공해 왔습니다. 그리고 이제 곧 Counter-Strike 2와 함께 새로운 CS 시대의 막이 열립니다. ‖ [PUBG: BATTLEGROUNDS] 배틀로얄 유행의 시작이자, 그 정수를 보여준 PUBG: 배틀그라운드를 지금 무료로 플레이하세요! 다양한 맵에 낙하하여 무기와 보급품을 확보하고, 점점 줄어드는 블루존 속에서 끝까지 살아남아 승리를 쟁취하세요. ‖ [톰 클랜시의 레인보우식스 시즈] 톰 클랜시의 레인보우식스 시즈는 탁월한 계획과 기술이 승부를 좌우하는 전술적인 정예 팀 기반 슈팅 게임입니다.",Six Days in Fallujah,"액션, 앞서 해보기","신규 업데이트! AI 공격대와 함께하는 솔로 플레이나 온라인 협동 플레이를 즐겨보세요. 식스 데이즈 인 팔루자는 긴장감 넘치고 사실적인 1인칭 전술 슈팅 게임으로, 금세기 가장 치열했던 시가전에서의 실화를 바탕으로 합니다.",3,,
B0028,A08,Sid Meier’s Civilization® VI / XCOM® 2 / Stellaris,"전략 / 전략 / 시뮬레이션, 전략","[Sid Meier’s Civilization® VI] 문명 VI 에서는 새로운 방식으로 세상과 소통하고, 제국의 영토를 확장시키며, 문화를 발전시키고, 역사속 위대한 지도자들에 맞서 오래도록 지속될 나만의 문명을 건설해볼 수 있습니다. 클레오파트라를 비롯한 20명의 역사 속 지도자들 중 한명으로 플레이 해보세요. ‖ [XCOM® 2] XCOM 2는 수상 경력이 있는 전략 게임 XCOM: Enemy Unknown의 속편입니다. 인류가 외계인 침략군에게 항복한 지 20년, 이제 지구 상에는 새로운 세계 질서가 존재합니다. 수년간을 어둠 속에서 숨어 있었던 XCOM 부대는 반드시 일어나 외계인의 지배를 무너뜨릴 것입니다. ‖ [Stellaris] 항성간 여행을 통해 우주를 탐험하며 수많은 종족들도 만나보세요. 과학선을 보내 우주를 조사하고 탐험하면서 은하 제국을 건설하고, 건축선을 보내 새로 발견한 행성에 기지를 건설하세요. 소속 사회를 위한 탐험에 나서 매장된 보물과 은하계의 경이를 발견하고, 탐험가의 한계치와 진화 범위를 설정하세요. 동맹이 체결되고, 전쟁이 ",Hexarchy,"인디, 시뮬레이션, 전략",빠른 속도로 전개되는 전략 게임입니다. 60분 동안 4X 기반의 중요한 결정을 내리고 다양한 작업을 수행하세요. 경제 발전과 함께 문명을 개척할 수 있는 덱을 구성하고 새로운 기술을 연구해서 모든 것을 정복해 보세요.,3,,
B0029,A27,The Raven Remastered / The Frostrune / Mad Experiments: Escape Room,"어드벤처 / 어드벤처 / 어드벤처, 캐주얼, 인디, 시뮬레이션, 전략","[The Raven Remastered] London, 1964. An ancient ruby is stolen from the British Museum. At the crime scene: a raven feather. Is somebody trying to follow in the footsteps of The Raven, the legendary mast ‖ [The Frostrune] Unravel a mystery inspired by Viking myth and legend in The Frostrune, a classic point-and-click adventure based on historically accurate Norse culture and environments. ‖ [Mad Experiments: Escape Room] 수상 후보에 오른 이스케이프 게임 1인 또는 최대 5인까지 플레이하며 3개의 독특한 방을 탐험하고, 두뇌를 자극하는 퍼즐을 풀며 체셔 교수와 그의 실험에 얽힌 어두운 비밀을 밝혀보세요.",Escape Academy,어드벤처,"Escape Academy에 오신 걸 환영합니다. 훈련을 거듭해서 궁극의 방 탈출 달인이 되세요. 퍼즐을 풀고, 서버를 해킹하고, 교수진을 만나고, 완벽한 차를 타세요. 싱글 플레이어 또는 로컬이나 온라인에서 친구와 함께 협동으로 플레이할 수 있습니다!",3,,
B0030,A34,Pid / ChromaGun / Deer & Boy,"어드벤처, 인디 / 액션, 어드벤처, 인디 / 액션, 어드벤처, 인디","[Pid] You are stranded on a strange and peculiar planet. It’s time to embark on your journey and find your way home! Explore a gravity defying and challenging platformer with striking vi ‖ [ChromaGun] Welcome to ChromaTec’s test lab! You’re here to test our state-of-the-art military-grade color-technology: The ChromaGun (patent pending)! Use it to solve our meticulously designed ‖ [Deer & Boy] 도망친 소년은 길 잃은 어린 사슴을 만나 고요하면서도 위태로운 세상을 함께 헤쳐 나갑니다. 퍼즐을 풀고, 높은 곳에 오르고, 위협을 피해 나아가며 당신의 동료는 연약한 아기 사슴에서 어엿한 사슴으로 성장하죠. 혼자서는 할 수 없었던 일을 함께 해내는 법을 배우게 됩니다.",Snake Pass,"어드벤처, 캐주얼, 인디, 시뮬레이션","수상 경력에 빛나는 독립 스튜디오 Sumo Digital에서 물리적인 원리를 기반으로 한 유일무이한 퍼즐 플랫폼 어드벤처 게임을 선보입니다! 스르륵 이동하고, 물체를 휘감고 기어올라 낙원 바위산 꼭대기까지 올라가세요!",3,,
B0031,A15,서브노티카 / The Long Dark / No Man's Sky,"어드벤처, 인디 / 어드벤처, 인디, 시뮬레이션, 전략 / 액션, 어드벤처","[서브노티카] 위험과 경이로움이 가득한 외계의 바다 속으로 내려가세요. 장비를 제작하고, 잠수함을 조종하며 야생 생물보다 앞서가세요. 우거진 산호초, 화산, 동굴 같은 많은 장소들을 탐험하세요. 물론 살아남는 걸 잊으면 안 되겠죠. ‖ [The Long Dark] The Long Dark는 깊은 생각을 요구하는 탐험 생존 게임입니다. 플레이어는 지구 자기장 이상으로 인한 대재앙이 휩쓸고 간 세상에서 혼자 드넓은 설원 황무지를 탐험하며 살아남아야 합니다. 좀비는 등장하지 않으며 오직 플레이어와 추위, 그리고 자연 속의 위험들만 존재합니다. 고요한 종말의 세상에 오신 것을 환영합니다. ‖ [No Man's Sky] No Man's Sky는 무한히 펼쳐지는 우주에서의 탐험과 생존을 그린 SF 게임입니다.",Among Trees,"어드벤처, 인디, 시뮬레이션","Escape to an enchanting, living sandbox surrounded by wildlife and nature. Scavenge materials and craft tools to turn your small cabin into a warm, well-supplied home. Survive by fishing, cooking and growing your own food. Be careful though, the forest is as dangerous as it is wonderful.",3,,
B0032,A30,Stardew Valley / Slime Rancher / Raft,"인디, RPG, 시뮬레이션 / 액션, 어드벤처, 인디, 시뮬레이션 / 어드벤처, 인디, 시뮬레이션","[Stardew Valley] You've inherited your grandfather's old farm plot in Stardew Valley. Armed with hand-me-down tools and a few coins, you set out to begin your new life. Can you learn to live off th ‖ [Slime Rancher] 슬라임 랜쳐는 젊고 용감한 랜쳐, 베아트릭스 르뷰가 지구에서 1,000광년 떨어진 '머나먼 평야'에서 슬라임들과 씨름하며 생계를 꾸려나가는 이야기입니다. 긍정적인 마인드와 강인한 의지로 베아트릭스는 진공팩을 사용하여 끊임없이 말랑말랑하게 굴러나오는 슬라임들을 피하며 이름을 알리고, 부자가 되려 합니다. ‖ [Raft] Raft™ throws you and your friends into an epic oceanic adventure! Alone or together, players battle to survive a perilous voyage across a vast sea! Gather debris, scavenge reefs an",슬라임 농장,"캐주얼, 인디, 시뮬레이션","귀여운 슬라임 친구들이 바탕화면에 찾아왔어요. 농장을 가꾸며, 슬라임들이 노는 모습을 느긋하게 바라보세요. 일하거나 공부하는 동안에도, 화면 한켠의 작은 농장은 조용히 이어집니다.",1,KEYWORD_MATCH,
B0033,A01,It Takes Two / Overcooked! 2 / What Remains of Edith Finch,"액션, 어드벤처 / 액션, 캐주얼, 인디 / 어드벤처, 인디","[It Takes Two] It Takes Two에서 생애 가장 정신없는 여정을 시작하세요. 친구가 무료로 참가할 수 있게 친구 패스*로 초대하고, 함께 힘을 합쳐서 수많은 유쾌하고 획기적인 게임 플레이 챌린지를 헤쳐나가세요. ‖ [Overcooked! 2] 혼란스러운 요리 액션으로 가득한 Overcooked가 돌아왔습니다! 양파 왕국으로 돌아가는 여행을 떠나세요. 클래식 협동 또는 온라인 플레이에서 셰프 팀을 만들어서 최대 4명까지 플레이하세요. 앞치마를 준비하세요... 다시 세상을 구할 때가 되었습니다! ‖ [What Remains of Edith Finch] What Remains of Edith Finch(워트 리메인스 오브 에디스 핀치)는 워싱턴 주에 있는 어느 가족에 대한 이상한 이야기의 모음입니다. 플레이어는 에디스가 되어 거대한 핀치 가택을 탐사하고, 가족사를 연구하며 이야기를 찾고, 왜 가족 중에서 그녀만 살아남았는지 알아내야 합니다. 각 이야기는 새로운 가족 구성",Gone Home,"어드벤처, 인디","June 7th, 1995. 1:15 AM. You arrive home after a year abroad. You expect your family to greet you, but the house is empty. Something's not right. Where is everyone? And what's happened here? Unravel the mystery for yourself in Gone Home, a story exploration game from The Fullbright Company.",3,,
B0034,A32,Hardspace: Shipbreaker / Hacknet / The Case of the Golden Idol / 방 탈출 시뮬레이터 / shapez 2 - Factory,"시뮬레이션 / 인디, 시뮬레이션 / 어드벤처, 인디 / 어드벤처, 캐주얼, 인디, 시뮬레이션 / 캐주얼, 인디, 시뮬레이션, 전략","[Hardspace: Shipbreaker] Equipped with cutting-edge salvaging tech, carve & slice spaceships to recover valuable materials. Upgrade your gear to take on more lucrative contracts and pay your billion credit ‖ [Hacknet] Hacknet은 터미널 기반의 몰입형 해킹 시뮬레이터입니다. 최근에 사망한, 그러나 언론 보도와는 달리 사고로 사망하지 않은 해커의 지시에 따라 진실을 추척하십시오. ‖ [The Case of the Golden Idol] A new kind of detective game that allows you to think and investigate freely. Discover clues surrounding 12 strange and gruesome deaths and build your own theory. Pick your suspect ‖ [방 탈출 시뮬레이터] Escape Simulator는 단독 또는 온라인 협동 플레이가 가능한 1인칭 퍼즐 게임입니다. 점점 더 많아지는, 고도의 상호 작용이 가능한 방탈출 세트를 탐험하세요. 가구를 옮기고, 모든 것을 집어 들고 검사하고, 냄비를 부수고 자물쇠를 부수세요! 레벨 편집기를 통해 커뮤니티가 만든 방을 지원합니다. ‖ [shapez 2 - Factory] 공장 건설 게임에 빠져들어 보세요. 단 한 가지에 집중하세요. 대규모 우주 공장을 건설하는 것! 방대하게 펼쳐지는 다층 공장과 만족스러운 생산 라인을 무제한으로 설계하세요. 계속해서 어려워지는 자동화 목표를 적의 위협 없이 자신만의 속도로 달성하세요.",Escape Memoirs: Safe House,"어드벤처, 캐주얼, 인디","""Escape Memoirs: Safe House"" is a co-operative reverse escape-room puzzle game. You are a member of a criminal organization who must break into one of their own safe houses to fetch some important tools. Do you think you have what it takes to overcome the puzzles that stand in your way?",3,,
B0035,A28,Dordogne / A YEAR OF SPRINGS / Botany Manor,"어드벤처, 인디 / 캐주얼, 인디, 시뮬레이션 / 어드벤처","[Dordogne] 이 유년 시절의 여정에서 특별한 내러티브에 몰입하며 도르도뉴의 수천 가지 여름의 색을 탐험하고, 추억을 떠올리며 가족의 비밀을 밝히세요. ‖ [A YEAR OF SPRINGS] 세 명의 여성, 세 개의 이야기, 세 개의 봄. 세 명의 친구들이 사랑, 공감, 그리고 단지 함께하고 싶어하는 감정에 대한 방향을 찾아나가는 3 부작 비주얼 노벨 A YEAR OF SPRINGS 에서 하루, 에리카, 마나미의 이야기를 체험하세요. ‖ [Botany Manor] Welcome to Botany Manor, a stately home in 19th century England. You play as inhabitant Arabella Greene, a retired botanist. Explore your house and gardens, filled with research, t",爱人 Lover,"캐주얼, 인디, RPG",发生在中国的三段绝对本土又完全不同的故事，由校园篇、古代篇、都市篇组成，均以女性第一视角展开。,2,,
B0036,A34,Pid / ChromaGun / Deer & Boy,"어드벤처, 인디 / 액션, 어드벤처, 인디 / 액션, 어드벤처, 인디","[Pid] You are stranded on a strange and peculiar planet. It’s time to embark on your journey and find your way home! Explore a gravity defying and challenging platformer with striking vi ‖ [ChromaGun] Welcome to ChromaTec’s test lab! You’re here to test our state-of-the-art military-grade color-technology: The ChromaGun (patent pending)! Use it to solve our meticulously designed ‖ [Deer & Boy] 도망친 소년은 길 잃은 어린 사슴을 만나 고요하면서도 위태로운 세상을 함께 헤쳐 나갑니다. 퍼즐을 풀고, 높은 곳에 오르고, 위협을 피해 나아가며 당신의 동료는 연약한 아기 사슴에서 어엿한 사슴으로 성장하죠. 혼자서는 할 수 없었던 일을 함께 해내는 법을 배우게 됩니다.",Chroma Surge,"캐주얼, 전략","In Chroma Surge, every tap ignites a ripple of color. Matching areas flood like tides until the world unifies in one hue. Conquer 20 procedurally generated levels with locks, cannons, and more. Create your own pixel art in ""Creation Mode."" This isn’t just a puzzle—it’s a visual poem in color.",2,,
B0037,A11,Forza Horizon 5 / Hi-Fi RUSH / Street Fighter 6,"액션, 어드벤처, 레이싱, 시뮬레이션, 스포츠 / 액션 / 액션, 어드벤처","[Forza Horizon 5] 세계 최고의 자동차를 타고 생동감 넘치는 멕시코의 대자연을 탐험하며 재미있는 드라이빙 액션을 마음껏 즐겨보세요. ‖ [Hi-Fi RUSH] 아케이드 챌린지! 업데이트!로 추가되는 두 개의 신규 게임 모드에서 여러분의 능력을 시험하고, 새로운 보상을 획득해 보세요. 몇 가지 비밀도 숨어 있답니다! 락 스타 지망생 차이가 되어 비트를 타고, 세상 모든 게 음악에 싱크되는 세계에서 오합지졸 팀과 함께 사악한 거대 기업에 맞서 싸우세요. ‖ [Street Fighter 6] 시리즈 최신작 『Street Fighter 6』, 2023년 6월 2일 발매 결정! RE ENGINE으로 개발된 본 작품은 대형 모드 「World Tour」, 「Fighting Ground」, 「Battle Hub」로 구성되어 있다. 새로운 「스트리트 파이터」에는 지금까지의 시리즈에는 없었던 새로운 체험이 기다리고 있다.",GUILTY GEAR -STRIVE-,액션,"한층 더 진화한 애니메이션 그래픽으로, 세밀한 부분까지 철저하게 고집한 신세대의 영상표현에 전율하라!",3,,
B0038,A19,ELDEN RING / Disco Elysium - The Final Cut / Outer Wilds,"액션, RPG / RPG / 액션, 어드벤처","[ELDEN RING] 본 게임은 본격적인 다크 판타지 세계를 무대로 한 액션 RPG입니다. 드넓은 필드와 던전 탐험을 통해 미지의 것들을 발견해 보세요. 앞길을 막아서는 난관과 그것을 극복했을 때의 달성감, 그리고 등장인물들의 의도가 교착하는 군상극도 즐기실 수 있습니다. ‖ [Disco Elysium - The Final Cut] 디스코 엘리시움 - 최종판은 획기적인 오픈 월드 롤플레잉 게임입니다. 당신은 독특한 스킬 시스템을 갖춘 형사로서 오롯한 도시 블록을 당신의 미래를 닦기 위해 다듬을 수 있습니다. 잊지 못할 등장인물들을 심문하거나, 살인 사건을 해결하거나, 뇌물을 받으세요. 영웅이 되거나 인류의 완전한 재앙이 되세요. ‖ [Outer Wilds] Giant Bomb, Polygon, Eurogamer, The Guardian에 의해 2019년 올해의 게임에 이름을 올리며 냉정한 호평과 수상 실적이 있는 Outer Wilds는 무한 시간 루프에 갇힌 태양계에 관한 공개된 세계의 미스터리 게임입니다.",애거서 크리스티 – 에르퀼 푸아로: 첫 번째 사건,어드벤처,"명탐정 에르퀼 푸아로의 베일에 싸인 젊은 시절로 돌아가, 알려지지 않은 범죄 사건을 파헤치세요.",2,,
B0039,A10,A Short Hike / ISLANDERS / Gorogoa,"어드벤처, 인디 / 캐주얼, 인디, 전략 / 어드벤처, 캐주얼, 인디","[A Short Hike] Hike, climb, and soar through the peaceful mountainside landscapes of Hawk Peak Provincial Park as you make your way to the summit. ‖ [ISLANDERS] ISLANDERS is a minimalist strategy game about building cities on colorful islands. ‖ [Gorogoa] Gorogoa(고로고아)는 Jason Roberts가 디자인하고 일러스트레이션을 손으로 그린 아름다운 차세대 퍼즐 게임입니다.",Qora,"어드벤처, 인디","A mysterious trip to gorgeous and surreal lands, players explore the unknown and harness mystical powers which have been hidden in the valley for centuries.",2,,
B0040,A16,The Talos Principle / Rust / Inscryption,"액션, 어드벤처, 인디 / 액션, 어드벤처, 인디, 대규모 멀티플레이어, RPG / 어드벤처, 인디, 전략","[The Talos Principle] 탈로스 법칙은 철학적 SF 소설의 전통을 따른 1인칭 퍼즐 게임입니다. 시리어스 샘을 개발한 크로팀에서 만들었으며, 톰 주버트(FTL, 더 스와퍼)와 조나스 카이라츠(바다는 모든 것을 요구한다.)가 스토리를 작성했습니다. ‖ [Rust] Rust에서의 목표는 오직 하나, 바로 살아남는 것입니다. 섬의 야생 동물, 다른 주민, 환경, 다른 생존자 모두가 여러분의 목숨을 노립니다. 하루 더 살아남을 수 있다면 수단과 방법을 가리지 마세요. ‖ [Inscryption] Inscryption은 검은 잉크로 그려진 카드를 기반으로 한 덱빌딩 로그라이크, 방탈출 퍼즐, 피가 흐르는 심리적 공포 등의 요소가 섞인 여정을 다룹니다. 카드에는 더 어두운 비밀이 새겨져 있습니다…",Dungeons & Degenerate Gamblers,"캐주얼, 인디, RPG, 전략","이 블랙잭 로그라이크 어드벤처 게임에서 도박에 중독된 마을 주민들이 가득 있는 지저분한 선술집을 싸우며 헤쳐 나가세요. 에이스 카드와 그림 카드부터 타로 카드, 명함까지 여러 카드로 자신만의 덱을 만들어 도박판을 정복하세요.",3,,
B0041,A09,Roots of Yggdrasil / Ancient Gods / Flick Shot Rogues,"인디, 전략 / RPG, 전략 / 인디, 전략","[Roots of Yggdrasil] Build settlements, explore the Nine Realms, collect artifacts and upgrade your deck to reach the top of Yggdrasil in this post-Ragnarok roguelike city-builder! Can you survive the  ‖ [Ancient Gods] Ancient Gods is a fusion of hero collector and deck-building rogue-lite where you collect your character, fight, and experience exciting events. Any character can use all the cards ‖ [Flick Shot Rogues] 계획하고, 조준하고, 쏘세요! FLICK SHOT ROGUES는 테이블 위에서 물건을 튕기는 촉각적 만족감과 사람들이 좋아하는 턴제 로그라이크의 전략적 깊이를 결합한 게임입니다. 말도 안되는 콤보를 연결하고, 캐릭터, 아이템, 스킬을 잠금 해제하면서, 섬을 정복하세요!",Tiny Kingdom,"캐주얼, 인디, 시뮬레이션, 전략","소박한 농장에서 장엄한 왕국으로 나아가는 길을 개척하고, 고요하고 매혹적인 카드 기반 도시 건설 어드벤처에서 자신의 왕국을 건설하세요.",3,,
B0042,A04,Hollow Knight / Dead Cells / Celeste,"액션, 어드벤처, 인디 / 액션, 어드벤처, 인디 / 액션, 어드벤처, 인디","[Hollow Knight] 할로우 나이트에서 자신만의 길을 구축하세요! 크게 파괴된 곤충과 영웅의 왕국을 통한 서사 액션 어드벤처입니다. 손으로 그린 클래식 2D 스타일로 구불구불한 동굴을 탐험하고 오염된 생물과 싸우고 이상한 곤충들과 친구가 되어 보세요. ‖ [Dead Cells] 데드 셀(Dead Cells)는 메트로배니아에서 영감을 받은 로그라이트 액션 플랫포머 게임입니다. 2D 소울 라이트 전투에서 성을 지키는 수호자들을 물리치고 끊임없이 변화하는 거대한 성을 탐험하게 됩니다. 세이브 포인트는 없습니다. 죽이고, 죽고, 배우고, 반복하세요. ‖ [Celeste] 타워폴(TowerFall) 시리즈의 개발자들이 만든 이 초밀착형 플랫폼 게임을 플레이하고, 매들린이 셀레스트 산 정상으로 향하는 여정에서 내면의 악마에게서 살아남을 수 있게 도와주세요. 한땀 한땀 손수 제작한 수백 가지의 도전 과제에 맞서고, 사악한 비밀을 밝혀내고, 산에 숨겨진 수수께끼를 풀어보세요.",The Siege and the Sandfox,"액션, 어드벤처, 인디","전설의 Sandfox가 되어 모래 속에서 도사리는 사악한 존재의 진정한 위협을 파헤쳐라! 파쿠르 플랫포머 요소를 채용한 2D 은신 메트로바니아 장르! 포위당한 한 왕국의 웅장한 궁궐과 고대 감옥, 그리고 지하에 펼쳐진 유적을 마음껏 누벼라.",3,,
B0043,A12,Baldur's Gate 3 / Mount & Blade II: Bannerlord / Kenshi,"어드벤처, RPG, 전략 / 액션, 인디, RPG, 시뮬레이션, 전략 / 액션, 인디, RPG, 시뮬레이션, 전략","[Baldur's Gate 3] Baldur’s Gate 3 is a story-rich, party-based RPG set in the universe of Dungeons & Dragons, where your choices shape a tale of fellowship and betrayal, survival and sacrifice, and  ‖ [Mount & Blade II: Bannerlord] 본 게임은 전략/액션 RPG입니다. 캐릭터를 생성하고, 외교에 참여하고, 제작, 거래를 하고, 방대한 중세풍의 샌드박스에서 새로운 땅을 정복하십시오. 군대를 일으켜 전쟁에 뛰어들고, 깊이가 있으나 직관적인 실력 기반의 전투 시스템을 채용한 대규모 실시간 전투에서 자신의 부대에 명령을 내리고 함께 싸우십시오. ‖ [Kenshi] 자유롭게 돌아다니는 분대 기반의 RPG. 스토리를 따라가는 대신 제한 없는 샌드박스식 게임플레이에 중점을 두었습니다. 무역상, 도둑, 반란군, 전쟁 군주, 모험가, 농부, 노예 등 다양한 삶을 체험할 수 있습니다. 운이 나쁘면 식인종의 먹잇감으로 전락할지도 모르죠. 새로운 장비를 연구하거나 제작해 보세요.",Dragon Age: Origins - Ultimate Edition,RPG,"Explore a stunning world, make complex moral choices, and engage in bone-crushing combat against massive and terrifying creatures. The Ultimate Edition includes Dragon Age: Origins, Dragon Age: Origins - Awakening and all nine content packs.",3,,
B0044,A26,RimWorld / Oxygen Not Included / Unpacking 언패킹,"인디, 시뮬레이션, 전략 / 인디, 시뮬레이션 / 캐주얼, 인디, 시뮬레이션","[RimWorld] 지능형 AI 이야기꾼이 주도하는 공상과학 정착지 시뮬레이터입니다. 심리, 생태, 총격전과 근접전, 날씨, 기후, 외교, 사람 사이의 관계, 예술, 의학, 무역, 그 외 많은 것들을 시뮬레이션하여 이야기를 생성합니다. ‖ [Oxygen Not Included] Oxygen Not Included는 우주 콜로니 시뮬레이션 게임입니다. 외계의 우주 암석 깊은 곳에서 근면한 일꾼들은 생존하고 나아가 번영하기 위해 과학을 마스터하고, 낯선 새로운 생명체에 맞서며, 경이로운 우주 테크놀로지를 활용해야 합니다. ‖ [Unpacking 언패킹] Unpacking은 상자에서 짐을 꺼내 새집에 맞게 배치하는 친숙한 체험에 대한 명상적 퍼즐 게임입니다. 게임의 일부인 블록 맞추기 게임과 집 꾸미기를 하는 동안, 푸는 짐에 닮긴 삶의 실마리를 찾아가며 만족할 만한 생활 공간을 만들어 보세요.",Unboxathon,"캐주얼, 인디, 시뮬레이션","Unboxathon is a cute content-packed incremental game about opening mystery boxes. Find rare items, upgrade your skills, and unlock new boxes & features! Collect shiny items, pop bubble wrap, and materialize artifacts out of thin air. Can you find your lost childhood plush?",1,KEYWORD_MATCH,
B0045,A32,Hardspace: Shipbreaker / Hacknet / The Case of the Golden Idol / 방 탈출 시뮬레이터 / shapez 2 - Factory,"시뮬레이션 / 인디, 시뮬레이션 / 어드벤처, 인디 / 어드벤처, 캐주얼, 인디, 시뮬레이션 / 캐주얼, 인디, 시뮬레이션, 전략","[Hardspace: Shipbreaker] Equipped with cutting-edge salvaging tech, carve & slice spaceships to recover valuable materials. Upgrade your gear to take on more lucrative contracts and pay your billion credit ‖ [Hacknet] Hacknet은 터미널 기반의 몰입형 해킹 시뮬레이터입니다. 최근에 사망한, 그러나 언론 보도와는 달리 사고로 사망하지 않은 해커의 지시에 따라 진실을 추척하십시오. ‖ [The Case of the Golden Idol] A new kind of detective game that allows you to think and investigate freely. Discover clues surrounding 12 strange and gruesome deaths and build your own theory. Pick your suspect ‖ [방 탈출 시뮬레이터] Escape Simulator는 단독 또는 온라인 협동 플레이가 가능한 1인칭 퍼즐 게임입니다. 점점 더 많아지는, 고도의 상호 작용이 가능한 방탈출 세트를 탐험하세요. 가구를 옮기고, 모든 것을 집어 들고 검사하고, 냄비를 부수고 자물쇠를 부수세요! 레벨 편집기를 통해 커뮤니티가 만든 방을 지원합니다. ‖ [shapez 2 - Factory] 공장 건설 게임에 빠져들어 보세요. 단 한 가지에 집중하세요. 대규모 우주 공장을 건설하는 것! 방대하게 펼쳐지는 다층 공장과 만족스러운 생산 라인을 무제한으로 설계하세요. 계속해서 어려워지는 자동화 목표를 적의 위협 없이 자신만의 속도로 달성하세요.",Outworld Station,"인디, 시뮬레이션, 전략",Take the helm as a new Station Commander and exploit an alien star system in this stunning space-station factory automation game. Amass resources and construct starships using increasingly advanced manufacturing and expand your station in a hostile universe.,3,,
B0046,A24,Valheim / Grounded / My Time at Portia,"액션, 어드벤처, 인디, RPG, 앞서 해보기 / 액션, 어드벤처 / 어드벤처, 캐주얼, 인디, RPG, 시뮬레이션","[Valheim] 북구 신화와 바이킹 문화에 기반한 판타지 세계를 배경으로 펼쳐지는 생존 및 탐험 게임. ‖ [Grounded] The world is a vast, beautiful and dangerous place – especially when you have been shrunk to the size of an ant. Can you thrive alongside the hordes of giant insects, fighting to s ‖ [My Time at Portia] 아름다운 Portia 마을에서 새 삶을 시작하세요! 아버지가 방치한 작업장에서 제작을 부탁받고, 작물을 키우고, 가축을 기르고, 아름다운 세기말의 땅에서 특이한 친구들을 사귀며 작업장을 예전의 멋진 모습으로 복원하세요.",ARK: Survival Evolved,"액션, 어드벤처, 인디, 대규모 멀티플레이어, RPG","Stranded on the shores of a mysterious island, you must learn to survive. Use your cunning to kill or tame the primeval creatures roaming the land, and encounter other players to survive, dominate... and escape!",3,,
B0047,A23,Vomitoreum / Tales of Kenzera™: ZAU / Shantae: Half-Genie Hero,"액션, 어드벤처, 인디 / 액션, 어드벤처, 인디 / 액션, 어드벤처, 인디","[Vomitoreum] Vomitoreum is an FPS Metroidvania with a focus on atmosphere and horror, inspired by the paintings of Zdzisław Beksiński. ‖ [Tales of Kenzera™: ZAU] 샤먼의 춤을 추세요. 아버지의 영혼을 되찾으세요. Surgent Studios가 제작한 메트로이드바니아 스타일의 어드벤처 게임 Tales of Kenzera™: ZAU에서 죽음의 신과 함께 아름답고 위험한 켄제라의 땅으로 용감하게 모험을 떠나세요. ‖ [Shantae: Half-Genie Hero] Shantae embarks on her first full HD adventure! When a mysterious crime wave sweeps Sequin Land, it’s up to Half-Genie Hero Shantae to save the day! Use Shantae’s devastating Hair-",FUBUKI ～zero in on Holoearth～ HOLOLIVE ALTERNATIVE,"액션, 인디","『FUBUKI ~zero in on Holoearth~』is a high-speed pixel action game where you control the protagonist, Shirakami Fubuki, and battle using swords and skills.",2,,
B0048,A35,Project Zomboid / Don't Starve / The Forest,"인디, RPG, 시뮬레이션, 앞서 해보기 / 어드벤처, 인디, 시뮬레이션 / 액션, 어드벤처, 인디, 시뮬레이션","[Project Zomboid] Project Zomboid is the ultimate in zombie survival. Alone or in MP: you loot, build, craft, fight, farm and fish in a struggle to survive. A hardcore RPG skillset, a vast map, mass ‖ [Don't Starve] Don’t Starve is an uncompromising wilderness survival game full of science and magic. Enter a strange and unexplored world full of strange creatures, dangers, and surprises. Gather ‖ [The Forest] As the lone survivor of a passenger jet crash, you find yourself in a mysterious forest battling to stay alive against a society of cannibalistic mutants. Build, explore, survive i",Sustained,"액션, 어드벤처, 인디, 대규모 멀티플레이어, RPG, 앞서 해보기","This is a open world Survival Zombie game with survival mechanics in single player and (PVP) (PVE) in Multiplayer or Co-Op. Join a few friends and look who can survive the island full of zombies and other players trying to survive like you, it has base building, Crafting, food, water, Temperatures.",2,,
B0049,A29,Salt and Sanctuary,"액션, 인디, RPG","[Salt and Sanctuary] 두렵고도 잔혹한 섬의 탐험을 시작합니다… Salt and Sanctuary는 신속하고, 잔인하며, 복잡한 전투 시스템을 지닌 2D RPG입니다. 저주받은 도시의 잊힌 영역이나, 피에 물든 던전이나, 오염된 기념비와 같은 장소를 돌아다니며, 한때 축복을 받았지만 지금은 타락하고 만 영주들을 조우하세요.",Dungeon Siege III,"액션, RPG",Fight hordes of dangerous creatures in a mystical fantasy world.,1,GENRE_ONLY,
B0050,A22,Deck of Ashes / Dicefolk / Cubic Cosmos,"어드벤처, 인디, RPG, 전략 / 캐주얼, 인디, 전략 / 전략","[Deck of Ashes] 덱 오브 애쉬즈(Deck of Ashes)는 전술 카드 전투를 벌이는 어드벤처 게임입니다. 한 번에 한 캐릭터씩 안티히어로 일행을 이끌어 속죄의 여행을 떠나보세요. 저주받은 판타지 세계를 탐험하며 강력한 카드를 찾아보세요. 독특한 전투 덱을 형성하여 적들을 무찌르세요! 잿빛 저주의 세계를 제거하실 수 있겠습니까? ‖ [Dicefolk] 마법 주사위의 힘을 휘두르고 강력한 키메라 팀을 구축해보세요! 수수께끼의 악을 멈추기 위한 택티컬 덱빌딩 로그라이트 모험이 다가오고 있습니다. 키메라 소환사로서, 신화적인 짐승들을 모집하고 완벽한 팀을 만들고, 다이스포크만의 독특한 주사위 메커니즘을 활용하여 승리로 이끌어주세요. ‖ [Cubic Cosmos] Cubic Cosmos is a thrilling fast-paced roguelike card game. You have been trapped in a deadly game. One wrong move could see you reduced to a plaything of the goddess. Can you free",DungeonTop,"인디, 전략",테이블에서 전투하는 로그라이트 덱빌딩 게임! 히어로와 동맹을 선택한 후 던전에 뛰어들어 전투하면서 덱을 빌드하세요.,3,,
B0051,A04,Hollow Knight / Dead Cells / Celeste,"액션, 어드벤처, 인디 / 액션, 어드벤처, 인디 / 액션, 어드벤처, 인디","[Hollow Knight] 할로우 나이트에서 자신만의 길을 구축하세요! 크게 파괴된 곤충과 영웅의 왕국을 통한 서사 액션 어드벤처입니다. 손으로 그린 클래식 2D 스타일로 구불구불한 동굴을 탐험하고 오염된 생물과 싸우고 이상한 곤충들과 친구가 되어 보세요. ‖ [Dead Cells] 데드 셀(Dead Cells)는 메트로배니아에서 영감을 받은 로그라이트 액션 플랫포머 게임입니다. 2D 소울 라이트 전투에서 성을 지키는 수호자들을 물리치고 끊임없이 변화하는 거대한 성을 탐험하게 됩니다. 세이브 포인트는 없습니다. 죽이고, 죽고, 배우고, 반복하세요. ‖ [Celeste] 타워폴(TowerFall) 시리즈의 개발자들이 만든 이 초밀착형 플랫폼 게임을 플레이하고, 매들린이 셀레스트 산 정상으로 향하는 여정에서 내면의 악마에게서 살아남을 수 있게 도와주세요. 한땀 한땀 손수 제작한 수백 가지의 도전 과제에 맞서고, 사악한 비밀을 밝혀내고, 산에 숨겨진 수수께끼를 풀어보세요.",30XX,"액션, 인디","친구와 함께 즐길 수 있는 로그라이트 액션 플래포머, 30XX로 뛰고, 쏘고, 베며 앞으로 나아가세요! 화끈한 전투와 정밀한 플랫폼이 하나로 섞인, 끝없이 변화하는 멋진 세계들을 탐험하세요. 무시무시한 가디언들을 무찌르세요. 그들의 독특한 힘을 마스터하세요. 잃어버린 천 년을 재발견하세요.",3,,
B0052,A01,It Takes Two / Overcooked! 2 / What Remains of Edith Finch,"액션, 어드벤처 / 액션, 캐주얼, 인디 / 어드벤처, 인디","[It Takes Two] It Takes Two에서 생애 가장 정신없는 여정을 시작하세요. 친구가 무료로 참가할 수 있게 친구 패스*로 초대하고, 함께 힘을 합쳐서 수많은 유쾌하고 획기적인 게임 플레이 챌린지를 헤쳐나가세요. ‖ [Overcooked! 2] 혼란스러운 요리 액션으로 가득한 Overcooked가 돌아왔습니다! 양파 왕국으로 돌아가는 여행을 떠나세요. 클래식 협동 또는 온라인 플레이에서 셰프 팀을 만들어서 최대 4명까지 플레이하세요. 앞치마를 준비하세요... 다시 세상을 구할 때가 되었습니다! ‖ [What Remains of Edith Finch] What Remains of Edith Finch(워트 리메인스 오브 에디스 핀치)는 워싱턴 주에 있는 어느 가족에 대한 이상한 이야기의 모음입니다. 플레이어는 에디스가 되어 거대한 핀치 가택을 탐사하고, 가족사를 연구하며 이야기를 찾고, 왜 가족 중에서 그녀만 살아남았는지 알아내야 합니다. 각 이야기는 새로운 가족 구성",Party Club,"액션, 캐주얼, 인디, 시뮬레이션, 전략, 무료 플레이","이 게임은 1~4명의 플레이어가 함께 협력하여 작은 동물 카페를 운영하는 멀티플레이 게임입니다. 음료를 제조하고, 돌발 상황에 대처하며, 무질서해지기 전에 말썽꾸러기 손님들을 나무 판자로 쫓아낼 수도 있습니다!",3,,
B0053,A08,Sid Meier’s Civilization® VI / XCOM® 2 / Stellaris,"전략 / 전략 / 시뮬레이션, 전략","[Sid Meier’s Civilization® VI] 문명 VI 에서는 새로운 방식으로 세상과 소통하고, 제국의 영토를 확장시키며, 문화를 발전시키고, 역사속 위대한 지도자들에 맞서 오래도록 지속될 나만의 문명을 건설해볼 수 있습니다. 클레오파트라를 비롯한 20명의 역사 속 지도자들 중 한명으로 플레이 해보세요. ‖ [XCOM® 2] XCOM 2는 수상 경력이 있는 전략 게임 XCOM: Enemy Unknown의 속편입니다. 인류가 외계인 침략군에게 항복한 지 20년, 이제 지구 상에는 새로운 세계 질서가 존재합니다. 수년간을 어둠 속에서 숨어 있었던 XCOM 부대는 반드시 일어나 외계인의 지배를 무너뜨릴 것입니다. ‖ [Stellaris] 항성간 여행을 통해 우주를 탐험하며 수많은 종족들도 만나보세요. 과학선을 보내 우주를 조사하고 탐험하면서 은하 제국을 건설하고, 건축선을 보내 새로 발견한 행성에 기지를 건설하세요. 소속 사회를 위한 탐험에 나서 매장된 보물과 은하계의 경이를 발견하고, 탐험가의 한계치와 진화 범위를 설정하세요. 동맹이 체결되고, 전쟁이 ",Phoenix Point,"RPG, 전략","The acclaimed strategy game from the creator of X-COM. Fight tactical battles on procedural maps against a foe that adapts to your tactics. Manage diplomacy and economy on a global scale. Research, explore, overcome. Now includes Steam Workshop support for mods!",3,,
B0054,A18,Euro Truck Simulator 2 / BeamNG.drive / 아세토 코르사 Assetto Corsa,"인디, 시뮬레이션 / 레이싱, 시뮬레이션, 앞서 해보기 / 인디, 레이싱, 시뮬레이션, 스포츠","[Euro Truck Simulator 2] 도로의 왕이 되어 인상적인 거리를 가로질러 중요한 화물을 배달하는 트럭 운전사가 되어 유럽을 여행하세요! 탐험할 도시가 수십 개나 되므로, 당신의 인내심, 기술, 속도가 모두 한계에 도달할 것입니다. ‖ [BeamNG.drive] 뭐든지 할 수 있는 동적 소프트 보디 물리 시뮬레이터입니다. ‖ [아세토 코르사 Assetto Corsa] 아세토 코르사(Assetto Corsa) v1.16은 새로운 레이저 스캔 트랙 ""라구나 세카(Laguna Seca)"" 및 기다리던 Alfa Romeo Giulia Quadrifoglio를 포함한 7개의 신차를 소개합니다! 체인지로그에서 더 자세한 내용을 확인하세요!",Used Cars Simulator,"액션, 캐주얼, 인디, 레이싱, 시뮬레이션, 앞서 해보기","Used Cars Simulator - 중고차 또는 도난당한 자동차를 거래하고, 수리 및 커스터마이징하고, 운전하고, 오픈 월드를 탐험하세요! 비즈니스를 성장시키고, 퀘스트를 완료하고, 물리 기반 샌드박스에서 즐거운 시간을 보내세요!",3,,
B0055,A24,Valheim / Grounded / My Time at Portia,"액션, 어드벤처, 인디, RPG, 앞서 해보기 / 액션, 어드벤처 / 어드벤처, 캐주얼, 인디, RPG, 시뮬레이션","[Valheim] 북구 신화와 바이킹 문화에 기반한 판타지 세계를 배경으로 펼쳐지는 생존 및 탐험 게임. ‖ [Grounded] The world is a vast, beautiful and dangerous place – especially when you have been shrunk to the size of an ant. Can you thrive alongside the hordes of giant insects, fighting to s ‖ [My Time at Portia] 아름다운 Portia 마을에서 새 삶을 시작하세요! 아버지가 방치한 작업장에서 제작을 부탁받고, 작물을 키우고, 가축을 기르고, 아름다운 세기말의 땅에서 특이한 친구들을 사귀며 작업장을 예전의 멋진 모습으로 복원하세요.",Stardew Valley,"인디, RPG, 시뮬레이션","You've inherited your grandfather's old farm plot in Stardew Valley. Armed with hand-me-down tools and a few coins, you set out to begin your new life. Can you learn to live off the land and turn these overgrown fields into a thriving home?",3,,
B0056,A14,Iron Brigade / Ancient Planet Tower Defense / Creeper World IXE,"액션, 전략 / 캐주얼, 인디, 전략 / 액션, 캐주얼, 인디, 시뮬레이션, 전략","[Iron Brigade] Join The Mobile Trench Brigade and protect humanity from the evil Monovision menace! ‖ [Ancient Planet Tower Defense] 고대 행성 타워 디펜스는 정통 타워 디펜스 게임입니다. 고대 문명의 요새가 외계 침략자들로부터 침략당했습니다. 고대의 강력한 기술을 사용하여 적군의 공격을 물리치십시오! ‖ [Creeper World IXE] The unstoppable alien force known as The Creeper has returned, devouring thousands of worlds in its path, and yours is next. Battle against the Creeper fluid in a groundbreaking pi",Anomaly: Warzone Earth,"액션, 인디, 전략",Lead an armored squad through the perils of this reversed tower defense action-strategy game!,3,,
B0057,A23,Vomitoreum / Tales of Kenzera™: ZAU / Shantae: Half-Genie Hero,"액션, 어드벤처, 인디 / 액션, 어드벤처, 인디 / 액션, 어드벤처, 인디","[Vomitoreum] Vomitoreum is an FPS Metroidvania with a focus on atmosphere and horror, inspired by the paintings of Zdzisław Beksiński. ‖ [Tales of Kenzera™: ZAU] 샤먼의 춤을 추세요. 아버지의 영혼을 되찾으세요. Surgent Studios가 제작한 메트로이드바니아 스타일의 어드벤처 게임 Tales of Kenzera™: ZAU에서 죽음의 신과 함께 아름답고 위험한 켄제라의 땅으로 용감하게 모험을 떠나세요. ‖ [Shantae: Half-Genie Hero] Shantae embarks on her first full HD adventure! When a mysterious crime wave sweeps Sequin Land, it’s up to Half-Genie Hero Shantae to save the day! Use Shantae’s devastating Hair-",Emberbane,"액션, 어드벤처, 인디",네 가지 원소. 하나의 운명. 균형과 힘의 전설에서 영감을 받은 원소의 여정이 메트로배니아 어드벤처로 새롭게 태어났습니다.,3,,
B0058,A24,Valheim / Grounded / My Time at Portia,"액션, 어드벤처, 인디, RPG, 앞서 해보기 / 액션, 어드벤처 / 어드벤처, 캐주얼, 인디, RPG, 시뮬레이션","[Valheim] 북구 신화와 바이킹 문화에 기반한 판타지 세계를 배경으로 펼쳐지는 생존 및 탐험 게임. ‖ [Grounded] The world is a vast, beautiful and dangerous place – especially when you have been shrunk to the size of an ant. Can you thrive alongside the hordes of giant insects, fighting to s ‖ [My Time at Portia] 아름다운 Portia 마을에서 새 삶을 시작하세요! 아버지가 방치한 작업장에서 제작을 부탁받고, 작물을 키우고, 가축을 기르고, 아름다운 세기말의 땅에서 특이한 친구들을 사귀며 작업장을 예전의 멋진 모습으로 복원하세요.",The Survivalists,"액션, 어드벤처, 캐주얼, 인디","The Escapists 세계를 배경으로 모험이 가득한 생존 샌드박스, The Survivalists에는 놀라움과 비밀, 위험으로 가득한 세계가 기다리고 있습니다. 필사적인 생존을 위해 최대 세 명의 친구와 함께 탐색하고 건축하고 제작하고, 심지어 원숭이들을 훈련시키기도 합니다. 당신은 생존주의자가 되는 데 필요한 것을 갖추고 있나요?",3,,
B0059,A12,Baldur's Gate 3 / Mount & Blade II: Bannerlord / Kenshi,"어드벤처, RPG, 전략 / 액션, 인디, RPG, 시뮬레이션, 전략 / 액션, 인디, RPG, 시뮬레이션, 전략","[Baldur's Gate 3] Baldur’s Gate 3 is a story-rich, party-based RPG set in the universe of Dungeons & Dragons, where your choices shape a tale of fellowship and betrayal, survival and sacrifice, and  ‖ [Mount & Blade II: Bannerlord] 본 게임은 전략/액션 RPG입니다. 캐릭터를 생성하고, 외교에 참여하고, 제작, 거래를 하고, 방대한 중세풍의 샌드박스에서 새로운 땅을 정복하십시오. 군대를 일으켜 전쟁에 뛰어들고, 깊이가 있으나 직관적인 실력 기반의 전투 시스템을 채용한 대규모 실시간 전투에서 자신의 부대에 명령을 내리고 함께 싸우십시오. ‖ [Kenshi] 자유롭게 돌아다니는 분대 기반의 RPG. 스토리를 따라가는 대신 제한 없는 샌드박스식 게임플레이에 중점을 두었습니다. 무역상, 도둑, 반란군, 전쟁 군주, 모험가, 농부, 노예 등 다양한 삶을 체험할 수 있습니다. 운이 나쁘면 식인종의 먹잇감으로 전락할지도 모르죠. 새로운 장비를 연구하거나 제작해 보세요.",드래곤 에이지™ 인퀴지션,"액션, 어드벤처, RPG, 전략","테다스를 구하기 위한 싸움에서 여러분의 모든 선택이 앞 길에 영향을 미칩니다. 자신만의 영웅을 만들고, 스킬을 선택하고, 동료를 모아 왕국에서 악을 제거하세요.",3,,
B0060,A19,ELDEN RING / Disco Elysium - The Final Cut / Outer Wilds,"액션, RPG / RPG / 액션, 어드벤처","[ELDEN RING] 본 게임은 본격적인 다크 판타지 세계를 무대로 한 액션 RPG입니다. 드넓은 필드와 던전 탐험을 통해 미지의 것들을 발견해 보세요. 앞길을 막아서는 난관과 그것을 극복했을 때의 달성감, 그리고 등장인물들의 의도가 교착하는 군상극도 즐기실 수 있습니다. ‖ [Disco Elysium - The Final Cut] 디스코 엘리시움 - 최종판은 획기적인 오픈 월드 롤플레잉 게임입니다. 당신은 독특한 스킬 시스템을 갖춘 형사로서 오롯한 도시 블록을 당신의 미래를 닦기 위해 다듬을 수 있습니다. 잊지 못할 등장인물들을 심문하거나, 살인 사건을 해결하거나, 뇌물을 받으세요. 영웅이 되거나 인류의 완전한 재앙이 되세요. ‖ [Outer Wilds] Giant Bomb, Polygon, Eurogamer, The Guardian에 의해 2019년 올해의 게임에 이름을 올리며 냉정한 호평과 수상 실적이 있는 Outer Wilds는 무한 시간 루프에 갇힌 태양계에 관한 공개된 세계의 미스터리 게임입니다.",The Operator,"어드벤처, 인디, 시뮬레이션","FDI에 오신 여러분을 환영합니다. 신입 오퍼레이터인 당신은 탐정 스킬을 이용해 현장 요원을 돕고 미스터리한 범죄를 조사해야 합니다. 최첨단 FDI 소프트웨어를 사용해 단서를 찾고, 퍼즐을 풀고, 진실을 밝혀내세요.",3,,
B0061,A21,DARK SOULS™ III / The Witcher 3: Wild Hunt / The Elder Scrolls V: Skyrim Special Edition,액션 / RPG / RPG,"[DARK SOULS™ III] 장르를 새로 개척했다는 평가를 들으며 많은 좋은 평가들을 얻고 있는 다크 소울 시리즈는 계속해서 한계를 넘어서, 더욱 야심찬 단계에 도전하고자 하고 있습니다. 준비를 하고 어둠을 밝히십시오! ‖ [The Witcher 3: Wild Hunt] 리비아의 게롤트가 되어 의뢰를 받고 괴물을 사냥하세요. 전쟁의 상처가 가득하고 괴물이 들끓는 대륙을 마음껏 탐험해 보세요. 지금 가장 중요한 일은 대륙의 판도를 뒤바꿀 수도 있는 살아 있는 무기이자 예언의 아이, 시리를 추적하는 것입니다. ‖ [The Elder Scrolls V: Skyrim Special Edition] 200회 이상 올해의 게임에 선정된 The Elder Scrolls V: Skyrim Special Edition이 놀라운 디테일로 판타지에 생명을 불어넣었습니다. Special Edition에는 비평가들의 극찬을 받은 게임 및 새로운 기능이 포함된 애드온이 들어 있습니다.",Divided Reigns,"어드벤처, 인디, RPG, 전략","The full-scale, epic fantasy role-playing experience you've wanted for decades--Divided Reigns retains what made the JRPG classics so fantastic while still feeling fresh. Expect strategic battles, an epic scale, well-developed characters, and a deep and emotional story. Perfect for your Steam Deck!",2,,
B0062,A21,DARK SOULS™ III / The Witcher 3: Wild Hunt / The Elder Scrolls V: Skyrim Special Edition,액션 / RPG / RPG,"[DARK SOULS™ III] 장르를 새로 개척했다는 평가를 들으며 많은 좋은 평가들을 얻고 있는 다크 소울 시리즈는 계속해서 한계를 넘어서, 더욱 야심찬 단계에 도전하고자 하고 있습니다. 준비를 하고 어둠을 밝히십시오! ‖ [The Witcher 3: Wild Hunt] 리비아의 게롤트가 되어 의뢰를 받고 괴물을 사냥하세요. 전쟁의 상처가 가득하고 괴물이 들끓는 대륙을 마음껏 탐험해 보세요. 지금 가장 중요한 일은 대륙의 판도를 뒤바꿀 수도 있는 살아 있는 무기이자 예언의 아이, 시리를 추적하는 것입니다. ‖ [The Elder Scrolls V: Skyrim Special Edition] 200회 이상 올해의 게임에 선정된 The Elder Scrolls V: Skyrim Special Edition이 놀라운 디테일로 판타지에 생명을 불어넣었습니다. Special Edition에는 비평가들의 극찬을 받은 게임 및 새로운 기능이 포함된 애드온이 들어 있습니다.",Disciples II: Rise of the Elves,전략,여러개의 상을 수상받은 Disciples가 게임의 매우 성공적인 자취에서 중요한 단계를 소개하였습니다; 새로운 경주의 소개 : 엘프(요정). Elven Race는 게임에 새로운 관점을 추가하고 셀 수 없는 게임플레이 시간을 추가하였습니다. 이제 그 게임의 시리즈는 Disciples II: Rise Of The Elves로 더 늘어났습니다. 이 버젼은 본디에서 찾아진 모든 캠페인과 Elven Race의 스토리라인에 이어지는 완전 새로운 캠페인을 특징으로 삼고 있습니다.,1,IRRELEVANT,
B0063,A11,Forza Horizon 5 / Hi-Fi RUSH / Street Fighter 6,"액션, 어드벤처, 레이싱, 시뮬레이션, 스포츠 / 액션 / 액션, 어드벤처","[Forza Horizon 5] 세계 최고의 자동차를 타고 생동감 넘치는 멕시코의 대자연을 탐험하며 재미있는 드라이빙 액션을 마음껏 즐겨보세요. ‖ [Hi-Fi RUSH] 아케이드 챌린지! 업데이트!로 추가되는 두 개의 신규 게임 모드에서 여러분의 능력을 시험하고, 새로운 보상을 획득해 보세요. 몇 가지 비밀도 숨어 있답니다! 락 스타 지망생 차이가 되어 비트를 타고, 세상 모든 게 음악에 싱크되는 세계에서 오합지졸 팀과 함께 사악한 거대 기업에 맞서 싸우세요. ‖ [Street Fighter 6] 시리즈 최신작 『Street Fighter 6』, 2023년 6월 2일 발매 결정! RE ENGINE으로 개발된 본 작품은 대형 모드 「World Tour」, 「Fighting Ground」, 「Battle Hub」로 구성되어 있다. 새로운 「스트리트 파이터」에는 지금까지의 시리즈에는 없었던 새로운 체험이 기다리고 있다.",Spin Rhythm XD,"액션, 캐주얼, 인디","리듬 차원에 오신 것을 환영합니다. 우주에서 가장 빛나는 곡들의 비트에 따라 색상에 맞춰 돌리고, 두드리고, 튕기세요!",3,,
B0064,A06,Cities: Skylines / Factorio / Farming Simulator 22,"시뮬레이션, 전략 / 캐주얼, 인디, 시뮬레이션, 전략 / 시뮬레이션","[Cities: Skylines] Cities: Skylines is a modern take on the classic city simulation. The game introduces new game play elements to realize the thrill and hardships of creating and maintaining a real  ‖ [Factorio] Factorio는 무한한 2D 세상에서 복잡성이 증가하는 아이템을 생산하기 위해 자동화 공장을 만드는 게임입니다. - 당신의 상상력으로 공장을 설계, 독창적인 방법으로 간단한 요소를 결합하고 마지막엔 당신을 좋아하지 않는 생물들로 부터 공장을 지키세요. ‖ [Farming Simulator 22] 농장을 만들고 농사를 즐기세요! 작물을 수확하고, 동물을 돌보고, 생산을 관리하고, 계절에 따른 어려움을 이겨내세요.",Settlement Survival,"시뮬레이션, 전략","은 도시 건설 게임에서, 생존자 그룹을 이끌고 새로운 터전을 찾으세요. 지형을 손보고, 한정된 물자를 관리하며, 작물을 심고, 야생동물을 사냥하고, 자원을 모으고, 교역로를 개발하여 번영해 독특한 마을을 건설하세요.",3,,
B0065,A17,Lethal Company / Phasmophobia / Deep Rock Galactic,"액션, 어드벤처, 인디, 앞서 해보기 / 액션, 인디, 앞서 해보기 / 액션","[Lethal Company] A co-op horror about scavenging at abandoned moons to sell scrap to the Company. ‖ [Phasmophobia] Phasmophobia is a 4 player online co-op psychological horror. Paranormal activity is on the rise and it’s up to you and your team to use all the ghost-hunting equipment at your dis ‖ [Deep Rock Galactic] 딥 락 갤럭틱은 1-4인의 플레이어가 협동하는 FPS 게임으로, 상남자 우주 드워프, 100% 파괴 가능한 맵 환경, 절차적 생성 동굴 지형, 그리고 끊임없이 등장하는 외계 괴물 무리가 특징입니다.",Horror Squad,"액션, 어드벤처, 캐주얼, 인디",Horror Squad is a 1-4 player online co-op horror game. Assemble your squad to clear the areas cursed by terrifying creatures.,3,,
B0066,A09,Roots of Yggdrasil / Ancient Gods / Flick Shot Rogues,"인디, 전략 / RPG, 전략 / 인디, 전략","[Roots of Yggdrasil] Build settlements, explore the Nine Realms, collect artifacts and upgrade your deck to reach the top of Yggdrasil in this post-Ragnarok roguelike city-builder! Can you survive the  ‖ [Ancient Gods] Ancient Gods is a fusion of hero collector and deck-building rogue-lite where you collect your character, fight, and experience exciting events. Any character can use all the cards ‖ [Flick Shot Rogues] 계획하고, 조준하고, 쏘세요! FLICK SHOT ROGUES는 테이블 위에서 물건을 튕기는 촉각적 만족감과 사람들이 좋아하는 턴제 로그라이크의 전략적 깊이를 결합한 게임입니다. 말도 안되는 콤보를 연결하고, 캐릭터, 아이템, 스킬을 잠금 해제하면서, 섬을 정복하세요!",Into the Breach,"인디, RPG, 시뮬레이션, 전략",미래의 강력한 메크를 조종하여 외계 세력을 물리치세요. 이 턴제 전략 게임에서는 세계를 구하려 시도할 때마다 무작위로 새롭게 생성되는 도전이 여러분 앞에 나타납니다.,2,,
B0067,A27,The Raven Remastered / The Frostrune / Mad Experiments: Escape Room,"어드벤처 / 어드벤처 / 어드벤처, 캐주얼, 인디, 시뮬레이션, 전략","[The Raven Remastered] London, 1964. An ancient ruby is stolen from the British Museum. At the crime scene: a raven feather. Is somebody trying to follow in the footsteps of The Raven, the legendary mast ‖ [The Frostrune] Unravel a mystery inspired by Viking myth and legend in The Frostrune, a classic point-and-click adventure based on historically accurate Norse culture and environments. ‖ [Mad Experiments: Escape Room] 수상 후보에 오른 이스케이프 게임 1인 또는 최대 5인까지 플레이하며 3개의 독특한 방을 탐험하고, 두뇌를 자극하는 퍼즐을 풀며 체셔 교수와 그의 실험에 얽힌 어두운 비밀을 밝혀보세요.",Crowns and Pawns: Kingdom of Deceit,"어드벤처, 인디",Legends of the past come back to life in this charming point-and-click adventure. Pack your bags and journey with Crowns and Pawns: Kingdom of Deceit through modern day Europe to uncover the conspiracy behind a cursed relic and the secrets of the King who was never crowned.,3,,
B0068,A18,Euro Truck Simulator 2 / BeamNG.drive / 아세토 코르사 Assetto Corsa,"인디, 시뮬레이션 / 레이싱, 시뮬레이션, 앞서 해보기 / 인디, 레이싱, 시뮬레이션, 스포츠","[Euro Truck Simulator 2] 도로의 왕이 되어 인상적인 거리를 가로질러 중요한 화물을 배달하는 트럭 운전사가 되어 유럽을 여행하세요! 탐험할 도시가 수십 개나 되므로, 당신의 인내심, 기술, 속도가 모두 한계에 도달할 것입니다. ‖ [BeamNG.drive] 뭐든지 할 수 있는 동적 소프트 보디 물리 시뮬레이터입니다. ‖ [아세토 코르사 Assetto Corsa] 아세토 코르사(Assetto Corsa) v1.16은 새로운 레이저 스캔 트랙 ""라구나 세카(Laguna Seca)"" 및 기다리던 Alfa Romeo Giulia Quadrifoglio를 포함한 7개의 신차를 소개합니다! 체인지로그에서 더 자세한 내용을 확인하세요!",CAR TUNE: Project,"인디, 레이싱, 시뮬레이션, 앞서 해보기","CAR TUNE: Project is a detailed car tuning simulator where every bolt, screw, and gear matters. Build your dream machine, fine-tune every parameter, and test it on the track.",3,,
B0069,A15,서브노티카 / The Long Dark / No Man's Sky,"어드벤처, 인디 / 어드벤처, 인디, 시뮬레이션, 전략 / 액션, 어드벤처","[서브노티카] 위험과 경이로움이 가득한 외계의 바다 속으로 내려가세요. 장비를 제작하고, 잠수함을 조종하며 야생 생물보다 앞서가세요. 우거진 산호초, 화산, 동굴 같은 많은 장소들을 탐험하세요. 물론 살아남는 걸 잊으면 안 되겠죠. ‖ [The Long Dark] The Long Dark는 깊은 생각을 요구하는 탐험 생존 게임입니다. 플레이어는 지구 자기장 이상으로 인한 대재앙이 휩쓸고 간 세상에서 혼자 드넓은 설원 황무지를 탐험하며 살아남아야 합니다. 좀비는 등장하지 않으며 오직 플레이어와 추위, 그리고 자연 속의 위험들만 존재합니다. 고요한 종말의 세상에 오신 것을 환영합니다. ‖ [No Man's Sky] No Man's Sky는 무한히 펼쳐지는 우주에서의 탐험과 생존을 그린 SF 게임입니다.",겨울 생존 프로토콜,"어드벤처, 인디, RPG, 시뮬레이션","절망적인 세상에서 생존자가 되어 보급품을 찾고, 무기를 제작하며, 캠프를 건설하고, 좀비와 미지의 위험 속에서 탈것을 수리하세요. 1인칭과 3인칭 시점 전환이 가능합니다. 1인 개발자가 완전히 제작한 게임. 멀티플레이는 테스트 후 출시됩니다.",2,,
B0070,A12,Baldur's Gate 3 / Mount & Blade II: Bannerlord / Kenshi,"어드벤처, RPG, 전략 / 액션, 인디, RPG, 시뮬레이션, 전략 / 액션, 인디, RPG, 시뮬레이션, 전략","[Baldur's Gate 3] Baldur’s Gate 3 is a story-rich, party-based RPG set in the universe of Dungeons & Dragons, where your choices shape a tale of fellowship and betrayal, survival and sacrifice, and  ‖ [Mount & Blade II: Bannerlord] 본 게임은 전략/액션 RPG입니다. 캐릭터를 생성하고, 외교에 참여하고, 제작, 거래를 하고, 방대한 중세풍의 샌드박스에서 새로운 땅을 정복하십시오. 군대를 일으켜 전쟁에 뛰어들고, 깊이가 있으나 직관적인 실력 기반의 전투 시스템을 채용한 대규모 실시간 전투에서 자신의 부대에 명령을 내리고 함께 싸우십시오. ‖ [Kenshi] 자유롭게 돌아다니는 분대 기반의 RPG. 스토리를 따라가는 대신 제한 없는 샌드박스식 게임플레이에 중점을 두었습니다. 무역상, 도둑, 반란군, 전쟁 군주, 모험가, 농부, 노예 등 다양한 삶을 체험할 수 있습니다. 운이 나쁘면 식인종의 먹잇감으로 전락할지도 모르죠. 새로운 장비를 연구하거나 제작해 보세요.",Pathfinder: Wrath of the Righteous - Enhanced Edition,"액션, 어드벤처, 인디, RPG, 전략","Embark on a journey to a realm overrun by demons in a new epic RPG from the creators of the critically acclaimed Pathfinder: Kingmaker. Explore the nature of good and evil, learn the true cost of power, and rise as a Mythic Hero capable of deeds beyond mortal expectations.",3,,
B0071,A27,The Raven Remastered / The Frostrune / Mad Experiments: Escape Room,"어드벤처 / 어드벤처 / 어드벤처, 캐주얼, 인디, 시뮬레이션, 전략","[The Raven Remastered] London, 1964. An ancient ruby is stolen from the British Museum. At the crime scene: a raven feather. Is somebody trying to follow in the footsteps of The Raven, the legendary mast ‖ [The Frostrune] Unravel a mystery inspired by Viking myth and legend in The Frostrune, a classic point-and-click adventure based on historically accurate Norse culture and environments. ‖ [Mad Experiments: Escape Room] 수상 후보에 오른 이스케이프 게임 1인 또는 최대 5인까지 플레이하며 3개의 독특한 방을 탐험하고, 두뇌를 자극하는 퍼즐을 풀며 체셔 교수와 그의 실험에 얽힌 어두운 비밀을 밝혀보세요.",The Testament of Sherlock Holmes,어드벤처,"Become the greatest detective of all time in The Testament of Sherlock Holmes, a twisting, turning investigation game set in a faithfully-reproduced London of 1898. As Sherlock Holmes, you must find clues, interrogate suspects and unveil a mystery in a story full of twists!",3,,
B0072,A33,Garry's Mod / Team Fortress 2 / Left 4 Dead 2,"캐주얼, 인디, 시뮬레이션 / 액션, 무료 플레이 / 액션","[Garry's Mod] Garry's Mod is a physics sandbox. There aren't any predefined aims or goals. We give you the tools and leave you to play. ‖ [Team Fortress 2] 다양한 전술적 능력과 뚜렷한 개성을 갖춘 9가지 병과의 캐릭터를 플레이하세요. 끊임없이 업데이트되는 새로운 게임 모드, 맵, 장비 그리고 가장 중요한 모자까지 지금 바로 즐겨보세요! ‖ [Left 4 Dead 2] Set in the zombie apocalypse, Left 4 Dead 2 is a co-operative action horror FPS takes you and your friends through the cities, swamps and cemeteries of the Deep South, from Savanna",Codename CURE,"액션, 무료 플레이","Codename CURE is a first person, co-operative zombie game with support for up to five players, providing dynamic, fast-paced zombie fragging with both objective, and survival-based missions.",3,,
B0073,A05,Opus Magnum,"인디, 시뮬레이션","[Opus Magnum] Opus Magnum은 SpaceChem, Infinifactory, SHENZHEN I/O를 제작한 Zachtronics의 신작 퍼즐게임입니다. 연금술사들의 최첨단 도구인 변성 기관을 이용해 물약과 독을 만들어내는 기계들을 설계하고 만들어 내세요!",Mega Mosaic,캐주얼,Mega Mosaic is a meditative game about completing a single enormous puzzle,1,GENRE_ONLY,
B0074,A04,Hollow Knight / Dead Cells / Celeste,"액션, 어드벤처, 인디 / 액션, 어드벤처, 인디 / 액션, 어드벤처, 인디","[Hollow Knight] 할로우 나이트에서 자신만의 길을 구축하세요! 크게 파괴된 곤충과 영웅의 왕국을 통한 서사 액션 어드벤처입니다. 손으로 그린 클래식 2D 스타일로 구불구불한 동굴을 탐험하고 오염된 생물과 싸우고 이상한 곤충들과 친구가 되어 보세요. ‖ [Dead Cells] 데드 셀(Dead Cells)는 메트로배니아에서 영감을 받은 로그라이트 액션 플랫포머 게임입니다. 2D 소울 라이트 전투에서 성을 지키는 수호자들을 물리치고 끊임없이 변화하는 거대한 성을 탐험하게 됩니다. 세이브 포인트는 없습니다. 죽이고, 죽고, 배우고, 반복하세요. ‖ [Celeste] 타워폴(TowerFall) 시리즈의 개발자들이 만든 이 초밀착형 플랫폼 게임을 플레이하고, 매들린이 셀레스트 산 정상으로 향하는 여정에서 내면의 악마에게서 살아남을 수 있게 도와주세요. 한땀 한땀 손수 제작한 수백 가지의 도전 과제에 맞서고, 사악한 비밀을 밝혀내고, 산에 숨겨진 수수께끼를 풀어보세요.",3000th Duel,"액션, 어드벤처, 인디",3000th Duel은 스피디하고 호쾌한 전투가 매력적인 액션어드벤처입니다. 자신만의 스타일로 마물을 물리치고 깊이를 알수 없는 세계를 탐험하여 거대한 비밀을 파헤치세요.,3,,
B0075,A19,ELDEN RING / Disco Elysium - The Final Cut / Outer Wilds,"액션, RPG / RPG / 액션, 어드벤처","[ELDEN RING] 본 게임은 본격적인 다크 판타지 세계를 무대로 한 액션 RPG입니다. 드넓은 필드와 던전 탐험을 통해 미지의 것들을 발견해 보세요. 앞길을 막아서는 난관과 그것을 극복했을 때의 달성감, 그리고 등장인물들의 의도가 교착하는 군상극도 즐기실 수 있습니다. ‖ [Disco Elysium - The Final Cut] 디스코 엘리시움 - 최종판은 획기적인 오픈 월드 롤플레잉 게임입니다. 당신은 독특한 스킬 시스템을 갖춘 형사로서 오롯한 도시 블록을 당신의 미래를 닦기 위해 다듬을 수 있습니다. 잊지 못할 등장인물들을 심문하거나, 살인 사건을 해결하거나, 뇌물을 받으세요. 영웅이 되거나 인류의 완전한 재앙이 되세요. ‖ [Outer Wilds] Giant Bomb, Polygon, Eurogamer, The Guardian에 의해 2019년 올해의 게임에 이름을 올리며 냉정한 호평과 수상 실적이 있는 Outer Wilds는 무한 시간 루프에 갇힌 태양계에 관한 공개된 세계의 미스터리 게임입니다.",디아블로 II 레저렉션 - 지옥불 에디션,"액션, RPG, 전략","현대 액션 RPG 장르를 정의하고 이제 새로운 직업, 추가 콘텐츠, 편의성 향상 업그레이드, 개편된 게임 종반 콘텐츠 등과 함께 리마스터된 암흑 판타지 클래식을 다시 만나 보십시오. 잔혹한 기술과 아이템의 시너지 효과를 조합하고, 힘을 키우고, 플레이어 최대 8명이 함께 지옥의 군단을 도살하십시오.",1,GENRE_ONLY,
B0076,A21,DARK SOULS™ III / The Witcher 3: Wild Hunt / The Elder Scrolls V: Skyrim Special Edition,액션 / RPG / RPG,"[DARK SOULS™ III] 장르를 새로 개척했다는 평가를 들으며 많은 좋은 평가들을 얻고 있는 다크 소울 시리즈는 계속해서 한계를 넘어서, 더욱 야심찬 단계에 도전하고자 하고 있습니다. 준비를 하고 어둠을 밝히십시오! ‖ [The Witcher 3: Wild Hunt] 리비아의 게롤트가 되어 의뢰를 받고 괴물을 사냥하세요. 전쟁의 상처가 가득하고 괴물이 들끓는 대륙을 마음껏 탐험해 보세요. 지금 가장 중요한 일은 대륙의 판도를 뒤바꿀 수도 있는 살아 있는 무기이자 예언의 아이, 시리를 추적하는 것입니다. ‖ [The Elder Scrolls V: Skyrim Special Edition] 200회 이상 올해의 게임에 선정된 The Elder Scrolls V: Skyrim Special Edition이 놀라운 디테일로 판타지에 생명을 불어넣었습니다. Special Edition에는 비평가들의 극찬을 받은 게임 및 새로운 기능이 포함된 애드온이 들어 있습니다.",Estencel,"액션, 어드벤처, 인디, 대규모 멀티플레이어",분위기 있는 소울라이크. 적과 보스와 싸우고 우울한 도시를 탐험하세요.,3,,
B0077,A35,Project Zomboid / Don't Starve / The Forest,"인디, RPG, 시뮬레이션, 앞서 해보기 / 어드벤처, 인디, 시뮬레이션 / 액션, 어드벤처, 인디, 시뮬레이션","[Project Zomboid] Project Zomboid is the ultimate in zombie survival. Alone or in MP: you loot, build, craft, fight, farm and fish in a struggle to survive. A hardcore RPG skillset, a vast map, mass ‖ [Don't Starve] Don’t Starve is an uncompromising wilderness survival game full of science and magic. Enter a strange and unexplored world full of strange creatures, dangers, and surprises. Gather ‖ [The Forest] As the lone survivor of a passenger jet crash, you find yourself in a mysterious forest battling to stay alive against a society of cannibalistic mutants. Build, explore, survive i",Novus Inceptio,"어드벤처, 인디, RPG, 시뮬레이션, 앞서 해보기","Warning: This is an Early Access game! Welcome to an enigmatic world, where a new gaming experience in exploring, building and surviving is waiting just for you. Experience a sandbox world with survival elements, and join us in creating a full version of the game.",2,,
B0078,A19,ELDEN RING / Disco Elysium - The Final Cut / Outer Wilds,"액션, RPG / RPG / 액션, 어드벤처","[ELDEN RING] 본 게임은 본격적인 다크 판타지 세계를 무대로 한 액션 RPG입니다. 드넓은 필드와 던전 탐험을 통해 미지의 것들을 발견해 보세요. 앞길을 막아서는 난관과 그것을 극복했을 때의 달성감, 그리고 등장인물들의 의도가 교착하는 군상극도 즐기실 수 있습니다. ‖ [Disco Elysium - The Final Cut] 디스코 엘리시움 - 최종판은 획기적인 오픈 월드 롤플레잉 게임입니다. 당신은 독특한 스킬 시스템을 갖춘 형사로서 오롯한 도시 블록을 당신의 미래를 닦기 위해 다듬을 수 있습니다. 잊지 못할 등장인물들을 심문하거나, 살인 사건을 해결하거나, 뇌물을 받으세요. 영웅이 되거나 인류의 완전한 재앙이 되세요. ‖ [Outer Wilds] Giant Bomb, Polygon, Eurogamer, The Guardian에 의해 2019년 올해의 게임에 이름을 올리며 냉정한 호평과 수상 실적이 있는 Outer Wilds는 무한 시간 루프에 갇힌 태양계에 관한 공개된 세계의 미스터리 게임입니다.",Out of Sight,"어드벤처, 인디",Out of Sight는 1인칭과 2인칭 관점을 매혹적인 목소리 연기와 결합하여 소름 끼치면서도 감성적인 여정에 몰입시키는 심오한 분위기의 공포 게임입니다.,1,GENRE_ONLY,
B0079,A03,Balatro / Hades / Vampire Survivors,"캐주얼, 인디, 전략 / 액션, 인디, RPG / 액션, 캐주얼, 인디, RPG","[Balatro] 포커 로그라이크 게임. Balatro는 불법 포커 패로 게임을 하고, 판을 뒤엎는 조커를 발견하고, 아드레날린이 치솟는 강력한 콤보를 만드는 덱 빌딩 게임입니다. ‖ [Hades] Bastion, Transistor, Pyre의 제작사에서 선보이는 이 로그라이크 던전 탐색형 게임에서 핵 앤 슬래시로 지하 세계를 탈출하고 죽음의 신에게 도전하세요. ‖ [Vampire Survivors] 수많은 어둠의 피조물을 쓰러뜨리며 새벽이 올 때까지 생존하세요! Vampire Survivors는 로그라이트 요소를 갖춘 고딕 호러 케주얼 게임입니다. 당신의 선택으로 순식간에 수백 마리의 괴물이 눈덩이처럼 불어날 수 있죠.",UnderMine,"액션, 어드벤처, 인디, RPG","RPG가 가미된 액션 어드벤처 로그라이크 게임. 언더마인 깊은 곳을 탐험하고 강력한 유물, 치명적인 적, 숨겨진 비밀, 도움을 줄 친구들을 찾아보세요.",3,,
B0080,A28,Dordogne / A YEAR OF SPRINGS / Botany Manor,"어드벤처, 인디 / 캐주얼, 인디, 시뮬레이션 / 어드벤처","[Dordogne] 이 유년 시절의 여정에서 특별한 내러티브에 몰입하며 도르도뉴의 수천 가지 여름의 색을 탐험하고, 추억을 떠올리며 가족의 비밀을 밝히세요. ‖ [A YEAR OF SPRINGS] 세 명의 여성, 세 개의 이야기, 세 개의 봄. 세 명의 친구들이 사랑, 공감, 그리고 단지 함께하고 싶어하는 감정에 대한 방향을 찾아나가는 3 부작 비주얼 노벨 A YEAR OF SPRINGS 에서 하루, 에리카, 마나미의 이야기를 체험하세요. ‖ [Botany Manor] Welcome to Botany Manor, a stately home in 19th century England. You play as inhabitant Arabella Greene, a retired botanist. Explore your house and gardens, filled with research, t",The Berlin Apartment,"어드벤처, 인디",하나의 아파트에 얽힌 여러 사연: 한 세기 동안 베를린의 한 아파트를 거쳐 간 여러 주민의 인생과 이들 삶의 변곡점을 엿보세요.,3,,
B0081,A12,Baldur's Gate 3 / Mount & Blade II: Bannerlord / Kenshi,"어드벤처, RPG, 전략 / 액션, 인디, RPG, 시뮬레이션, 전략 / 액션, 인디, RPG, 시뮬레이션, 전략","[Baldur's Gate 3] Baldur’s Gate 3 is a story-rich, party-based RPG set in the universe of Dungeons & Dragons, where your choices shape a tale of fellowship and betrayal, survival and sacrifice, and  ‖ [Mount & Blade II: Bannerlord] 본 게임은 전략/액션 RPG입니다. 캐릭터를 생성하고, 외교에 참여하고, 제작, 거래를 하고, 방대한 중세풍의 샌드박스에서 새로운 땅을 정복하십시오. 군대를 일으켜 전쟁에 뛰어들고, 깊이가 있으나 직관적인 실력 기반의 전투 시스템을 채용한 대규모 실시간 전투에서 자신의 부대에 명령을 내리고 함께 싸우십시오. ‖ [Kenshi] 자유롭게 돌아다니는 분대 기반의 RPG. 스토리를 따라가는 대신 제한 없는 샌드박스식 게임플레이에 중점을 두었습니다. 무역상, 도둑, 반란군, 전쟁 군주, 모험가, 농부, 노예 등 다양한 삶을 체험할 수 있습니다. 운이 나쁘면 식인종의 먹잇감으로 전락할지도 모르죠. 새로운 장비를 연구하거나 제작해 보세요.",Devil Spire Falls,"액션, 어드벤처, 인디, RPG, 앞서 해보기","The open-world action-RPG, where you can do anything, of your dreams… as if it came out 30 years ago!",1,LOW_QUALITY,
B0082,A25,DOOMBLADE / Transiruby / Blast Brigade vs. the Evil Legion of Dr. Cread,"액션, 어드벤처, 인디 / 액션 / 액션, 어드벤처, 인디","[DOOMBLADE] Deep underground, Gloom Girl discovers DOOMBLADE, a sentient weapon hellbent on escape after eons in chains. Together, “Doom and Gloom” embark on a vengeful quest to unlock the pow ‖ [Transiruby] 차원 대륙의 의문을 풀어라! 는 사이보그 소녀 실비가 검과 엘리먼트 샷으로 적을 쓰러뜨리며 앞으로 나아가는 탐색형 액션 게임입니다! ‖ [Blast Brigade vs. the Evil Legion of Dr. Cread] 스릴 넘치는 플랫포밍과 깊이 있는 탐험 세계, 폭발적인 액션으로 가득한 2D 메트로이드배니아 어드벤처 게임을 즐겨보세요! Blast Brigade에서 영웅들로 팀을 구성해 세계를 구하세요!",SiNiSistar Lite Version,"액션, 어드벤처, 인디","A simple 2D action game centered on themes of masochistic tendencies, yearning for death, as well as despair at being attacked by terrifying beings.",1,MODE_MISMATCH,
B0083,A09,Roots of Yggdrasil / Ancient Gods / Flick Shot Rogues,"인디, 전략 / RPG, 전략 / 인디, 전략","[Roots of Yggdrasil] Build settlements, explore the Nine Realms, collect artifacts and upgrade your deck to reach the top of Yggdrasil in this post-Ragnarok roguelike city-builder! Can you survive the  ‖ [Ancient Gods] Ancient Gods is a fusion of hero collector and deck-building rogue-lite where you collect your character, fight, and experience exciting events. Any character can use all the cards ‖ [Flick Shot Rogues] 계획하고, 조준하고, 쏘세요! FLICK SHOT ROGUES는 테이블 위에서 물건을 튕기는 촉각적 만족감과 사람들이 좋아하는 턴제 로그라이크의 전략적 깊이를 결합한 게임입니다. 말도 안되는 콤보를 연결하고, 캐릭터, 아이템, 스킬을 잠금 해제하면서, 섬을 정복하세요!",카드 왕국,"인디, RPG, 시뮬레이션, 전략",작은 마을에서 시작하여 카드 왕국을 건설하세요! 덱을 구성하고 자원을 효율적으로 관리하여 강력한 방어와 공격 능력을 키워나가세요. 하지만 평화는 쉽게 깨질 수 있습니다. 끊임없이 몰려오는 적들과 예상치 못한 랜덤 이벤트에 맞서 왕국을 지켜내야 합니다!,3,,
B0084,A24,Valheim / Grounded / My Time at Portia,"액션, 어드벤처, 인디, RPG, 앞서 해보기 / 액션, 어드벤처 / 어드벤처, 캐주얼, 인디, RPG, 시뮬레이션","[Valheim] 북구 신화와 바이킹 문화에 기반한 판타지 세계를 배경으로 펼쳐지는 생존 및 탐험 게임. ‖ [Grounded] The world is a vast, beautiful and dangerous place – especially when you have been shrunk to the size of an ant. Can you thrive alongside the hordes of giant insects, fighting to s ‖ [My Time at Portia] 아름다운 Portia 마을에서 새 삶을 시작하세요! 아버지가 방치한 작업장에서 제작을 부탁받고, 작물을 키우고, 가축을 기르고, 아름다운 세기말의 땅에서 특이한 친구들을 사귀며 작업장을 예전의 멋진 모습으로 복원하세요.",Solace Crafting,"어드벤처, 인디, RPG","오픈 월드 판타지 서바이벌 RPG. 플레이어가 구축한 빠른 이동, 모듈식 건물 및 마을 관리로 국경 없는 거리 기반 난이도.",3,,
B0085,A29,Salt and Sanctuary,"액션, 인디, RPG","[Salt and Sanctuary] 두렵고도 잔혹한 섬의 탐험을 시작합니다… Salt and Sanctuary는 신속하고, 잔인하며, 복잡한 전투 시스템을 지닌 2D RPG입니다. 저주받은 도시의 잊힌 영역이나, 피에 물든 던전이나, 오염된 기념비와 같은 장소를 돌아다니며, 한때 축복을 받았지만 지금은 타락하고 만 영주들을 조우하세요.",Crimson Capes,"액션, 어드벤처","Engage in fluid 2D pixel art swordplay, hunt down witches, fight monsters and experience the age of high adventure. Enter the guild of the Crimson Capes and explore a fantasy world of Sword and Sorcery.",2,,
B0086,A16,The Talos Principle / Rust / Inscryption,"액션, 어드벤처, 인디 / 액션, 어드벤처, 인디, 대규모 멀티플레이어, RPG / 어드벤처, 인디, 전략","[The Talos Principle] 탈로스 법칙은 철학적 SF 소설의 전통을 따른 1인칭 퍼즐 게임입니다. 시리어스 샘을 개발한 크로팀에서 만들었으며, 톰 주버트(FTL, 더 스와퍼)와 조나스 카이라츠(바다는 모든 것을 요구한다.)가 스토리를 작성했습니다. ‖ [Rust] Rust에서의 목표는 오직 하나, 바로 살아남는 것입니다. 섬의 야생 동물, 다른 주민, 환경, 다른 생존자 모두가 여러분의 목숨을 노립니다. 하루 더 살아남을 수 있다면 수단과 방법을 가리지 마세요. ‖ [Inscryption] Inscryption은 검은 잉크로 그려진 카드를 기반으로 한 덱빌딩 로그라이크, 방탈출 퍼즐, 피가 흐르는 심리적 공포 등의 요소가 섞인 여정을 다룹니다. 카드에는 더 어두운 비밀이 새겨져 있습니다…",토블라 - 신성한 길,"어드벤처, 캐주얼, 인디","토블라 - 신성한 길 에서는 창의적인 퍼즐 게임 플레이, Portal과 같은 클래식에서 영감을 받은 이야기, 그리고 인상적인 3D 그래픽이 결합됩니다. 모르트의 역할을 맡아 교활한 여신 토블라의 도전적인 퍼즐과 냉소적인 발언에 맞서 싸우며 집으로 가는 길을 찾으세요.",3,,
B0087,A10,A Short Hike / ISLANDERS / Gorogoa,"어드벤처, 인디 / 캐주얼, 인디, 전략 / 어드벤처, 캐주얼, 인디","[A Short Hike] Hike, climb, and soar through the peaceful mountainside landscapes of Hawk Peak Provincial Park as you make your way to the summit. ‖ [ISLANDERS] ISLANDERS is a minimalist strategy game about building cities on colorful islands. ‖ [Gorogoa] Gorogoa(고로고아)는 Jason Roberts가 디자인하고 일러스트레이션을 손으로 그린 아름다운 차세대 퍼즐 게임입니다.",Reefland,"캐주얼, 인디, 시뮬레이션, 전략, 앞서 해보기","Reefland - is a colorful city-building simulator with a relaxing atmosphere, where you are up to paint the island by placing buildings.",3,,
B0088,A13,Death's Door / Children of Morta / Roboquest / Spelunky 2 / Nuclear Throne / Streets of Rogue / Neon Abyss / Curse of the Dead Gods / Rogue Legacy 2 / Have a Nice Death,"액션, 어드벤처, 인디, RPG / 액션, 어드벤처, 인디, RPG / 액션, 인디 / 액션, 인디 / 액션, 인디, RPG / 액션, 어드벤처, 인디, RPG / 액션, 어드벤처, 인디, RPG / 액션, 어드벤처 / 액션, 어드벤처, 인디, RPG / 액션, 인디","[Death's Door] 죽은 자의 영혼을 수확하고 시간을 끝내는 것은 단조로울 수 있지만 까마귀에겐 평범한 일입니다. 하지만 주어진 영혼을 도둑맞게 되면 변화가 일어납니다. 영혼을 도난하고 죽음의 손길이 닿지 않는 영역으로 도망친 절망적인 도둑을 추적하십시오. ‖ [Children of Morta] Children of Morta는 비범한 가족 영웅에 대한 스토리 중심의 액션 RPG 게임입니다. 다가오는 부패에 맞서 모든 결함과 미덕을 갖춘 베르그송 가를 이끄세요. 여러분은 여러분이 아끼는 사람들을 구하기 위해 모든 것을 희생할 수 있으신가요? ‖ [Roboquest] 로보퀘스트는 멸망한 미래 세계의 빠른 FPS 로그라이트입니다. 당신은 재부팅된 수호자로, 강철 궁둥짝을 걷어 찰 준비를 하세요! 혼자서 혹은 친구와 함께 맞서거나 끊임없이 변화하는 환경에서 치명적인 로봇 군단을 섬멸하세요. ‖ [Spelunky 2] Spelunky 2 builds upon the unique, randomized challenges that made the original a roguelike classic, offering a huge adventure designed to satisfy players old and new. Meet the nex ‖ [Nuclear Throne] Nuclear Throne은 포스트 아포칼립스 세계관의 로그라이크 스타일 탑다운 슈터입니다. 여기서 말하는 포스트 아포칼립스는 '인류의 마지막 희망'이 남아 있는 세계가 아니라, '인류는 멸종했고 이제 돌연변이와 괴물들이 세상을 돌아다니는' 그런 세계입니다. 과연 당신은 뉴클리어 쓰론에 도달할 수 있을까요? ‖ [Streets of Rogue] 싸워서 몰래 들어가 임의 생성된 도시를 공격하세요. Nuclear Throne은 무법천지 GTA와 Deus Ex가 혼합된 형태입니다. Rogue-lite가 몰입도 높은 캐릭터를 만나 너무 재미있습니다. ‖ [Neon Abyss] Neon Abyss는 고속의 로그라이크 액션 플랫포머로, 하데스가 만든 '그림 스쿼드'의 일원이 되어 어비스로 총을 들고 뛰어드는 런 앤 건 게임입니다. 무한한 아이템 시너지와 던전 진화 시스템으로, 매번 게임을 할 때마다 다른 경험과 새로운 도전이 등장합니다. 진짜 지옥을 보여주세요! ‖ [Curse of the Dead Gods] 엄청난 부, 영원한 생명, 신성한 힘을 탐하는 마음이 당신을 끝없는 지옥 속의 미로, 치명적인 함정 및 몬스터가 우글거리는 이 저주받은 사원으로 이끌었습니다. ‖ [Rogue Legacy 2] 로그 레거시 2는 로그 레거시에 후속편을 끼얹은 작품입니다. 당신이 죽을 때마다 자식이 가업을 이어받습니다. 딸은 색맹 궁수이고 아들은 평화주의자 요리사일 수도 있죠. 어쨌거나 둘 중 한 명은 전장으로 나가야 합니다. ‖ [Have a Nice Death] Have a Nice Death는 과로에 고생하는 데스가 되어 플레이하는 2D 액션 로그라이크로, 통제 불능인 직원들 때문에 영혼의 균형과 데스의 휴가 계획이 틀어지고 말았습니다. 질서를 회복하려면 대낫을 들고 직원들과 서열 정리를 해야 합니다.",마법의 룬스톤,"액션, 어드벤처, 인디","이것은 액션으로 가득 찬 로그라이트 어드벤처 게임입니다. 여러분은 다양한 장비와 축복을 받으며 다양한 역할을 수행하게 될 것입니다. 보물의 축복을 받아, 당신은 끊임없이 강력한 적에게 도전하고 보스를 처치하게 될 것입니다. 또한 이 게임에는 ""생존자 모드""가 포함되어 있습니다. 한 게임, 두 배의 재미. 마음에 드셨으면 좋겠네요.",2,,
B0089,A19,ELDEN RING / Disco Elysium - The Final Cut / Outer Wilds,"액션, RPG / RPG / 액션, 어드벤처","[ELDEN RING] 본 게임은 본격적인 다크 판타지 세계를 무대로 한 액션 RPG입니다. 드넓은 필드와 던전 탐험을 통해 미지의 것들을 발견해 보세요. 앞길을 막아서는 난관과 그것을 극복했을 때의 달성감, 그리고 등장인물들의 의도가 교착하는 군상극도 즐기실 수 있습니다. ‖ [Disco Elysium - The Final Cut] 디스코 엘리시움 - 최종판은 획기적인 오픈 월드 롤플레잉 게임입니다. 당신은 독특한 스킬 시스템을 갖춘 형사로서 오롯한 도시 블록을 당신의 미래를 닦기 위해 다듬을 수 있습니다. 잊지 못할 등장인물들을 심문하거나, 살인 사건을 해결하거나, 뇌물을 받으세요. 영웅이 되거나 인류의 완전한 재앙이 되세요. ‖ [Outer Wilds] Giant Bomb, Polygon, Eurogamer, The Guardian에 의해 2019년 올해의 게임에 이름을 올리며 냉정한 호평과 수상 실적이 있는 Outer Wilds는 무한 시간 루프에 갇힌 태양계에 관한 공개된 세계의 미스터리 게임입니다.",은폐된 살인의 진실들 - 하드코어 본격 추리 탐정 게임,"어드벤처, 인디, 시뮬레이션",할리우드를 뒤흔든 한 차례 살인사건! 수사 실력을 발휘해 현장을 조사하여 단서를 찾고 사건을 풀어내세요. 은밀한 살인사건을 조종하는 배후의 인물은 과연?!,3,,
B0090,A28,Dordogne / A YEAR OF SPRINGS / Botany Manor,"어드벤처, 인디 / 캐주얼, 인디, 시뮬레이션 / 어드벤처","[Dordogne] 이 유년 시절의 여정에서 특별한 내러티브에 몰입하며 도르도뉴의 수천 가지 여름의 색을 탐험하고, 추억을 떠올리며 가족의 비밀을 밝히세요. ‖ [A YEAR OF SPRINGS] 세 명의 여성, 세 개의 이야기, 세 개의 봄. 세 명의 친구들이 사랑, 공감, 그리고 단지 함께하고 싶어하는 감정에 대한 방향을 찾아나가는 3 부작 비주얼 노벨 A YEAR OF SPRINGS 에서 하루, 에리카, 마나미의 이야기를 체험하세요. ‖ [Botany Manor] Welcome to Botany Manor, a stately home in 19th century England. You play as inhabitant Arabella Greene, a retired botanist. Explore your house and gardens, filled with research, t",晴末置雨,"캐주얼, 인디",有关恋爱的故事往往在两人开始交往后便戛然而止，在那之后的重重障碍总是无人言说。 在盛夏被一场不期而至的暴雨宣告终结之时，两人看到的，究竟是朦胧的雨雾中对方逐渐消失的身影，还是下一个晴天，地上水洼倒映出的湛蓝,2,,
B0091,A16,The Talos Principle / Rust / Inscryption,"액션, 어드벤처, 인디 / 액션, 어드벤처, 인디, 대규모 멀티플레이어, RPG / 어드벤처, 인디, 전략","[The Talos Principle] 탈로스 법칙은 철학적 SF 소설의 전통을 따른 1인칭 퍼즐 게임입니다. 시리어스 샘을 개발한 크로팀에서 만들었으며, 톰 주버트(FTL, 더 스와퍼)와 조나스 카이라츠(바다는 모든 것을 요구한다.)가 스토리를 작성했습니다. ‖ [Rust] Rust에서의 목표는 오직 하나, 바로 살아남는 것입니다. 섬의 야생 동물, 다른 주민, 환경, 다른 생존자 모두가 여러분의 목숨을 노립니다. 하루 더 살아남을 수 있다면 수단과 방법을 가리지 마세요. ‖ [Inscryption] Inscryption은 검은 잉크로 그려진 카드를 기반으로 한 덱빌딩 로그라이크, 방탈출 퍼즐, 피가 흐르는 심리적 공포 등의 요소가 섞인 여정을 다룹니다. 카드에는 더 어두운 비밀이 새겨져 있습니다…",Smalland: Survive the Wilds,"액션, 어드벤처, 인디, RPG","소인이 되어 웅장한 모험을 경험하세요! 드넓고 위험천만한 세계에서 멀티플레이어 생존 게임을 즐기세요. 먹이 사슬의 밑바닥에 있는 자그마한 존재에게는 대비가 중요합니다. 무기와 갑옷을 만들고, 생물을 길들인 뒤 올라타고, 야영지를 만들고, 새로운 낯선 땅을 탐험하세요.",2,,
B0092,A12,Baldur's Gate 3 / Mount & Blade II: Bannerlord / Kenshi,"어드벤처, RPG, 전략 / 액션, 인디, RPG, 시뮬레이션, 전략 / 액션, 인디, RPG, 시뮬레이션, 전략","[Baldur's Gate 3] Baldur’s Gate 3 is a story-rich, party-based RPG set in the universe of Dungeons & Dragons, where your choices shape a tale of fellowship and betrayal, survival and sacrifice, and  ‖ [Mount & Blade II: Bannerlord] 본 게임은 전략/액션 RPG입니다. 캐릭터를 생성하고, 외교에 참여하고, 제작, 거래를 하고, 방대한 중세풍의 샌드박스에서 새로운 땅을 정복하십시오. 군대를 일으켜 전쟁에 뛰어들고, 깊이가 있으나 직관적인 실력 기반의 전투 시스템을 채용한 대규모 실시간 전투에서 자신의 부대에 명령을 내리고 함께 싸우십시오. ‖ [Kenshi] 자유롭게 돌아다니는 분대 기반의 RPG. 스토리를 따라가는 대신 제한 없는 샌드박스식 게임플레이에 중점을 두었습니다. 무역상, 도둑, 반란군, 전쟁 군주, 모험가, 농부, 노예 등 다양한 삶을 체험할 수 있습니다. 운이 나쁘면 식인종의 먹잇감으로 전락할지도 모르죠. 새로운 장비를 연구하거나 제작해 보세요.",Pax Dei,"액션, 어드벤처, 대규모 멀티플레이어, RPG, 시뮬레이션","Welcome to a vast, social sandbox MMO inspired by the legends of the medieval era. Here, myths are real, ghosts exist, and magic is unquestioned. Join thousands of players as you explore the land, build your home, forge your reputation, and craft your own stories. What world will you make?",2,,
B0093,A18,Euro Truck Simulator 2 / BeamNG.drive / 아세토 코르사 Assetto Corsa,"인디, 시뮬레이션 / 레이싱, 시뮬레이션, 앞서 해보기 / 인디, 레이싱, 시뮬레이션, 스포츠","[Euro Truck Simulator 2] 도로의 왕이 되어 인상적인 거리를 가로질러 중요한 화물을 배달하는 트럭 운전사가 되어 유럽을 여행하세요! 탐험할 도시가 수십 개나 되므로, 당신의 인내심, 기술, 속도가 모두 한계에 도달할 것입니다. ‖ [BeamNG.drive] 뭐든지 할 수 있는 동적 소프트 보디 물리 시뮬레이터입니다. ‖ [아세토 코르사 Assetto Corsa] 아세토 코르사(Assetto Corsa) v1.16은 새로운 레이저 스캔 트랙 ""라구나 세카(Laguna Seca)"" 및 기다리던 Alfa Romeo Giulia Quadrifoglio를 포함한 7개의 신차를 소개합니다! 체인지로그에서 더 자세한 내용을 확인하세요!",City Transport Simulator 2025,시뮬레이션,"The All-in-One Simulation! Drive highly detailed and licensed real buses & trams, build and design your own transport company, and grow your network in a European-inspired city.",3,,
B0094,A12,Baldur's Gate 3 / Mount & Blade II: Bannerlord / Kenshi,"어드벤처, RPG, 전략 / 액션, 인디, RPG, 시뮬레이션, 전략 / 액션, 인디, RPG, 시뮬레이션, 전략","[Baldur's Gate 3] Baldur’s Gate 3 is a story-rich, party-based RPG set in the universe of Dungeons & Dragons, where your choices shape a tale of fellowship and betrayal, survival and sacrifice, and  ‖ [Mount & Blade II: Bannerlord] 본 게임은 전략/액션 RPG입니다. 캐릭터를 생성하고, 외교에 참여하고, 제작, 거래를 하고, 방대한 중세풍의 샌드박스에서 새로운 땅을 정복하십시오. 군대를 일으켜 전쟁에 뛰어들고, 깊이가 있으나 직관적인 실력 기반의 전투 시스템을 채용한 대규모 실시간 전투에서 자신의 부대에 명령을 내리고 함께 싸우십시오. ‖ [Kenshi] 자유롭게 돌아다니는 분대 기반의 RPG. 스토리를 따라가는 대신 제한 없는 샌드박스식 게임플레이에 중점을 두었습니다. 무역상, 도둑, 반란군, 전쟁 군주, 모험가, 농부, 노예 등 다양한 삶을 체험할 수 있습니다. 운이 나쁘면 식인종의 먹잇감으로 전락할지도 모르죠. 새로운 장비를 연구하거나 제작해 보세요.",Kingdom Come: Deliverance II,"액션, 어드벤처, RPG",15세기 중세 유럽을 배경으로 한 풍부한 오픈 월드에서 펼쳐지는 스릴 넘치는 스토리 중심 액션 RPG. 엄청난 규모의 여정에 올라 청년 헨리의 눈을 통해 최고의 중세 어드벤처를 경험하세요.,3,,
B0095,A11,Forza Horizon 5 / Hi-Fi RUSH / Street Fighter 6,"액션, 어드벤처, 레이싱, 시뮬레이션, 스포츠 / 액션 / 액션, 어드벤처","[Forza Horizon 5] 세계 최고의 자동차를 타고 생동감 넘치는 멕시코의 대자연을 탐험하며 재미있는 드라이빙 액션을 마음껏 즐겨보세요. ‖ [Hi-Fi RUSH] 아케이드 챌린지! 업데이트!로 추가되는 두 개의 신규 게임 모드에서 여러분의 능력을 시험하고, 새로운 보상을 획득해 보세요. 몇 가지 비밀도 숨어 있답니다! 락 스타 지망생 차이가 되어 비트를 타고, 세상 모든 게 음악에 싱크되는 세계에서 오합지졸 팀과 함께 사악한 거대 기업에 맞서 싸우세요. ‖ [Street Fighter 6] 시리즈 최신작 『Street Fighter 6』, 2023년 6월 2일 발매 결정! RE ENGINE으로 개발된 본 작품은 대형 모드 「World Tour」, 「Fighting Ground」, 「Battle Hub」로 구성되어 있다. 새로운 「스트리트 파이터」에는 지금까지의 시리즈에는 없었던 새로운 체험이 기다리고 있다.",Street Fighter 30th Anniversary Collection,액션,"Street Fighter 30th Anniversary Collection으로 Street Fighter의 유구한 전통을 기념할 수 있습니다. 무려 12개의 Street Fighter 타이틀을 모은 컬렉션으로, 이들 중 SFII Hyper Fighting, Super SFII Turbo, SF Alpha 3, SFIII: Third Strike의 명 타이틀을 통해서는 온라인 아케이드 모드나 친구들과의 플레이로 인터넷상에서 아케이드의 향수를 맛볼 수 있게 합니다!",3,,
B0096,A13,Death's Door / Children of Morta / Roboquest / Spelunky 2 / Nuclear Throne / Streets of Rogue / Neon Abyss / Curse of the Dead Gods / Rogue Legacy 2 / Have a Nice Death,"액션, 어드벤처, 인디, RPG / 액션, 어드벤처, 인디, RPG / 액션, 인디 / 액션, 인디 / 액션, 인디, RPG / 액션, 어드벤처, 인디, RPG / 액션, 어드벤처, 인디, RPG / 액션, 어드벤처 / 액션, 어드벤처, 인디, RPG / 액션, 인디","[Death's Door] 죽은 자의 영혼을 수확하고 시간을 끝내는 것은 단조로울 수 있지만 까마귀에겐 평범한 일입니다. 하지만 주어진 영혼을 도둑맞게 되면 변화가 일어납니다. 영혼을 도난하고 죽음의 손길이 닿지 않는 영역으로 도망친 절망적인 도둑을 추적하십시오. ‖ [Children of Morta] Children of Morta는 비범한 가족 영웅에 대한 스토리 중심의 액션 RPG 게임입니다. 다가오는 부패에 맞서 모든 결함과 미덕을 갖춘 베르그송 가를 이끄세요. 여러분은 여러분이 아끼는 사람들을 구하기 위해 모든 것을 희생할 수 있으신가요? ‖ [Roboquest] 로보퀘스트는 멸망한 미래 세계의 빠른 FPS 로그라이트입니다. 당신은 재부팅된 수호자로, 강철 궁둥짝을 걷어 찰 준비를 하세요! 혼자서 혹은 친구와 함께 맞서거나 끊임없이 변화하는 환경에서 치명적인 로봇 군단을 섬멸하세요. ‖ [Spelunky 2] Spelunky 2 builds upon the unique, randomized challenges that made the original a roguelike classic, offering a huge adventure designed to satisfy players old and new. Meet the nex ‖ [Nuclear Throne] Nuclear Throne은 포스트 아포칼립스 세계관의 로그라이크 스타일 탑다운 슈터입니다. 여기서 말하는 포스트 아포칼립스는 '인류의 마지막 희망'이 남아 있는 세계가 아니라, '인류는 멸종했고 이제 돌연변이와 괴물들이 세상을 돌아다니는' 그런 세계입니다. 과연 당신은 뉴클리어 쓰론에 도달할 수 있을까요? ‖ [Streets of Rogue] 싸워서 몰래 들어가 임의 생성된 도시를 공격하세요. Nuclear Throne은 무법천지 GTA와 Deus Ex가 혼합된 형태입니다. Rogue-lite가 몰입도 높은 캐릭터를 만나 너무 재미있습니다. ‖ [Neon Abyss] Neon Abyss는 고속의 로그라이크 액션 플랫포머로, 하데스가 만든 '그림 스쿼드'의 일원이 되어 어비스로 총을 들고 뛰어드는 런 앤 건 게임입니다. 무한한 아이템 시너지와 던전 진화 시스템으로, 매번 게임을 할 때마다 다른 경험과 새로운 도전이 등장합니다. 진짜 지옥을 보여주세요! ‖ [Curse of the Dead Gods] 엄청난 부, 영원한 생명, 신성한 힘을 탐하는 마음이 당신을 끝없는 지옥 속의 미로, 치명적인 함정 및 몬스터가 우글거리는 이 저주받은 사원으로 이끌었습니다. ‖ [Rogue Legacy 2] 로그 레거시 2는 로그 레거시에 후속편을 끼얹은 작품입니다. 당신이 죽을 때마다 자식이 가업을 이어받습니다. 딸은 색맹 궁수이고 아들은 평화주의자 요리사일 수도 있죠. 어쨌거나 둘 중 한 명은 전장으로 나가야 합니다. ‖ [Have a Nice Death] Have a Nice Death는 과로에 고생하는 데스가 되어 플레이하는 2D 액션 로그라이크로, 통제 불능인 직원들 때문에 영혼의 균형과 데스의 휴가 계획이 틀어지고 말았습니다. 질서를 회복하려면 대낫을 들고 직원들과 서열 정리를 해야 합니다.",Return to abyss 重返深渊,"액션, 어드벤처, 인디","Return to Abyss is a mowing survival game with Rogue-Lite elements, upgrade your weapons and use your fighting skills to fight through over 10,000 monsters on screen until defeat the culprit who brought chaos!",2,,
B0097,A23,Vomitoreum / Tales of Kenzera™: ZAU / Shantae: Half-Genie Hero,"액션, 어드벤처, 인디 / 액션, 어드벤처, 인디 / 액션, 어드벤처, 인디","[Vomitoreum] Vomitoreum is an FPS Metroidvania with a focus on atmosphere and horror, inspired by the paintings of Zdzisław Beksiński. ‖ [Tales of Kenzera™: ZAU] 샤먼의 춤을 추세요. 아버지의 영혼을 되찾으세요. Surgent Studios가 제작한 메트로이드바니아 스타일의 어드벤처 게임 Tales of Kenzera™: ZAU에서 죽음의 신과 함께 아름답고 위험한 켄제라의 땅으로 용감하게 모험을 떠나세요. ‖ [Shantae: Half-Genie Hero] Shantae embarks on her first full HD adventure! When a mysterious crime wave sweeps Sequin Land, it’s up to Half-Genie Hero Shantae to save the day! Use Shantae’s devastating Hair-",DOOMED,"액션, 어드벤처, 인디, 시뮬레이션","DOOMED is a First Person Shooter with horror elements, heavily inspired by old-school shooter classics.",3,,
B0098,A13,Death's Door / Children of Morta / Roboquest / Spelunky 2 / Nuclear Throne / Streets of Rogue / Neon Abyss / Curse of the Dead Gods / Rogue Legacy 2 / Have a Nice Death,"액션, 어드벤처, 인디, RPG / 액션, 어드벤처, 인디, RPG / 액션, 인디 / 액션, 인디 / 액션, 인디, RPG / 액션, 어드벤처, 인디, RPG / 액션, 어드벤처, 인디, RPG / 액션, 어드벤처 / 액션, 어드벤처, 인디, RPG / 액션, 인디","[Death's Door] 죽은 자의 영혼을 수확하고 시간을 끝내는 것은 단조로울 수 있지만 까마귀에겐 평범한 일입니다. 하지만 주어진 영혼을 도둑맞게 되면 변화가 일어납니다. 영혼을 도난하고 죽음의 손길이 닿지 않는 영역으로 도망친 절망적인 도둑을 추적하십시오. ‖ [Children of Morta] Children of Morta는 비범한 가족 영웅에 대한 스토리 중심의 액션 RPG 게임입니다. 다가오는 부패에 맞서 모든 결함과 미덕을 갖춘 베르그송 가를 이끄세요. 여러분은 여러분이 아끼는 사람들을 구하기 위해 모든 것을 희생할 수 있으신가요? ‖ [Roboquest] 로보퀘스트는 멸망한 미래 세계의 빠른 FPS 로그라이트입니다. 당신은 재부팅된 수호자로, 강철 궁둥짝을 걷어 찰 준비를 하세요! 혼자서 혹은 친구와 함께 맞서거나 끊임없이 변화하는 환경에서 치명적인 로봇 군단을 섬멸하세요. ‖ [Spelunky 2] Spelunky 2 builds upon the unique, randomized challenges that made the original a roguelike classic, offering a huge adventure designed to satisfy players old and new. Meet the nex ‖ [Nuclear Throne] Nuclear Throne은 포스트 아포칼립스 세계관의 로그라이크 스타일 탑다운 슈터입니다. 여기서 말하는 포스트 아포칼립스는 '인류의 마지막 희망'이 남아 있는 세계가 아니라, '인류는 멸종했고 이제 돌연변이와 괴물들이 세상을 돌아다니는' 그런 세계입니다. 과연 당신은 뉴클리어 쓰론에 도달할 수 있을까요? ‖ [Streets of Rogue] 싸워서 몰래 들어가 임의 생성된 도시를 공격하세요. Nuclear Throne은 무법천지 GTA와 Deus Ex가 혼합된 형태입니다. Rogue-lite가 몰입도 높은 캐릭터를 만나 너무 재미있습니다. ‖ [Neon Abyss] Neon Abyss는 고속의 로그라이크 액션 플랫포머로, 하데스가 만든 '그림 스쿼드'의 일원이 되어 어비스로 총을 들고 뛰어드는 런 앤 건 게임입니다. 무한한 아이템 시너지와 던전 진화 시스템으로, 매번 게임을 할 때마다 다른 경험과 새로운 도전이 등장합니다. 진짜 지옥을 보여주세요! ‖ [Curse of the Dead Gods] 엄청난 부, 영원한 생명, 신성한 힘을 탐하는 마음이 당신을 끝없는 지옥 속의 미로, 치명적인 함정 및 몬스터가 우글거리는 이 저주받은 사원으로 이끌었습니다. ‖ [Rogue Legacy 2] 로그 레거시 2는 로그 레거시에 후속편을 끼얹은 작품입니다. 당신이 죽을 때마다 자식이 가업을 이어받습니다. 딸은 색맹 궁수이고 아들은 평화주의자 요리사일 수도 있죠. 어쨌거나 둘 중 한 명은 전장으로 나가야 합니다. ‖ [Have a Nice Death] Have a Nice Death는 과로에 고생하는 데스가 되어 플레이하는 2D 액션 로그라이크로, 통제 불능인 직원들 때문에 영혼의 균형과 데스의 휴가 계획이 틀어지고 말았습니다. 질서를 회복하려면 대낫을 들고 직원들과 서열 정리를 해야 합니다.",유은은 구절이다,"액션, 어드벤처, 인디, RPG","이것은 어둡고 고풍스럽고 환상적이며 굽어보는 뿔, 가벼운 혼의 액션 롤플레잉 게임으로 이 유형에서 약간의 다른 경험을 시도하고 있다.신비한 주인공은 어떤 신기를 찾기 위해 오래된 성채에 발을 디디고 간교한 적과 친구들을 사귀는 동시에 이 성채의 강대한 적과 싸워 이 세상이 부패하고 저주받은 진상을 밝혀낸다.",2,,
B0099,A03,Balatro / Hades / Vampire Survivors,"캐주얼, 인디, 전략 / 액션, 인디, RPG / 액션, 캐주얼, 인디, RPG","[Balatro] 포커 로그라이크 게임. Balatro는 불법 포커 패로 게임을 하고, 판을 뒤엎는 조커를 발견하고, 아드레날린이 치솟는 강력한 콤보를 만드는 덱 빌딩 게임입니다. ‖ [Hades] Bastion, Transistor, Pyre의 제작사에서 선보이는 이 로그라이크 던전 탐색형 게임에서 핵 앤 슬래시로 지하 세계를 탈출하고 죽음의 신에게 도전하세요. ‖ [Vampire Survivors] 수많은 어둠의 피조물을 쓰러뜨리며 새벽이 올 때까지 생존하세요! Vampire Survivors는 로그라이트 요소를 갖춘 고딕 호러 케주얼 게임입니다. 당신의 선택으로 순식간에 수백 마리의 괴물이 눈덩이처럼 불어날 수 있죠.",Keeper's Toll,"액션, 인디, RPG","도전과 절망으로 가득 찬 액션으로 가득한 로그라이트 게임, 키퍼스 톨에 빠져보세요. 스킬 기반 ARPG 게임플레이로 끈질긴 무리와 혹독한 보스의 공격으로부터 살아남으세요. 어둠을 받아들이고 저주의 땅을 정화하세요.",3,,
B0100,A30,Stardew Valley / Slime Rancher / Raft,"인디, RPG, 시뮬레이션 / 액션, 어드벤처, 인디, 시뮬레이션 / 어드벤처, 인디, 시뮬레이션","[Stardew Valley] You've inherited your grandfather's old farm plot in Stardew Valley. Armed with hand-me-down tools and a few coins, you set out to begin your new life. Can you learn to live off th ‖ [Slime Rancher] 슬라임 랜쳐는 젊고 용감한 랜쳐, 베아트릭스 르뷰가 지구에서 1,000광년 떨어진 '머나먼 평야'에서 슬라임들과 씨름하며 생계를 꾸려나가는 이야기입니다. 긍정적인 마인드와 강인한 의지로 베아트릭스는 진공팩을 사용하여 끊임없이 말랑말랑하게 굴러나오는 슬라임들을 피하며 이름을 알리고, 부자가 되려 합니다. ‖ [Raft] Raft™ throws you and your friends into an epic oceanic adventure! Alone or together, players battle to survive a perilous voyage across a vast sea! Gather debris, scavenge reefs an",ENA: Dream BBQ,"어드벤처, 인디",Experience surreal environments and inexplicable characters as ENA in a new wild world.,0,IRRELEVANT,
B0101,A28,Dordogne / A YEAR OF SPRINGS / Botany Manor,"어드벤처, 인디 / 캐주얼, 인디, 시뮬레이션 / 어드벤처","[Dordogne] 이 유년 시절의 여정에서 특별한 내러티브에 몰입하며 도르도뉴의 수천 가지 여름의 색을 탐험하고, 추억을 떠올리며 가족의 비밀을 밝히세요. ‖ [A YEAR OF SPRINGS] 세 명의 여성, 세 개의 이야기, 세 개의 봄. 세 명의 친구들이 사랑, 공감, 그리고 단지 함께하고 싶어하는 감정에 대한 방향을 찾아나가는 3 부작 비주얼 노벨 A YEAR OF SPRINGS 에서 하루, 에리카, 마나미의 이야기를 체험하세요. ‖ [Botany Manor] Welcome to Botany Manor, a stately home in 19th century England. You play as inhabitant Arabella Greene, a retired botanist. Explore your house and gardens, filled with research, t",Summer Pockets REFLECTION BLUE,"어드벤처, 캐주얼","No matter how much times passes... I remember that blue, blue summer. Summer Pockets, the midsummer story brought to you by Key, has been powered-up with even more to play, including new heroines and routes, in Summer Pockets REFLECTION BLUE, now available on Steam!",2,,
B0102,A24,Valheim / Grounded / My Time at Portia,"액션, 어드벤처, 인디, RPG, 앞서 해보기 / 액션, 어드벤처 / 어드벤처, 캐주얼, 인디, RPG, 시뮬레이션","[Valheim] 북구 신화와 바이킹 문화에 기반한 판타지 세계를 배경으로 펼쳐지는 생존 및 탐험 게임. ‖ [Grounded] The world is a vast, beautiful and dangerous place – especially when you have been shrunk to the size of an ant. Can you thrive alongside the hordes of giant insects, fighting to s ‖ [My Time at Portia] 아름다운 Portia 마을에서 새 삶을 시작하세요! 아버지가 방치한 작업장에서 제작을 부탁받고, 작물을 키우고, 가축을 기르고, 아름다운 세기말의 땅에서 특이한 친구들을 사귀며 작업장을 예전의 멋진 모습으로 복원하세요.",ASTRONEER,"어드벤처, 인디","독특하고 촉각적인 방식으로 낯선 새로운 세계와 상호 작용하여 환경 자체를 마치 손에 있는 진흙처럼 빚어보세요. 기지를 건설하고, 자원 관리를 마스터하고, 생산 라인을 자동화하는 등 혼자 또는 친구와 함께 우주의 미스터리를 풀어나가세요.",3,,
B0103,A23,Vomitoreum / Tales of Kenzera™: ZAU / Shantae: Half-Genie Hero,"액션, 어드벤처, 인디 / 액션, 어드벤처, 인디 / 액션, 어드벤처, 인디","[Vomitoreum] Vomitoreum is an FPS Metroidvania with a focus on atmosphere and horror, inspired by the paintings of Zdzisław Beksiński. ‖ [Tales of Kenzera™: ZAU] 샤먼의 춤을 추세요. 아버지의 영혼을 되찾으세요. Surgent Studios가 제작한 메트로이드바니아 스타일의 어드벤처 게임 Tales of Kenzera™: ZAU에서 죽음의 신과 함께 아름답고 위험한 켄제라의 땅으로 용감하게 모험을 떠나세요. ‖ [Shantae: Half-Genie Hero] Shantae embarks on her first full HD adventure! When a mysterious crime wave sweeps Sequin Land, it’s up to Half-Genie Hero Shantae to save the day! Use Shantae’s devastating Hair-",Shiro,"액션, 어드벤처, 인디",Shiro is an adventure platformer in which you have to find your missing sister,2,,
B0104,A27,The Raven Remastered / The Frostrune / Mad Experiments: Escape Room,"어드벤처 / 어드벤처 / 어드벤처, 캐주얼, 인디, 시뮬레이션, 전략","[The Raven Remastered] London, 1964. An ancient ruby is stolen from the British Museum. At the crime scene: a raven feather. Is somebody trying to follow in the footsteps of The Raven, the legendary mast ‖ [The Frostrune] Unravel a mystery inspired by Viking myth and legend in The Frostrune, a classic point-and-click adventure based on historically accurate Norse culture and environments. ‖ [Mad Experiments: Escape Room] 수상 후보에 오른 이스케이프 게임 1인 또는 최대 5인까지 플레이하며 3개의 독특한 방을 탐험하고, 두뇌를 자극하는 퍼즐을 풀며 체셔 교수와 그의 실험에 얽힌 어두운 비밀을 밝혀보세요.",Superbrothers: Sword & Sworcery EP,"어드벤처, 인디","Traverse a mythic little realm, use a sword to do battle & evoke sworcery to solve mystical musical mysteries.",2,,
B0105,A12,Baldur's Gate 3 / Mount & Blade II: Bannerlord / Kenshi,"어드벤처, RPG, 전략 / 액션, 인디, RPG, 시뮬레이션, 전략 / 액션, 인디, RPG, 시뮬레이션, 전략","[Baldur's Gate 3] Baldur’s Gate 3 is a story-rich, party-based RPG set in the universe of Dungeons & Dragons, where your choices shape a tale of fellowship and betrayal, survival and sacrifice, and  ‖ [Mount & Blade II: Bannerlord] 본 게임은 전략/액션 RPG입니다. 캐릭터를 생성하고, 외교에 참여하고, 제작, 거래를 하고, 방대한 중세풍의 샌드박스에서 새로운 땅을 정복하십시오. 군대를 일으켜 전쟁에 뛰어들고, 깊이가 있으나 직관적인 실력 기반의 전투 시스템을 채용한 대규모 실시간 전투에서 자신의 부대에 명령을 내리고 함께 싸우십시오. ‖ [Kenshi] 자유롭게 돌아다니는 분대 기반의 RPG. 스토리를 따라가는 대신 제한 없는 샌드박스식 게임플레이에 중점을 두었습니다. 무역상, 도둑, 반란군, 전쟁 군주, 모험가, 농부, 노예 등 다양한 삶을 체험할 수 있습니다. 운이 나쁘면 식인종의 먹잇감으로 전락할지도 모르죠. 새로운 장비를 연구하거나 제작해 보세요.",Denizen,"어드벤처, 인디, RPG, 시뮬레이션, 앞서 해보기","Make a living for yourself in a city full of opportunity while you meet a variety of locals, explore unique locations, and work your way to the top in this open-world life simulator.",1,IRRELEVANT,
B0106,A17,Lethal Company / Phasmophobia / Deep Rock Galactic,"액션, 어드벤처, 인디, 앞서 해보기 / 액션, 인디, 앞서 해보기 / 액션","[Lethal Company] A co-op horror about scavenging at abandoned moons to sell scrap to the Company. ‖ [Phasmophobia] Phasmophobia is a 4 player online co-op psychological horror. Paranormal activity is on the rise and it’s up to you and your team to use all the ghost-hunting equipment at your dis ‖ [Deep Rock Galactic] 딥 락 갤럭틱은 1-4인의 플레이어가 협동하는 FPS 게임으로, 상남자 우주 드워프, 100% 파괴 가능한 맵 환경, 절차적 생성 동굴 지형, 그리고 끊임없이 등장하는 외계 괴물 무리가 특징입니다.",Obsideo,"액션, 인디, 앞서 해보기","Obsideo is a 1-4 player online co-op psychological horror, where you and your team of priests explore different locations experiencing paranormal events in an attempt to figure out what ghost they're dealing with and exorcise it from the property.",3,,
B0107,A35,Project Zomboid / Don't Starve / The Forest,"인디, RPG, 시뮬레이션, 앞서 해보기 / 어드벤처, 인디, 시뮬레이션 / 액션, 어드벤처, 인디, 시뮬레이션","[Project Zomboid] Project Zomboid is the ultimate in zombie survival. Alone or in MP: you loot, build, craft, fight, farm and fish in a struggle to survive. A hardcore RPG skillset, a vast map, mass ‖ [Don't Starve] Don’t Starve is an uncompromising wilderness survival game full of science and magic. Enter a strange and unexplored world full of strange creatures, dangers, and surprises. Gather ‖ [The Forest] As the lone survivor of a passenger jet crash, you find yourself in a mysterious forest battling to stay alive against a society of cannibalistic mutants. Build, explore, survive i",Gone: Survival,"액션, 어드벤처, 인디, 시뮬레이션",Gone Survival is a first-person survival game for one player. Where you have many opportunities and a completely open world,2,,
B0108,A16,The Talos Principle / Rust / Inscryption,"액션, 어드벤처, 인디 / 액션, 어드벤처, 인디, 대규모 멀티플레이어, RPG / 어드벤처, 인디, 전략","[The Talos Principle] 탈로스 법칙은 철학적 SF 소설의 전통을 따른 1인칭 퍼즐 게임입니다. 시리어스 샘을 개발한 크로팀에서 만들었으며, 톰 주버트(FTL, 더 스와퍼)와 조나스 카이라츠(바다는 모든 것을 요구한다.)가 스토리를 작성했습니다. ‖ [Rust] Rust에서의 목표는 오직 하나, 바로 살아남는 것입니다. 섬의 야생 동물, 다른 주민, 환경, 다른 생존자 모두가 여러분의 목숨을 노립니다. 하루 더 살아남을 수 있다면 수단과 방법을 가리지 마세요. ‖ [Inscryption] Inscryption은 검은 잉크로 그려진 카드를 기반으로 한 덱빌딩 로그라이크, 방탈출 퍼즐, 피가 흐르는 심리적 공포 등의 요소가 섞인 여정을 다룹니다. 카드에는 더 어두운 비밀이 새겨져 있습니다…",Islands of Insight,"어드벤처, 인디",다양한 퍼즐로 채워진 숭고한 세상 Islands of Insight에서 평화로운 여정을 떠나는 구도자의 일원이 되어 탐험하고 진리를 추구하세요. 하늘 위를 떠도는 경이로운 섬 곳곳에 존재하는 1만 개 이상의 퍼즐을 자신의 속도대로 느긋하게 해결해 나가세요.,3,,
B0109,A34,Pid / ChromaGun / Deer & Boy,"어드벤처, 인디 / 액션, 어드벤처, 인디 / 액션, 어드벤처, 인디","[Pid] You are stranded on a strange and peculiar planet. It’s time to embark on your journey and find your way home! Explore a gravity defying and challenging platformer with striking vi ‖ [ChromaGun] Welcome to ChromaTec’s test lab! You’re here to test our state-of-the-art military-grade color-technology: The ChromaGun (patent pending)! Use it to solve our meticulously designed ‖ [Deer & Boy] 도망친 소년은 길 잃은 어린 사슴을 만나 고요하면서도 위태로운 세상을 함께 헤쳐 나갑니다. 퍼즐을 풀고, 높은 곳에 오르고, 위협을 피해 나아가며 당신의 동료는 연약한 아기 사슴에서 어엿한 사슴으로 성장하죠. 혼자서는 할 수 없었던 일을 함께 해내는 법을 배우게 됩니다.",The Gardens Between,"어드벤처, 인디","친한 친구 사이인 아리나와 프렌드는 어린 시절 물건들로 가득한 다채롭고 몽환적인 정원에 떨어집니다. 이들은 함께 자신들의 우정을 되돌아보는 감동적인 여정을 떠나게 됩니다. 그리고 그 과정 속에서 함께 쌓아올린 추억, 놓아주어야 할 기억, 절대 뒤에 남겨둬선 안 되는 것을 깨닫습니다.",3,,
B0110,A08,Sid Meier’s Civilization® VI / XCOM® 2 / Stellaris,"전략 / 전략 / 시뮬레이션, 전략","[Sid Meier’s Civilization® VI] 문명 VI 에서는 새로운 방식으로 세상과 소통하고, 제국의 영토를 확장시키며, 문화를 발전시키고, 역사속 위대한 지도자들에 맞서 오래도록 지속될 나만의 문명을 건설해볼 수 있습니다. 클레오파트라를 비롯한 20명의 역사 속 지도자들 중 한명으로 플레이 해보세요. ‖ [XCOM® 2] XCOM 2는 수상 경력이 있는 전략 게임 XCOM: Enemy Unknown의 속편입니다. 인류가 외계인 침략군에게 항복한 지 20년, 이제 지구 상에는 새로운 세계 질서가 존재합니다. 수년간을 어둠 속에서 숨어 있었던 XCOM 부대는 반드시 일어나 외계인의 지배를 무너뜨릴 것입니다. ‖ [Stellaris] 항성간 여행을 통해 우주를 탐험하며 수많은 종족들도 만나보세요. 과학선을 보내 우주를 조사하고 탐험하면서 은하 제국을 건설하고, 건축선을 보내 새로 발견한 행성에 기지를 건설하세요. 소속 사회를 위한 탐험에 나서 매장된 보물과 은하계의 경이를 발견하고, 탐험가의 한계치와 진화 범위를 설정하세요. 동맹이 체결되고, 전쟁이 ",ENDLESS Space™ 2,전략,"Endless Space 2는 SF 턴제 전략 장르 게임으로, 당신은 한 행성의 문명을 이끄는 위대한 지도자의 역할을 맡아 냉혹한 우주로 나아가는 첫 진출을 이끌게 됩니다. 당신의 비전이 우주의 미래를 결정합니다.",3,,
B0111,A34,Pid / ChromaGun / Deer & Boy,"어드벤처, 인디 / 액션, 어드벤처, 인디 / 액션, 어드벤처, 인디","[Pid] You are stranded on a strange and peculiar planet. It’s time to embark on your journey and find your way home! Explore a gravity defying and challenging platformer with striking vi ‖ [ChromaGun] Welcome to ChromaTec’s test lab! You’re here to test our state-of-the-art military-grade color-technology: The ChromaGun (patent pending)! Use it to solve our meticulously designed ‖ [Deer & Boy] 도망친 소년은 길 잃은 어린 사슴을 만나 고요하면서도 위태로운 세상을 함께 헤쳐 나갑니다. 퍼즐을 풀고, 높은 곳에 오르고, 위협을 피해 나아가며 당신의 동료는 연약한 아기 사슴에서 어엿한 사슴으로 성장하죠. 혼자서는 할 수 없었던 일을 함께 해내는 법을 배우게 됩니다.",Chroma,"액션, 어드벤처, 캐주얼, 인디, 무료 플레이",Chroma is a solo third-person narrative platformer game where you play as an artist exploring her creativity by restoring color and bringing life back to the environment.,3,,
B0112,A26,RimWorld / Oxygen Not Included / Unpacking 언패킹,"인디, 시뮬레이션, 전략 / 인디, 시뮬레이션 / 캐주얼, 인디, 시뮬레이션","[RimWorld] 지능형 AI 이야기꾼이 주도하는 공상과학 정착지 시뮬레이터입니다. 심리, 생태, 총격전과 근접전, 날씨, 기후, 외교, 사람 사이의 관계, 예술, 의학, 무역, 그 외 많은 것들을 시뮬레이션하여 이야기를 생성합니다. ‖ [Oxygen Not Included] Oxygen Not Included는 우주 콜로니 시뮬레이션 게임입니다. 외계의 우주 암석 깊은 곳에서 근면한 일꾼들은 생존하고 나아가 번영하기 위해 과학을 마스터하고, 낯선 새로운 생명체에 맞서며, 경이로운 우주 테크놀로지를 활용해야 합니다. ‖ [Unpacking 언패킹] Unpacking은 상자에서 짐을 꺼내 새집에 맞게 배치하는 친숙한 체험에 대한 명상적 퍼즐 게임입니다. 게임의 일부인 블록 맞추기 게임과 집 꾸미기를 하는 동안, 푸는 짐에 닮긴 삶의 실마리를 찾아가며 만족할 만한 생활 공간을 만들어 보세요.",Archean,"인디, 시뮬레이션, 앞서 해보기","Gather resources, craft components, build vehicles, and code their logic in a physics-driven engineering sandbox and full scale space sim.",2,,
B0113,A01,It Takes Two / Overcooked! 2 / What Remains of Edith Finch,"액션, 어드벤처 / 액션, 캐주얼, 인디 / 어드벤처, 인디","[It Takes Two] It Takes Two에서 생애 가장 정신없는 여정을 시작하세요. 친구가 무료로 참가할 수 있게 친구 패스*로 초대하고, 함께 힘을 합쳐서 수많은 유쾌하고 획기적인 게임 플레이 챌린지를 헤쳐나가세요. ‖ [Overcooked! 2] 혼란스러운 요리 액션으로 가득한 Overcooked가 돌아왔습니다! 양파 왕국으로 돌아가는 여행을 떠나세요. 클래식 협동 또는 온라인 플레이에서 셰프 팀을 만들어서 최대 4명까지 플레이하세요. 앞치마를 준비하세요... 다시 세상을 구할 때가 되었습니다! ‖ [What Remains of Edith Finch] What Remains of Edith Finch(워트 리메인스 오브 에디스 핀치)는 워싱턴 주에 있는 어느 가족에 대한 이상한 이야기의 모음입니다. 플레이어는 에디스가 되어 거대한 핀치 가택을 탐사하고, 가족사를 연구하며 이야기를 찾고, 왜 가족 중에서 그녀만 살아남았는지 알아내야 합니다. 각 이야기는 새로운 가족 구성",The Unfinished Swan,"어드벤처, 인디","From the creators of What Remains of Edith Finch. Enter the surreal world of The Unfinished Swan and explore a mysterious, hidden kingdom by splatting paint to reveal the world around you.",3,,
B0114,A30,Stardew Valley / Slime Rancher / Raft,"인디, RPG, 시뮬레이션 / 액션, 어드벤처, 인디, 시뮬레이션 / 어드벤처, 인디, 시뮬레이션","[Stardew Valley] You've inherited your grandfather's old farm plot in Stardew Valley. Armed with hand-me-down tools and a few coins, you set out to begin your new life. Can you learn to live off th ‖ [Slime Rancher] 슬라임 랜쳐는 젊고 용감한 랜쳐, 베아트릭스 르뷰가 지구에서 1,000광년 떨어진 '머나먼 평야'에서 슬라임들과 씨름하며 생계를 꾸려나가는 이야기입니다. 긍정적인 마인드와 강인한 의지로 베아트릭스는 진공팩을 사용하여 끊임없이 말랑말랑하게 굴러나오는 슬라임들을 피하며 이름을 알리고, 부자가 되려 합니다. ‖ [Raft] Raft™ throws you and your friends into an epic oceanic adventure! Alone or together, players battle to survive a perilous voyage across a vast sea! Gather debris, scavenge reefs an",Gleaner Heights,"액션, 어드벤처, 캐주얼, 인디, RPG, 시뮬레이션","Experience the old-school charm of classic farming games with the suburban gothic atmosphere of certain 90's TV shows, along with contemporary game mechanics. Farming, crafting, combat, romantic relationships and mysterious events await!",3,,
B0115,A29,Salt and Sanctuary,"액션, 인디, RPG","[Salt and Sanctuary] 두렵고도 잔혹한 섬의 탐험을 시작합니다… Salt and Sanctuary는 신속하고, 잔인하며, 복잡한 전투 시스템을 지닌 2D RPG입니다. 저주받은 도시의 잊힌 영역이나, 피에 물든 던전이나, 오염된 기념비와 같은 장소를 돌아다니며, 한때 축복을 받았지만 지금은 타락하고 만 영주들을 조우하세요.",The Tarnishing of Juxtia,"액션, 인디, RPG","여신 유스티아의 마지막 창조물인 당신은 타락이 휩쓸어 폐허가 된 두 개의 신성한 왕국으로 떠나야 합니다. 어려운 전투, 아름다운 음악, 불길한 스토리가 한데 어우러져 The Tarnishing of Juxtia를 잊지 못할 2D 다크 판타지 액션 RPG로 만들어줄 것입니다.",3,,
B0116,A34,Pid / ChromaGun / Deer & Boy,"어드벤처, 인디 / 액션, 어드벤처, 인디 / 액션, 어드벤처, 인디","[Pid] You are stranded on a strange and peculiar planet. It’s time to embark on your journey and find your way home! Explore a gravity defying and challenging platformer with striking vi ‖ [ChromaGun] Welcome to ChromaTec’s test lab! You’re here to test our state-of-the-art military-grade color-technology: The ChromaGun (patent pending)! Use it to solve our meticulously designed ‖ [Deer & Boy] 도망친 소년은 길 잃은 어린 사슴을 만나 고요하면서도 위태로운 세상을 함께 헤쳐 나갑니다. 퍼즐을 풀고, 높은 곳에 오르고, 위협을 피해 나아가며 당신의 동료는 연약한 아기 사슴에서 어엿한 사슴으로 성장하죠. 혼자서는 할 수 없었던 일을 함께 해내는 법을 배우게 됩니다.",Neversong,"액션, 어드벤처, 캐주얼, 인디, RPG",오래 전에 Peet이라는 작은 소년이 혼수 상태에서 평화롭게 잠을 잤습니다. 그는 눈을 뜨고 악몽에 빠졌다.,2,,
B0117,A06,Cities: Skylines / Factorio / Farming Simulator 22,"시뮬레이션, 전략 / 캐주얼, 인디, 시뮬레이션, 전략 / 시뮬레이션","[Cities: Skylines] Cities: Skylines is a modern take on the classic city simulation. The game introduces new game play elements to realize the thrill and hardships of creating and maintaining a real  ‖ [Factorio] Factorio는 무한한 2D 세상에서 복잡성이 증가하는 아이템을 생산하기 위해 자동화 공장을 만드는 게임입니다. - 당신의 상상력으로 공장을 설계, 독창적인 방법으로 간단한 요소를 결합하고 마지막엔 당신을 좋아하지 않는 생물들로 부터 공장을 지키세요. ‖ [Farming Simulator 22] 농장을 만들고 농사를 즐기세요! 작물을 수확하고, 동물을 돌보고, 생산을 관리하고, 계절에 따른 어려움을 이겨내세요.",Mob Factory,"시뮬레이션, 전략",몹 팩토리는 게으른 모험가를 위한 타워 디펜스 및 자동화 게임입니다. 터렛과 공장으로 적의 전리품을 제련하고 타워에서 편안하게 계속 넓어지는 던전을 자동화하세요.,2,,
B0118,A05,Opus Magnum,"인디, 시뮬레이션","[Opus Magnum] Opus Magnum은 SpaceChem, Infinifactory, SHENZHEN I/O를 제작한 Zachtronics의 신작 퍼즐게임입니다. 연금술사들의 최첨단 도구인 변성 기관을 이용해 물약과 독을 만들어내는 기계들을 설계하고 만들어 내세요!",Star Stuff,"어드벤처, 캐주얼, 인디, 전략","장대한 우주를 무대로, 자동화와 전략 액션이 만났습니다! 은하계의 별 공장에서 일하는 기술자가 되어 보세요. 유용한 로봇을 프로그래밍하고, 이러한 로봇들과 함께 퍼즐을 풀어 보세요. 그렇게 공장을 가동시키다 보면 우주를 구할 날이 올지도 모릅니다!",3,,
B0119,A02,Still Life / Jenny LeClue - Detectivu / Telling Lies,"어드벤처 / 액션, 어드벤처, 캐주얼, 인디 / 어드벤처, 인디, 시뮬레이션",[Still Life] Still Life 2 also now available! ‖ [Jenny LeClue - Detectivu] Jenny LeClue - Detectivu는 조사와 선택지로 가득한 스릴 넘치는 미스터리 어드벤처 게임입니다. ‖ [Telling Lies] 네 명의 삶. 그리고 하나의 큰 거짓말. 아무도 모르게 녹화된 은밀한 대화를 들으며 진실을 알아내십시오. 큰 호평을 받았던 Her Story의 계승작입니다.,Overboard!,"어드벤처, 인디",GET AWAY WITH MURDER. Highly replayable detective game where you're the one whodunnit. From the creators of 80 Days and Heaven's Vault.,3,,
B0120,A26,RimWorld / Oxygen Not Included / Unpacking 언패킹,"인디, 시뮬레이션, 전략 / 인디, 시뮬레이션 / 캐주얼, 인디, 시뮬레이션","[RimWorld] 지능형 AI 이야기꾼이 주도하는 공상과학 정착지 시뮬레이터입니다. 심리, 생태, 총격전과 근접전, 날씨, 기후, 외교, 사람 사이의 관계, 예술, 의학, 무역, 그 외 많은 것들을 시뮬레이션하여 이야기를 생성합니다. ‖ [Oxygen Not Included] Oxygen Not Included는 우주 콜로니 시뮬레이션 게임입니다. 외계의 우주 암석 깊은 곳에서 근면한 일꾼들은 생존하고 나아가 번영하기 위해 과학을 마스터하고, 낯선 새로운 생명체에 맞서며, 경이로운 우주 테크놀로지를 활용해야 합니다. ‖ [Unpacking 언패킹] Unpacking은 상자에서 짐을 꺼내 새집에 맞게 배치하는 친숙한 체험에 대한 명상적 퍼즐 게임입니다. 게임의 일부인 블록 맞추기 게임과 집 꾸미기를 하는 동안, 푸는 짐에 닮긴 삶의 실마리를 찾아가며 만족할 만한 생활 공간을 만들어 보세요.",IFO,"인디, 시뮬레이션, 전략","A spaceship simulator for aliens, an ever-changing rule discovery puzzle for humans.",1,IRRELEVANT,
B0121,A24,Valheim / Grounded / My Time at Portia,"액션, 어드벤처, 인디, RPG, 앞서 해보기 / 액션, 어드벤처 / 어드벤처, 캐주얼, 인디, RPG, 시뮬레이션","[Valheim] 북구 신화와 바이킹 문화에 기반한 판타지 세계를 배경으로 펼쳐지는 생존 및 탐험 게임. ‖ [Grounded] The world is a vast, beautiful and dangerous place – especially when you have been shrunk to the size of an ant. Can you thrive alongside the hordes of giant insects, fighting to s ‖ [My Time at Portia] 아름다운 Portia 마을에서 새 삶을 시작하세요! 아버지가 방치한 작업장에서 제작을 부탁받고, 작물을 키우고, 가축을 기르고, 아름다운 세기말의 땅에서 특이한 친구들을 사귀며 작업장을 예전의 멋진 모습으로 복원하세요.",Shamania,"액션, 어드벤처, RPG","Shamania is an open world survival game where you can CRAFT, FIGHT, and EXPLORE a vibrant sandbox world with friends in CO-OP. Expand your base as a hub for survival, gather resources, and master professions to unlock new tools and opportunities!",3,,
B0122,A05,Opus Magnum,"인디, 시뮬레이션","[Opus Magnum] Opus Magnum은 SpaceChem, Infinifactory, SHENZHEN I/O를 제작한 Zachtronics의 신작 퍼즐게임입니다. 연금술사들의 최첨단 도구인 변성 기관을 이용해 물약과 독을 만들어내는 기계들을 설계하고 만들어 내세요!",Platformer::Execute();,"어드벤처, 캐주얼, 인디, 전략","This is a puzzle game platform, focused on completing each level using programming.",3,,
B0123,A35,Project Zomboid / Don't Starve / The Forest,"인디, RPG, 시뮬레이션, 앞서 해보기 / 어드벤처, 인디, 시뮬레이션 / 액션, 어드벤처, 인디, 시뮬레이션","[Project Zomboid] Project Zomboid is the ultimate in zombie survival. Alone or in MP: you loot, build, craft, fight, farm and fish in a struggle to survive. A hardcore RPG skillset, a vast map, mass ‖ [Don't Starve] Don’t Starve is an uncompromising wilderness survival game full of science and magic. Enter a strange and unexplored world full of strange creatures, dangers, and surprises. Gather ‖ [The Forest] As the lone survivor of a passenger jet crash, you find yourself in a mysterious forest battling to stay alive against a society of cannibalistic mutants. Build, explore, survive i",짧은 눈 / Short Snow,"액션, 어드벤처, 인디, 시뮬레이션","현실적인 오픈월드 생존 경험. 끔찍한 비행기 추락 사고 이후, 당신은 야생에 고립됩니다. 살을 에는 추위와 굶주림 속에서 근육을 서서히 마비시켜 희생자를 움직일 수 없게 만들고 혹독한 추위에 맡겨 버리는 정체불명의 바이러스와 마주하게 됩니다.",3,,
B0124,A23,Vomitoreum / Tales of Kenzera™: ZAU / Shantae: Half-Genie Hero,"액션, 어드벤처, 인디 / 액션, 어드벤처, 인디 / 액션, 어드벤처, 인디","[Vomitoreum] Vomitoreum is an FPS Metroidvania with a focus on atmosphere and horror, inspired by the paintings of Zdzisław Beksiński. ‖ [Tales of Kenzera™: ZAU] 샤먼의 춤을 추세요. 아버지의 영혼을 되찾으세요. Surgent Studios가 제작한 메트로이드바니아 스타일의 어드벤처 게임 Tales of Kenzera™: ZAU에서 죽음의 신과 함께 아름답고 위험한 켄제라의 땅으로 용감하게 모험을 떠나세요. ‖ [Shantae: Half-Genie Hero] Shantae embarks on her first full HD adventure! When a mysterious crime wave sweeps Sequin Land, it’s up to Half-Genie Hero Shantae to save the day! Use Shantae’s devastating Hair-",DEAD TRASH,액션,"Years into a brutal lockdown, a once-thriving city lies in ruins, abandoned by its government and overrun by vicious, mindless infected. Grab your hammer, collect your nerves and enter the mayhem.",1,GENRE_ONLY,
B0125,A21,DARK SOULS™ III / The Witcher 3: Wild Hunt / The Elder Scrolls V: Skyrim Special Edition,액션 / RPG / RPG,"[DARK SOULS™ III] 장르를 새로 개척했다는 평가를 들으며 많은 좋은 평가들을 얻고 있는 다크 소울 시리즈는 계속해서 한계를 넘어서, 더욱 야심찬 단계에 도전하고자 하고 있습니다. 준비를 하고 어둠을 밝히십시오! ‖ [The Witcher 3: Wild Hunt] 리비아의 게롤트가 되어 의뢰를 받고 괴물을 사냥하세요. 전쟁의 상처가 가득하고 괴물이 들끓는 대륙을 마음껏 탐험해 보세요. 지금 가장 중요한 일은 대륙의 판도를 뒤바꿀 수도 있는 살아 있는 무기이자 예언의 아이, 시리를 추적하는 것입니다. ‖ [The Elder Scrolls V: Skyrim Special Edition] 200회 이상 올해의 게임에 선정된 The Elder Scrolls V: Skyrim Special Edition이 놀라운 디테일로 판타지에 생명을 불어넣었습니다. Special Edition에는 비평가들의 극찬을 받은 게임 및 새로운 기능이 포함된 애드온이 들어 있습니다.",노 레스트 포 더 위키드,"액션, 어드벤처, RPG, 앞서 해보기",수상 경력에 빛나는 Ori and the Blind Forest 및 Ori and the Will of the Wisps의 개발사 Moon Studios가 No Rest for the Wicked로 돌아옵니다. 정교한 세계에서 소울라이크 스타일 전투가 펼쳐지는 독특한 감성의 액션 RPG를 경험하세요. 최대 4인 협동 플레이를 지원합니다.,3,,
B0126,A07,Into the Breach / Monster Train / Mini Metro,"인디, RPG, 시뮬레이션, 전략 / 전략 / 인디, 시뮬레이션, 전략","[Into the Breach] 미래의 강력한 메크를 조종하여 외계 세력을 물리치세요. 이 턴제 전략 게임에서는 세계를 구하려 시도할 때마다 무작위로 새롭게 생성되는 도전이 여러분 앞에 나타납니다. ‖ [Monster Train] Monster Train is a strategic roguelike deck building game with a twist. Set on a train to hell, you’ll use tactical decision making to defend multiple vertical battlegrounds. With  ‖ [Mini Metro] 미니 메트로는 성장하는 도시를 위해 지하철 노선을 설계하는 게임입니다. 역과 역 사이에 노선을 그려서 열차 운행을 시작하세요. 새로운 역이 열리면 노선을 수정해서 노선도를 효율적으로 유지하세요. 한정된 자원을 어느 곳에 사용할 것인지 결정하세요. 도시를 얼마나 오래 유지할 수 있을까요?",Kaiju Wars,"인디, 전략","우와! 이게 게임이야, 영화야? 충격 2D 그래픽으로 무장한 턴제 전략 '괴수 전쟁'! 낙후된 군대로 괴수의 침공에 맞서라! 공격할 때마다 강해지는 괴수의 리얼 파워! 건물을 짓고 총알받이 전차와 전투기를 총동원해서 도시를 방어하라.",3,,
B0127,A33,Garry's Mod / Team Fortress 2 / Left 4 Dead 2,"캐주얼, 인디, 시뮬레이션 / 액션, 무료 플레이 / 액션","[Garry's Mod] Garry's Mod is a physics sandbox. There aren't any predefined aims or goals. We give you the tools and leave you to play. ‖ [Team Fortress 2] 다양한 전술적 능력과 뚜렷한 개성을 갖춘 9가지 병과의 캐릭터를 플레이하세요. 끊임없이 업데이트되는 새로운 게임 모드, 맵, 장비 그리고 가장 중요한 모자까지 지금 바로 즐겨보세요! ‖ [Left 4 Dead 2] Set in the zombie apocalypse, Left 4 Dead 2 is a co-operative action horror FPS takes you and your friends through the cities, swamps and cemeteries of the Deep South, from Savanna",Football Simulator,"액션, 스포츠, 앞서 해보기","Step onto the gridiron with Football Simulator and experience the most dynamic and physics-driven football game ever made. Break through tackles, juggle tipped passes, and dive for interceptions to lead your team to victory. Features a fully moddable environment.",1,IRRELEVANT,
B0128,A10,A Short Hike / ISLANDERS / Gorogoa,"어드벤처, 인디 / 캐주얼, 인디, 전략 / 어드벤처, 캐주얼, 인디","[A Short Hike] Hike, climb, and soar through the peaceful mountainside landscapes of Hawk Peak Provincial Park as you make your way to the summit. ‖ [ISLANDERS] ISLANDERS is a minimalist strategy game about building cities on colorful islands. ‖ [Gorogoa] Gorogoa(고로고아)는 Jason Roberts가 디자인하고 일러스트레이션을 손으로 그린 아름다운 차세대 퍼즐 게임입니다.",The Jolly Gang's Misadventures in Africa / Масяня в полной Африке,"어드벤처, 캐주얼, 인디","Join the Jolly Gang as it heads to Africa in search of treasure! Features retro-cartoon graphics, rib-cracking one-liners, and challenging puzzles!",1,IRRELEVANT,
B0129,A13,Death's Door / Children of Morta / Roboquest / Spelunky 2 / Nuclear Throne / Streets of Rogue / Neon Abyss / Curse of the Dead Gods / Rogue Legacy 2 / Have a Nice Death,"액션, 어드벤처, 인디, RPG / 액션, 어드벤처, 인디, RPG / 액션, 인디 / 액션, 인디 / 액션, 인디, RPG / 액션, 어드벤처, 인디, RPG / 액션, 어드벤처, 인디, RPG / 액션, 어드벤처 / 액션, 어드벤처, 인디, RPG / 액션, 인디","[Death's Door] 죽은 자의 영혼을 수확하고 시간을 끝내는 것은 단조로울 수 있지만 까마귀에겐 평범한 일입니다. 하지만 주어진 영혼을 도둑맞게 되면 변화가 일어납니다. 영혼을 도난하고 죽음의 손길이 닿지 않는 영역으로 도망친 절망적인 도둑을 추적하십시오. ‖ [Children of Morta] Children of Morta는 비범한 가족 영웅에 대한 스토리 중심의 액션 RPG 게임입니다. 다가오는 부패에 맞서 모든 결함과 미덕을 갖춘 베르그송 가를 이끄세요. 여러분은 여러분이 아끼는 사람들을 구하기 위해 모든 것을 희생할 수 있으신가요? ‖ [Roboquest] 로보퀘스트는 멸망한 미래 세계의 빠른 FPS 로그라이트입니다. 당신은 재부팅된 수호자로, 강철 궁둥짝을 걷어 찰 준비를 하세요! 혼자서 혹은 친구와 함께 맞서거나 끊임없이 변화하는 환경에서 치명적인 로봇 군단을 섬멸하세요. ‖ [Spelunky 2] Spelunky 2 builds upon the unique, randomized challenges that made the original a roguelike classic, offering a huge adventure designed to satisfy players old and new. Meet the nex ‖ [Nuclear Throne] Nuclear Throne은 포스트 아포칼립스 세계관의 로그라이크 스타일 탑다운 슈터입니다. 여기서 말하는 포스트 아포칼립스는 '인류의 마지막 희망'이 남아 있는 세계가 아니라, '인류는 멸종했고 이제 돌연변이와 괴물들이 세상을 돌아다니는' 그런 세계입니다. 과연 당신은 뉴클리어 쓰론에 도달할 수 있을까요? ‖ [Streets of Rogue] 싸워서 몰래 들어가 임의 생성된 도시를 공격하세요. Nuclear Throne은 무법천지 GTA와 Deus Ex가 혼합된 형태입니다. Rogue-lite가 몰입도 높은 캐릭터를 만나 너무 재미있습니다. ‖ [Neon Abyss] Neon Abyss는 고속의 로그라이크 액션 플랫포머로, 하데스가 만든 '그림 스쿼드'의 일원이 되어 어비스로 총을 들고 뛰어드는 런 앤 건 게임입니다. 무한한 아이템 시너지와 던전 진화 시스템으로, 매번 게임을 할 때마다 다른 경험과 새로운 도전이 등장합니다. 진짜 지옥을 보여주세요! ‖ [Curse of the Dead Gods] 엄청난 부, 영원한 생명, 신성한 힘을 탐하는 마음이 당신을 끝없는 지옥 속의 미로, 치명적인 함정 및 몬스터가 우글거리는 이 저주받은 사원으로 이끌었습니다. ‖ [Rogue Legacy 2] 로그 레거시 2는 로그 레거시에 후속편을 끼얹은 작품입니다. 당신이 죽을 때마다 자식이 가업을 이어받습니다. 딸은 색맹 궁수이고 아들은 평화주의자 요리사일 수도 있죠. 어쨌거나 둘 중 한 명은 전장으로 나가야 합니다. ‖ [Have a Nice Death] Have a Nice Death는 과로에 고생하는 데스가 되어 플레이하는 2D 액션 로그라이크로, 통제 불능인 직원들 때문에 영혼의 균형과 데스의 휴가 계획이 틀어지고 말았습니다. 질서를 회복하려면 대낫을 들고 직원들과 서열 정리를 해야 합니다.",Moon Hunters,"어드벤처, 인디, RPG","Play alone or with friends! A co-op personality test about exploring an ancient, occult world in 5 days. How will you be remembered?",2,,
B0130,A02,Still Life / Jenny LeClue - Detectivu / Telling Lies,"어드벤처 / 액션, 어드벤처, 캐주얼, 인디 / 어드벤처, 인디, 시뮬레이션",[Still Life] Still Life 2 also now available! ‖ [Jenny LeClue - Detectivu] Jenny LeClue - Detectivu는 조사와 선택지로 가득한 스릴 넘치는 미스터리 어드벤처 게임입니다. ‖ [Telling Lies] 네 명의 삶. 그리고 하나의 큰 거짓말. 아무도 모르게 녹화된 은밀한 대화를 들으며 진실을 알아내십시오. 큰 호평을 받았던 Her Story의 계승작입니다.,언커버 더 스모킹 건,"어드벤처, 캐주얼, 인디, 시뮬레이션, 전략","AI와의 지능 대결, GPT를 통해 용의자 로봇과 대화를 하면서 증거를 수집하고 사건을 해결 해야 합니다. 수많은 대화와 정보들이 모여서 가리키는 단 하나의 진실은 무엇일까요?",3,,
B0131,A02,Still Life / Jenny LeClue - Detectivu / Telling Lies,"어드벤처 / 액션, 어드벤처, 캐주얼, 인디 / 어드벤처, 인디, 시뮬레이션",[Still Life] Still Life 2 also now available! ‖ [Jenny LeClue - Detectivu] Jenny LeClue - Detectivu는 조사와 선택지로 가득한 스릴 넘치는 미스터리 어드벤처 게임입니다. ‖ [Telling Lies] 네 명의 삶. 그리고 하나의 큰 거짓말. 아무도 모르게 녹화된 은밀한 대화를 들으며 진실을 알아내십시오. 큰 호평을 받았던 Her Story의 계승작입니다.,감시 아파트,"어드벤처, RPG, 시뮬레이션",『감시 아파트』탐정 스토리 기반의 엔터테인먼트 앱이다. 매일 아파트를 순찰하며 모든 일을 책임지게 된다. 신비로운 조직이 입주민 정보를 요구하는 가운데 이 아파트는 표면처럼 평화롭지 않다.,2,,
B0132,A14,Iron Brigade / Ancient Planet Tower Defense / Creeper World IXE,"액션, 전략 / 캐주얼, 인디, 전략 / 액션, 캐주얼, 인디, 시뮬레이션, 전략","[Iron Brigade] Join The Mobile Trench Brigade and protect humanity from the evil Monovision menace! ‖ [Ancient Planet Tower Defense] 고대 행성 타워 디펜스는 정통 타워 디펜스 게임입니다. 고대 문명의 요새가 외계 침략자들로부터 침략당했습니다. 고대의 강력한 기술을 사용하여 적군의 공격을 물리치십시오! ‖ [Creeper World IXE] The unstoppable alien force known as The Creeper has returned, devouring thousands of worlds in its path, and yours is next. Battle against the Creeper fluid in a groundbreaking pi",Stellar Warfare,"액션, 캐주얼, 인디, RPG, 시뮬레이션, 전략, 앞서 해보기","Space RTS with base building and ship customization. Personal passion project. More than 200 available ships, weapons and modules to design your fleet with. Contains a small campaign, several single and multiplayer game modes and a coop game mode. Also contains Wave defense!",1,GENRE_ONLY,
B0133,A25,DOOMBLADE / Transiruby / Blast Brigade vs. the Evil Legion of Dr. Cread,"액션, 어드벤처, 인디 / 액션 / 액션, 어드벤처, 인디","[DOOMBLADE] Deep underground, Gloom Girl discovers DOOMBLADE, a sentient weapon hellbent on escape after eons in chains. Together, “Doom and Gloom” embark on a vengeful quest to unlock the pow ‖ [Transiruby] 차원 대륙의 의문을 풀어라! 는 사이보그 소녀 실비가 검과 엘리먼트 샷으로 적을 쓰러뜨리며 앞으로 나아가는 탐색형 액션 게임입니다! ‖ [Blast Brigade vs. the Evil Legion of Dr. Cread] 스릴 넘치는 플랫포밍과 깊이 있는 탐험 세계, 폭발적인 액션으로 가득한 2D 메트로이드배니아 어드벤처 게임을 즐겨보세요! Blast Brigade에서 영웅들로 팀을 구성해 세계를 구하세요!",Shiro,"액션, 어드벤처, 인디",Shiro is an adventure platformer in which you have to find your missing sister,2,,
B0134,A11,Forza Horizon 5 / Hi-Fi RUSH / Street Fighter 6,"액션, 어드벤처, 레이싱, 시뮬레이션, 스포츠 / 액션 / 액션, 어드벤처","[Forza Horizon 5] 세계 최고의 자동차를 타고 생동감 넘치는 멕시코의 대자연을 탐험하며 재미있는 드라이빙 액션을 마음껏 즐겨보세요. ‖ [Hi-Fi RUSH] 아케이드 챌린지! 업데이트!로 추가되는 두 개의 신규 게임 모드에서 여러분의 능력을 시험하고, 새로운 보상을 획득해 보세요. 몇 가지 비밀도 숨어 있답니다! 락 스타 지망생 차이가 되어 비트를 타고, 세상 모든 게 음악에 싱크되는 세계에서 오합지졸 팀과 함께 사악한 거대 기업에 맞서 싸우세요. ‖ [Street Fighter 6] 시리즈 최신작 『Street Fighter 6』, 2023년 6월 2일 발매 결정! RE ENGINE으로 개발된 본 작품은 대형 모드 「World Tour」, 「Fighting Ground」, 「Battle Hub」로 구성되어 있다. 새로운 「스트리트 파이터」에는 지금까지의 시리즈에는 없었던 새로운 체험이 기다리고 있다.",City Car Driving,"인디, 레이싱, 시뮬레이션","City Car Driving – realistic car driving simulator, which will help you master the basic skills of the car driving in various traffic conditions, with plunging into the environment most closely resembling the real one.",1,MODE_MISMATCH,
B0135,A04,Hollow Knight / Dead Cells / Celeste,"액션, 어드벤처, 인디 / 액션, 어드벤처, 인디 / 액션, 어드벤처, 인디","[Hollow Knight] 할로우 나이트에서 자신만의 길을 구축하세요! 크게 파괴된 곤충과 영웅의 왕국을 통한 서사 액션 어드벤처입니다. 손으로 그린 클래식 2D 스타일로 구불구불한 동굴을 탐험하고 오염된 생물과 싸우고 이상한 곤충들과 친구가 되어 보세요. ‖ [Dead Cells] 데드 셀(Dead Cells)는 메트로배니아에서 영감을 받은 로그라이트 액션 플랫포머 게임입니다. 2D 소울 라이트 전투에서 성을 지키는 수호자들을 물리치고 끊임없이 변화하는 거대한 성을 탐험하게 됩니다. 세이브 포인트는 없습니다. 죽이고, 죽고, 배우고, 반복하세요. ‖ [Celeste] 타워폴(TowerFall) 시리즈의 개발자들이 만든 이 초밀착형 플랫폼 게임을 플레이하고, 매들린이 셀레스트 산 정상으로 향하는 여정에서 내면의 악마에게서 살아남을 수 있게 도와주세요. 한땀 한땀 손수 제작한 수백 가지의 도전 과제에 맞서고, 사악한 비밀을 밝혀내고, 산에 숨겨진 수수께끼를 풀어보세요.",Rusted Moss,"액션, 인디","트윈 스틱 슈팅 메트로배니아 Rusted Moss의 세계에서, 여러분은 갈고리 하나에 의지해 지도를 탐험하고 마녀와 낡은 기계를 파괴하며 앞으로 나아가야 합니다. 과거 인류의 터전이 있었지만 지금은 멸망한 이 황무지에서, 잊혀진 한 요정이 인류의 마지막을 고하려 합니다...",3,,
B0136,A34,Pid / ChromaGun / Deer & Boy,"어드벤처, 인디 / 액션, 어드벤처, 인디 / 액션, 어드벤처, 인디","[Pid] You are stranded on a strange and peculiar planet. It’s time to embark on your journey and find your way home! Explore a gravity defying and challenging platformer with striking vi ‖ [ChromaGun] Welcome to ChromaTec’s test lab! You’re here to test our state-of-the-art military-grade color-technology: The ChromaGun (patent pending)! Use it to solve our meticulously designed ‖ [Deer & Boy] 도망친 소년은 길 잃은 어린 사슴을 만나 고요하면서도 위태로운 세상을 함께 헤쳐 나갑니다. 퍼즐을 풀고, 높은 곳에 오르고, 위협을 피해 나아가며 당신의 동료는 연약한 아기 사슴에서 어엿한 사슴으로 성장하죠. 혼자서는 할 수 없었던 일을 함께 해내는 법을 배우게 됩니다.",ChromaGun 2: Dye Hard,"어드벤처, 전략","페인트를 쏘고, 색상을 혼합하며 퍼즐을 푸는 이 모험에서 우정과 구원을 경험하세요. 단, 다른 우주로 가는 포털에는 절대 들어가지 마세요. 그러면 모든 것이 완벽하게 괜찮을 것입니다.",3,,
B0137,A25,DOOMBLADE / Transiruby / Blast Brigade vs. the Evil Legion of Dr. Cread,"액션, 어드벤처, 인디 / 액션 / 액션, 어드벤처, 인디","[DOOMBLADE] Deep underground, Gloom Girl discovers DOOMBLADE, a sentient weapon hellbent on escape after eons in chains. Together, “Doom and Gloom” embark on a vengeful quest to unlock the pow ‖ [Transiruby] 차원 대륙의 의문을 풀어라! 는 사이보그 소녀 실비가 검과 엘리먼트 샷으로 적을 쓰러뜨리며 앞으로 나아가는 탐색형 액션 게임입니다! ‖ [Blast Brigade vs. the Evil Legion of Dr. Cread] 스릴 넘치는 플랫포밍과 깊이 있는 탐험 세계, 폭발적인 액션으로 가득한 2D 메트로이드배니아 어드벤처 게임을 즐겨보세요! Blast Brigade에서 영웅들로 팀을 구성해 세계를 구하세요!",INAYAH - Life after Gods,"액션, 인디","손으로 그린 포스트 아포칼립스 세계에서 펼쳐지는 2D 메트로배니아 모험. 비선형 스토리와 여러 결말 속에서 당신의 운명을 개척하세요. 다채로운 지역을 탐험하고, 20종 이상의 특별한 보스를 정복하며, 계속 진화하는 마법 건틀릿의 주인이 되세요.",3,,
B0138,A20,Counter-Strike 2 / PUBG: BATTLEGROUNDS / 톰 클랜시의 레인보우식스 시즈,"액션, 무료 플레이 / 액션, 어드벤처, 대규모 멀티플레이어, 무료 플레이 / 액션, 무료 플레이","[Counter-Strike 2] Counter-Strike는 20년이 넘는 시간 동안 전 세계 수백만 명의 플레이어가 모여 수준 높은 경쟁을 펼칠 수 있는 플랫폼을 제공해 왔습니다. 그리고 이제 곧 Counter-Strike 2와 함께 새로운 CS 시대의 막이 열립니다. ‖ [PUBG: BATTLEGROUNDS] 배틀로얄 유행의 시작이자, 그 정수를 보여준 PUBG: 배틀그라운드를 지금 무료로 플레이하세요! 다양한 맵에 낙하하여 무기와 보급품을 확보하고, 점점 줄어드는 블루존 속에서 끝까지 살아남아 승리를 쟁취하세요. ‖ [톰 클랜시의 레인보우식스 시즈] 톰 클랜시의 레인보우식스 시즈는 탁월한 계획과 기술이 승부를 좌우하는 전술적인 정예 팀 기반 슈팅 게임입니다.",WARMODE,"액션, 무료 플레이","Free to play shooter about the confrontation of two irreconcilable sides, represented by the government military housings and the armed hirelings. Try your hand at virtual battles with off-scale dynamics and hurricane gameplay in the spirit of the classical shooters.",2,,
B0139,A19,ELDEN RING / Disco Elysium - The Final Cut / Outer Wilds,"액션, RPG / RPG / 액션, 어드벤처","[ELDEN RING] 본 게임은 본격적인 다크 판타지 세계를 무대로 한 액션 RPG입니다. 드넓은 필드와 던전 탐험을 통해 미지의 것들을 발견해 보세요. 앞길을 막아서는 난관과 그것을 극복했을 때의 달성감, 그리고 등장인물들의 의도가 교착하는 군상극도 즐기실 수 있습니다. ‖ [Disco Elysium - The Final Cut] 디스코 엘리시움 - 최종판은 획기적인 오픈 월드 롤플레잉 게임입니다. 당신은 독특한 스킬 시스템을 갖춘 형사로서 오롯한 도시 블록을 당신의 미래를 닦기 위해 다듬을 수 있습니다. 잊지 못할 등장인물들을 심문하거나, 살인 사건을 해결하거나, 뇌물을 받으세요. 영웅이 되거나 인류의 완전한 재앙이 되세요. ‖ [Outer Wilds] Giant Bomb, Polygon, Eurogamer, The Guardian에 의해 2019년 올해의 게임에 이름을 올리며 냉정한 호평과 수상 실적이 있는 Outer Wilds는 무한 시간 루프에 갇힌 태양계에 관한 공개된 세계의 미스터리 게임입니다.",Tearscape,"액션, 어드벤처, 인디, RPG","사냥꾼이 되어 던전으로 가득한 어둡고 서로 연결된 세계를 탐험하세요. 정교한 전투 기술로 살아남고, 기괴한 괴물들과 싸우며, 무기를 확장하고, 비선형 구조 속 숨겨진 길을 발견하세요.",3,,
B0140,A11,Forza Horizon 5 / Hi-Fi RUSH / Street Fighter 6,"액션, 어드벤처, 레이싱, 시뮬레이션, 스포츠 / 액션 / 액션, 어드벤처","[Forza Horizon 5] 세계 최고의 자동차를 타고 생동감 넘치는 멕시코의 대자연을 탐험하며 재미있는 드라이빙 액션을 마음껏 즐겨보세요. ‖ [Hi-Fi RUSH] 아케이드 챌린지! 업데이트!로 추가되는 두 개의 신규 게임 모드에서 여러분의 능력을 시험하고, 새로운 보상을 획득해 보세요. 몇 가지 비밀도 숨어 있답니다! 락 스타 지망생 차이가 되어 비트를 타고, 세상 모든 게 음악에 싱크되는 세계에서 오합지졸 팀과 함께 사악한 거대 기업에 맞서 싸우세요. ‖ [Street Fighter 6] 시리즈 최신작 『Street Fighter 6』, 2023년 6월 2일 발매 결정! RE ENGINE으로 개발된 본 작품은 대형 모드 「World Tour」, 「Fighting Ground」, 「Battle Hub」로 구성되어 있다. 새로운 「스트리트 파이터」에는 지금까지의 시리즈에는 없었던 새로운 체험이 기다리고 있다.",SnowRunner,"어드벤처, 시뮬레이션","차원이 다른 오프로드를 경험하세요! 강력한 차량으로 진흙, 급류, 눈, 얼어붙은 호수 등 극단적인 환경을 헤쳐 나가며 도전 정신을 자극하는 미션을 혼자 또는 최대 3인의 친구와 함께 완수하세요!",2,,
B0141,A13,Death's Door / Children of Morta / Roboquest / Spelunky 2 / Nuclear Throne / Streets of Rogue / Neon Abyss / Curse of the Dead Gods / Rogue Legacy 2 / Have a Nice Death,"액션, 어드벤처, 인디, RPG / 액션, 어드벤처, 인디, RPG / 액션, 인디 / 액션, 인디 / 액션, 인디, RPG / 액션, 어드벤처, 인디, RPG / 액션, 어드벤처, 인디, RPG / 액션, 어드벤처 / 액션, 어드벤처, 인디, RPG / 액션, 인디","[Death's Door] 죽은 자의 영혼을 수확하고 시간을 끝내는 것은 단조로울 수 있지만 까마귀에겐 평범한 일입니다. 하지만 주어진 영혼을 도둑맞게 되면 변화가 일어납니다. 영혼을 도난하고 죽음의 손길이 닿지 않는 영역으로 도망친 절망적인 도둑을 추적하십시오. ‖ [Children of Morta] Children of Morta는 비범한 가족 영웅에 대한 스토리 중심의 액션 RPG 게임입니다. 다가오는 부패에 맞서 모든 결함과 미덕을 갖춘 베르그송 가를 이끄세요. 여러분은 여러분이 아끼는 사람들을 구하기 위해 모든 것을 희생할 수 있으신가요? ‖ [Roboquest] 로보퀘스트는 멸망한 미래 세계의 빠른 FPS 로그라이트입니다. 당신은 재부팅된 수호자로, 강철 궁둥짝을 걷어 찰 준비를 하세요! 혼자서 혹은 친구와 함께 맞서거나 끊임없이 변화하는 환경에서 치명적인 로봇 군단을 섬멸하세요. ‖ [Spelunky 2] Spelunky 2 builds upon the unique, randomized challenges that made the original a roguelike classic, offering a huge adventure designed to satisfy players old and new. Meet the nex ‖ [Nuclear Throne] Nuclear Throne은 포스트 아포칼립스 세계관의 로그라이크 스타일 탑다운 슈터입니다. 여기서 말하는 포스트 아포칼립스는 '인류의 마지막 희망'이 남아 있는 세계가 아니라, '인류는 멸종했고 이제 돌연변이와 괴물들이 세상을 돌아다니는' 그런 세계입니다. 과연 당신은 뉴클리어 쓰론에 도달할 수 있을까요? ‖ [Streets of Rogue] 싸워서 몰래 들어가 임의 생성된 도시를 공격하세요. Nuclear Throne은 무법천지 GTA와 Deus Ex가 혼합된 형태입니다. Rogue-lite가 몰입도 높은 캐릭터를 만나 너무 재미있습니다. ‖ [Neon Abyss] Neon Abyss는 고속의 로그라이크 액션 플랫포머로, 하데스가 만든 '그림 스쿼드'의 일원이 되어 어비스로 총을 들고 뛰어드는 런 앤 건 게임입니다. 무한한 아이템 시너지와 던전 진화 시스템으로, 매번 게임을 할 때마다 다른 경험과 새로운 도전이 등장합니다. 진짜 지옥을 보여주세요! ‖ [Curse of the Dead Gods] 엄청난 부, 영원한 생명, 신성한 힘을 탐하는 마음이 당신을 끝없는 지옥 속의 미로, 치명적인 함정 및 몬스터가 우글거리는 이 저주받은 사원으로 이끌었습니다. ‖ [Rogue Legacy 2] 로그 레거시 2는 로그 레거시에 후속편을 끼얹은 작품입니다. 당신이 죽을 때마다 자식이 가업을 이어받습니다. 딸은 색맹 궁수이고 아들은 평화주의자 요리사일 수도 있죠. 어쨌거나 둘 중 한 명은 전장으로 나가야 합니다. ‖ [Have a Nice Death] Have a Nice Death는 과로에 고생하는 데스가 되어 플레이하는 2D 액션 로그라이크로, 통제 불능인 직원들 때문에 영혼의 균형과 데스의 휴가 계획이 틀어지고 말았습니다. 질서를 회복하려면 대낫을 들고 직원들과 서열 정리를 해야 합니다.",Legend of Dungeon,"액션, 인디, RPG","Legend of Dungeon is a randomly generated action RPG Beat'em'up with heavy Rogue-like elements, striking visuals, and dynamic music.",3,,
B0142,A20,Counter-Strike 2 / PUBG: BATTLEGROUNDS / 톰 클랜시의 레인보우식스 시즈,"액션, 무료 플레이 / 액션, 어드벤처, 대규모 멀티플레이어, 무료 플레이 / 액션, 무료 플레이","[Counter-Strike 2] Counter-Strike는 20년이 넘는 시간 동안 전 세계 수백만 명의 플레이어가 모여 수준 높은 경쟁을 펼칠 수 있는 플랫폼을 제공해 왔습니다. 그리고 이제 곧 Counter-Strike 2와 함께 새로운 CS 시대의 막이 열립니다. ‖ [PUBG: BATTLEGROUNDS] 배틀로얄 유행의 시작이자, 그 정수를 보여준 PUBG: 배틀그라운드를 지금 무료로 플레이하세요! 다양한 맵에 낙하하여 무기와 보급품을 확보하고, 점점 줄어드는 블루존 속에서 끝까지 살아남아 승리를 쟁취하세요. ‖ [톰 클랜시의 레인보우식스 시즈] 톰 클랜시의 레인보우식스 시즈는 탁월한 계획과 기술이 승부를 좌우하는 전술적인 정예 팀 기반 슈팅 게임입니다.",Global Strike,"액션, 대규모 멀티플레이어, 무료 플레이","Global Strike is a free FPS game which has more than 300 million faithful players in China. Now the battle is on, there are various modes and weapons for you to explore! Call your friends and join us,get into the battle field now!",2,,
B0143,A03,Balatro / Hades / Vampire Survivors,"캐주얼, 인디, 전략 / 액션, 인디, RPG / 액션, 캐주얼, 인디, RPG","[Balatro] 포커 로그라이크 게임. Balatro는 불법 포커 패로 게임을 하고, 판을 뒤엎는 조커를 발견하고, 아드레날린이 치솟는 강력한 콤보를 만드는 덱 빌딩 게임입니다. ‖ [Hades] Bastion, Transistor, Pyre의 제작사에서 선보이는 이 로그라이크 던전 탐색형 게임에서 핵 앤 슬래시로 지하 세계를 탈출하고 죽음의 신에게 도전하세요. ‖ [Vampire Survivors] 수많은 어둠의 피조물을 쓰러뜨리며 새벽이 올 때까지 생존하세요! Vampire Survivors는 로그라이트 요소를 갖춘 고딕 호러 케주얼 게임입니다. 당신의 선택으로 순식간에 수백 마리의 괴물이 눈덩이처럼 불어날 수 있죠.",As We Descend: 심연 속으로,"인디, RPG, 전략, 앞서 해보기",전략성이 풍부한 로그 라이크 덱빌딩 게임. 병력을 모아 강화하고 카드 배틀을 통해 괴물들과 싸우세요. 위험이 도사리는 도시를 신중히 탐색하세요. 모든 역경에 맞서 인류의 등불을 짊어질 준비는 되셨습니까?,3,,
B0144,A01,It Takes Two / Overcooked! 2 / What Remains of Edith Finch,"액션, 어드벤처 / 액션, 캐주얼, 인디 / 어드벤처, 인디","[It Takes Two] It Takes Two에서 생애 가장 정신없는 여정을 시작하세요. 친구가 무료로 참가할 수 있게 친구 패스*로 초대하고, 함께 힘을 합쳐서 수많은 유쾌하고 획기적인 게임 플레이 챌린지를 헤쳐나가세요. ‖ [Overcooked! 2] 혼란스러운 요리 액션으로 가득한 Overcooked가 돌아왔습니다! 양파 왕국으로 돌아가는 여행을 떠나세요. 클래식 협동 또는 온라인 플레이에서 셰프 팀을 만들어서 최대 4명까지 플레이하세요. 앞치마를 준비하세요... 다시 세상을 구할 때가 되었습니다! ‖ [What Remains of Edith Finch] What Remains of Edith Finch(워트 리메인스 오브 에디스 핀치)는 워싱턴 주에 있는 어느 가족에 대한 이상한 이야기의 모음입니다. 플레이어는 에디스가 되어 거대한 핀치 가택을 탐사하고, 가족사를 연구하며 이야기를 찾고, 왜 가족 중에서 그녀만 살아남았는지 알아내야 합니다. 각 이야기는 새로운 가족 구성",Ale & Tale Tavern,"액션, 어드벤처, 캐주얼, 인디, 시뮬레이션","여러 장르가 근사하게 혼합된 게임 세계에 오셨군요. 오픈 월드에서 친구와 협동할 수 있는 1인칭 시점 판타지 선술집 시뮬레이터를 통해 액션, 낚시, 사냥, 탐험, 재밌고 다양한 퀘스트를 즐겨보세요. 물론 요리도 빼놓을 수 없죠! 혼자 또는 친구와 함께 플레이하며 전 세계에서 찾아온 손님들을 대접하세요!",2,,
B0145,A17,Lethal Company / Phasmophobia / Deep Rock Galactic,"액션, 어드벤처, 인디, 앞서 해보기 / 액션, 인디, 앞서 해보기 / 액션","[Lethal Company] A co-op horror about scavenging at abandoned moons to sell scrap to the Company. ‖ [Phasmophobia] Phasmophobia is a 4 player online co-op psychological horror. Paranormal activity is on the rise and it’s up to you and your team to use all the ghost-hunting equipment at your dis ‖ [Deep Rock Galactic] 딥 락 갤럭틱은 1-4인의 플레이어가 협동하는 FPS 게임으로, 상남자 우주 드워프, 100% 파괴 가능한 맵 환경, 절차적 생성 동굴 지형, 그리고 끊임없이 등장하는 외계 괴물 무리가 특징입니다.",Abnormality,"액션, 인디, 앞서 해보기","Explore abandoned locations, collect paranormal evidence, and survive the wrath of the former residents still haunting them. Team up with up to 3 friends to investigate by day, and hide for your life by night. What begins as an investigation quickly turns into a desperate struggle to stay alive.",3,,
B0146,A02,Still Life / Jenny LeClue - Detectivu / Telling Lies,"어드벤처 / 액션, 어드벤처, 캐주얼, 인디 / 어드벤처, 인디, 시뮬레이션",[Still Life] Still Life 2 also now available! ‖ [Jenny LeClue - Detectivu] Jenny LeClue - Detectivu는 조사와 선택지로 가득한 스릴 넘치는 미스터리 어드벤처 게임입니다. ‖ [Telling Lies] 네 명의 삶. 그리고 하나의 큰 거짓말. 아무도 모르게 녹화된 은밀한 대화를 들으며 진실을 알아내십시오. 큰 호평을 받았던 Her Story의 계승작입니다.,Dance of Death,어드벤처,A mysterious and fascinating quest in Hidden Object genre.,1,GENRE_ONLY,
B0147,A28,Dordogne / A YEAR OF SPRINGS / Botany Manor,"어드벤처, 인디 / 캐주얼, 인디, 시뮬레이션 / 어드벤처","[Dordogne] 이 유년 시절의 여정에서 특별한 내러티브에 몰입하며 도르도뉴의 수천 가지 여름의 색을 탐험하고, 추억을 떠올리며 가족의 비밀을 밝히세요. ‖ [A YEAR OF SPRINGS] 세 명의 여성, 세 개의 이야기, 세 개의 봄. 세 명의 친구들이 사랑, 공감, 그리고 단지 함께하고 싶어하는 감정에 대한 방향을 찾아나가는 3 부작 비주얼 노벨 A YEAR OF SPRINGS 에서 하루, 에리카, 마나미의 이야기를 체험하세요. ‖ [Botany Manor] Welcome to Botany Manor, a stately home in 19th century England. You play as inhabitant Arabella Greene, a retired botanist. Explore your house and gardens, filled with research, t",Shan Gui II: Sweet Osmanthus II,"어드벤처, 캐주얼, 인디","Autumn goes by, girls are still waiting till osmanthus blooming.",2,,
B0148,A26,RimWorld / Oxygen Not Included / Unpacking 언패킹,"인디, 시뮬레이션, 전략 / 인디, 시뮬레이션 / 캐주얼, 인디, 시뮬레이션","[RimWorld] 지능형 AI 이야기꾼이 주도하는 공상과학 정착지 시뮬레이터입니다. 심리, 생태, 총격전과 근접전, 날씨, 기후, 외교, 사람 사이의 관계, 예술, 의학, 무역, 그 외 많은 것들을 시뮬레이션하여 이야기를 생성합니다. ‖ [Oxygen Not Included] Oxygen Not Included는 우주 콜로니 시뮬레이션 게임입니다. 외계의 우주 암석 깊은 곳에서 근면한 일꾼들은 생존하고 나아가 번영하기 위해 과학을 마스터하고, 낯선 새로운 생명체에 맞서며, 경이로운 우주 테크놀로지를 활용해야 합니다. ‖ [Unpacking 언패킹] Unpacking은 상자에서 짐을 꺼내 새집에 맞게 배치하는 친숙한 체험에 대한 명상적 퍼즐 게임입니다. 게임의 일부인 블록 맞추기 게임과 집 꾸미기를 하는 동안, 푸는 짐에 닮긴 삶의 실마리를 찾아가며 만족할 만한 생활 공간을 만들어 보세요.",Surviving the Abyss,"인디, 시뮬레이션, 전략","Earth, 1976. You have been tasked with managing a deep-sea science facility working to perfect cloning. Explore the darkness and keep your crew alive in this hardcore survival colony builder. And beware. The darkness hides untold horrors.",3,,
B0149,A31,Hearts of Iron IV / Europa Universalis IV / Sid Meier's Civilization® V,"시뮬레이션, 전략 / 시뮬레이션, 전략 / 전략","[Hearts of Iron IV] Victory is at your fingertips! Your ability to lead your nation is your supreme weapon, the strategy game Hearts of Iron IV lets you take command of any nation in World War II; the ‖ [Europa Universalis IV] 비교할 수 없는 자유도, 깊이 있는 스토리, 정확한 역사적 고증을 즐기며 국토를 다스리고 세계를 정복하세요. 세계 역사를 새롭게 쓰며 시대를 풍미할 제국을 만드세요. ‖ [Sid Meier's Civilization® V] Create, discover, and download new player-created maps, scenarios, interfaces, and more!",Men of War™,전략,"Men of War는 제2차 세계대전이 가장 치열했던 시기를 무대로 한 강렬한 실시간 전략 게임입니다. 유럽과 북아프리카 전역에서 벌어지는 격렬한 전투 속에서, 플레이어는 19개의 대형 싱글 플레이 미션에서 소련, 연합군 또는 독일군을 지휘하게 됩니다.",2,,
B0150,A05,Opus Magnum,"인디, 시뮬레이션","[Opus Magnum] Opus Magnum은 SpaceChem, Infinifactory, SHENZHEN I/O를 제작한 Zachtronics의 신작 퍼즐게임입니다. 연금술사들의 최첨단 도구인 변성 기관을 이용해 물약과 독을 만들어내는 기계들을 설계하고 만들어 내세요!",Incremental Factory,"캐주얼, 인디, 시뮬레이션, 전략, 앞서 해보기","Craft and automate an industrial empire from scratch! Experience a strategic game teeming with challenges as you manage resources, overcome hurdles, and optimize production chains. Are you ready to conquer the challenges of Incremental Factory? Your journey starts here... The Factory Must Grow!",2,,
B0151,A20,Counter-Strike 2 / PUBG: BATTLEGROUNDS / 톰 클랜시의 레인보우식스 시즈,"액션, 무료 플레이 / 액션, 어드벤처, 대규모 멀티플레이어, 무료 플레이 / 액션, 무료 플레이","[Counter-Strike 2] Counter-Strike는 20년이 넘는 시간 동안 전 세계 수백만 명의 플레이어가 모여 수준 높은 경쟁을 펼칠 수 있는 플랫폼을 제공해 왔습니다. 그리고 이제 곧 Counter-Strike 2와 함께 새로운 CS 시대의 막이 열립니다. ‖ [PUBG: BATTLEGROUNDS] 배틀로얄 유행의 시작이자, 그 정수를 보여준 PUBG: 배틀그라운드를 지금 무료로 플레이하세요! 다양한 맵에 낙하하여 무기와 보급품을 확보하고, 점점 줄어드는 블루존 속에서 끝까지 살아남아 승리를 쟁취하세요. ‖ [톰 클랜시의 레인보우식스 시즈] 톰 클랜시의 레인보우식스 시즈는 탁월한 계획과 기술이 승부를 좌우하는 전술적인 정예 팀 기반 슈팅 게임입니다.",Paladins®,"액션, 어드벤처, 대규모 멀티플레이어, 전략, 무료 플레이","Paladins is the ultimate fantasy team-based shooter experience, with over 50 customizable Champions fighting in 5v5 action across a diverse Realm of modes and maps!",2,,
B0152,A09,Roots of Yggdrasil / Ancient Gods / Flick Shot Rogues,"인디, 전략 / RPG, 전략 / 인디, 전략","[Roots of Yggdrasil] Build settlements, explore the Nine Realms, collect artifacts and upgrade your deck to reach the top of Yggdrasil in this post-Ragnarok roguelike city-builder! Can you survive the  ‖ [Ancient Gods] Ancient Gods is a fusion of hero collector and deck-building rogue-lite where you collect your character, fight, and experience exciting events. Any character can use all the cards ‖ [Flick Shot Rogues] 계획하고, 조준하고, 쏘세요! FLICK SHOT ROGUES는 테이블 위에서 물건을 튕기는 촉각적 만족감과 사람들이 좋아하는 턴제 로그라이크의 전략적 깊이를 결합한 게임입니다. 말도 안되는 콤보를 연결하고, 캐릭터, 아이템, 스킬을 잠금 해제하면서, 섬을 정복하세요!",For The King II,"어드벤처, 인디, RPG, 전략",초인기 턴제 로그라이트 TRPG! For The King 후속작에서 홀로 또는 4인 파티를 결성해 Fahrul의 폭군 여왕과 맞서 싸우십시오. 여러분은 과연 한때 존경받던 여왕의 끔찍한 비밀을 밝혀낼 수 있을까요?,2,,
B0153,A14,Iron Brigade / Ancient Planet Tower Defense / Creeper World IXE,"액션, 전략 / 캐주얼, 인디, 전략 / 액션, 캐주얼, 인디, 시뮬레이션, 전략","[Iron Brigade] Join The Mobile Trench Brigade and protect humanity from the evil Monovision menace! ‖ [Ancient Planet Tower Defense] 고대 행성 타워 디펜스는 정통 타워 디펜스 게임입니다. 고대 문명의 요새가 외계 침략자들로부터 침략당했습니다. 고대의 강력한 기술을 사용하여 적군의 공격을 물리치십시오! ‖ [Creeper World IXE] The unstoppable alien force known as The Creeper has returned, devouring thousands of worlds in its path, and yours is next. Battle against the Creeper fluid in a groundbreaking pi",Yet another tower defence,"캐주얼, 인디, 시뮬레이션, 전략","Ancient demons summoned from the deep dark abyss, and brought ruin to Tiede, land of our home. You should know your towers, and use them wisely. Bring your sword, worrior, and your brave heart! Join me in this defence of the ancient...lands!",3,,
B0154,A09,Roots of Yggdrasil / Ancient Gods / Flick Shot Rogues,"인디, 전략 / RPG, 전략 / 인디, 전략","[Roots of Yggdrasil] Build settlements, explore the Nine Realms, collect artifacts and upgrade your deck to reach the top of Yggdrasil in this post-Ragnarok roguelike city-builder! Can you survive the  ‖ [Ancient Gods] Ancient Gods is a fusion of hero collector and deck-building rogue-lite where you collect your character, fight, and experience exciting events. Any character can use all the cards ‖ [Flick Shot Rogues] 계획하고, 조준하고, 쏘세요! FLICK SHOT ROGUES는 테이블 위에서 물건을 튕기는 촉각적 만족감과 사람들이 좋아하는 턴제 로그라이크의 전략적 깊이를 결합한 게임입니다. 말도 안되는 콤보를 연결하고, 캐릭터, 아이템, 스킬을 잠금 해제하면서, 섬을 정복하세요!",Drop Pockets,"캐주얼, 인디, 스포츠, 전략, 앞서 해보기",당구 로그라이크. 규칙을 따르지 않는 수영장 상어를 상대로 하는 전략적 물리 기반 전투입니다. 이 혼란스러운 당구 게임에서 공을 주머니에 넣고 상대방을 제거하세요!,3,,
B0155,A25,DOOMBLADE / Transiruby / Blast Brigade vs. the Evil Legion of Dr. Cread,"액션, 어드벤처, 인디 / 액션 / 액션, 어드벤처, 인디","[DOOMBLADE] Deep underground, Gloom Girl discovers DOOMBLADE, a sentient weapon hellbent on escape after eons in chains. Together, “Doom and Gloom” embark on a vengeful quest to unlock the pow ‖ [Transiruby] 차원 대륙의 의문을 풀어라! 는 사이보그 소녀 실비가 검과 엘리먼트 샷으로 적을 쓰러뜨리며 앞으로 나아가는 탐색형 액션 게임입니다! ‖ [Blast Brigade vs. the Evil Legion of Dr. Cread] 스릴 넘치는 플랫포밍과 깊이 있는 탐험 세계, 폭발적인 액션으로 가득한 2D 메트로이드배니아 어드벤처 게임을 즐겨보세요! Blast Brigade에서 영웅들로 팀을 구성해 세계를 구하세요!",QV(큐브이),"액션, 어드벤처, 인디",신비로운 소녀 큐비와 함께 하는 차원을 넘나드는 대모험!,2,,
B0156,A28,Dordogne / A YEAR OF SPRINGS / Botany Manor,"어드벤처, 인디 / 캐주얼, 인디, 시뮬레이션 / 어드벤처","[Dordogne] 이 유년 시절의 여정에서 특별한 내러티브에 몰입하며 도르도뉴의 수천 가지 여름의 색을 탐험하고, 추억을 떠올리며 가족의 비밀을 밝히세요. ‖ [A YEAR OF SPRINGS] 세 명의 여성, 세 개의 이야기, 세 개의 봄. 세 명의 친구들이 사랑, 공감, 그리고 단지 함께하고 싶어하는 감정에 대한 방향을 찾아나가는 3 부작 비주얼 노벨 A YEAR OF SPRINGS 에서 하루, 에리카, 마나미의 이야기를 체험하세요. ‖ [Botany Manor] Welcome to Botany Manor, a stately home in 19th century England. You play as inhabitant Arabella Greene, a retired botanist. Explore your house and gardens, filled with research, t",GINKA,"어드벤처, 캐주얼","""Return to that summer with you..."" Ryusei returns to the small island of his younger years, where time flows by gently, to spend a fairy-tale summer vacation with his childhood friend who was spirited away.",2,,
B0157,A34,Pid / ChromaGun / Deer & Boy,"어드벤처, 인디 / 액션, 어드벤처, 인디 / 액션, 어드벤처, 인디","[Pid] You are stranded on a strange and peculiar planet. It’s time to embark on your journey and find your way home! Explore a gravity defying and challenging platformer with striking vi ‖ [ChromaGun] Welcome to ChromaTec’s test lab! You’re here to test our state-of-the-art military-grade color-technology: The ChromaGun (patent pending)! Use it to solve our meticulously designed ‖ [Deer & Boy] 도망친 소년은 길 잃은 어린 사슴을 만나 고요하면서도 위태로운 세상을 함께 헤쳐 나갑니다. 퍼즐을 풀고, 높은 곳에 오르고, 위협을 피해 나아가며 당신의 동료는 연약한 아기 사슴에서 어엿한 사슴으로 성장하죠. 혼자서는 할 수 없었던 일을 함께 해내는 법을 배우게 됩니다.",Unbound: Worlds Apart,"어드벤처, 인디","Summon portals to overcome vicious beasts, devious puzzles and fiendish platforming challenges. Master the unique powers of each portal to stop the collapse of reality, while exploring lush, hand-drawn worlds and unraveling a deep narrative full of mysteries.",3,,
B0158,A33,Garry's Mod / Team Fortress 2 / Left 4 Dead 2,"캐주얼, 인디, 시뮬레이션 / 액션, 무료 플레이 / 액션","[Garry's Mod] Garry's Mod is a physics sandbox. There aren't any predefined aims or goals. We give you the tools and leave you to play. ‖ [Team Fortress 2] 다양한 전술적 능력과 뚜렷한 개성을 갖춘 9가지 병과의 캐릭터를 플레이하세요. 끊임없이 업데이트되는 새로운 게임 모드, 맵, 장비 그리고 가장 중요한 모자까지 지금 바로 즐겨보세요! ‖ [Left 4 Dead 2] Set in the zombie apocalypse, Left 4 Dead 2 is a co-operative action horror FPS takes you and your friends through the cities, swamps and cemeteries of the Deep South, from Savanna",Mutilate-a-Doll 2,"캐주얼, 인디, 시뮬레이션",A highly customizable virtual stressball and physics sandbox about mutilating ragdolls in various ways using an overwhelming amount of weapons and tools.,2,,
B0159,A23,Vomitoreum / Tales of Kenzera™: ZAU / Shantae: Half-Genie Hero,"액션, 어드벤처, 인디 / 액션, 어드벤처, 인디 / 액션, 어드벤처, 인디","[Vomitoreum] Vomitoreum is an FPS Metroidvania with a focus on atmosphere and horror, inspired by the paintings of Zdzisław Beksiński. ‖ [Tales of Kenzera™: ZAU] 샤먼의 춤을 추세요. 아버지의 영혼을 되찾으세요. Surgent Studios가 제작한 메트로이드바니아 스타일의 어드벤처 게임 Tales of Kenzera™: ZAU에서 죽음의 신과 함께 아름답고 위험한 켄제라의 땅으로 용감하게 모험을 떠나세요. ‖ [Shantae: Half-Genie Hero] Shantae embarks on her first full HD adventure! When a mysterious crime wave sweeps Sequin Land, it’s up to Half-Genie Hero Shantae to save the day! Use Shantae’s devastating Hair-",1 Screen Platformer,"액션, 어드벤처, 인디","This is a SHORT, 2D PLATFORMER with TIGHT CONTROLS about exploring a single level to get past a bunch of TRAPS. There is an EASY mode and a HARD mode depending on your skill level.",1,GENRE_ONLY,
B0160,A35,Project Zomboid / Don't Starve / The Forest,"인디, RPG, 시뮬레이션, 앞서 해보기 / 어드벤처, 인디, 시뮬레이션 / 액션, 어드벤처, 인디, 시뮬레이션","[Project Zomboid] Project Zomboid is the ultimate in zombie survival. Alone or in MP: you loot, build, craft, fight, farm and fish in a struggle to survive. A hardcore RPG skillset, a vast map, mass ‖ [Don't Starve] Don’t Starve is an uncompromising wilderness survival game full of science and magic. Enter a strange and unexplored world full of strange creatures, dangers, and surprises. Gather ‖ [The Forest] As the lone survivor of a passenger jet crash, you find yourself in a mysterious forest battling to stay alive against a society of cannibalistic mutants. Build, explore, survive i",Wrongworld,"액션, 어드벤처, 인디, 시뮬레이션","Crash-landed on a surreal, low-poly world filled with freakish inhabitants, choose between permadeath and non-permadeath modes and embark on an epic (and ridiculous) survival adventure. Will you manage to stay alive as you unravel the mysteries of Wrongworld and search for a way home?",3,,
B0161,A27,The Raven Remastered / The Frostrune / Mad Experiments: Escape Room,"어드벤처 / 어드벤처 / 어드벤처, 캐주얼, 인디, 시뮬레이션, 전략","[The Raven Remastered] London, 1964. An ancient ruby is stolen from the British Museum. At the crime scene: a raven feather. Is somebody trying to follow in the footsteps of The Raven, the legendary mast ‖ [The Frostrune] Unravel a mystery inspired by Viking myth and legend in The Frostrune, a classic point-and-click adventure based on historically accurate Norse culture and environments. ‖ [Mad Experiments: Escape Room] 수상 후보에 오른 이스케이프 게임 1인 또는 최대 5인까지 플레이하며 3개의 독특한 방을 탐험하고, 두뇌를 자극하는 퍼즐을 풀며 체셔 교수와 그의 실험에 얽힌 어두운 비밀을 밝혀보세요.",The Excavation of Hob's Barrow,"어드벤처, 인디",The Excavation of Hob's Barrow is a folk horror narrative-driven adventure. Explore the isolated moors of rural Victorian England as you uncover the mysteries of Hob's Barrow. The answers lie in the soil...,3,,
B0162,A09,Roots of Yggdrasil / Ancient Gods / Flick Shot Rogues,"인디, 전략 / RPG, 전략 / 인디, 전략","[Roots of Yggdrasil] Build settlements, explore the Nine Realms, collect artifacts and upgrade your deck to reach the top of Yggdrasil in this post-Ragnarok roguelike city-builder! Can you survive the  ‖ [Ancient Gods] Ancient Gods is a fusion of hero collector and deck-building rogue-lite where you collect your character, fight, and experience exciting events. Any character can use all the cards ‖ [Flick Shot Rogues] 계획하고, 조준하고, 쏘세요! FLICK SHOT ROGUES는 테이블 위에서 물건을 튕기는 촉각적 만족감과 사람들이 좋아하는 턴제 로그라이크의 전략적 깊이를 결합한 게임입니다. 말도 안되는 콤보를 연결하고, 캐릭터, 아이템, 스킬을 잠금 해제하면서, 섬을 정복하세요!",Concrete Jungle,"인디, 전략",A city planning deck-building game. Place buildings using cards in your deck and earn new ones as you progress! A genre-blending game packed with cool ideas that swaps micro-management for a more puzzle-like approach to city planning.,3,,
B0163,A26,RimWorld / Oxygen Not Included / Unpacking 언패킹,"인디, 시뮬레이션, 전략 / 인디, 시뮬레이션 / 캐주얼, 인디, 시뮬레이션","[RimWorld] 지능형 AI 이야기꾼이 주도하는 공상과학 정착지 시뮬레이터입니다. 심리, 생태, 총격전과 근접전, 날씨, 기후, 외교, 사람 사이의 관계, 예술, 의학, 무역, 그 외 많은 것들을 시뮬레이션하여 이야기를 생성합니다. ‖ [Oxygen Not Included] Oxygen Not Included는 우주 콜로니 시뮬레이션 게임입니다. 외계의 우주 암석 깊은 곳에서 근면한 일꾼들은 생존하고 나아가 번영하기 위해 과학을 마스터하고, 낯선 새로운 생명체에 맞서며, 경이로운 우주 테크놀로지를 활용해야 합니다. ‖ [Unpacking 언패킹] Unpacking은 상자에서 짐을 꺼내 새집에 맞게 배치하는 친숙한 체험에 대한 명상적 퍼즐 게임입니다. 게임의 일부인 블록 맞추기 게임과 집 꾸미기를 하는 동안, 푸는 짐에 닮긴 삶의 실마리를 찾아가며 만족할 만한 생활 공간을 만들어 보세요.",Eco,"어드벤처, 인디, 시뮬레이션, 앞서 해보기","Build a civilization of real people, working together to advance society and stop a meteor, all without destroying the ecosystem in the process.",2,,
B0164,A32,Hardspace: Shipbreaker / Hacknet / The Case of the Golden Idol / 방 탈출 시뮬레이터 / shapez 2 - Factory,"시뮬레이션 / 인디, 시뮬레이션 / 어드벤처, 인디 / 어드벤처, 캐주얼, 인디, 시뮬레이션 / 캐주얼, 인디, 시뮬레이션, 전략","[Hardspace: Shipbreaker] Equipped with cutting-edge salvaging tech, carve & slice spaceships to recover valuable materials. Upgrade your gear to take on more lucrative contracts and pay your billion credit ‖ [Hacknet] Hacknet은 터미널 기반의 몰입형 해킹 시뮬레이터입니다. 최근에 사망한, 그러나 언론 보도와는 달리 사고로 사망하지 않은 해커의 지시에 따라 진실을 추척하십시오. ‖ [The Case of the Golden Idol] A new kind of detective game that allows you to think and investigate freely. Discover clues surrounding 12 strange and gruesome deaths and build your own theory. Pick your suspect ‖ [방 탈출 시뮬레이터] Escape Simulator는 단독 또는 온라인 협동 플레이가 가능한 1인칭 퍼즐 게임입니다. 점점 더 많아지는, 고도의 상호 작용이 가능한 방탈출 세트를 탐험하세요. 가구를 옮기고, 모든 것을 집어 들고 검사하고, 냄비를 부수고 자물쇠를 부수세요! 레벨 편집기를 통해 커뮤니티가 만든 방을 지원합니다. ‖ [shapez 2 - Factory] 공장 건설 게임에 빠져들어 보세요. 단 한 가지에 집중하세요. 대규모 우주 공장을 건설하는 것! 방대하게 펼쳐지는 다층 공장과 만족스러운 생산 라인을 무제한으로 설계하세요. 계속해서 어려워지는 자동화 목표를 적의 위협 없이 자신만의 속도로 달성하세요.",In Sink: A Co-op Escape Adventure,"어드벤처, 캐주얼, 인디, 시뮬레이션, 전략",조난을 당해 수수께끼의 섬에 다다른 두 명의 캐릭터가 되어 플레이하세요. 이 협동 게임에서는 친구와 한 팀이 되어 힘을 합쳐야 합니다. 함께 퍼즐을 풀고 집으로 돌아갈 길을 마련하세요. 비슷하게 생각하는 것만으로는 부족합니다. 진정으로 '빠져들어야' 탈출할 수 있습니다.,3,,
B0165,A20,Counter-Strike 2 / PUBG: BATTLEGROUNDS / 톰 클랜시의 레인보우식스 시즈,"액션, 무료 플레이 / 액션, 어드벤처, 대규모 멀티플레이어, 무료 플레이 / 액션, 무료 플레이","[Counter-Strike 2] Counter-Strike는 20년이 넘는 시간 동안 전 세계 수백만 명의 플레이어가 모여 수준 높은 경쟁을 펼칠 수 있는 플랫폼을 제공해 왔습니다. 그리고 이제 곧 Counter-Strike 2와 함께 새로운 CS 시대의 막이 열립니다. ‖ [PUBG: BATTLEGROUNDS] 배틀로얄 유행의 시작이자, 그 정수를 보여준 PUBG: 배틀그라운드를 지금 무료로 플레이하세요! 다양한 맵에 낙하하여 무기와 보급품을 확보하고, 점점 줄어드는 블루존 속에서 끝까지 살아남아 승리를 쟁취하세요. ‖ [톰 클랜시의 레인보우식스 시즈] 톰 클랜시의 레인보우식스 시즈는 탁월한 계획과 기술이 승부를 좌우하는 전술적인 정예 팀 기반 슈팅 게임입니다.",Freefall Tournament,액션,A space marines team-based TPS (third person shooter).,1,LOW_QUALITY,
B0166,A26,RimWorld / Oxygen Not Included / Unpacking 언패킹,"인디, 시뮬레이션, 전략 / 인디, 시뮬레이션 / 캐주얼, 인디, 시뮬레이션","[RimWorld] 지능형 AI 이야기꾼이 주도하는 공상과학 정착지 시뮬레이터입니다. 심리, 생태, 총격전과 근접전, 날씨, 기후, 외교, 사람 사이의 관계, 예술, 의학, 무역, 그 외 많은 것들을 시뮬레이션하여 이야기를 생성합니다. ‖ [Oxygen Not Included] Oxygen Not Included는 우주 콜로니 시뮬레이션 게임입니다. 외계의 우주 암석 깊은 곳에서 근면한 일꾼들은 생존하고 나아가 번영하기 위해 과학을 마스터하고, 낯선 새로운 생명체에 맞서며, 경이로운 우주 테크놀로지를 활용해야 합니다. ‖ [Unpacking 언패킹] Unpacking은 상자에서 짐을 꺼내 새집에 맞게 배치하는 친숙한 체험에 대한 명상적 퍼즐 게임입니다. 게임의 일부인 블록 맞추기 게임과 집 꾸미기를 하는 동안, 푸는 짐에 닮긴 삶의 실마리를 찾아가며 만족할 만한 생활 공간을 만들어 보세요.",Juno: New Origins,"인디, 시뮬레이션","Bring to life anything you can imagine from rockets and airplanes to cars and more. Automate them with a visual programming language. Explore 3D planets and make your own. Share your creations online. Complete contracts, conquer milestones, and unlock technology in the newly added Career Mode.",1,GENRE_ONLY,
B0167,A17,Lethal Company / Phasmophobia / Deep Rock Galactic,"액션, 어드벤처, 인디, 앞서 해보기 / 액션, 인디, 앞서 해보기 / 액션","[Lethal Company] A co-op horror about scavenging at abandoned moons to sell scrap to the Company. ‖ [Phasmophobia] Phasmophobia is a 4 player online co-op psychological horror. Paranormal activity is on the rise and it’s up to you and your team to use all the ghost-hunting equipment at your dis ‖ [Deep Rock Galactic] 딥 락 갤럭틱은 1-4인의 플레이어가 협동하는 FPS 게임으로, 상남자 우주 드워프, 100% 파괴 가능한 맵 환경, 절차적 생성 동굴 지형, 그리고 끊임없이 등장하는 외계 괴물 무리가 특징입니다.",Haunted Investigation,"액션, 어드벤처, 인디","Haunted Investigation is a spine-tingling horror game that will test your nerves and keep you on the edge of your seat. Whether you choose to play alone or with another friend (up to 2 players), you'll be immersed in a world of terror and suspense as you explore an abandoned mansion.",3,,
B0168,A25,DOOMBLADE / Transiruby / Blast Brigade vs. the Evil Legion of Dr. Cread,"액션, 어드벤처, 인디 / 액션 / 액션, 어드벤처, 인디","[DOOMBLADE] Deep underground, Gloom Girl discovers DOOMBLADE, a sentient weapon hellbent on escape after eons in chains. Together, “Doom and Gloom” embark on a vengeful quest to unlock the pow ‖ [Transiruby] 차원 대륙의 의문을 풀어라! 는 사이보그 소녀 실비가 검과 엘리먼트 샷으로 적을 쓰러뜨리며 앞으로 나아가는 탐색형 액션 게임입니다! ‖ [Blast Brigade vs. the Evil Legion of Dr. Cread] 스릴 넘치는 플랫포밍과 깊이 있는 탐험 세계, 폭발적인 액션으로 가득한 2D 메트로이드배니아 어드벤처 게임을 즐겨보세요! Blast Brigade에서 영웅들로 팀을 구성해 세계를 구하세요!",Hell Yeah! Wrath of the Dead Rabbit,액션,A crazy action-adventure platformer... In Hell.,2,,
B0169,A14,Iron Brigade / Ancient Planet Tower Defense / Creeper World IXE,"액션, 전략 / 캐주얼, 인디, 전략 / 액션, 캐주얼, 인디, 시뮬레이션, 전략","[Iron Brigade] Join The Mobile Trench Brigade and protect humanity from the evil Monovision menace! ‖ [Ancient Planet Tower Defense] 고대 행성 타워 디펜스는 정통 타워 디펜스 게임입니다. 고대 문명의 요새가 외계 침략자들로부터 침략당했습니다. 고대의 강력한 기술을 사용하여 적군의 공격을 물리치십시오! ‖ [Creeper World IXE] The unstoppable alien force known as The Creeper has returned, devouring thousands of worlds in its path, and yours is next. Battle against the Creeper fluid in a groundbreaking pi",Space Cycle,인디,당신은 우주 방위관으로서 여러 세력과 우주 자원을 두고 경쟁하게 됩니다. 방어 시설을 업그레이드하고 끊임없는 적의 괴롭힘을 물리치세요! 50가지 이상의 독특한 유닛과 풍부한 전략적 게임 플레이로 긴장감 넘치는 실시간 타워 디펜스 전투를 경험해 보세요!,3,,
B0170,A30,Stardew Valley / Slime Rancher / Raft,"인디, RPG, 시뮬레이션 / 액션, 어드벤처, 인디, 시뮬레이션 / 어드벤처, 인디, 시뮬레이션","[Stardew Valley] You've inherited your grandfather's old farm plot in Stardew Valley. Armed with hand-me-down tools and a few coins, you set out to begin your new life. Can you learn to live off th ‖ [Slime Rancher] 슬라임 랜쳐는 젊고 용감한 랜쳐, 베아트릭스 르뷰가 지구에서 1,000광년 떨어진 '머나먼 평야'에서 슬라임들과 씨름하며 생계를 꾸려나가는 이야기입니다. 긍정적인 마인드와 강인한 의지로 베아트릭스는 진공팩을 사용하여 끊임없이 말랑말랑하게 굴러나오는 슬라임들을 피하며 이름을 알리고, 부자가 되려 합니다. ‖ [Raft] Raft™ throws you and your friends into an epic oceanic adventure! Alone or together, players battle to survive a perilous voyage across a vast sea! Gather debris, scavenge reefs an",슬라임 공주,"액션, 어드벤처, 인디, RPG","슬라임 프린세스 는 플랫폼 액션, 던전 탐험, 로그라이크 요소를 결합한 픽셀 스타일의 독립형 게임입니다. 플레이어는 영웅적인 슬라임의 역할을 맡아 악의 세력에 납치된 슬라임 공주를 구하기 위해 도전적인 모험을 시작하게 됩니다.",1,KEYWORD_MATCH,
B0171,A06,Cities: Skylines / Factorio / Farming Simulator 22,"시뮬레이션, 전략 / 캐주얼, 인디, 시뮬레이션, 전략 / 시뮬레이션","[Cities: Skylines] Cities: Skylines is a modern take on the classic city simulation. The game introduces new game play elements to realize the thrill and hardships of creating and maintaining a real  ‖ [Factorio] Factorio는 무한한 2D 세상에서 복잡성이 증가하는 아이템을 생산하기 위해 자동화 공장을 만드는 게임입니다. - 당신의 상상력으로 공장을 설계, 독창적인 방법으로 간단한 요소를 결합하고 마지막엔 당신을 좋아하지 않는 생물들로 부터 공장을 지키세요. ‖ [Farming Simulator 22] 농장을 만들고 농사를 즐기세요! 작물을 수확하고, 동물을 돌보고, 생산을 관리하고, 계절에 따른 어려움을 이겨내세요.",Fabricatio,"캐주얼, 인디, 시뮬레이션, 전략, 무료 플레이","Build efficient production lines, automate resource transport, and master complex logistics in a 2D factory-building experience focused purely on automation.",3,,
B0172,A03,Balatro / Hades / Vampire Survivors,"캐주얼, 인디, 전략 / 액션, 인디, RPG / 액션, 캐주얼, 인디, RPG","[Balatro] 포커 로그라이크 게임. Balatro는 불법 포커 패로 게임을 하고, 판을 뒤엎는 조커를 발견하고, 아드레날린이 치솟는 강력한 콤보를 만드는 덱 빌딩 게임입니다. ‖ [Hades] Bastion, Transistor, Pyre의 제작사에서 선보이는 이 로그라이크 던전 탐색형 게임에서 핵 앤 슬래시로 지하 세계를 탈출하고 죽음의 신에게 도전하세요. ‖ [Vampire Survivors] 수많은 어둠의 피조물을 쓰러뜨리며 새벽이 올 때까지 생존하세요! Vampire Survivors는 로그라이트 요소를 갖춘 고딕 호러 케주얼 게임입니다. 당신의 선택으로 순식간에 수백 마리의 괴물이 눈덩이처럼 불어날 수 있죠.",Trakonius,"액션, 인디, 앞서 해보기","잔혹한 아레나의 모래 속에서 살아남기 위해 싸울 수밖에 없는 검투사. 트라코니우스는 이 액션 로그라이크 게임에서 전쟁의 신 마르스에 도전한다! 네 개의 죽음의 아레나에서 검투사, 신화 속 생물, 그리고 치명적인 도전에 맞서라. 진실은 오직 전투를 통해서만 드러난다! 4개의 치명적인 아레나에서 검투사, 신화 속 생물, 그리고 다양한 도전에 맞서라. 자유를 위해 싸우고, 민족을 위해 승리하라!",2,,
B0173,A27,The Raven Remastered / The Frostrune / Mad Experiments: Escape Room,"어드벤처 / 어드벤처 / 어드벤처, 캐주얼, 인디, 시뮬레이션, 전략","[The Raven Remastered] London, 1964. An ancient ruby is stolen from the British Museum. At the crime scene: a raven feather. Is somebody trying to follow in the footsteps of The Raven, the legendary mast ‖ [The Frostrune] Unravel a mystery inspired by Viking myth and legend in The Frostrune, a classic point-and-click adventure based on historically accurate Norse culture and environments. ‖ [Mad Experiments: Escape Room] 수상 후보에 오른 이스케이프 게임 1인 또는 최대 5인까지 플레이하며 3개의 독특한 방을 탐험하고, 두뇌를 자극하는 퍼즐을 풀며 체셔 교수와 그의 실험에 얽힌 어두운 비밀을 밝혀보세요.",Heroine's Quest: The Herald of Ragnarok,"어드벤처, 인디, RPG, 무료 플레이","A retro styled adventure/RPG hybrid with atmosphere like the classics. Play as warrior, sorceress, or rogue as you travel through the rich world of Norse mythology to keep it from eternal winter. Each class has different puzzle solutions, making for good replay value. Fully free, no hidden costs.",3,,
B0174,A13,Death's Door / Children of Morta / Roboquest / Spelunky 2 / Nuclear Throne / Streets of Rogue / Neon Abyss / Curse of the Dead Gods / Rogue Legacy 2 / Have a Nice Death,"액션, 어드벤처, 인디, RPG / 액션, 어드벤처, 인디, RPG / 액션, 인디 / 액션, 인디 / 액션, 인디, RPG / 액션, 어드벤처, 인디, RPG / 액션, 어드벤처, 인디, RPG / 액션, 어드벤처 / 액션, 어드벤처, 인디, RPG / 액션, 인디","[Death's Door] 죽은 자의 영혼을 수확하고 시간을 끝내는 것은 단조로울 수 있지만 까마귀에겐 평범한 일입니다. 하지만 주어진 영혼을 도둑맞게 되면 변화가 일어납니다. 영혼을 도난하고 죽음의 손길이 닿지 않는 영역으로 도망친 절망적인 도둑을 추적하십시오. ‖ [Children of Morta] Children of Morta는 비범한 가족 영웅에 대한 스토리 중심의 액션 RPG 게임입니다. 다가오는 부패에 맞서 모든 결함과 미덕을 갖춘 베르그송 가를 이끄세요. 여러분은 여러분이 아끼는 사람들을 구하기 위해 모든 것을 희생할 수 있으신가요? ‖ [Roboquest] 로보퀘스트는 멸망한 미래 세계의 빠른 FPS 로그라이트입니다. 당신은 재부팅된 수호자로, 강철 궁둥짝을 걷어 찰 준비를 하세요! 혼자서 혹은 친구와 함께 맞서거나 끊임없이 변화하는 환경에서 치명적인 로봇 군단을 섬멸하세요. ‖ [Spelunky 2] Spelunky 2 builds upon the unique, randomized challenges that made the original a roguelike classic, offering a huge adventure designed to satisfy players old and new. Meet the nex ‖ [Nuclear Throne] Nuclear Throne은 포스트 아포칼립스 세계관의 로그라이크 스타일 탑다운 슈터입니다. 여기서 말하는 포스트 아포칼립스는 '인류의 마지막 희망'이 남아 있는 세계가 아니라, '인류는 멸종했고 이제 돌연변이와 괴물들이 세상을 돌아다니는' 그런 세계입니다. 과연 당신은 뉴클리어 쓰론에 도달할 수 있을까요? ‖ [Streets of Rogue] 싸워서 몰래 들어가 임의 생성된 도시를 공격하세요. Nuclear Throne은 무법천지 GTA와 Deus Ex가 혼합된 형태입니다. Rogue-lite가 몰입도 높은 캐릭터를 만나 너무 재미있습니다. ‖ [Neon Abyss] Neon Abyss는 고속의 로그라이크 액션 플랫포머로, 하데스가 만든 '그림 스쿼드'의 일원이 되어 어비스로 총을 들고 뛰어드는 런 앤 건 게임입니다. 무한한 아이템 시너지와 던전 진화 시스템으로, 매번 게임을 할 때마다 다른 경험과 새로운 도전이 등장합니다. 진짜 지옥을 보여주세요! ‖ [Curse of the Dead Gods] 엄청난 부, 영원한 생명, 신성한 힘을 탐하는 마음이 당신을 끝없는 지옥 속의 미로, 치명적인 함정 및 몬스터가 우글거리는 이 저주받은 사원으로 이끌었습니다. ‖ [Rogue Legacy 2] 로그 레거시 2는 로그 레거시에 후속편을 끼얹은 작품입니다. 당신이 죽을 때마다 자식이 가업을 이어받습니다. 딸은 색맹 궁수이고 아들은 평화주의자 요리사일 수도 있죠. 어쨌거나 둘 중 한 명은 전장으로 나가야 합니다. ‖ [Have a Nice Death] Have a Nice Death는 과로에 고생하는 데스가 되어 플레이하는 2D 액션 로그라이크로, 통제 불능인 직원들 때문에 영혼의 균형과 데스의 휴가 계획이 틀어지고 말았습니다. 질서를 회복하려면 대낫을 들고 직원들과 서열 정리를 해야 합니다.",Apocalypse Express,"액션, 인디, 전략","Conduct, upgrade and repair your train through endless waves of enemies in a post-apocalyptic setting. In this action management roguelike, the player decides to embark on a journey through the wasteland looking to fulfill the dream of seeing the remains of the outside world.",2,,
B0175,A31,Hearts of Iron IV / Europa Universalis IV / Sid Meier's Civilization® V,"시뮬레이션, 전략 / 시뮬레이션, 전략 / 전략","[Hearts of Iron IV] Victory is at your fingertips! Your ability to lead your nation is your supreme weapon, the strategy game Hearts of Iron IV lets you take command of any nation in World War II; the ‖ [Europa Universalis IV] 비교할 수 없는 자유도, 깊이 있는 스토리, 정확한 역사적 고증을 즐기며 국토를 다스리고 세계를 정복하세요. 세계 역사를 새롭게 쓰며 시대를 풍미할 제국을 만드세요. ‖ [Sid Meier's Civilization® V] Create, discover, and download new player-created maps, scenarios, interfaces, and more!",GLADIABOTS - AI Combat Arena,"인디, 시뮬레이션, 전략","Assemble your robot squad, construct their AI and send them in the battle arena to see your strategy play out. Iterate, improve and repeat until you outsmart all your opponents and friends online.",0,IRRELEVANT,
B0176,A26,RimWorld / Oxygen Not Included / Unpacking 언패킹,"인디, 시뮬레이션, 전략 / 인디, 시뮬레이션 / 캐주얼, 인디, 시뮬레이션","[RimWorld] 지능형 AI 이야기꾼이 주도하는 공상과학 정착지 시뮬레이터입니다. 심리, 생태, 총격전과 근접전, 날씨, 기후, 외교, 사람 사이의 관계, 예술, 의학, 무역, 그 외 많은 것들을 시뮬레이션하여 이야기를 생성합니다. ‖ [Oxygen Not Included] Oxygen Not Included는 우주 콜로니 시뮬레이션 게임입니다. 외계의 우주 암석 깊은 곳에서 근면한 일꾼들은 생존하고 나아가 번영하기 위해 과학을 마스터하고, 낯선 새로운 생명체에 맞서며, 경이로운 우주 테크놀로지를 활용해야 합니다. ‖ [Unpacking 언패킹] Unpacking은 상자에서 짐을 꺼내 새집에 맞게 배치하는 친숙한 체험에 대한 명상적 퍼즐 게임입니다. 게임의 일부인 블록 맞추기 게임과 집 꾸미기를 하는 동안, 푸는 짐에 닮긴 삶의 실마리를 찾아가며 만족할 만한 생활 공간을 만들어 보세요.",Sticky Business,"캐주얼, 시뮬레이션","편안한 소규모 사업을 운행하며 기쁨을 느껴보세요. 스티커를 만들고, 주문을 포장하고, 손님의 이야기를 들으세요. 인터넷에서 귀여운 가게를 만들 시간입니다!",2,,
B0177,A11,Forza Horizon 5 / Hi-Fi RUSH / Street Fighter 6,"액션, 어드벤처, 레이싱, 시뮬레이션, 스포츠 / 액션 / 액션, 어드벤처","[Forza Horizon 5] 세계 최고의 자동차를 타고 생동감 넘치는 멕시코의 대자연을 탐험하며 재미있는 드라이빙 액션을 마음껏 즐겨보세요. ‖ [Hi-Fi RUSH] 아케이드 챌린지! 업데이트!로 추가되는 두 개의 신규 게임 모드에서 여러분의 능력을 시험하고, 새로운 보상을 획득해 보세요. 몇 가지 비밀도 숨어 있답니다! 락 스타 지망생 차이가 되어 비트를 타고, 세상 모든 게 음악에 싱크되는 세계에서 오합지졸 팀과 함께 사악한 거대 기업에 맞서 싸우세요. ‖ [Street Fighter 6] 시리즈 최신작 『Street Fighter 6』, 2023년 6월 2일 발매 결정! RE ENGINE으로 개발된 본 작품은 대형 모드 「World Tour」, 「Fighting Ground」, 「Battle Hub」로 구성되어 있다. 새로운 「스트리트 파이터」에는 지금까지의 시리즈에는 없었던 새로운 체험이 기다리고 있다.",Batman: Arkham Asylum Game of the Year Edition,"액션, 어드벤처","배트맨이 된다는 것이 어떤 것인지 경험하고, 고담의 엄청난 빌런들을 상대하세요. 아캄 수용소의 구석구석을 탐헌하고, 악명높은 섬을 자유롭게 돌아다니세요.",1,IRRELEVANT,
B0178,A31,Hearts of Iron IV / Europa Universalis IV / Sid Meier's Civilization® V,"시뮬레이션, 전략 / 시뮬레이션, 전략 / 전략","[Hearts of Iron IV] Victory is at your fingertips! Your ability to lead your nation is your supreme weapon, the strategy game Hearts of Iron IV lets you take command of any nation in World War II; the ‖ [Europa Universalis IV] 비교할 수 없는 자유도, 깊이 있는 스토리, 정확한 역사적 고증을 즐기며 국토를 다스리고 세계를 정복하세요. 세계 역사를 새롭게 쓰며 시대를 풍미할 제국을 만드세요. ‖ [Sid Meier's Civilization® V] Create, discover, and download new player-created maps, scenarios, interfaces, and more!",Last Regiment,"액션, 캐주얼, 인디, 대규모 멀티플레이어, 전략","Engage in epic simultaneous turn-based combat in this fusion of cards and turn-based strategy. Assemble your regiment, claim your territory, and lead your forces to triumph!",2,,
B0179,A10,A Short Hike / ISLANDERS / Gorogoa,"어드벤처, 인디 / 캐주얼, 인디, 전략 / 어드벤처, 캐주얼, 인디","[A Short Hike] Hike, climb, and soar through the peaceful mountainside landscapes of Hawk Peak Provincial Park as you make your way to the summit. ‖ [ISLANDERS] ISLANDERS is a minimalist strategy game about building cities on colorful islands. ‖ [Gorogoa] Gorogoa(고로고아)는 Jason Roberts가 디자인하고 일러스트레이션을 손으로 그린 아름다운 차세대 퍼즐 게임입니다.",Sky Tale,"캐주얼, 전략",Sky Tale is a cute city building game about creating lovely islands using various tiles and buildings.,3,,
B0180,A22,Deck of Ashes / Dicefolk / Cubic Cosmos,"어드벤처, 인디, RPG, 전략 / 캐주얼, 인디, 전략 / 전략","[Deck of Ashes] 덱 오브 애쉬즈(Deck of Ashes)는 전술 카드 전투를 벌이는 어드벤처 게임입니다. 한 번에 한 캐릭터씩 안티히어로 일행을 이끌어 속죄의 여행을 떠나보세요. 저주받은 판타지 세계를 탐험하며 강력한 카드를 찾아보세요. 독특한 전투 덱을 형성하여 적들을 무찌르세요! 잿빛 저주의 세계를 제거하실 수 있겠습니까? ‖ [Dicefolk] 마법 주사위의 힘을 휘두르고 강력한 키메라 팀을 구축해보세요! 수수께끼의 악을 멈추기 위한 택티컬 덱빌딩 로그라이트 모험이 다가오고 있습니다. 키메라 소환사로서, 신화적인 짐승들을 모집하고 완벽한 팀을 만들고, 다이스포크만의 독특한 주사위 메커니즘을 활용하여 승리로 이끌어주세요. ‖ [Cubic Cosmos] Cubic Cosmos is a thrilling fast-paced roguelike card game. You have been trapped in a deadly game. One wrong move could see you reduced to a plaything of the goddess. Can you free",StarVaders,"어드벤처, 인디, 전략","덱 빌딩과 그리드 기반 전술의 궁극적인 융합을 바탕으로 강력한 메크를 조종해 외계 침공에 맞서 싸우세요. 무한 반복 플레이가 가능한 이 로그라이크에서 게임의 판도를 뒤집는 콤보를 발견하고, 시간을 되돌려 운명을 바꾸고, 인류의 미래를 지켜내세요.",3,,
B0181,A20,Counter-Strike 2 / PUBG: BATTLEGROUNDS / 톰 클랜시의 레인보우식스 시즈,"액션, 무료 플레이 / 액션, 어드벤처, 대규모 멀티플레이어, 무료 플레이 / 액션, 무료 플레이","[Counter-Strike 2] Counter-Strike는 20년이 넘는 시간 동안 전 세계 수백만 명의 플레이어가 모여 수준 높은 경쟁을 펼칠 수 있는 플랫폼을 제공해 왔습니다. 그리고 이제 곧 Counter-Strike 2와 함께 새로운 CS 시대의 막이 열립니다. ‖ [PUBG: BATTLEGROUNDS] 배틀로얄 유행의 시작이자, 그 정수를 보여준 PUBG: 배틀그라운드를 지금 무료로 플레이하세요! 다양한 맵에 낙하하여 무기와 보급품을 확보하고, 점점 줄어드는 블루존 속에서 끝까지 살아남아 승리를 쟁취하세요. ‖ [톰 클랜시의 레인보우식스 시즈] 톰 클랜시의 레인보우식스 시즈는 탁월한 계획과 기술이 승부를 좌우하는 전술적인 정예 팀 기반 슈팅 게임입니다.",生死狙击2,"액션, 어드벤처, 대규모 멀티플레이어, 무료 플레이",Battle Teams 2 is a fast-paced multiplayer tactical shooter with Asian aesthetics. PvP offers action-packed game modes set in a rigorously balanced competitive gameplay environment. Cooperative PvE gameplay throws you and your friends into wave after wave of merciless adversaries.,3,,
B0182,A26,RimWorld / Oxygen Not Included / Unpacking 언패킹,"인디, 시뮬레이션, 전략 / 인디, 시뮬레이션 / 캐주얼, 인디, 시뮬레이션","[RimWorld] 지능형 AI 이야기꾼이 주도하는 공상과학 정착지 시뮬레이터입니다. 심리, 생태, 총격전과 근접전, 날씨, 기후, 외교, 사람 사이의 관계, 예술, 의학, 무역, 그 외 많은 것들을 시뮬레이션하여 이야기를 생성합니다. ‖ [Oxygen Not Included] Oxygen Not Included는 우주 콜로니 시뮬레이션 게임입니다. 외계의 우주 암석 깊은 곳에서 근면한 일꾼들은 생존하고 나아가 번영하기 위해 과학을 마스터하고, 낯선 새로운 생명체에 맞서며, 경이로운 우주 테크놀로지를 활용해야 합니다. ‖ [Unpacking 언패킹] Unpacking은 상자에서 짐을 꺼내 새집에 맞게 배치하는 친숙한 체험에 대한 명상적 퍼즐 게임입니다. 게임의 일부인 블록 맞추기 게임과 집 꾸미기를 하는 동안, 푸는 짐에 닮긴 삶의 실마리를 찾아가며 만족할 만한 생활 공간을 만들어 보세요.",Packit List,"캐주얼, 인디, 시뮬레이션","Packit List는 1시간만에 클리어 가능한 가벼운, 여고생 ‘하나’의 꿈 같은 모험을 다룬 정리 퍼즐 게임입니다. 다양한 테마의 물건을 작은 가방 안에 정리해야 하는 그녀의 여정에 동참하세요.",3,,
B0183,A27,The Raven Remastered / The Frostrune / Mad Experiments: Escape Room,"어드벤처 / 어드벤처 / 어드벤처, 캐주얼, 인디, 시뮬레이션, 전략","[The Raven Remastered] London, 1964. An ancient ruby is stolen from the British Museum. At the crime scene: a raven feather. Is somebody trying to follow in the footsteps of The Raven, the legendary mast ‖ [The Frostrune] Unravel a mystery inspired by Viking myth and legend in The Frostrune, a classic point-and-click adventure based on historically accurate Norse culture and environments. ‖ [Mad Experiments: Escape Room] 수상 후보에 오른 이스케이프 게임 1인 또는 최대 5인까지 플레이하며 3개의 독특한 방을 탐험하고, 두뇌를 자극하는 퍼즐을 풀며 체셔 교수와 그의 실험에 얽힌 어두운 비밀을 밝혀보세요.",Broken Sword 4 - the Angel of Death (2006),"어드벤처, 캐주얼, 인디","When a mysterious and beautiful woman rushes into George Stobbart’s office, pleading for help, he cannot know that he will be inextricably drawn into terrifying conspiracy, and a desperate search for a nefarious artifact of great and terrible power. For George, it looks like the world needs saving. ",3,,
B0184,A18,Euro Truck Simulator 2 / BeamNG.drive / 아세토 코르사 Assetto Corsa,"인디, 시뮬레이션 / 레이싱, 시뮬레이션, 앞서 해보기 / 인디, 레이싱, 시뮬레이션, 스포츠","[Euro Truck Simulator 2] 도로의 왕이 되어 인상적인 거리를 가로질러 중요한 화물을 배달하는 트럭 운전사가 되어 유럽을 여행하세요! 탐험할 도시가 수십 개나 되므로, 당신의 인내심, 기술, 속도가 모두 한계에 도달할 것입니다. ‖ [BeamNG.drive] 뭐든지 할 수 있는 동적 소프트 보디 물리 시뮬레이터입니다. ‖ [아세토 코르사 Assetto Corsa] 아세토 코르사(Assetto Corsa) v1.16은 새로운 레이저 스캔 트랙 ""라구나 세카(Laguna Seca)"" 및 기다리던 Alfa Romeo Giulia Quadrifoglio를 포함한 7개의 신차를 소개합니다! 체인지로그에서 더 자세한 내용을 확인하세요!",Coffin Dodgers,"액션, 캐주얼, 인디, 레이싱",전동 스쿠터를 개조하여 레이스에 출전하고 저승사자와 좀비 군단으로부터 영혼을 지켜내세요. 집에서 손수 만든 잡다한 무기와 장치들로 무장하여 13개의 유니크하고 신나는 트랙에서 펼쳐지는 레이스 전투에서 살아 남으세요. 과연 여러분은 실버타운의 마지막 생존자가 될 수 있을까요?,1,MODE_MISMATCH,
B0185,A16,The Talos Principle / Rust / Inscryption,"액션, 어드벤처, 인디 / 액션, 어드벤처, 인디, 대규모 멀티플레이어, RPG / 어드벤처, 인디, 전략","[The Talos Principle] 탈로스 법칙은 철학적 SF 소설의 전통을 따른 1인칭 퍼즐 게임입니다. 시리어스 샘을 개발한 크로팀에서 만들었으며, 톰 주버트(FTL, 더 스와퍼)와 조나스 카이라츠(바다는 모든 것을 요구한다.)가 스토리를 작성했습니다. ‖ [Rust] Rust에서의 목표는 오직 하나, 바로 살아남는 것입니다. 섬의 야생 동물, 다른 주민, 환경, 다른 생존자 모두가 여러분의 목숨을 노립니다. 하루 더 살아남을 수 있다면 수단과 방법을 가리지 마세요. ‖ [Inscryption] Inscryption은 검은 잉크로 그려진 카드를 기반으로 한 덱빌딩 로그라이크, 방탈출 퍼즐, 피가 흐르는 심리적 공포 등의 요소가 섞인 여정을 다룹니다. 카드에는 더 어두운 비밀이 새겨져 있습니다…",Out of Reach,"액션, 어드벤처, 인디, 대규모 멀티플레이어, RPG, 시뮬레이션","폭풍우는 지나갔지만 아직 당신은 위험에서 벗어나지 못 했습니다. 파도가 당신을 미지의 섬에 밀어 넣었기 때문이죠. 먹을 것과 자원을 찾고, 장비를 제작하며 머무를 곳을 만드는 것은 가장 기본적인 생존 수단일 뿐입니다. 완벽한 생존을 위해서는 더 많은 노력이 필요합니다. 비록 세상과 동떨어져 있지만, 이곳은 황폐한 곳이 아닙니다. 씨를 심고 밭을 일구며, 배를 타고 끝 없는 탐험이 가능한 이곳, 잊혀진 섬에서 새로운 세상을 개척해 봅시다!",2,,
B0186,A23,Vomitoreum / Tales of Kenzera™: ZAU / Shantae: Half-Genie Hero,"액션, 어드벤처, 인디 / 액션, 어드벤처, 인디 / 액션, 어드벤처, 인디","[Vomitoreum] Vomitoreum is an FPS Metroidvania with a focus on atmosphere and horror, inspired by the paintings of Zdzisław Beksiński. ‖ [Tales of Kenzera™: ZAU] 샤먼의 춤을 추세요. 아버지의 영혼을 되찾으세요. Surgent Studios가 제작한 메트로이드바니아 스타일의 어드벤처 게임 Tales of Kenzera™: ZAU에서 죽음의 신과 함께 아름답고 위험한 켄제라의 땅으로 용감하게 모험을 떠나세요. ‖ [Shantae: Half-Genie Hero] Shantae embarks on her first full HD adventure! When a mysterious crime wave sweeps Sequin Land, it’s up to Half-Genie Hero Shantae to save the day! Use Shantae’s devastating Hair-",EMUUROM,"어드벤처, 인디","생물 관찰 메트로이드바니아. 영원히 사라지기 전에 고대의 낙원을 탐험하세요. EMUUROM 생물을 관찰하고, EMUUDEX에 기록하고, 배운 것으로 새로운 길을 열어가세요.",3,,
B0187,A11,Forza Horizon 5 / Hi-Fi RUSH / Street Fighter 6,"액션, 어드벤처, 레이싱, 시뮬레이션, 스포츠 / 액션 / 액션, 어드벤처","[Forza Horizon 5] 세계 최고의 자동차를 타고 생동감 넘치는 멕시코의 대자연을 탐험하며 재미있는 드라이빙 액션을 마음껏 즐겨보세요. ‖ [Hi-Fi RUSH] 아케이드 챌린지! 업데이트!로 추가되는 두 개의 신규 게임 모드에서 여러분의 능력을 시험하고, 새로운 보상을 획득해 보세요. 몇 가지 비밀도 숨어 있답니다! 락 스타 지망생 차이가 되어 비트를 타고, 세상 모든 게 음악에 싱크되는 세계에서 오합지졸 팀과 함께 사악한 거대 기업에 맞서 싸우세요. ‖ [Street Fighter 6] 시리즈 최신작 『Street Fighter 6』, 2023년 6월 2일 발매 결정! RE ENGINE으로 개발된 본 작품은 대형 모드 「World Tour」, 「Fighting Ground」, 「Battle Hub」로 구성되어 있다. 새로운 「스트리트 파이터」에는 지금까지의 시리즈에는 없었던 새로운 체험이 기다리고 있다.",Ultra Street Fighter® IV,액션,최고의 대전 격투 게임이 새로운 수준의 Ultra Street Fighter IV으로 탄생했습니다.,3,,
B0188,A34,Pid / ChromaGun / Deer & Boy,"어드벤처, 인디 / 액션, 어드벤처, 인디 / 액션, 어드벤처, 인디","[Pid] You are stranded on a strange and peculiar planet. It’s time to embark on your journey and find your way home! Explore a gravity defying and challenging platformer with striking vi ‖ [ChromaGun] Welcome to ChromaTec’s test lab! You’re here to test our state-of-the-art military-grade color-technology: The ChromaGun (patent pending)! Use it to solve our meticulously designed ‖ [Deer & Boy] 도망친 소년은 길 잃은 어린 사슴을 만나 고요하면서도 위태로운 세상을 함께 헤쳐 나갑니다. 퍼즐을 풀고, 높은 곳에 오르고, 위협을 피해 나아가며 당신의 동료는 연약한 아기 사슴에서 어엿한 사슴으로 성장하죠. 혼자서는 할 수 없었던 일을 함께 해내는 법을 배우게 됩니다.",Little Nightmares II,어드벤처,"『리틀 나이트메어 2』는 서스펜스 어드벤처 게임으로, 여러분은 사악한 전파로 인해 왜곡된 세계에 갇힌 어린 소년 모노를 플레이하게 됩니다. 새로운 친구 식스와 함께, 모노는 전파의 근원지를 파헤치기 위해 발걸음을 옮깁니다.",3,,
B0189,A02,Still Life / Jenny LeClue - Detectivu / Telling Lies,"어드벤처 / 액션, 어드벤처, 캐주얼, 인디 / 어드벤처, 인디, 시뮬레이션",[Still Life] Still Life 2 also now available! ‖ [Jenny LeClue - Detectivu] Jenny LeClue - Detectivu는 조사와 선택지로 가득한 스릴 넘치는 미스터리 어드벤처 게임입니다. ‖ [Telling Lies] 네 명의 삶. 그리고 하나의 큰 거짓말. 아무도 모르게 녹화된 은밀한 대화를 들으며 진실을 알아내십시오. 큰 호평을 받았던 Her Story의 계승작입니다.,Promenade,"어드벤처, 인디","Go on an adventure in a world packed with secrets helped by your friend, a poulp with many abilities. Explore, solve puzzles, wander across dungeons, blast through races and much more in this cute game inspired by the best 3D platformers",0,IRRELEVANT,
B0190,A06,Cities: Skylines / Factorio / Farming Simulator 22,"시뮬레이션, 전략 / 캐주얼, 인디, 시뮬레이션, 전략 / 시뮬레이션","[Cities: Skylines] Cities: Skylines is a modern take on the classic city simulation. The game introduces new game play elements to realize the thrill and hardships of creating and maintaining a real  ‖ [Factorio] Factorio는 무한한 2D 세상에서 복잡성이 증가하는 아이템을 생산하기 위해 자동화 공장을 만드는 게임입니다. - 당신의 상상력으로 공장을 설계, 독창적인 방법으로 간단한 요소를 결합하고 마지막엔 당신을 좋아하지 않는 생물들로 부터 공장을 지키세요. ‖ [Farming Simulator 22] 농장을 만들고 농사를 즐기세요! 작물을 수확하고, 동물을 돌보고, 생산을 관리하고, 계절에 따른 어려움을 이겨내세요.",Anno 2070™,전략,"Build your society of the future, colonize islands, and create sprawling megacities with multitudes of buildings, vehicles, and resources to manage.",3,,
B0191,A11,Forza Horizon 5 / Hi-Fi RUSH / Street Fighter 6,"액션, 어드벤처, 레이싱, 시뮬레이션, 스포츠 / 액션 / 액션, 어드벤처","[Forza Horizon 5] 세계 최고의 자동차를 타고 생동감 넘치는 멕시코의 대자연을 탐험하며 재미있는 드라이빙 액션을 마음껏 즐겨보세요. ‖ [Hi-Fi RUSH] 아케이드 챌린지! 업데이트!로 추가되는 두 개의 신규 게임 모드에서 여러분의 능력을 시험하고, 새로운 보상을 획득해 보세요. 몇 가지 비밀도 숨어 있답니다! 락 스타 지망생 차이가 되어 비트를 타고, 세상 모든 게 음악에 싱크되는 세계에서 오합지졸 팀과 함께 사악한 거대 기업에 맞서 싸우세요. ‖ [Street Fighter 6] 시리즈 최신작 『Street Fighter 6』, 2023년 6월 2일 발매 결정! RE ENGINE으로 개발된 본 작품은 대형 모드 「World Tour」, 「Fighting Ground」, 「Battle Hub」로 구성되어 있다. 새로운 「스트리트 파이터」에는 지금까지의 시리즈에는 없었던 새로운 체험이 기다리고 있다.",V-Rally 4,레이싱,"전설적인 오프로드 레이싱 게임이 돌아옵니다! 익스트림 스포츠를 경험하며 가혹한 환경에서 드라이빙 시뮬레이션의 전문가가 되세요. 랠리와 랠리크로스, 드리프트, 버기, 힐 클라임 등의 도전을 이겨내고, 전 대륙을 누비는 멋진 여정을 떠나세요.",2,,
B0192,A07,Into the Breach / Monster Train / Mini Metro,"인디, RPG, 시뮬레이션, 전략 / 전략 / 인디, 시뮬레이션, 전략","[Into the Breach] 미래의 강력한 메크를 조종하여 외계 세력을 물리치세요. 이 턴제 전략 게임에서는 세계를 구하려 시도할 때마다 무작위로 새롭게 생성되는 도전이 여러분 앞에 나타납니다. ‖ [Monster Train] Monster Train is a strategic roguelike deck building game with a twist. Set on a train to hell, you’ll use tactical decision making to defend multiple vertical battlegrounds. With  ‖ [Mini Metro] 미니 메트로는 성장하는 도시를 위해 지하철 노선을 설계하는 게임입니다. 역과 역 사이에 노선을 그려서 열차 운행을 시작하세요. 새로운 역이 열리면 노선을 수정해서 노선도를 효율적으로 유지하세요. 한정된 자원을 어느 곳에 사용할 것인지 결정하세요. 도시를 얼마나 오래 유지할 수 있을까요?",Chris Sawyer's Locomotion™,"시뮬레이션, 전략",Explore a vast and detailed world and build a Transportation Empire!,2,,
B0193,A28,Dordogne / A YEAR OF SPRINGS / Botany Manor,"어드벤처, 인디 / 캐주얼, 인디, 시뮬레이션 / 어드벤처","[Dordogne] 이 유년 시절의 여정에서 특별한 내러티브에 몰입하며 도르도뉴의 수천 가지 여름의 색을 탐험하고, 추억을 떠올리며 가족의 비밀을 밝히세요. ‖ [A YEAR OF SPRINGS] 세 명의 여성, 세 개의 이야기, 세 개의 봄. 세 명의 친구들이 사랑, 공감, 그리고 단지 함께하고 싶어하는 감정에 대한 방향을 찾아나가는 3 부작 비주얼 노벨 A YEAR OF SPRINGS 에서 하루, 에리카, 마나미의 이야기를 체험하세요. ‖ [Botany Manor] Welcome to Botany Manor, a stately home in 19th century England. You play as inhabitant Arabella Greene, a retired botanist. Explore your house and gardens, filled with research, t",Fate of Dynasty,"어드벤처, 인디","A short lore exploration puzzle game inspired by walking simulators such as Gone Home, Dear Esther, and Layers of Fear.",3,,
B0194,A07,Into the Breach / Monster Train / Mini Metro,"인디, RPG, 시뮬레이션, 전략 / 전략 / 인디, 시뮬레이션, 전략","[Into the Breach] 미래의 강력한 메크를 조종하여 외계 세력을 물리치세요. 이 턴제 전략 게임에서는 세계를 구하려 시도할 때마다 무작위로 새롭게 생성되는 도전이 여러분 앞에 나타납니다. ‖ [Monster Train] Monster Train is a strategic roguelike deck building game with a twist. Set on a train to hell, you’ll use tactical decision making to defend multiple vertical battlegrounds. With  ‖ [Mini Metro] 미니 메트로는 성장하는 도시를 위해 지하철 노선을 설계하는 게임입니다. 역과 역 사이에 노선을 그려서 열차 운행을 시작하세요. 새로운 역이 열리면 노선을 수정해서 노선도를 효율적으로 유지하세요. 한정된 자원을 어느 곳에 사용할 것인지 결정하세요. 도시를 얼마나 오래 유지할 수 있을까요?",Anomaly Collapse,"인디, 전략","Command a squad of adorably fierce warriors in Anomaly Collapse, a turn-based Roguelite strategy game that offers a fresh twist to an old formula! Face off against otherworldly beings and uncover the dark secrets of supernatural calamities. Immerse yourself in a story where every move counts!",3,,
B0195,A10,A Short Hike / ISLANDERS / Gorogoa,"어드벤처, 인디 / 캐주얼, 인디, 전략 / 어드벤처, 캐주얼, 인디","[A Short Hike] Hike, climb, and soar through the peaceful mountainside landscapes of Hawk Peak Provincial Park as you make your way to the summit. ‖ [ISLANDERS] ISLANDERS is a minimalist strategy game about building cities on colorful islands. ‖ [Gorogoa] Gorogoa(고로고아)는 Jason Roberts가 디자인하고 일러스트레이션을 손으로 그린 아름다운 차세대 퍼즐 게임입니다.",DungeonUp,"어드벤처, 인디, 전략",A challenging rogue-like puzzler inspired by the classic Tower of the Sorcerer. Play as a human knight who fights his way out of a deep dungeon by slaying monsters and solving intricate puzzles.,1,IRRELEVANT,
B0196,A28,Dordogne / A YEAR OF SPRINGS / Botany Manor,"어드벤처, 인디 / 캐주얼, 인디, 시뮬레이션 / 어드벤처","[Dordogne] 이 유년 시절의 여정에서 특별한 내러티브에 몰입하며 도르도뉴의 수천 가지 여름의 색을 탐험하고, 추억을 떠올리며 가족의 비밀을 밝히세요. ‖ [A YEAR OF SPRINGS] 세 명의 여성, 세 개의 이야기, 세 개의 봄. 세 명의 친구들이 사랑, 공감, 그리고 단지 함께하고 싶어하는 감정에 대한 방향을 찾아나가는 3 부작 비주얼 노벨 A YEAR OF SPRINGS 에서 하루, 에리카, 마나미의 이야기를 체험하세요. ‖ [Botany Manor] Welcome to Botany Manor, a stately home in 19th century England. You play as inhabitant Arabella Greene, a retired botanist. Explore your house and gardens, filled with research, t",라이자의 아틀리에 ~어둠의 여왕과 비밀의 은신처~ DX,"액션, 어드벤처, 캐주얼, RPG, 시뮬레이션","아직 밝혀지지 비밀을 ""찾아"" 떠나는 소년 소녀들의 이야기",1,GENRE_ONLY,
B0197,A25,DOOMBLADE / Transiruby / Blast Brigade vs. the Evil Legion of Dr. Cread,"액션, 어드벤처, 인디 / 액션 / 액션, 어드벤처, 인디","[DOOMBLADE] Deep underground, Gloom Girl discovers DOOMBLADE, a sentient weapon hellbent on escape after eons in chains. Together, “Doom and Gloom” embark on a vengeful quest to unlock the pow ‖ [Transiruby] 차원 대륙의 의문을 풀어라! 는 사이보그 소녀 실비가 검과 엘리먼트 샷으로 적을 쓰러뜨리며 앞으로 나아가는 탐색형 액션 게임입니다! ‖ [Blast Brigade vs. the Evil Legion of Dr. Cread] 스릴 넘치는 플랫포밍과 깊이 있는 탐험 세계, 폭발적인 액션으로 가득한 2D 메트로이드배니아 어드벤처 게임을 즐겨보세요! Blast Brigade에서 영웅들로 팀을 구성해 세계를 구하세요!",TetherGeist,"액션, 어드벤처, 인디",도전적이면서도 감성적이고 정밀한 플랫포머 게임을 만나보세요. 유체이탈 능력을 활용해 위험천만한 성년의 순례를 완수하세요. 정교한 조작을 익히고 도전을 극복하며 영혼의 인도를 따라 여정을 끝마치세요.,2,,
B0198,A17,Lethal Company / Phasmophobia / Deep Rock Galactic,"액션, 어드벤처, 인디, 앞서 해보기 / 액션, 인디, 앞서 해보기 / 액션","[Lethal Company] A co-op horror about scavenging at abandoned moons to sell scrap to the Company. ‖ [Phasmophobia] Phasmophobia is a 4 player online co-op psychological horror. Paranormal activity is on the rise and it’s up to you and your team to use all the ghost-hunting equipment at your dis ‖ [Deep Rock Galactic] 딥 락 갤럭틱은 1-4인의 플레이어가 협동하는 FPS 게임으로, 상남자 우주 드워프, 100% 파괴 가능한 맵 환경, 절차적 생성 동굴 지형, 그리고 끊임없이 등장하는 외계 괴물 무리가 특징입니다.",LockYourDoor,"액션, 어드벤처",도전적인 협동 공포 게임 (1~4인). 실종된 친구 Darvin을 찾고 있습니다. 살아남기 위해서라면 무엇이든 하세요. 인내심 있고 영리한 자만이 살아남을 수 있습니다.,3,,
B0199,A35,Project Zomboid / Don't Starve / The Forest,"인디, RPG, 시뮬레이션, 앞서 해보기 / 어드벤처, 인디, 시뮬레이션 / 액션, 어드벤처, 인디, 시뮬레이션","[Project Zomboid] Project Zomboid is the ultimate in zombie survival. Alone or in MP: you loot, build, craft, fight, farm and fish in a struggle to survive. A hardcore RPG skillset, a vast map, mass ‖ [Don't Starve] Don’t Starve is an uncompromising wilderness survival game full of science and magic. Enter a strange and unexplored world full of strange creatures, dangers, and surprises. Gather ‖ [The Forest] As the lone survivor of a passenger jet crash, you find yourself in a mysterious forest battling to stay alive against a society of cannibalistic mutants. Build, explore, survive i",DeadPoly,"액션, 어드벤처, 캐주얼, 인디, 대규모 멀티플레이어, RPG, 앞서 해보기","DeadPoly is a polygon arcade zombie survival looter shooter with base building, crafting, scavenging, leveling, questing, and more, but your only goal is survival, everything else is optional.",3,,
B0200,A17,Lethal Company / Phasmophobia / Deep Rock Galactic,"액션, 어드벤처, 인디, 앞서 해보기 / 액션, 인디, 앞서 해보기 / 액션","[Lethal Company] A co-op horror about scavenging at abandoned moons to sell scrap to the Company. ‖ [Phasmophobia] Phasmophobia is a 4 player online co-op psychological horror. Paranormal activity is on the rise and it’s up to you and your team to use all the ghost-hunting equipment at your dis ‖ [Deep Rock Galactic] 딥 락 갤럭틱은 1-4인의 플레이어가 협동하는 FPS 게임으로, 상남자 우주 드워프, 100% 파괴 가능한 맵 환경, 절차적 생성 동굴 지형, 그리고 끊임없이 등장하는 외계 괴물 무리가 특징입니다.",R.E.P.O.,"액션, 앞서 해보기","An online co-op horror game with up to 6 players. Locate valuable, fully physics-based objects and handle them with care as you retrieve and extract to satisfy your creator's desires.",3,,
B0201,A23,Vomitoreum / Tales of Kenzera™: ZAU / Shantae: Half-Genie Hero,"액션, 어드벤처, 인디 / 액션, 어드벤처, 인디 / 액션, 어드벤처, 인디","[Vomitoreum] Vomitoreum is an FPS Metroidvania with a focus on atmosphere and horror, inspired by the paintings of Zdzisław Beksiński. ‖ [Tales of Kenzera™: ZAU] 샤먼의 춤을 추세요. 아버지의 영혼을 되찾으세요. Surgent Studios가 제작한 메트로이드바니아 스타일의 어드벤처 게임 Tales of Kenzera™: ZAU에서 죽음의 신과 함께 아름답고 위험한 켄제라의 땅으로 용감하게 모험을 떠나세요. ‖ [Shantae: Half-Genie Hero] Shantae embarks on her first full HD adventure! When a mysterious crime wave sweeps Sequin Land, it’s up to Half-Genie Hero Shantae to save the day! Use Shantae’s devastating Hair-",Wonder Boy: The Dragon's Trap,"액션, 어드벤처, 인디","Boasting beautiful, hand-drawn animations and a re-orchestrated soundtrack, the cult classic returns with a unique blend of exploration, action, and adventure!",3,,
B0202,A15,서브노티카 / The Long Dark / No Man's Sky,"어드벤처, 인디 / 어드벤처, 인디, 시뮬레이션, 전략 / 액션, 어드벤처","[서브노티카] 위험과 경이로움이 가득한 외계의 바다 속으로 내려가세요. 장비를 제작하고, 잠수함을 조종하며 야생 생물보다 앞서가세요. 우거진 산호초, 화산, 동굴 같은 많은 장소들을 탐험하세요. 물론 살아남는 걸 잊으면 안 되겠죠. ‖ [The Long Dark] The Long Dark는 깊은 생각을 요구하는 탐험 생존 게임입니다. 플레이어는 지구 자기장 이상으로 인한 대재앙이 휩쓸고 간 세상에서 혼자 드넓은 설원 황무지를 탐험하며 살아남아야 합니다. 좀비는 등장하지 않으며 오직 플레이어와 추위, 그리고 자연 속의 위험들만 존재합니다. 고요한 종말의 세상에 오신 것을 환영합니다. ‖ [No Man's Sky] No Man's Sky는 무한히 펼쳐지는 우주에서의 탐험과 생존을 그린 SF 게임입니다.",Northern Lights,"인디, 시뮬레이션, 앞서 해보기","Northern Lights 는 북극 툰드라의 극한 환경을 배경으로 하는 오픈 월드 생존 시뮬레이션입니다. 생존을 위해 실제 생존 기술을 사용하여 자원을 모으고, 제작하고, 사냥을 하면서 체력과 정신을 관리해야 합니다. 신비한 섬에서 살아남을 수 있을까요?""",3,,
B0203,A05,Opus Magnum,"인디, 시뮬레이션","[Opus Magnum] Opus Magnum은 SpaceChem, Infinifactory, SHENZHEN I/O를 제작한 Zachtronics의 신작 퍼즐게임입니다. 연금술사들의 최첨단 도구인 변성 기관을 이용해 물약과 독을 만들어내는 기계들을 설계하고 만들어 내세요!",JOY OF PROGRAMMING - Software Engineering Simulator,"인디, 시뮬레이션, 전략","Use real Python code to automate machines, robots, drones and more: Program self-driving vehicles; crack passwords; apply machine learning; automate logistics; use image processing to guide missiles. Gain real coding skills and solve exciting bite-sized programming challenges.",3,,
B0204,A08,Sid Meier’s Civilization® VI / XCOM® 2 / Stellaris,"전략 / 전략 / 시뮬레이션, 전략","[Sid Meier’s Civilization® VI] 문명 VI 에서는 새로운 방식으로 세상과 소통하고, 제국의 영토를 확장시키며, 문화를 발전시키고, 역사속 위대한 지도자들에 맞서 오래도록 지속될 나만의 문명을 건설해볼 수 있습니다. 클레오파트라를 비롯한 20명의 역사 속 지도자들 중 한명으로 플레이 해보세요. ‖ [XCOM® 2] XCOM 2는 수상 경력이 있는 전략 게임 XCOM: Enemy Unknown의 속편입니다. 인류가 외계인 침략군에게 항복한 지 20년, 이제 지구 상에는 새로운 세계 질서가 존재합니다. 수년간을 어둠 속에서 숨어 있었던 XCOM 부대는 반드시 일어나 외계인의 지배를 무너뜨릴 것입니다. ‖ [Stellaris] 항성간 여행을 통해 우주를 탐험하며 수많은 종족들도 만나보세요. 과학선을 보내 우주를 조사하고 탐험하면서 은하 제국을 건설하고, 건축선을 보내 새로 발견한 행성에 기지를 건설하세요. 소속 사회를 위한 탐험에 나서 매장된 보물과 은하계의 경이를 발견하고, 탐험가의 한계치와 진화 범위를 설정하세요. 동맹이 체결되고, 전쟁이 ",Sins of a Solar Empire II,"시뮬레이션, 전략","이 실시간 4X 전략 게임에서 은하계 지배를 위한 전투에 참여하세요! 군사력, 외교, 무역, 문화, 영향력 및 기타 간교한 전술을 통해 탐험하고, 확장하고, 착취하고, 소멸시킬 것입니다.",3,,
B0205,A09,Roots of Yggdrasil / Ancient Gods / Flick Shot Rogues,"인디, 전략 / RPG, 전략 / 인디, 전략","[Roots of Yggdrasil] Build settlements, explore the Nine Realms, collect artifacts and upgrade your deck to reach the top of Yggdrasil in this post-Ragnarok roguelike city-builder! Can you survive the  ‖ [Ancient Gods] Ancient Gods is a fusion of hero collector and deck-building rogue-lite where you collect your character, fight, and experience exciting events. Any character can use all the cards ‖ [Flick Shot Rogues] 계획하고, 조준하고, 쏘세요! FLICK SHOT ROGUES는 테이블 위에서 물건을 튕기는 촉각적 만족감과 사람들이 좋아하는 턴제 로그라이크의 전략적 깊이를 결합한 게임입니다. 말도 안되는 콤보를 연결하고, 캐릭터, 아이템, 스킬을 잠금 해제하면서, 섬을 정복하세요!",Darfall,"인디, RPG, 시뮬레이션, 전략","영웅 기반 RPG 도시 건설 게임 Darfall에서 영웅이 되어 마을을 지키며 성장시키세요! 낮에는 영웅의 힘을 기르고, 멋진 전리품을 찾고, 새 능력을 연마하고, 정착지를 개발해야 하며, 밤에는 언데드의 공격에서 살아남아야 합니다.",2,,
B0206,A02,Still Life / Jenny LeClue - Detectivu / Telling Lies,"어드벤처 / 액션, 어드벤처, 캐주얼, 인디 / 어드벤처, 인디, 시뮬레이션",[Still Life] Still Life 2 also now available! ‖ [Jenny LeClue - Detectivu] Jenny LeClue - Detectivu는 조사와 선택지로 가득한 스릴 넘치는 미스터리 어드벤처 게임입니다. ‖ [Telling Lies] 네 명의 삶. 그리고 하나의 큰 거짓말. 아무도 모르게 녹화된 은밀한 대화를 들으며 진실을 알아내십시오. 큰 호평을 받았던 Her Story의 계승작입니다.,Charm And Clue 2 Collector's Edition,캐주얼,"Charm & Clue 2 - detective puzzles, hidden clues, and secrets everywhere",2,,
B0207,A23,Vomitoreum / Tales of Kenzera™: ZAU / Shantae: Half-Genie Hero,"액션, 어드벤처, 인디 / 액션, 어드벤처, 인디 / 액션, 어드벤처, 인디","[Vomitoreum] Vomitoreum is an FPS Metroidvania with a focus on atmosphere and horror, inspired by the paintings of Zdzisław Beksiński. ‖ [Tales of Kenzera™: ZAU] 샤먼의 춤을 추세요. 아버지의 영혼을 되찾으세요. Surgent Studios가 제작한 메트로이드바니아 스타일의 어드벤처 게임 Tales of Kenzera™: ZAU에서 죽음의 신과 함께 아름답고 위험한 켄제라의 땅으로 용감하게 모험을 떠나세요. ‖ [Shantae: Half-Genie Hero] Shantae embarks on her first full HD adventure! When a mysterious crime wave sweeps Sequin Land, it’s up to Half-Genie Hero Shantae to save the day! Use Shantae’s devastating Hair-",Noreya: The Gold Project,"액션, 어드벤처, 인디",프레네틱 메트로이드바니아로 빠져들어 신들 사이의 전투에 참여하며 목적을 달성하기 위해 타락한 금과 정화된 빛 중에서 선택해야 합니다.,3,,
B0208,A17,Lethal Company / Phasmophobia / Deep Rock Galactic,"액션, 어드벤처, 인디, 앞서 해보기 / 액션, 인디, 앞서 해보기 / 액션","[Lethal Company] A co-op horror about scavenging at abandoned moons to sell scrap to the Company. ‖ [Phasmophobia] Phasmophobia is a 4 player online co-op psychological horror. Paranormal activity is on the rise and it’s up to you and your team to use all the ghost-hunting equipment at your dis ‖ [Deep Rock Galactic] 딥 락 갤럭틱은 1-4인의 플레이어가 협동하는 FPS 게임으로, 상남자 우주 드워프, 100% 파괴 가능한 맵 환경, 절차적 생성 동굴 지형, 그리고 끊임없이 등장하는 외계 괴물 무리가 특징입니다.",Ghost Watchers,어드벤처,Ghost Watchers는 협동 온라인 공포 게임입니다. 버려진 집에서 유령들을 찾아서 잡아야 합니다,3,,
B0209,A03,Balatro / Hades / Vampire Survivors,"캐주얼, 인디, 전략 / 액션, 인디, RPG / 액션, 캐주얼, 인디, RPG","[Balatro] 포커 로그라이크 게임. Balatro는 불법 포커 패로 게임을 하고, 판을 뒤엎는 조커를 발견하고, 아드레날린이 치솟는 강력한 콤보를 만드는 덱 빌딩 게임입니다. ‖ [Hades] Bastion, Transistor, Pyre의 제작사에서 선보이는 이 로그라이크 던전 탐색형 게임에서 핵 앤 슬래시로 지하 세계를 탈출하고 죽음의 신에게 도전하세요. ‖ [Vampire Survivors] 수많은 어둠의 피조물을 쓰러뜨리며 새벽이 올 때까지 생존하세요! Vampire Survivors는 로그라이트 요소를 갖춘 고딕 호러 케주얼 게임입니다. 당신의 선택으로 순식간에 수백 마리의 괴물이 눈덩이처럼 불어날 수 있죠.",Roguebook,"어드벤처, 인디, RPG, 전략",Magic: The Gathering™을 만든 Richard Garfield와 Faeria 개발진의 독특한 메커니즘으로 진행되는 로그라이크 덱 빌더에 도전하세요. 두 영웅으로 구성된 팀을 만들어 강력한 콤보를 발휘하고 Roguebook의 전설에게 승리하세요!,3,,
B0210,A19,ELDEN RING / Disco Elysium - The Final Cut / Outer Wilds,"액션, RPG / RPG / 액션, 어드벤처","[ELDEN RING] 본 게임은 본격적인 다크 판타지 세계를 무대로 한 액션 RPG입니다. 드넓은 필드와 던전 탐험을 통해 미지의 것들을 발견해 보세요. 앞길을 막아서는 난관과 그것을 극복했을 때의 달성감, 그리고 등장인물들의 의도가 교착하는 군상극도 즐기실 수 있습니다. ‖ [Disco Elysium - The Final Cut] 디스코 엘리시움 - 최종판은 획기적인 오픈 월드 롤플레잉 게임입니다. 당신은 독특한 스킬 시스템을 갖춘 형사로서 오롯한 도시 블록을 당신의 미래를 닦기 위해 다듬을 수 있습니다. 잊지 못할 등장인물들을 심문하거나, 살인 사건을 해결하거나, 뇌물을 받으세요. 영웅이 되거나 인류의 완전한 재앙이 되세요. ‖ [Outer Wilds] Giant Bomb, Polygon, Eurogamer, The Guardian에 의해 2019년 올해의 게임에 이름을 올리며 냉정한 호평과 수상 실적이 있는 Outer Wilds는 무한 시간 루프에 갇힌 태양계에 관한 공개된 세계의 미스터리 게임입니다.",The Falconeer: Revolution Remaster,"액션, 어드벤처, 인디, RPG, 시뮬레이션",1인 개발자 Tomas Sala가 선보이는 이 BAFTA 수상 후보작 게임에서 거대한 전투 매를 타고 하늘을 가르며 아름다운 바다를 탐험하고 놀라운 공중전을 펼치세요.,1,GENRE_ONLY,
B0211,A29,Salt and Sanctuary,"액션, 인디, RPG","[Salt and Sanctuary] 두렵고도 잔혹한 섬의 탐험을 시작합니다… Salt and Sanctuary는 신속하고, 잔인하며, 복잡한 전투 시스템을 지닌 2D RPG입니다. 저주받은 도시의 잊힌 영역이나, 피에 물든 던전이나, 오염된 기념비와 같은 장소를 돌아다니며, 한때 축복을 받았지만 지금은 타락하고 만 영주들을 조우하세요.",Alaloth: Champions of The Four Kingdoms,"액션, 어드벤처, 인디, RPG, 전략","A hardcore high fantasy isometric action RPG set in a huge sandbox world ruled by magic and monsters. Master deep skill-based combat, forge powerful builds, explore unforgiving lands and dungeons, face brutal boss fights, uncover ancient secrets, and save Plamen from its inevitable doom!",3,,
B0212,A07,Into the Breach / Monster Train / Mini Metro,"인디, RPG, 시뮬레이션, 전략 / 전략 / 인디, 시뮬레이션, 전략","[Into the Breach] 미래의 강력한 메크를 조종하여 외계 세력을 물리치세요. 이 턴제 전략 게임에서는 세계를 구하려 시도할 때마다 무작위로 새롭게 생성되는 도전이 여러분 앞에 나타납니다. ‖ [Monster Train] Monster Train is a strategic roguelike deck building game with a twist. Set on a train to hell, you’ll use tactical decision making to defend multiple vertical battlegrounds. With  ‖ [Mini Metro] 미니 메트로는 성장하는 도시를 위해 지하철 노선을 설계하는 게임입니다. 역과 역 사이에 노선을 그려서 열차 운행을 시작하세요. 새로운 역이 열리면 노선을 수정해서 노선도를 효율적으로 유지하세요. 한정된 자원을 어느 곳에 사용할 것인지 결정하세요. 도시를 얼마나 오래 유지할 수 있을까요?",메크 아르마,"인디, 전략","이 포스트 아포칼립스 전술 턴제 로그라이트 게임에서 커스텀 메크에게 군단을 능가할 수 있도록 명령을 내려 보세요. 지형을 활용하고, 각 메크만의 독특한 스킬을 익히며, 전략과 자원을 사용해 끊임없이 변화되는 전투에서 살아남아 인류에게 희망을 안겨보세요.",3,,
B0213,A22,Deck of Ashes / Dicefolk / Cubic Cosmos,"어드벤처, 인디, RPG, 전략 / 캐주얼, 인디, 전략 / 전략","[Deck of Ashes] 덱 오브 애쉬즈(Deck of Ashes)는 전술 카드 전투를 벌이는 어드벤처 게임입니다. 한 번에 한 캐릭터씩 안티히어로 일행을 이끌어 속죄의 여행을 떠나보세요. 저주받은 판타지 세계를 탐험하며 강력한 카드를 찾아보세요. 독특한 전투 덱을 형성하여 적들을 무찌르세요! 잿빛 저주의 세계를 제거하실 수 있겠습니까? ‖ [Dicefolk] 마법 주사위의 힘을 휘두르고 강력한 키메라 팀을 구축해보세요! 수수께끼의 악을 멈추기 위한 택티컬 덱빌딩 로그라이트 모험이 다가오고 있습니다. 키메라 소환사로서, 신화적인 짐승들을 모집하고 완벽한 팀을 만들고, 다이스포크만의 독특한 주사위 메커니즘을 활용하여 승리로 이끌어주세요. ‖ [Cubic Cosmos] Cubic Cosmos is a thrilling fast-paced roguelike card game. You have been trapped in a deadly game. One wrong move could see you reduced to a plaything of the goddess. Can you free",Doomspire,"어드벤처, 캐주얼, 인디, RPG","Descend into the Doomspire, a fast-paced roguelike deckbuilder where every run is different. Build wild synergies, battle unique bosses, and push deeper into the tower. Easy to pick up, endlessly replayable, and built for players who love strategy with chaos.",3,,
B0214,A17,Lethal Company / Phasmophobia / Deep Rock Galactic,"액션, 어드벤처, 인디, 앞서 해보기 / 액션, 인디, 앞서 해보기 / 액션","[Lethal Company] A co-op horror about scavenging at abandoned moons to sell scrap to the Company. ‖ [Phasmophobia] Phasmophobia is a 4 player online co-op psychological horror. Paranormal activity is on the rise and it’s up to you and your team to use all the ghost-hunting equipment at your dis ‖ [Deep Rock Galactic] 딥 락 갤럭틱은 1-4인의 플레이어가 협동하는 FPS 게임으로, 상남자 우주 드워프, 100% 파괴 가능한 맵 환경, 절차적 생성 동굴 지형, 그리고 끊임없이 등장하는 외계 괴물 무리가 특징입니다.",Scavenge Protocol,"액션, 어드벤처, 인디, 앞서 해보기","Land on strange planets, loot valuable junk, dodge deadly creatures, convert scrap into energy, and desperately attempt to survive with your friends in this co-op horror adventure.",3,,
B0215,A32,Hardspace: Shipbreaker / Hacknet / The Case of the Golden Idol / 방 탈출 시뮬레이터 / shapez 2 - Factory,"시뮬레이션 / 인디, 시뮬레이션 / 어드벤처, 인디 / 어드벤처, 캐주얼, 인디, 시뮬레이션 / 캐주얼, 인디, 시뮬레이션, 전략","[Hardspace: Shipbreaker] Equipped with cutting-edge salvaging tech, carve & slice spaceships to recover valuable materials. Upgrade your gear to take on more lucrative contracts and pay your billion credit ‖ [Hacknet] Hacknet은 터미널 기반의 몰입형 해킹 시뮬레이터입니다. 최근에 사망한, 그러나 언론 보도와는 달리 사고로 사망하지 않은 해커의 지시에 따라 진실을 추척하십시오. ‖ [The Case of the Golden Idol] A new kind of detective game that allows you to think and investigate freely. Discover clues surrounding 12 strange and gruesome deaths and build your own theory. Pick your suspect ‖ [방 탈출 시뮬레이터] Escape Simulator는 단독 또는 온라인 협동 플레이가 가능한 1인칭 퍼즐 게임입니다. 점점 더 많아지는, 고도의 상호 작용이 가능한 방탈출 세트를 탐험하세요. 가구를 옮기고, 모든 것을 집어 들고 검사하고, 냄비를 부수고 자물쇠를 부수세요! 레벨 편집기를 통해 커뮤니티가 만든 방을 지원합니다. ‖ [shapez 2 - Factory] 공장 건설 게임에 빠져들어 보세요. 단 한 가지에 집중하세요. 대규모 우주 공장을 건설하는 것! 방대하게 펼쳐지는 다층 공장과 만족스러운 생산 라인을 무제한으로 설계하세요. 계속해서 어려워지는 자동화 목표를 적의 위협 없이 자신만의 속도로 달성하세요.",Archean,"인디, 시뮬레이션, 앞서 해보기","Gather resources, craft components, build vehicles, and code their logic in a physics-driven engineering sandbox and full scale space sim.",3,,
B0216,A09,Roots of Yggdrasil / Ancient Gods / Flick Shot Rogues,"인디, 전략 / RPG, 전략 / 인디, 전략","[Roots of Yggdrasil] Build settlements, explore the Nine Realms, collect artifacts and upgrade your deck to reach the top of Yggdrasil in this post-Ragnarok roguelike city-builder! Can you survive the  ‖ [Ancient Gods] Ancient Gods is a fusion of hero collector and deck-building rogue-lite where you collect your character, fight, and experience exciting events. Any character can use all the cards ‖ [Flick Shot Rogues] 계획하고, 조준하고, 쏘세요! FLICK SHOT ROGUES는 테이블 위에서 물건을 튕기는 촉각적 만족감과 사람들이 좋아하는 턴제 로그라이크의 전략적 깊이를 결합한 게임입니다. 말도 안되는 콤보를 연결하고, 캐릭터, 아이템, 스킬을 잠금 해제하면서, 섬을 정복하세요!",Deliverance & Reign,"인디, RPG, 전략","Join a gothic battle where Good confronts Evil using roguelike deckbuilding mechanics. Play as either side, invading Alaric's Castle, or as Alaric himself defending against the invading heroes!",3,,
B0217,A26,RimWorld / Oxygen Not Included / Unpacking 언패킹,"인디, 시뮬레이션, 전략 / 인디, 시뮬레이션 / 캐주얼, 인디, 시뮬레이션","[RimWorld] 지능형 AI 이야기꾼이 주도하는 공상과학 정착지 시뮬레이터입니다. 심리, 생태, 총격전과 근접전, 날씨, 기후, 외교, 사람 사이의 관계, 예술, 의학, 무역, 그 외 많은 것들을 시뮬레이션하여 이야기를 생성합니다. ‖ [Oxygen Not Included] Oxygen Not Included는 우주 콜로니 시뮬레이션 게임입니다. 외계의 우주 암석 깊은 곳에서 근면한 일꾼들은 생존하고 나아가 번영하기 위해 과학을 마스터하고, 낯선 새로운 생명체에 맞서며, 경이로운 우주 테크놀로지를 활용해야 합니다. ‖ [Unpacking 언패킹] Unpacking은 상자에서 짐을 꺼내 새집에 맞게 배치하는 친숙한 체험에 대한 명상적 퍼즐 게임입니다. 게임의 일부인 블록 맞추기 게임과 집 꾸미기를 하는 동안, 푸는 짐에 닮긴 삶의 실마리를 찾아가며 만족할 만한 생활 공간을 만들어 보세요.",위스퍼 오브 더 하우스: 잠꼬대마을 이야기,"캐주얼, 인디, 시뮬레이션","《위스퍼 오브 더 하우스: 잠꼬대마을 이야기》는 정리와 꾸미기를 주제로 하는 아늑한 힐링 게임입니다. 마을 주민들의 이사, 정리, 청소를 돕는 다양한 의뢰를 수행하세요. 여러분의 부드러운 손길이 그들의 삶에 변화를 가져오고, 어쩌면 마을에 숨겨진 비밀스러운 이야기도 발견하게 될지 모릅니다.",3,,
B0218,A09,Roots of Yggdrasil / Ancient Gods / Flick Shot Rogues,"인디, 전략 / RPG, 전략 / 인디, 전략","[Roots of Yggdrasil] Build settlements, explore the Nine Realms, collect artifacts and upgrade your deck to reach the top of Yggdrasil in this post-Ragnarok roguelike city-builder! Can you survive the  ‖ [Ancient Gods] Ancient Gods is a fusion of hero collector and deck-building rogue-lite where you collect your character, fight, and experience exciting events. Any character can use all the cards ‖ [Flick Shot Rogues] 계획하고, 조준하고, 쏘세요! FLICK SHOT ROGUES는 테이블 위에서 물건을 튕기는 촉각적 만족감과 사람들이 좋아하는 턴제 로그라이크의 전략적 깊이를 결합한 게임입니다. 말도 안되는 콤보를 연결하고, 캐릭터, 아이템, 스킬을 잠금 해제하면서, 섬을 정복하세요!",Die in the Dungeon,"인디, RPG, 전략","카드가 아닌 주사위를 쓰는 덱 빌딩 턴제 기반 로그라이크 게임에서 전투를 하며 수수께끼로 가득한 던전을 탐험하세요! 보드 위에서 강력한 주사위를 조합하고, 마력이 담긴 유물로 주사위 효과를 증폭하여 적과 맞서세요. 예상치 못한 적과의 조우에서 좋은 눈이 나오기를 기대하며 운을 하늘에 맡겨보세요.",3,,
B0219,A23,Vomitoreum / Tales of Kenzera™: ZAU / Shantae: Half-Genie Hero,"액션, 어드벤처, 인디 / 액션, 어드벤처, 인디 / 액션, 어드벤처, 인디","[Vomitoreum] Vomitoreum is an FPS Metroidvania with a focus on atmosphere and horror, inspired by the paintings of Zdzisław Beksiński. ‖ [Tales of Kenzera™: ZAU] 샤먼의 춤을 추세요. 아버지의 영혼을 되찾으세요. Surgent Studios가 제작한 메트로이드바니아 스타일의 어드벤처 게임 Tales of Kenzera™: ZAU에서 죽음의 신과 함께 아름답고 위험한 켄제라의 땅으로 용감하게 모험을 떠나세요. ‖ [Shantae: Half-Genie Hero] Shantae embarks on her first full HD adventure! When a mysterious crime wave sweeps Sequin Land, it’s up to Half-Genie Hero Shantae to save the day! Use Shantae’s devastating Hair-",OVERWHELM,"액션, 인디","You're outnumbered, low on ammunition and the paranoia sets in. This is an action horror-world where enemies get power-ups and you don’t.",2,,
B0220,A13,Death's Door / Children of Morta / Roboquest / Spelunky 2 / Nuclear Throne / Streets of Rogue / Neon Abyss / Curse of the Dead Gods / Rogue Legacy 2 / Have a Nice Death,"액션, 어드벤처, 인디, RPG / 액션, 어드벤처, 인디, RPG / 액션, 인디 / 액션, 인디 / 액션, 인디, RPG / 액션, 어드벤처, 인디, RPG / 액션, 어드벤처, 인디, RPG / 액션, 어드벤처 / 액션, 어드벤처, 인디, RPG / 액션, 인디","[Death's Door] 죽은 자의 영혼을 수확하고 시간을 끝내는 것은 단조로울 수 있지만 까마귀에겐 평범한 일입니다. 하지만 주어진 영혼을 도둑맞게 되면 변화가 일어납니다. 영혼을 도난하고 죽음의 손길이 닿지 않는 영역으로 도망친 절망적인 도둑을 추적하십시오. ‖ [Children of Morta] Children of Morta는 비범한 가족 영웅에 대한 스토리 중심의 액션 RPG 게임입니다. 다가오는 부패에 맞서 모든 결함과 미덕을 갖춘 베르그송 가를 이끄세요. 여러분은 여러분이 아끼는 사람들을 구하기 위해 모든 것을 희생할 수 있으신가요? ‖ [Roboquest] 로보퀘스트는 멸망한 미래 세계의 빠른 FPS 로그라이트입니다. 당신은 재부팅된 수호자로, 강철 궁둥짝을 걷어 찰 준비를 하세요! 혼자서 혹은 친구와 함께 맞서거나 끊임없이 변화하는 환경에서 치명적인 로봇 군단을 섬멸하세요. ‖ [Spelunky 2] Spelunky 2 builds upon the unique, randomized challenges that made the original a roguelike classic, offering a huge adventure designed to satisfy players old and new. Meet the nex ‖ [Nuclear Throne] Nuclear Throne은 포스트 아포칼립스 세계관의 로그라이크 스타일 탑다운 슈터입니다. 여기서 말하는 포스트 아포칼립스는 '인류의 마지막 희망'이 남아 있는 세계가 아니라, '인류는 멸종했고 이제 돌연변이와 괴물들이 세상을 돌아다니는' 그런 세계입니다. 과연 당신은 뉴클리어 쓰론에 도달할 수 있을까요? ‖ [Streets of Rogue] 싸워서 몰래 들어가 임의 생성된 도시를 공격하세요. Nuclear Throne은 무법천지 GTA와 Deus Ex가 혼합된 형태입니다. Rogue-lite가 몰입도 높은 캐릭터를 만나 너무 재미있습니다. ‖ [Neon Abyss] Neon Abyss는 고속의 로그라이크 액션 플랫포머로, 하데스가 만든 '그림 스쿼드'의 일원이 되어 어비스로 총을 들고 뛰어드는 런 앤 건 게임입니다. 무한한 아이템 시너지와 던전 진화 시스템으로, 매번 게임을 할 때마다 다른 경험과 새로운 도전이 등장합니다. 진짜 지옥을 보여주세요! ‖ [Curse of the Dead Gods] 엄청난 부, 영원한 생명, 신성한 힘을 탐하는 마음이 당신을 끝없는 지옥 속의 미로, 치명적인 함정 및 몬스터가 우글거리는 이 저주받은 사원으로 이끌었습니다. ‖ [Rogue Legacy 2] 로그 레거시 2는 로그 레거시에 후속편을 끼얹은 작품입니다. 당신이 죽을 때마다 자식이 가업을 이어받습니다. 딸은 색맹 궁수이고 아들은 평화주의자 요리사일 수도 있죠. 어쨌거나 둘 중 한 명은 전장으로 나가야 합니다. ‖ [Have a Nice Death] Have a Nice Death는 과로에 고생하는 데스가 되어 플레이하는 2D 액션 로그라이크로, 통제 불능인 직원들 때문에 영혼의 균형과 데스의 휴가 계획이 틀어지고 말았습니다. 질서를 회복하려면 대낫을 들고 직원들과 서열 정리를 해야 합니다.",Vagante,"액션, 어드벤처, 인디, RPG, 무료 플레이","Vagante is an action-packed platformer that features permanent death and procedurally generated levels. Play cooperatively with friends both locally and online, or adventure solo in this challenging roguelike-inspired game.",3,,
B0221,A03,Balatro / Hades / Vampire Survivors,"캐주얼, 인디, 전략 / 액션, 인디, RPG / 액션, 캐주얼, 인디, RPG","[Balatro] 포커 로그라이크 게임. Balatro는 불법 포커 패로 게임을 하고, 판을 뒤엎는 조커를 발견하고, 아드레날린이 치솟는 강력한 콤보를 만드는 덱 빌딩 게임입니다. ‖ [Hades] Bastion, Transistor, Pyre의 제작사에서 선보이는 이 로그라이크 던전 탐색형 게임에서 핵 앤 슬래시로 지하 세계를 탈출하고 죽음의 신에게 도전하세요. ‖ [Vampire Survivors] 수많은 어둠의 피조물을 쓰러뜨리며 새벽이 올 때까지 생존하세요! Vampire Survivors는 로그라이트 요소를 갖춘 고딕 호러 케주얼 게임입니다. 당신의 선택으로 순식간에 수백 마리의 괴물이 눈덩이처럼 불어날 수 있죠.",梦境多人生存挑战,"액션, 캐주얼, 인디, RPG, 앞서 해보기","DreamSurvivors is an action roguelike game that supports both single-player and multiplayer modes. Players will embark on a journey in the mysterious dream world, embodying their inner heroes, and striving to survive amidst the relentless onslaught of nightmare creatures.",2,,
B0222,A14,Iron Brigade / Ancient Planet Tower Defense / Creeper World IXE,"액션, 전략 / 캐주얼, 인디, 전략 / 액션, 캐주얼, 인디, 시뮬레이션, 전략","[Iron Brigade] Join The Mobile Trench Brigade and protect humanity from the evil Monovision menace! ‖ [Ancient Planet Tower Defense] 고대 행성 타워 디펜스는 정통 타워 디펜스 게임입니다. 고대 문명의 요새가 외계 침략자들로부터 침략당했습니다. 고대의 강력한 기술을 사용하여 적군의 공격을 물리치십시오! ‖ [Creeper World IXE] The unstoppable alien force known as The Creeper has returned, devouring thousands of worlds in its path, and yours is next. Battle against the Creeper fluid in a groundbreaking pi",Cortex Command,"액션, 인디, 전략","Choose between different factions, with their own set of expendable soldiers, mechas, and weapons. Protect your brain, mine gold, and destroy the enemy cortex in his bunker complex!",2,,
B0223,A33,Garry's Mod / Team Fortress 2 / Left 4 Dead 2,"캐주얼, 인디, 시뮬레이션 / 액션, 무료 플레이 / 액션","[Garry's Mod] Garry's Mod is a physics sandbox. There aren't any predefined aims or goals. We give you the tools and leave you to play. ‖ [Team Fortress 2] 다양한 전술적 능력과 뚜렷한 개성을 갖춘 9가지 병과의 캐릭터를 플레이하세요. 끊임없이 업데이트되는 새로운 게임 모드, 맵, 장비 그리고 가장 중요한 모자까지 지금 바로 즐겨보세요! ‖ [Left 4 Dead 2] Set in the zombie apocalypse, Left 4 Dead 2 is a co-operative action horror FPS takes you and your friends through the cities, swamps and cemeteries of the Deep South, from Savanna",Monday Night Combat,"액션, 전략, 인디, 스포츠","Monday Night Combat is a class-based, third-person shooter… and the most popular lethal sport of the future!",3,,
B0224,A32,Hardspace: Shipbreaker / Hacknet / The Case of the Golden Idol / 방 탈출 시뮬레이터 / shapez 2 - Factory,"시뮬레이션 / 인디, 시뮬레이션 / 어드벤처, 인디 / 어드벤처, 캐주얼, 인디, 시뮬레이션 / 캐주얼, 인디, 시뮬레이션, 전략","[Hardspace: Shipbreaker] Equipped with cutting-edge salvaging tech, carve & slice spaceships to recover valuable materials. Upgrade your gear to take on more lucrative contracts and pay your billion credit ‖ [Hacknet] Hacknet은 터미널 기반의 몰입형 해킹 시뮬레이터입니다. 최근에 사망한, 그러나 언론 보도와는 달리 사고로 사망하지 않은 해커의 지시에 따라 진실을 추척하십시오. ‖ [The Case of the Golden Idol] A new kind of detective game that allows you to think and investigate freely. Discover clues surrounding 12 strange and gruesome deaths and build your own theory. Pick your suspect ‖ [방 탈출 시뮬레이터] Escape Simulator는 단독 또는 온라인 협동 플레이가 가능한 1인칭 퍼즐 게임입니다. 점점 더 많아지는, 고도의 상호 작용이 가능한 방탈출 세트를 탐험하세요. 가구를 옮기고, 모든 것을 집어 들고 검사하고, 냄비를 부수고 자물쇠를 부수세요! 레벨 편집기를 통해 커뮤니티가 만든 방을 지원합니다. ‖ [shapez 2 - Factory] 공장 건설 게임에 빠져들어 보세요. 단 한 가지에 집중하세요. 대규모 우주 공장을 건설하는 것! 방대하게 펼쳐지는 다층 공장과 만족스러운 생산 라인을 무제한으로 설계하세요. 계속해서 어려워지는 자동화 목표를 적의 위협 없이 자신만의 속도로 달성하세요.",Nancy Drew®: Message in a Haunted Mansion,어드벤처,Discover who — or what — is behind the mysterious accidents in a house full of secrets!,2,,
B0225,A13,Death's Door / Children of Morta / Roboquest / Spelunky 2 / Nuclear Throne / Streets of Rogue / Neon Abyss / Curse of the Dead Gods / Rogue Legacy 2 / Have a Nice Death,"액션, 어드벤처, 인디, RPG / 액션, 어드벤처, 인디, RPG / 액션, 인디 / 액션, 인디 / 액션, 인디, RPG / 액션, 어드벤처, 인디, RPG / 액션, 어드벤처, 인디, RPG / 액션, 어드벤처 / 액션, 어드벤처, 인디, RPG / 액션, 인디","[Death's Door] 죽은 자의 영혼을 수확하고 시간을 끝내는 것은 단조로울 수 있지만 까마귀에겐 평범한 일입니다. 하지만 주어진 영혼을 도둑맞게 되면 변화가 일어납니다. 영혼을 도난하고 죽음의 손길이 닿지 않는 영역으로 도망친 절망적인 도둑을 추적하십시오. ‖ [Children of Morta] Children of Morta는 비범한 가족 영웅에 대한 스토리 중심의 액션 RPG 게임입니다. 다가오는 부패에 맞서 모든 결함과 미덕을 갖춘 베르그송 가를 이끄세요. 여러분은 여러분이 아끼는 사람들을 구하기 위해 모든 것을 희생할 수 있으신가요? ‖ [Roboquest] 로보퀘스트는 멸망한 미래 세계의 빠른 FPS 로그라이트입니다. 당신은 재부팅된 수호자로, 강철 궁둥짝을 걷어 찰 준비를 하세요! 혼자서 혹은 친구와 함께 맞서거나 끊임없이 변화하는 환경에서 치명적인 로봇 군단을 섬멸하세요. ‖ [Spelunky 2] Spelunky 2 builds upon the unique, randomized challenges that made the original a roguelike classic, offering a huge adventure designed to satisfy players old and new. Meet the nex ‖ [Nuclear Throne] Nuclear Throne은 포스트 아포칼립스 세계관의 로그라이크 스타일 탑다운 슈터입니다. 여기서 말하는 포스트 아포칼립스는 '인류의 마지막 희망'이 남아 있는 세계가 아니라, '인류는 멸종했고 이제 돌연변이와 괴물들이 세상을 돌아다니는' 그런 세계입니다. 과연 당신은 뉴클리어 쓰론에 도달할 수 있을까요? ‖ [Streets of Rogue] 싸워서 몰래 들어가 임의 생성된 도시를 공격하세요. Nuclear Throne은 무법천지 GTA와 Deus Ex가 혼합된 형태입니다. Rogue-lite가 몰입도 높은 캐릭터를 만나 너무 재미있습니다. ‖ [Neon Abyss] Neon Abyss는 고속의 로그라이크 액션 플랫포머로, 하데스가 만든 '그림 스쿼드'의 일원이 되어 어비스로 총을 들고 뛰어드는 런 앤 건 게임입니다. 무한한 아이템 시너지와 던전 진화 시스템으로, 매번 게임을 할 때마다 다른 경험과 새로운 도전이 등장합니다. 진짜 지옥을 보여주세요! ‖ [Curse of the Dead Gods] 엄청난 부, 영원한 생명, 신성한 힘을 탐하는 마음이 당신을 끝없는 지옥 속의 미로, 치명적인 함정 및 몬스터가 우글거리는 이 저주받은 사원으로 이끌었습니다. ‖ [Rogue Legacy 2] 로그 레거시 2는 로그 레거시에 후속편을 끼얹은 작품입니다. 당신이 죽을 때마다 자식이 가업을 이어받습니다. 딸은 색맹 궁수이고 아들은 평화주의자 요리사일 수도 있죠. 어쨌거나 둘 중 한 명은 전장으로 나가야 합니다. ‖ [Have a Nice Death] Have a Nice Death는 과로에 고생하는 데스가 되어 플레이하는 2D 액션 로그라이크로, 통제 불능인 직원들 때문에 영혼의 균형과 데스의 휴가 계획이 틀어지고 말았습니다. 질서를 회복하려면 대낫을 들고 직원들과 서열 정리를 해야 합니다.",Kena: Bridge of Spirits,"액션, 어드벤처, 인디",탐험과 빠른 속도의 전투를 결합한 이야기 중심의 액션 어드벤처입니다. 신성한 산 사당을 찾아다니는 젊은 정령 안내원 케나 역할을 맡아 과거를 풀어보십시오. 케나의 사랑스러운(하지만 강력한) 영혼 동반자인 로트의 도움으로 잊혀진 마을에 갇힌 영혼들을 풀어주어야 합니다.,2,,
B0226,A03,Balatro / Hades / Vampire Survivors,"캐주얼, 인디, 전략 / 액션, 인디, RPG / 액션, 캐주얼, 인디, RPG","[Balatro] 포커 로그라이크 게임. Balatro는 불법 포커 패로 게임을 하고, 판을 뒤엎는 조커를 발견하고, 아드레날린이 치솟는 강력한 콤보를 만드는 덱 빌딩 게임입니다. ‖ [Hades] Bastion, Transistor, Pyre의 제작사에서 선보이는 이 로그라이크 던전 탐색형 게임에서 핵 앤 슬래시로 지하 세계를 탈출하고 죽음의 신에게 도전하세요. ‖ [Vampire Survivors] 수많은 어둠의 피조물을 쓰러뜨리며 새벽이 올 때까지 생존하세요! Vampire Survivors는 로그라이트 요소를 갖춘 고딕 호러 케주얼 게임입니다. 당신의 선택으로 순식간에 수백 마리의 괴물이 눈덩이처럼 불어날 수 있죠.",Board Poker,"캐주얼, 인디, 시뮬레이션, 전략, 무료 플레이","'패'가 아니라 '판'을 짜는 포커 로그라이크 덱빌더. 카드를 보드에 배치하면 가로·세로·대각선 라인이 한꺼번에 포커 족보로 계산됩니다. 규칙을 부수는 증강체를 쌓고, 폭발적인 콤보를 연결해, 골드를 쓸어 담으세요.",3,,
B0227,A08,Sid Meier’s Civilization® VI / XCOM® 2 / Stellaris,"전략 / 전략 / 시뮬레이션, 전략","[Sid Meier’s Civilization® VI] 문명 VI 에서는 새로운 방식으로 세상과 소통하고, 제국의 영토를 확장시키며, 문화를 발전시키고, 역사속 위대한 지도자들에 맞서 오래도록 지속될 나만의 문명을 건설해볼 수 있습니다. 클레오파트라를 비롯한 20명의 역사 속 지도자들 중 한명으로 플레이 해보세요. ‖ [XCOM® 2] XCOM 2는 수상 경력이 있는 전략 게임 XCOM: Enemy Unknown의 속편입니다. 인류가 외계인 침략군에게 항복한 지 20년, 이제 지구 상에는 새로운 세계 질서가 존재합니다. 수년간을 어둠 속에서 숨어 있었던 XCOM 부대는 반드시 일어나 외계인의 지배를 무너뜨릴 것입니다. ‖ [Stellaris] 항성간 여행을 통해 우주를 탐험하며 수많은 종족들도 만나보세요. 과학선을 보내 우주를 조사하고 탐험하면서 은하 제국을 건설하고, 건축선을 보내 새로 발견한 행성에 기지를 건설하세요. 소속 사회를 위한 탐험에 나서 매장된 보물과 은하계의 경이를 발견하고, 탐험가의 한계치와 진화 범위를 설정하세요. 동맹이 체결되고, 전쟁이 ",UFO2: Extraterrestrials,"RPG, 전략","Are strategy games with strong RPG elements your cup of tea? Did you enjoy games like Xcom: UFO Defence, the Fallout series, the Civilization series, the Heroes of Might and magic? And now you are looking for something new to satisfy your craving for turn-based fun?",3,,
B0228,A29,Salt and Sanctuary,"액션, 인디, RPG","[Salt and Sanctuary] 두렵고도 잔혹한 섬의 탐험을 시작합니다… Salt and Sanctuary는 신속하고, 잔인하며, 복잡한 전투 시스템을 지닌 2D RPG입니다. 저주받은 도시의 잊힌 영역이나, 피에 물든 던전이나, 오염된 기념비와 같은 장소를 돌아다니며, 한때 축복을 받았지만 지금은 타락하고 만 영주들을 조우하세요.",Egress,"액션, 인디, RPG","Fight for one of the many characters on the streets of Insmouth with monsters, obsessed with other adventurers! Keep your mind and stay alive on this madness island!",2,,
B0229,A17,Lethal Company / Phasmophobia / Deep Rock Galactic,"액션, 어드벤처, 인디, 앞서 해보기 / 액션, 인디, 앞서 해보기 / 액션","[Lethal Company] A co-op horror about scavenging at abandoned moons to sell scrap to the Company. ‖ [Phasmophobia] Phasmophobia is a 4 player online co-op psychological horror. Paranormal activity is on the rise and it’s up to you and your team to use all the ghost-hunting equipment at your dis ‖ [Deep Rock Galactic] 딥 락 갤럭틱은 1-4인의 플레이어가 협동하는 FPS 게임으로, 상남자 우주 드워프, 100% 파괴 가능한 맵 환경, 절차적 생성 동굴 지형, 그리고 끊임없이 등장하는 외계 괴물 무리가 특징입니다.",DEATH IN UNISON,"액션, 인디",Survive the world's deadliest psychopaths. Experience a unique 2-player co-op experience that puts your teamwork and communication to the test. Complete your duties alone or with a partner in a prison like no other.,3,,
B0230,A09,Roots of Yggdrasil / Ancient Gods / Flick Shot Rogues,"인디, 전략 / RPG, 전략 / 인디, 전략","[Roots of Yggdrasil] Build settlements, explore the Nine Realms, collect artifacts and upgrade your deck to reach the top of Yggdrasil in this post-Ragnarok roguelike city-builder! Can you survive the  ‖ [Ancient Gods] Ancient Gods is a fusion of hero collector and deck-building rogue-lite where you collect your character, fight, and experience exciting events. Any character can use all the cards ‖ [Flick Shot Rogues] 계획하고, 조준하고, 쏘세요! FLICK SHOT ROGUES는 테이블 위에서 물건을 튕기는 촉각적 만족감과 사람들이 좋아하는 턴제 로그라이크의 전략적 깊이를 결합한 게임입니다. 말도 안되는 콤보를 연결하고, 캐릭터, 아이템, 스킬을 잠금 해제하면서, 섬을 정복하세요!",Obsidian Prince,"인디, RPG, 전략","Fight through dungeons in a tactical, turn-based roguelike where choices have real consequences. Craft your backstory & inspiration decks & combine classes, skills & gear to create truly powerful heroes. Explore & rebuild Emalon in the campaign or top the highscore in a challenging roguelike mode.",3,,
B0231,A19,ELDEN RING / Disco Elysium - The Final Cut / Outer Wilds,"액션, RPG / RPG / 액션, 어드벤처","[ELDEN RING] 본 게임은 본격적인 다크 판타지 세계를 무대로 한 액션 RPG입니다. 드넓은 필드와 던전 탐험을 통해 미지의 것들을 발견해 보세요. 앞길을 막아서는 난관과 그것을 극복했을 때의 달성감, 그리고 등장인물들의 의도가 교착하는 군상극도 즐기실 수 있습니다. ‖ [Disco Elysium - The Final Cut] 디스코 엘리시움 - 최종판은 획기적인 오픈 월드 롤플레잉 게임입니다. 당신은 독특한 스킬 시스템을 갖춘 형사로서 오롯한 도시 블록을 당신의 미래를 닦기 위해 다듬을 수 있습니다. 잊지 못할 등장인물들을 심문하거나, 살인 사건을 해결하거나, 뇌물을 받으세요. 영웅이 되거나 인류의 완전한 재앙이 되세요. ‖ [Outer Wilds] Giant Bomb, Polygon, Eurogamer, The Guardian에 의해 2019년 올해의 게임에 이름을 올리며 냉정한 호평과 수상 실적이 있는 Outer Wilds는 무한 시간 루프에 갇힌 태양계에 관한 공개된 세계의 미스터리 게임입니다.",The Outer Worlds: Spacer's Choice Edition,"액션, 어드벤처, RPG","아우터 월드: Spacer’s Choice 에디션은 화려한 수상 경력을 자랑하는 Obsidian Entertainment와 Private Division의 RPG 게임을 즐길 최고의 방법입니다. 리마스터링된 아우터 월드에는 기본 게임과 모든 DLC가 포함되며, 최신 하드웨어로 플레이할 수 있도록 최적화된 이 게임의 최고 버전입니다.",3,,
B0232,A03,Balatro / Hades / Vampire Survivors,"캐주얼, 인디, 전략 / 액션, 인디, RPG / 액션, 캐주얼, 인디, RPG","[Balatro] 포커 로그라이크 게임. Balatro는 불법 포커 패로 게임을 하고, 판을 뒤엎는 조커를 발견하고, 아드레날린이 치솟는 강력한 콤보를 만드는 덱 빌딩 게임입니다. ‖ [Hades] Bastion, Transistor, Pyre의 제작사에서 선보이는 이 로그라이크 던전 탐색형 게임에서 핵 앤 슬래시로 지하 세계를 탈출하고 죽음의 신에게 도전하세요. ‖ [Vampire Survivors] 수많은 어둠의 피조물을 쓰러뜨리며 새벽이 올 때까지 생존하세요! Vampire Survivors는 로그라이트 요소를 갖춘 고딕 호러 케주얼 게임입니다. 당신의 선택으로 순식간에 수백 마리의 괴물이 눈덩이처럼 불어날 수 있죠.",Blood Card,"인디, 전략","이 카드 게임은 로그라이크와 덱 빌딩 장르의 요소를 혼합시켰습니다. 게임 도중, 당신은 고유한 덱을 짜기 위한 카드를 수집하고 점점 당신의 여정에 다가오는 적들을 그 덱으로 물리치기 위해 분투할 것입니다. 탈출하거나, 당신의 생명을 거두어 가기 위해 당신을 쫒는 사신을 물리쳐야 합니다.",3,,
B0233,A01,It Takes Two / Overcooked! 2 / What Remains of Edith Finch,"액션, 어드벤처 / 액션, 캐주얼, 인디 / 어드벤처, 인디","[It Takes Two] It Takes Two에서 생애 가장 정신없는 여정을 시작하세요. 친구가 무료로 참가할 수 있게 친구 패스*로 초대하고, 함께 힘을 합쳐서 수많은 유쾌하고 획기적인 게임 플레이 챌린지를 헤쳐나가세요. ‖ [Overcooked! 2] 혼란스러운 요리 액션으로 가득한 Overcooked가 돌아왔습니다! 양파 왕국으로 돌아가는 여행을 떠나세요. 클래식 협동 또는 온라인 플레이에서 셰프 팀을 만들어서 최대 4명까지 플레이하세요. 앞치마를 준비하세요... 다시 세상을 구할 때가 되었습니다! ‖ [What Remains of Edith Finch] What Remains of Edith Finch(워트 리메인스 오브 에디스 핀치)는 워싱턴 주에 있는 어느 가족에 대한 이상한 이야기의 모음입니다. 플레이어는 에디스가 되어 거대한 핀치 가택을 탐사하고, 가족사를 연구하며 이야기를 찾고, 왜 가족 중에서 그녀만 살아남았는지 알아내야 합니다. 각 이야기는 새로운 가족 구성",Fast Food Simulator,"인디, 시뮬레이션, 앞서 해보기","세상에서 가장 혼란스러운 장소에 오신 것을 환영합니다! 혼자 또는 최대 6명의 플레이어와 협동 플레이를 즐겨보세요. 패스트푸드 레스토랑을 운영하고 친구들과 협력하여 비즈니스를 확장하세요. 주문을 받고, 햄버거를 만들고, 고객을 상대하여 수입을 늘리세요.",3,,
B0234,A25,DOOMBLADE / Transiruby / Blast Brigade vs. the Evil Legion of Dr. Cread,"액션, 어드벤처, 인디 / 액션 / 액션, 어드벤처, 인디","[DOOMBLADE] Deep underground, Gloom Girl discovers DOOMBLADE, a sentient weapon hellbent on escape after eons in chains. Together, “Doom and Gloom” embark on a vengeful quest to unlock the pow ‖ [Transiruby] 차원 대륙의 의문을 풀어라! 는 사이보그 소녀 실비가 검과 엘리먼트 샷으로 적을 쓰러뜨리며 앞으로 나아가는 탐색형 액션 게임입니다! ‖ [Blast Brigade vs. the Evil Legion of Dr. Cread] 스릴 넘치는 플랫포밍과 깊이 있는 탐험 세계, 폭발적인 액션으로 가득한 2D 메트로이드배니아 어드벤처 게임을 즐겨보세요! Blast Brigade에서 영웅들로 팀을 구성해 세계를 구하세요!",Aeterna Noctis,"액션, 어드벤처, 인디","도전 의식을 북돋우는 수공예 2D 메트로이드바니아 게임으로, 치열한 전투 및 기술을 요하는 플랫폼 부분으로 이루어졌습니다. 독창적이고 서사적인 이야기에서 16가지 연결 구역을 거치며 King of Darkness가 힘을 되찾게 도와주어야 합니다. 16개의 연결된 지역의 엄청난 여정 속 암흑의 제왕이 되어보세요.",3,,
B0235,A10,A Short Hike / ISLANDERS / Gorogoa,"어드벤처, 인디 / 캐주얼, 인디, 전략 / 어드벤처, 캐주얼, 인디","[A Short Hike] Hike, climb, and soar through the peaceful mountainside landscapes of Hawk Peak Provincial Park as you make your way to the summit. ‖ [ISLANDERS] ISLANDERS is a minimalist strategy game about building cities on colorful islands. ‖ [Gorogoa] Gorogoa(고로고아)는 Jason Roberts가 디자인하고 일러스트레이션을 손으로 그린 아름다운 차세대 퍼즐 게임입니다.",Desktop Dungeons,"어드벤처, 캐주얼, 인디, RPG, 전략","Each step into the unknown heals you and reveals new obstacles as you guide fresh heros to glorious retirement or ignominious death. Master tactical spells, appease ancient gods and get rich through taxidermy in this award-winning quick-play puzzle-roguelike.",1,IRRELEVANT,
B0236,A06,Cities: Skylines / Factorio / Farming Simulator 22,"시뮬레이션, 전략 / 캐주얼, 인디, 시뮬레이션, 전략 / 시뮬레이션","[Cities: Skylines] Cities: Skylines is a modern take on the classic city simulation. The game introduces new game play elements to realize the thrill and hardships of creating and maintaining a real  ‖ [Factorio] Factorio는 무한한 2D 세상에서 복잡성이 증가하는 아이템을 생산하기 위해 자동화 공장을 만드는 게임입니다. - 당신의 상상력으로 공장을 설계, 독창적인 방법으로 간단한 요소를 결합하고 마지막엔 당신을 좋아하지 않는 생물들로 부터 공장을 지키세요. ‖ [Farming Simulator 22] 농장을 만들고 농사를 즐기세요! 작물을 수확하고, 동물을 돌보고, 생산을 관리하고, 계절에 따른 어려움을 이겨내세요.",Farm Manager World,"캐주얼, 인디, 시뮬레이션, 전략","Farm Manager World와 함께 농사 짓는 삶을 살아보세요! 활기찬 세계의 여러 지역에서 나만의 농장을 관리하고, 이국적인 작물을 재배하며 농업 비즈니스 제국을 건설하세요. 최고의 지속 가능한 농업에 오신 것을 환영합니다.",3,,
B0237,A20,Counter-Strike 2 / PUBG: BATTLEGROUNDS / 톰 클랜시의 레인보우식스 시즈,"액션, 무료 플레이 / 액션, 어드벤처, 대규모 멀티플레이어, 무료 플레이 / 액션, 무료 플레이","[Counter-Strike 2] Counter-Strike는 20년이 넘는 시간 동안 전 세계 수백만 명의 플레이어가 모여 수준 높은 경쟁을 펼칠 수 있는 플랫폼을 제공해 왔습니다. 그리고 이제 곧 Counter-Strike 2와 함께 새로운 CS 시대의 막이 열립니다. ‖ [PUBG: BATTLEGROUNDS] 배틀로얄 유행의 시작이자, 그 정수를 보여준 PUBG: 배틀그라운드를 지금 무료로 플레이하세요! 다양한 맵에 낙하하여 무기와 보급품을 확보하고, 점점 줄어드는 블루존 속에서 끝까지 살아남아 승리를 쟁취하세요. ‖ [톰 클랜시의 레인보우식스 시즈] 톰 클랜시의 레인보우식스 시즈는 탁월한 계획과 기술이 승부를 좌우하는 전술적인 정예 팀 기반 슈팅 게임입니다.",Multiplayer Shooter FPS,"액션, 대규모 멀티플레이어, 시뮬레이션, 스포츠, 전략",Multiplayer Shooter FPS is an advanced multiplayer first-person shooter game.,1,LOW_QUALITY,
B0238,A17,Lethal Company / Phasmophobia / Deep Rock Galactic,"액션, 어드벤처, 인디, 앞서 해보기 / 액션, 인디, 앞서 해보기 / 액션","[Lethal Company] A co-op horror about scavenging at abandoned moons to sell scrap to the Company. ‖ [Phasmophobia] Phasmophobia is a 4 player online co-op psychological horror. Paranormal activity is on the rise and it’s up to you and your team to use all the ghost-hunting equipment at your dis ‖ [Deep Rock Galactic] 딥 락 갤럭틱은 1-4인의 플레이어가 협동하는 FPS 게임으로, 상남자 우주 드워프, 100% 파괴 가능한 맵 환경, 절차적 생성 동굴 지형, 그리고 끊임없이 등장하는 외계 괴물 무리가 특징입니다.",Haunt Chaser,"액션, 어드벤처, 인디","Haunt Chaser is a 4 Player Co-Op horror game, can be played as a Single-Player too. Chasers need to use all the hunting equipment in order to banish the evil and save the poor souls from torment while uncovering deeply disturbing secrets. Also, there is a 4v1 party game mode.",3,,
B0239,A02,Still Life / Jenny LeClue - Detectivu / Telling Lies,"어드벤처 / 액션, 어드벤처, 캐주얼, 인디 / 어드벤처, 인디, 시뮬레이션",[Still Life] Still Life 2 also now available! ‖ [Jenny LeClue - Detectivu] Jenny LeClue - Detectivu는 조사와 선택지로 가득한 스릴 넘치는 미스터리 어드벤처 게임입니다. ‖ [Telling Lies] 네 명의 삶. 그리고 하나의 큰 거짓말. 아무도 모르게 녹화된 은밀한 대화를 들으며 진실을 알아내십시오. 큰 호평을 받았던 Her Story의 계승작입니다.,Black Mirror III,어드벤처,Help Darren continue his search to uncover his clouded past. What do his torturous nightmares really mean? Who is the mysterious person that posted the bail to set him free? What demons lie waiting in the crypt?,2,,
B0240,A24,Valheim / Grounded / My Time at Portia,"액션, 어드벤처, 인디, RPG, 앞서 해보기 / 액션, 어드벤처 / 어드벤처, 캐주얼, 인디, RPG, 시뮬레이션","[Valheim] 북구 신화와 바이킹 문화에 기반한 판타지 세계를 배경으로 펼쳐지는 생존 및 탐험 게임. ‖ [Grounded] The world is a vast, beautiful and dangerous place – especially when you have been shrunk to the size of an ant. Can you thrive alongside the hordes of giant insects, fighting to s ‖ [My Time at Portia] 아름다운 Portia 마을에서 새 삶을 시작하세요! 아버지가 방치한 작업장에서 제작을 부탁받고, 작물을 키우고, 가축을 기르고, 아름다운 세기말의 땅에서 특이한 친구들을 사귀며 작업장을 예전의 멋진 모습으로 복원하세요.",Feel The Snow,"액션, 어드벤처, 인디, 대규모 멀티플레이어, RPG, 시뮬레이션","Choose one of the characters and start your journey. The game has many interesting things in store: building, crafting, puzzles, bosses, mystery, laughs, quests etc.",2,,
B0241,A07,Into the Breach / Monster Train / Mini Metro,"인디, RPG, 시뮬레이션, 전략 / 전략 / 인디, 시뮬레이션, 전략","[Into the Breach] 미래의 강력한 메크를 조종하여 외계 세력을 물리치세요. 이 턴제 전략 게임에서는 세계를 구하려 시도할 때마다 무작위로 새롭게 생성되는 도전이 여러분 앞에 나타납니다. ‖ [Monster Train] Monster Train is a strategic roguelike deck building game with a twist. Set on a train to hell, you’ll use tactical decision making to defend multiple vertical battlegrounds. With  ‖ [Mini Metro] 미니 메트로는 성장하는 도시를 위해 지하철 노선을 설계하는 게임입니다. 역과 역 사이에 노선을 그려서 열차 운행을 시작하세요. 새로운 역이 열리면 노선을 수정해서 노선도를 효율적으로 유지하세요. 한정된 자원을 어느 곳에 사용할 것인지 결정하세요. 도시를 얼마나 오래 유지할 수 있을까요?",Mini Settlers,"인디, 시뮬레이션, 전략","Mini Settlers는 미니멀리스트 도시 건설 게임입니다! 섬에 정착하고, 도시를 건설하고, 효율적인 물류 네트워크를 디자인해서 건물들에 필요한 사항을 지원하고, 인구를 증가시켜 새로운 세계로 진출하세요.",3,,
B0242,A32,Hardspace: Shipbreaker / Hacknet / The Case of the Golden Idol / 방 탈출 시뮬레이터 / shapez 2 - Factory,"시뮬레이션 / 인디, 시뮬레이션 / 어드벤처, 인디 / 어드벤처, 캐주얼, 인디, 시뮬레이션 / 캐주얼, 인디, 시뮬레이션, 전략","[Hardspace: Shipbreaker] Equipped with cutting-edge salvaging tech, carve & slice spaceships to recover valuable materials. Upgrade your gear to take on more lucrative contracts and pay your billion credit ‖ [Hacknet] Hacknet은 터미널 기반의 몰입형 해킹 시뮬레이터입니다. 최근에 사망한, 그러나 언론 보도와는 달리 사고로 사망하지 않은 해커의 지시에 따라 진실을 추척하십시오. ‖ [The Case of the Golden Idol] A new kind of detective game that allows you to think and investigate freely. Discover clues surrounding 12 strange and gruesome deaths and build your own theory. Pick your suspect ‖ [방 탈출 시뮬레이터] Escape Simulator는 단독 또는 온라인 협동 플레이가 가능한 1인칭 퍼즐 게임입니다. 점점 더 많아지는, 고도의 상호 작용이 가능한 방탈출 세트를 탐험하세요. 가구를 옮기고, 모든 것을 집어 들고 검사하고, 냄비를 부수고 자물쇠를 부수세요! 레벨 편집기를 통해 커뮤니티가 만든 방을 지원합니다. ‖ [shapez 2 - Factory] 공장 건설 게임에 빠져들어 보세요. 단 한 가지에 집중하세요. 대규모 우주 공장을 건설하는 것! 방대하게 펼쳐지는 다층 공장과 만족스러운 생산 라인을 무제한으로 설계하세요. 계속해서 어려워지는 자동화 목표를 적의 위협 없이 자신만의 속도로 달성하세요.",Space Architect,"인디, 시뮬레이션, 전략","Space Architect에서 꿈의 우주 정거장을 설계하세요! 자동화의 힘을 마스터하거나 '고용'하여 점점 더 늘어나는 생산을 처리할 승무원 군단을 관리하세요. 소행성을 채굴하고, 상품을 제작하며, 우주 간 무역에 참여해 무서운 Big Evil Corp의 빚을 갚으세요. 광활한 우주에서 번영할 수 있을까요?",3,,
B0243,A16,The Talos Principle / Rust / Inscryption,"액션, 어드벤처, 인디 / 액션, 어드벤처, 인디, 대규모 멀티플레이어, RPG / 어드벤처, 인디, 전략","[The Talos Principle] 탈로스 법칙은 철학적 SF 소설의 전통을 따른 1인칭 퍼즐 게임입니다. 시리어스 샘을 개발한 크로팀에서 만들었으며, 톰 주버트(FTL, 더 스와퍼)와 조나스 카이라츠(바다는 모든 것을 요구한다.)가 스토리를 작성했습니다. ‖ [Rust] Rust에서의 목표는 오직 하나, 바로 살아남는 것입니다. 섬의 야생 동물, 다른 주민, 환경, 다른 생존자 모두가 여러분의 목숨을 노립니다. 하루 더 살아남을 수 있다면 수단과 방법을 가리지 마세요. ‖ [Inscryption] Inscryption은 검은 잉크로 그려진 카드를 기반으로 한 덱빌딩 로그라이크, 방탈출 퍼즐, 피가 흐르는 심리적 공포 등의 요소가 섞인 여정을 다룹니다. 카드에는 더 어두운 비밀이 새겨져 있습니다…",Deadside,"액션, 어드벤처, 인디, 대규모 멀티플레이어","An Open World Survival Shooter blending hardcore PVP and PVE action. Secure precious loot in safe zones or build your own fortress in the wild. With intense gunfights, stunning visuals, and performance smooth enough for any system, the challenge awaits!",3,,
B0244,A30,Stardew Valley / Slime Rancher / Raft,"인디, RPG, 시뮬레이션 / 액션, 어드벤처, 인디, 시뮬레이션 / 어드벤처, 인디, 시뮬레이션","[Stardew Valley] You've inherited your grandfather's old farm plot in Stardew Valley. Armed with hand-me-down tools and a few coins, you set out to begin your new life. Can you learn to live off th ‖ [Slime Rancher] 슬라임 랜쳐는 젊고 용감한 랜쳐, 베아트릭스 르뷰가 지구에서 1,000광년 떨어진 '머나먼 평야'에서 슬라임들과 씨름하며 생계를 꾸려나가는 이야기입니다. 긍정적인 마인드와 강인한 의지로 베아트릭스는 진공팩을 사용하여 끊임없이 말랑말랑하게 굴러나오는 슬라임들을 피하며 이름을 알리고, 부자가 되려 합니다. ‖ [Raft] Raft™ throws you and your friends into an epic oceanic adventure! Alone or together, players battle to survive a perilous voyage across a vast sea! Gather debris, scavenge reefs an",The Eternal Cylinder,"액션, 어드벤처","Trebhum이라고 불리는 귀여운 생명체 무리를 이끌며, 특이한 생명체와 초현실적인 환경으로 가득한 잊을 수 없는 외계 세상을 탐험하세요. 수십 가지의 변이를 발견하고 진화하여 새로운 영역으로 진출하고, 퍼즐을 풀고, 위험한 세상에서 살아남으세요.",2,,
B0245,A22,Deck of Ashes / Dicefolk / Cubic Cosmos,"어드벤처, 인디, RPG, 전략 / 캐주얼, 인디, 전략 / 전략","[Deck of Ashes] 덱 오브 애쉬즈(Deck of Ashes)는 전술 카드 전투를 벌이는 어드벤처 게임입니다. 한 번에 한 캐릭터씩 안티히어로 일행을 이끌어 속죄의 여행을 떠나보세요. 저주받은 판타지 세계를 탐험하며 강력한 카드를 찾아보세요. 독특한 전투 덱을 형성하여 적들을 무찌르세요! 잿빛 저주의 세계를 제거하실 수 있겠습니까? ‖ [Dicefolk] 마법 주사위의 힘을 휘두르고 강력한 키메라 팀을 구축해보세요! 수수께끼의 악을 멈추기 위한 택티컬 덱빌딩 로그라이트 모험이 다가오고 있습니다. 키메라 소환사로서, 신화적인 짐승들을 모집하고 완벽한 팀을 만들고, 다이스포크만의 독특한 주사위 메커니즘을 활용하여 승리로 이끌어주세요. ‖ [Cubic Cosmos] Cubic Cosmos is a thrilling fast-paced roguelike card game. You have been trapped in a deadly game. One wrong move could see you reduced to a plaything of the goddess. Can you free",사냥의 밤：소브린 신디케이트,"어드벤처, RPG, 전략","이 덱 빌딩 게임에서 수백 종의 독특한 카드로 수천 가지의 전술 체계를 구축하고, 역병으로 변이된 강력한 괴물에 맞서며 임무를 완수하세요. 자원을 수집하고 전략을 조정해 나가며 위기 속에서 숨겨진 진실을 밝혀내세요.",3,,
B0246,A17,Lethal Company / Phasmophobia / Deep Rock Galactic,"액션, 어드벤처, 인디, 앞서 해보기 / 액션, 인디, 앞서 해보기 / 액션","[Lethal Company] A co-op horror about scavenging at abandoned moons to sell scrap to the Company. ‖ [Phasmophobia] Phasmophobia is a 4 player online co-op psychological horror. Paranormal activity is on the rise and it’s up to you and your team to use all the ghost-hunting equipment at your dis ‖ [Deep Rock Galactic] 딥 락 갤럭틱은 1-4인의 플레이어가 협동하는 FPS 게임으로, 상남자 우주 드워프, 100% 파괴 가능한 맵 환경, 절차적 생성 동굴 지형, 그리고 끊임없이 등장하는 외계 괴물 무리가 특징입니다.",Warhammer: Vermintide 2,"액션, 인디, RPG",일인칭 협력 게임 장르의 수준을 높인 멋진 그래픽과 획기적인 전투 액션 게임으로 찬사를 받은 버민타이드의 후속작입니다. 지금 전투에 참여하세요!,3,,
B0247,A28,Dordogne / A YEAR OF SPRINGS / Botany Manor,"어드벤처, 인디 / 캐주얼, 인디, 시뮬레이션 / 어드벤처","[Dordogne] 이 유년 시절의 여정에서 특별한 내러티브에 몰입하며 도르도뉴의 수천 가지 여름의 색을 탐험하고, 추억을 떠올리며 가족의 비밀을 밝히세요. ‖ [A YEAR OF SPRINGS] 세 명의 여성, 세 개의 이야기, 세 개의 봄. 세 명의 친구들이 사랑, 공감, 그리고 단지 함께하고 싶어하는 감정에 대한 방향을 찾아나가는 3 부작 비주얼 노벨 A YEAR OF SPRINGS 에서 하루, 에리카, 마나미의 이야기를 체험하세요. ‖ [Botany Manor] Welcome to Botany Manor, a stately home in 19th century England. You play as inhabitant Arabella Greene, a retired botanist. Explore your house and gardens, filled with research, t",In Their Shoes,"어드벤처, 캐주얼, 인디","봄의 첫날부터, 겨울의 마지막 날까지, 일곱명의 인물들의 각각의 신발을 신고 삶의 가장 친밀한 순간을 살아보세요. 가장 특별한 환경은 평범한 삶 그 자체인 이 저예산 내러티브 게임에서 각 인물들의 생각을 탐험하고, 다음 발걸음을 선택하고 길을 만들어 보세요.",3,,
B0248,A17,Lethal Company / Phasmophobia / Deep Rock Galactic,"액션, 어드벤처, 인디, 앞서 해보기 / 액션, 인디, 앞서 해보기 / 액션","[Lethal Company] A co-op horror about scavenging at abandoned moons to sell scrap to the Company. ‖ [Phasmophobia] Phasmophobia is a 4 player online co-op psychological horror. Paranormal activity is on the rise and it’s up to you and your team to use all the ghost-hunting equipment at your dis ‖ [Deep Rock Galactic] 딥 락 갤럭틱은 1-4인의 플레이어가 협동하는 FPS 게임으로, 상남자 우주 드워프, 100% 파괴 가능한 맵 환경, 절차적 생성 동굴 지형, 그리고 끊임없이 등장하는 외계 괴물 무리가 특징입니다.",Risk of Rain 2,"액션, 인디","기괴한 괴물들과 싸우며 혼돈스러운 외계 행성을 탈출하세요. 친구들과 함께 해도 되고, 혼자 해도 좋습니다. 전리품들을 놀라운 방식으로 조합하고 각 캐릭터를 마스터하여 처음 불시착할 때 공포스러워했던 바로 그 존재가 되세요.",2,,
B0249,A02,Still Life / Jenny LeClue - Detectivu / Telling Lies,"어드벤처 / 액션, 어드벤처, 캐주얼, 인디 / 어드벤처, 인디, 시뮬레이션",[Still Life] Still Life 2 also now available! ‖ [Jenny LeClue - Detectivu] Jenny LeClue - Detectivu는 조사와 선택지로 가득한 스릴 넘치는 미스터리 어드벤처 게임입니다. ‖ [Telling Lies] 네 명의 삶. 그리고 하나의 큰 거짓말. 아무도 모르게 녹화된 은밀한 대화를 들으며 진실을 알아내십시오. 큰 호평을 받았던 Her Story의 계승작입니다.,Dex,"액션, 어드벤처, 인디, RPG","Dex is a 2D, side-scrolling, open-world cyberpunk RPG with a focus on exploration and non-linear gameplay.",1,IRRELEVANT,
B0250,A34,Pid / ChromaGun / Deer & Boy,"어드벤처, 인디 / 액션, 어드벤처, 인디 / 액션, 어드벤처, 인디","[Pid] You are stranded on a strange and peculiar planet. It’s time to embark on your journey and find your way home! Explore a gravity defying and challenging platformer with striking vi ‖ [ChromaGun] Welcome to ChromaTec’s test lab! You’re here to test our state-of-the-art military-grade color-technology: The ChromaGun (patent pending)! Use it to solve our meticulously designed ‖ [Deer & Boy] 도망친 소년은 길 잃은 어린 사슴을 만나 고요하면서도 위태로운 세상을 함께 헤쳐 나갑니다. 퍼즐을 풀고, 높은 곳에 오르고, 위협을 피해 나아가며 당신의 동료는 연약한 아기 사슴에서 어엿한 사슴으로 성장하죠. 혼자서는 할 수 없었던 일을 함께 해내는 법을 배우게 됩니다.",Color Phase,"액션, 캐주얼, 무료 플레이, 인디",Experience a colorful puzzle-platformer experience in Color Phase! Find and use different colors to interact with the world around you in a variety of different ways to reach your goal!,3,,
B0251,A06,Cities: Skylines / Factorio / Farming Simulator 22,"시뮬레이션, 전략 / 캐주얼, 인디, 시뮬레이션, 전략 / 시뮬레이션","[Cities: Skylines] Cities: Skylines is a modern take on the classic city simulation. The game introduces new game play elements to realize the thrill and hardships of creating and maintaining a real  ‖ [Factorio] Factorio는 무한한 2D 세상에서 복잡성이 증가하는 아이템을 생산하기 위해 자동화 공장을 만드는 게임입니다. - 당신의 상상력으로 공장을 설계, 독창적인 방법으로 간단한 요소를 결합하고 마지막엔 당신을 좋아하지 않는 생물들로 부터 공장을 지키세요. ‖ [Farming Simulator 22] 농장을 만들고 농사를 즐기세요! 작물을 수확하고, 동물을 돌보고, 생산을 관리하고, 계절에 따른 어려움을 이겨내세요.",天际都市物语,"캐주얼, 인디, 시뮬레이션, 전략","From barren land to towering metropolis, every decision you make shapes the destiny of your city. Industrial flow, global trade, surging land values, and growing wealth, offers deep management gameplay, perfect for players who love strategic city-building and economic simulation.",3,,
B0252,A06,Cities: Skylines / Factorio / Farming Simulator 22,"시뮬레이션, 전략 / 캐주얼, 인디, 시뮬레이션, 전략 / 시뮬레이션","[Cities: Skylines] Cities: Skylines is a modern take on the classic city simulation. The game introduces new game play elements to realize the thrill and hardships of creating and maintaining a real  ‖ [Factorio] Factorio는 무한한 2D 세상에서 복잡성이 증가하는 아이템을 생산하기 위해 자동화 공장을 만드는 게임입니다. - 당신의 상상력으로 공장을 설계, 독창적인 방법으로 간단한 요소를 결합하고 마지막엔 당신을 좋아하지 않는 생물들로 부터 공장을 지키세요. ‖ [Farming Simulator 22] 농장을 만들고 농사를 즐기세요! 작물을 수확하고, 동물을 돌보고, 생산을 관리하고, 계절에 따른 어려움을 이겨내세요.",Automation Empire,"인디, 시뮬레이션, 전략","Build and manage a massive industrial network of factories, mines, and farms. Employ a fleet of trains, trucks, and robotic drones. In the age of automation, efficiency is survival!",3,,
B0253,A03,Balatro / Hades / Vampire Survivors,"캐주얼, 인디, 전략 / 액션, 인디, RPG / 액션, 캐주얼, 인디, RPG","[Balatro] 포커 로그라이크 게임. Balatro는 불법 포커 패로 게임을 하고, 판을 뒤엎는 조커를 발견하고, 아드레날린이 치솟는 강력한 콤보를 만드는 덱 빌딩 게임입니다. ‖ [Hades] Bastion, Transistor, Pyre의 제작사에서 선보이는 이 로그라이크 던전 탐색형 게임에서 핵 앤 슬래시로 지하 세계를 탈출하고 죽음의 신에게 도전하세요. ‖ [Vampire Survivors] 수많은 어둠의 피조물을 쓰러뜨리며 새벽이 올 때까지 생존하세요! Vampire Survivors는 로그라이트 요소를 갖춘 고딕 호러 케주얼 게임입니다. 당신의 선택으로 순식간에 수백 마리의 괴물이 눈덩이처럼 불어날 수 있죠.",Renfield: Bring Your Own Blood,"액션, 캐주얼, 인디",드라큘라 밑에서 혹사와 무시에 시달리는 하인이 되어 살육과 생존의 나날을 보내세요! 자기애가 폭발하는 상사에게 바칠 신선한 희생자를 찾아 뉴올리언스 전역을 날뛰며 피 튀기는 짜릿함을 느낄 수 있습니다. 간신히 입에 피칠하는 삶에서 나를 위한 삶으로! 앞길을 가로막는 적들은 초인적인 힘과 무기로 때려눕히세요.,2,,
B0254,A23,Vomitoreum / Tales of Kenzera™: ZAU / Shantae: Half-Genie Hero,"액션, 어드벤처, 인디 / 액션, 어드벤처, 인디 / 액션, 어드벤처, 인디","[Vomitoreum] Vomitoreum is an FPS Metroidvania with a focus on atmosphere and horror, inspired by the paintings of Zdzisław Beksiński. ‖ [Tales of Kenzera™: ZAU] 샤먼의 춤을 추세요. 아버지의 영혼을 되찾으세요. Surgent Studios가 제작한 메트로이드바니아 스타일의 어드벤처 게임 Tales of Kenzera™: ZAU에서 죽음의 신과 함께 아름답고 위험한 켄제라의 땅으로 용감하게 모험을 떠나세요. ‖ [Shantae: Half-Genie Hero] Shantae embarks on her first full HD adventure! When a mysterious crime wave sweeps Sequin Land, it’s up to Half-Genie Hero Shantae to save the day! Use Shantae’s devastating Hair-",This Strange Realm Of Mine,"액션, 어드벤처, 인디",This Strange Realm Of Mine is a First Person Shooter mixed with poetry and psychological horror. Graphic style is 3D mixed with pixel art.,3,,
B0255,A27,The Raven Remastered / The Frostrune / Mad Experiments: Escape Room,"어드벤처 / 어드벤처 / 어드벤처, 캐주얼, 인디, 시뮬레이션, 전략","[The Raven Remastered] London, 1964. An ancient ruby is stolen from the British Museum. At the crime scene: a raven feather. Is somebody trying to follow in the footsteps of The Raven, the legendary mast ‖ [The Frostrune] Unravel a mystery inspired by Viking myth and legend in The Frostrune, a classic point-and-click adventure based on historically accurate Norse culture and environments. ‖ [Mad Experiments: Escape Room] 수상 후보에 오른 이스케이프 게임 1인 또는 최대 5인까지 플레이하며 3개의 독특한 방을 탐험하고, 두뇌를 자극하는 퍼즐을 풀며 체셔 교수와 그의 실험에 얽힌 어두운 비밀을 밝혀보세요.",Escape Memoirs: Mansion Heist,"어드벤처, 캐주얼, 인디","""Escape Memoirs: Mansion Heist"" is a co-operative atmospheric reverse escape-room puzzle game. You are a master thief who has been hired to rob a mysterious mansion, filled with various puzzles. Do you think you have what it takes to conquer the challenges that await you in the mansion.",3,,
B0256,A03,Balatro / Hades / Vampire Survivors,"캐주얼, 인디, 전략 / 액션, 인디, RPG / 액션, 캐주얼, 인디, RPG","[Balatro] 포커 로그라이크 게임. Balatro는 불법 포커 패로 게임을 하고, 판을 뒤엎는 조커를 발견하고, 아드레날린이 치솟는 강력한 콤보를 만드는 덱 빌딩 게임입니다. ‖ [Hades] Bastion, Transistor, Pyre의 제작사에서 선보이는 이 로그라이크 던전 탐색형 게임에서 핵 앤 슬래시로 지하 세계를 탈출하고 죽음의 신에게 도전하세요. ‖ [Vampire Survivors] 수많은 어둠의 피조물을 쓰러뜨리며 새벽이 올 때까지 생존하세요! Vampire Survivors는 로그라이트 요소를 갖춘 고딕 호러 케주얼 게임입니다. 당신의 선택으로 순식간에 수백 마리의 괴물이 눈덩이처럼 불어날 수 있죠.",Katanaut,"액션, 어드벤처, 인디, RPG, 시뮬레이션, 스포츠","은 유려한 전투와 우주적 공포가 혼합되고 빠르게 전개되는 라이트 액션 로그라이크 게임입니다. 맞서 싸우며 베고, 피하고, 강력한 능력을 발휘하면서 앞으로 나아가세요. 오직 적응하고 살아남아, 그림자 속으로 깊이 파고들어야만 그 가장 어두운 비밀을 밝혀낼 수 있습니다.",3,,
B0257,A33,Garry's Mod / Team Fortress 2 / Left 4 Dead 2,"캐주얼, 인디, 시뮬레이션 / 액션, 무료 플레이 / 액션","[Garry's Mod] Garry's Mod is a physics sandbox. There aren't any predefined aims or goals. We give you the tools and leave you to play. ‖ [Team Fortress 2] 다양한 전술적 능력과 뚜렷한 개성을 갖춘 9가지 병과의 캐릭터를 플레이하세요. 끊임없이 업데이트되는 새로운 게임 모드, 맵, 장비 그리고 가장 중요한 모자까지 지금 바로 즐겨보세요! ‖ [Left 4 Dead 2] Set in the zombie apocalypse, Left 4 Dead 2 is a co-operative action horror FPS takes you and your friends through the cities, swamps and cemeteries of the Deep South, from Savanna",StrikeNet,"액션, 대규모 멀티플레이어, 무료 플레이","A fast-paced, dynamic PvP shooter. Choose your strategy with a variety of weapons and dive into multiple game modes! Team up with friends or battle against others! Use buffs like shields, speed, super jumps and invisibility to dominate the battlefield!",2,,
B0258,A22,Deck of Ashes / Dicefolk / Cubic Cosmos,"어드벤처, 인디, RPG, 전략 / 캐주얼, 인디, 전략 / 전략","[Deck of Ashes] 덱 오브 애쉬즈(Deck of Ashes)는 전술 카드 전투를 벌이는 어드벤처 게임입니다. 한 번에 한 캐릭터씩 안티히어로 일행을 이끌어 속죄의 여행을 떠나보세요. 저주받은 판타지 세계를 탐험하며 강력한 카드를 찾아보세요. 독특한 전투 덱을 형성하여 적들을 무찌르세요! 잿빛 저주의 세계를 제거하실 수 있겠습니까? ‖ [Dicefolk] 마법 주사위의 힘을 휘두르고 강력한 키메라 팀을 구축해보세요! 수수께끼의 악을 멈추기 위한 택티컬 덱빌딩 로그라이트 모험이 다가오고 있습니다. 키메라 소환사로서, 신화적인 짐승들을 모집하고 완벽한 팀을 만들고, 다이스포크만의 독특한 주사위 메커니즘을 활용하여 승리로 이끌어주세요. ‖ [Cubic Cosmos] Cubic Cosmos is a thrilling fast-paced roguelike card game. You have been trapped in a deadly game. One wrong move could see you reduced to a plaything of the goddess. Can you free",Railroads & Catacombs,"어드벤처, 인디, RPG, 전략","In this exciting Card Building Roguelike game you create your cards from scratch adding different upgrades. Build your train, explore the Labyrinth and survive. Discover infinite synergies. How far will you go?",3,,
B0259,A33,Garry's Mod / Team Fortress 2 / Left 4 Dead 2,"캐주얼, 인디, 시뮬레이션 / 액션, 무료 플레이 / 액션","[Garry's Mod] Garry's Mod is a physics sandbox. There aren't any predefined aims or goals. We give you the tools and leave you to play. ‖ [Team Fortress 2] 다양한 전술적 능력과 뚜렷한 개성을 갖춘 9가지 병과의 캐릭터를 플레이하세요. 끊임없이 업데이트되는 새로운 게임 모드, 맵, 장비 그리고 가장 중요한 모자까지 지금 바로 즐겨보세요! ‖ [Left 4 Dead 2] Set in the zombie apocalypse, Left 4 Dead 2 is a co-operative action horror FPS takes you and your friends through the cities, swamps and cemeteries of the Deep South, from Savanna",Masked Forces: Zombie Survival,"액션, 인디","좀비 대재앙이 현실이 된다면, 당신은 어떻게 하시겠습니까? 지금 당장 좀비와 맞서고 앞으로 나타날 모든 끔찍한 상황과 마주할 준비가 되셨습니까?",2,,
B0260,A13,Death's Door / Children of Morta / Roboquest / Spelunky 2 / Nuclear Throne / Streets of Rogue / Neon Abyss / Curse of the Dead Gods / Rogue Legacy 2 / Have a Nice Death,"액션, 어드벤처, 인디, RPG / 액션, 어드벤처, 인디, RPG / 액션, 인디 / 액션, 인디 / 액션, 인디, RPG / 액션, 어드벤처, 인디, RPG / 액션, 어드벤처, 인디, RPG / 액션, 어드벤처 / 액션, 어드벤처, 인디, RPG / 액션, 인디","[Death's Door] 죽은 자의 영혼을 수확하고 시간을 끝내는 것은 단조로울 수 있지만 까마귀에겐 평범한 일입니다. 하지만 주어진 영혼을 도둑맞게 되면 변화가 일어납니다. 영혼을 도난하고 죽음의 손길이 닿지 않는 영역으로 도망친 절망적인 도둑을 추적하십시오. ‖ [Children of Morta] Children of Morta는 비범한 가족 영웅에 대한 스토리 중심의 액션 RPG 게임입니다. 다가오는 부패에 맞서 모든 결함과 미덕을 갖춘 베르그송 가를 이끄세요. 여러분은 여러분이 아끼는 사람들을 구하기 위해 모든 것을 희생할 수 있으신가요? ‖ [Roboquest] 로보퀘스트는 멸망한 미래 세계의 빠른 FPS 로그라이트입니다. 당신은 재부팅된 수호자로, 강철 궁둥짝을 걷어 찰 준비를 하세요! 혼자서 혹은 친구와 함께 맞서거나 끊임없이 변화하는 환경에서 치명적인 로봇 군단을 섬멸하세요. ‖ [Spelunky 2] Spelunky 2 builds upon the unique, randomized challenges that made the original a roguelike classic, offering a huge adventure designed to satisfy players old and new. Meet the nex ‖ [Nuclear Throne] Nuclear Throne은 포스트 아포칼립스 세계관의 로그라이크 스타일 탑다운 슈터입니다. 여기서 말하는 포스트 아포칼립스는 '인류의 마지막 희망'이 남아 있는 세계가 아니라, '인류는 멸종했고 이제 돌연변이와 괴물들이 세상을 돌아다니는' 그런 세계입니다. 과연 당신은 뉴클리어 쓰론에 도달할 수 있을까요? ‖ [Streets of Rogue] 싸워서 몰래 들어가 임의 생성된 도시를 공격하세요. Nuclear Throne은 무법천지 GTA와 Deus Ex가 혼합된 형태입니다. Rogue-lite가 몰입도 높은 캐릭터를 만나 너무 재미있습니다. ‖ [Neon Abyss] Neon Abyss는 고속의 로그라이크 액션 플랫포머로, 하데스가 만든 '그림 스쿼드'의 일원이 되어 어비스로 총을 들고 뛰어드는 런 앤 건 게임입니다. 무한한 아이템 시너지와 던전 진화 시스템으로, 매번 게임을 할 때마다 다른 경험과 새로운 도전이 등장합니다. 진짜 지옥을 보여주세요! ‖ [Curse of the Dead Gods] 엄청난 부, 영원한 생명, 신성한 힘을 탐하는 마음이 당신을 끝없는 지옥 속의 미로, 치명적인 함정 및 몬스터가 우글거리는 이 저주받은 사원으로 이끌었습니다. ‖ [Rogue Legacy 2] 로그 레거시 2는 로그 레거시에 후속편을 끼얹은 작품입니다. 당신이 죽을 때마다 자식이 가업을 이어받습니다. 딸은 색맹 궁수이고 아들은 평화주의자 요리사일 수도 있죠. 어쨌거나 둘 중 한 명은 전장으로 나가야 합니다. ‖ [Have a Nice Death] Have a Nice Death는 과로에 고생하는 데스가 되어 플레이하는 2D 액션 로그라이크로, 통제 불능인 직원들 때문에 영혼의 균형과 데스의 휴가 계획이 틀어지고 말았습니다. 질서를 회복하려면 대낫을 들고 직원들과 서열 정리를 해야 합니다.",Rogue Glitch Ultra,"액션, 인디","A roguelite action platformer in a vibrant glitch-ridden world. Amass a huge arsenal from over 150 weapon options and face hordes of enemies and tough boss fights. Jump into multiplayer (up to 4 player co-op online or local) to collect, unlock, and upgrade for endless replayability.",3,,
B0261,A06,Cities: Skylines / Factorio / Farming Simulator 22,"시뮬레이션, 전략 / 캐주얼, 인디, 시뮬레이션, 전략 / 시뮬레이션","[Cities: Skylines] Cities: Skylines is a modern take on the classic city simulation. The game introduces new game play elements to realize the thrill and hardships of creating and maintaining a real  ‖ [Factorio] Factorio는 무한한 2D 세상에서 복잡성이 증가하는 아이템을 생산하기 위해 자동화 공장을 만드는 게임입니다. - 당신의 상상력으로 공장을 설계, 독창적인 방법으로 간단한 요소를 결합하고 마지막엔 당신을 좋아하지 않는 생물들로 부터 공장을 지키세요. ‖ [Farming Simulator 22] 농장을 만들고 농사를 즐기세요! 작물을 수확하고, 동물을 돌보고, 생산을 관리하고, 계절에 따른 어려움을 이겨내세요.",Pure Farming 2018,시뮬레이션,"Use the latest technology and state-of-the-art licensed machines to manage all aspects of modern farming. Travel between Europe, Asia, and both Americas to plant region-specific crops such as hemp, coffee beans, and olives. Farm your way thanks to three unique game modes tailored to both simulation ",3,,
B0262,A16,The Talos Principle / Rust / Inscryption,"액션, 어드벤처, 인디 / 액션, 어드벤처, 인디, 대규모 멀티플레이어, RPG / 어드벤처, 인디, 전략","[The Talos Principle] 탈로스 법칙은 철학적 SF 소설의 전통을 따른 1인칭 퍼즐 게임입니다. 시리어스 샘을 개발한 크로팀에서 만들었으며, 톰 주버트(FTL, 더 스와퍼)와 조나스 카이라츠(바다는 모든 것을 요구한다.)가 스토리를 작성했습니다. ‖ [Rust] Rust에서의 목표는 오직 하나, 바로 살아남는 것입니다. 섬의 야생 동물, 다른 주민, 환경, 다른 생존자 모두가 여러분의 목숨을 노립니다. 하루 더 살아남을 수 있다면 수단과 방법을 가리지 마세요. ‖ [Inscryption] Inscryption은 검은 잉크로 그려진 카드를 기반으로 한 덱빌딩 로그라이크, 방탈출 퍼즐, 피가 흐르는 심리적 공포 등의 요소가 섞인 여정을 다룹니다. 카드에는 더 어두운 비밀이 새겨져 있습니다…",Spaceland: Sci-Fi Indie Tactics,"어드벤처, 인디, RPG, 전략","전통 SF 작전의 향수를 불러일으키는, 믿을 수 없을 만큼 생생한 턴제 전략 게임",1,IRRELEVANT,
B0263,A32,Hardspace: Shipbreaker / Hacknet / The Case of the Golden Idol / 방 탈출 시뮬레이터 / shapez 2 - Factory,"시뮬레이션 / 인디, 시뮬레이션 / 어드벤처, 인디 / 어드벤처, 캐주얼, 인디, 시뮬레이션 / 캐주얼, 인디, 시뮬레이션, 전략","[Hardspace: Shipbreaker] Equipped with cutting-edge salvaging tech, carve & slice spaceships to recover valuable materials. Upgrade your gear to take on more lucrative contracts and pay your billion credit ‖ [Hacknet] Hacknet은 터미널 기반의 몰입형 해킹 시뮬레이터입니다. 최근에 사망한, 그러나 언론 보도와는 달리 사고로 사망하지 않은 해커의 지시에 따라 진실을 추척하십시오. ‖ [The Case of the Golden Idol] A new kind of detective game that allows you to think and investigate freely. Discover clues surrounding 12 strange and gruesome deaths and build your own theory. Pick your suspect ‖ [방 탈출 시뮬레이터] Escape Simulator는 단독 또는 온라인 협동 플레이가 가능한 1인칭 퍼즐 게임입니다. 점점 더 많아지는, 고도의 상호 작용이 가능한 방탈출 세트를 탐험하세요. 가구를 옮기고, 모든 것을 집어 들고 검사하고, 냄비를 부수고 자물쇠를 부수세요! 레벨 편집기를 통해 커뮤니티가 만든 방을 지원합니다. ‖ [shapez 2 - Factory] 공장 건설 게임에 빠져들어 보세요. 단 한 가지에 집중하세요. 대규모 우주 공장을 건설하는 것! 방대하게 펼쳐지는 다층 공장과 만족스러운 생산 라인을 무제한으로 설계하세요. 계속해서 어려워지는 자동화 목표를 적의 위협 없이 자신만의 속도로 달성하세요.",Nancy Drew®: Ghost of Thornton Hall,어드벤처,Some Families Keep Deadly Secrets!,2,,
B0264,A35,Project Zomboid / Don't Starve / The Forest,"인디, RPG, 시뮬레이션, 앞서 해보기 / 어드벤처, 인디, 시뮬레이션 / 액션, 어드벤처, 인디, 시뮬레이션","[Project Zomboid] Project Zomboid is the ultimate in zombie survival. Alone or in MP: you loot, build, craft, fight, farm and fish in a struggle to survive. A hardcore RPG skillset, a vast map, mass ‖ [Don't Starve] Don’t Starve is an uncompromising wilderness survival game full of science and magic. Enter a strange and unexplored world full of strange creatures, dangers, and surprises. Gather ‖ [The Forest] As the lone survivor of a passenger jet crash, you find yourself in a mysterious forest battling to stay alive against a society of cannibalistic mutants. Build, explore, survive i",Fragmented,"액션, 인디, RPG","Stranded in a hostile alien world, you must fight to survive. Hunt, harvest, craft, advance skills, and build using local resources along with technology from your voyage.",2,,
B0265,A33,Garry's Mod / Team Fortress 2 / Left 4 Dead 2,"캐주얼, 인디, 시뮬레이션 / 액션, 무료 플레이 / 액션","[Garry's Mod] Garry's Mod is a physics sandbox. There aren't any predefined aims or goals. We give you the tools and leave you to play. ‖ [Team Fortress 2] 다양한 전술적 능력과 뚜렷한 개성을 갖춘 9가지 병과의 캐릭터를 플레이하세요. 끊임없이 업데이트되는 새로운 게임 모드, 맵, 장비 그리고 가장 중요한 모자까지 지금 바로 즐겨보세요! ‖ [Left 4 Dead 2] Set in the zombie apocalypse, Left 4 Dead 2 is a co-operative action horror FPS takes you and your friends through the cities, swamps and cemeteries of the Deep South, from Savanna",WARMODE,"액션, 무료 플레이","Free to play shooter about the confrontation of two irreconcilable sides, represented by the government military housings and the armed hirelings. Try your hand at virtual battles with off-scale dynamics and hurricane gameplay in the spirit of the classical shooters.",2,,
B0266,A08,Sid Meier’s Civilization® VI / XCOM® 2 / Stellaris,"전략 / 전략 / 시뮬레이션, 전략","[Sid Meier’s Civilization® VI] 문명 VI 에서는 새로운 방식으로 세상과 소통하고, 제국의 영토를 확장시키며, 문화를 발전시키고, 역사속 위대한 지도자들에 맞서 오래도록 지속될 나만의 문명을 건설해볼 수 있습니다. 클레오파트라를 비롯한 20명의 역사 속 지도자들 중 한명으로 플레이 해보세요. ‖ [XCOM® 2] XCOM 2는 수상 경력이 있는 전략 게임 XCOM: Enemy Unknown의 속편입니다. 인류가 외계인 침략군에게 항복한 지 20년, 이제 지구 상에는 새로운 세계 질서가 존재합니다. 수년간을 어둠 속에서 숨어 있었던 XCOM 부대는 반드시 일어나 외계인의 지배를 무너뜨릴 것입니다. ‖ [Stellaris] 항성간 여행을 통해 우주를 탐험하며 수많은 종족들도 만나보세요. 과학선을 보내 우주를 조사하고 탐험하면서 은하 제국을 건설하고, 건축선을 보내 새로 발견한 행성에 기지를 건설하세요. 소속 사회를 위한 탐험에 나서 매장된 보물과 은하계의 경이를 발견하고, 탐험가의 한계치와 진화 범위를 설정하세요. 동맹이 체결되고, 전쟁이 ",The Battle of Polytopia,"액션, 어드벤처, 캐주얼, 인디, 시뮬레이션, 전략","기이하고 평평한 스퀘어의 세상에서 펼쳐지는 독특한 턴제 전략 게임에 오신 것을 환영해요. 당신의 제국을 확장하고, 기술을 연구하고, 궁극적으로 세계의 통치자가 되어 저마다 개성 넘치는 12가지 부족 중 하나를 승리로 이끄세요. 싱글플레이어 또는 최대 12명까지 함께 플레이할 수 있는 멀티플레이어 모드를 플레이하세요.",3,,
B0267,A13,Death's Door / Children of Morta / Roboquest / Spelunky 2 / Nuclear Throne / Streets of Rogue / Neon Abyss / Curse of the Dead Gods / Rogue Legacy 2 / Have a Nice Death,"액션, 어드벤처, 인디, RPG / 액션, 어드벤처, 인디, RPG / 액션, 인디 / 액션, 인디 / 액션, 인디, RPG / 액션, 어드벤처, 인디, RPG / 액션, 어드벤처, 인디, RPG / 액션, 어드벤처 / 액션, 어드벤처, 인디, RPG / 액션, 인디","[Death's Door] 죽은 자의 영혼을 수확하고 시간을 끝내는 것은 단조로울 수 있지만 까마귀에겐 평범한 일입니다. 하지만 주어진 영혼을 도둑맞게 되면 변화가 일어납니다. 영혼을 도난하고 죽음의 손길이 닿지 않는 영역으로 도망친 절망적인 도둑을 추적하십시오. ‖ [Children of Morta] Children of Morta는 비범한 가족 영웅에 대한 스토리 중심의 액션 RPG 게임입니다. 다가오는 부패에 맞서 모든 결함과 미덕을 갖춘 베르그송 가를 이끄세요. 여러분은 여러분이 아끼는 사람들을 구하기 위해 모든 것을 희생할 수 있으신가요? ‖ [Roboquest] 로보퀘스트는 멸망한 미래 세계의 빠른 FPS 로그라이트입니다. 당신은 재부팅된 수호자로, 강철 궁둥짝을 걷어 찰 준비를 하세요! 혼자서 혹은 친구와 함께 맞서거나 끊임없이 변화하는 환경에서 치명적인 로봇 군단을 섬멸하세요. ‖ [Spelunky 2] Spelunky 2 builds upon the unique, randomized challenges that made the original a roguelike classic, offering a huge adventure designed to satisfy players old and new. Meet the nex ‖ [Nuclear Throne] Nuclear Throne은 포스트 아포칼립스 세계관의 로그라이크 스타일 탑다운 슈터입니다. 여기서 말하는 포스트 아포칼립스는 '인류의 마지막 희망'이 남아 있는 세계가 아니라, '인류는 멸종했고 이제 돌연변이와 괴물들이 세상을 돌아다니는' 그런 세계입니다. 과연 당신은 뉴클리어 쓰론에 도달할 수 있을까요? ‖ [Streets of Rogue] 싸워서 몰래 들어가 임의 생성된 도시를 공격하세요. Nuclear Throne은 무법천지 GTA와 Deus Ex가 혼합된 형태입니다. Rogue-lite가 몰입도 높은 캐릭터를 만나 너무 재미있습니다. ‖ [Neon Abyss] Neon Abyss는 고속의 로그라이크 액션 플랫포머로, 하데스가 만든 '그림 스쿼드'의 일원이 되어 어비스로 총을 들고 뛰어드는 런 앤 건 게임입니다. 무한한 아이템 시너지와 던전 진화 시스템으로, 매번 게임을 할 때마다 다른 경험과 새로운 도전이 등장합니다. 진짜 지옥을 보여주세요! ‖ [Curse of the Dead Gods] 엄청난 부, 영원한 생명, 신성한 힘을 탐하는 마음이 당신을 끝없는 지옥 속의 미로, 치명적인 함정 및 몬스터가 우글거리는 이 저주받은 사원으로 이끌었습니다. ‖ [Rogue Legacy 2] 로그 레거시 2는 로그 레거시에 후속편을 끼얹은 작품입니다. 당신이 죽을 때마다 자식이 가업을 이어받습니다. 딸은 색맹 궁수이고 아들은 평화주의자 요리사일 수도 있죠. 어쨌거나 둘 중 한 명은 전장으로 나가야 합니다. ‖ [Have a Nice Death] Have a Nice Death는 과로에 고생하는 데스가 되어 플레이하는 2D 액션 로그라이크로, 통제 불능인 직원들 때문에 영혼의 균형과 데스의 휴가 계획이 틀어지고 말았습니다. 질서를 회복하려면 대낫을 들고 직원들과 서열 정리를 해야 합니다.",Otherworld Legends,"액션, 인디, RPG, 무료 플레이","""피가 끓고 주먹이 작렬하는"" 로그라이크 액션 격투 게임입니다. 원하는 영웅을 마스터해 취향에 맞게 성장시키고, 적들을 쳐부수며 던전을 돌파하세요.",3,,
B0268,A21,DARK SOULS™ III / The Witcher 3: Wild Hunt / The Elder Scrolls V: Skyrim Special Edition,액션 / RPG / RPG,"[DARK SOULS™ III] 장르를 새로 개척했다는 평가를 들으며 많은 좋은 평가들을 얻고 있는 다크 소울 시리즈는 계속해서 한계를 넘어서, 더욱 야심찬 단계에 도전하고자 하고 있습니다. 준비를 하고 어둠을 밝히십시오! ‖ [The Witcher 3: Wild Hunt] 리비아의 게롤트가 되어 의뢰를 받고 괴물을 사냥하세요. 전쟁의 상처가 가득하고 괴물이 들끓는 대륙을 마음껏 탐험해 보세요. 지금 가장 중요한 일은 대륙의 판도를 뒤바꿀 수도 있는 살아 있는 무기이자 예언의 아이, 시리를 추적하는 것입니다. ‖ [The Elder Scrolls V: Skyrim Special Edition] 200회 이상 올해의 게임에 선정된 The Elder Scrolls V: Skyrim Special Edition이 놀라운 디테일로 판타지에 생명을 불어넣었습니다. Special Edition에는 비평가들의 극찬을 받은 게임 및 새로운 기능이 포함된 애드온이 들어 있습니다.",Wo Long: Fallen Dynasty,"액션, 어드벤처, RPG",「인왕」을 제작한 Team NINJA가 제공하는 다크 심국지 소울라이크 게임,3,,
B0269,A09,Roots of Yggdrasil / Ancient Gods / Flick Shot Rogues,"인디, 전략 / RPG, 전략 / 인디, 전략","[Roots of Yggdrasil] Build settlements, explore the Nine Realms, collect artifacts and upgrade your deck to reach the top of Yggdrasil in this post-Ragnarok roguelike city-builder! Can you survive the  ‖ [Ancient Gods] Ancient Gods is a fusion of hero collector and deck-building rogue-lite where you collect your character, fight, and experience exciting events. Any character can use all the cards ‖ [Flick Shot Rogues] 계획하고, 조준하고, 쏘세요! FLICK SHOT ROGUES는 테이블 위에서 물건을 튕기는 촉각적 만족감과 사람들이 좋아하는 턴제 로그라이크의 전략적 깊이를 결합한 게임입니다. 말도 안되는 콤보를 연결하고, 캐릭터, 아이템, 스킬을 잠금 해제하면서, 섬을 정복하세요!",Warlords Under Siege,"시뮬레이션, 전략","Warlords Under Siege is a mix of RTS and Roguelike genre, where you build a small city and defend it against continuous waves of enemies. Improve your assortment of weapons with each playthrough, unlocking new possibilities to beat the ever-increasing threat.",2,,
B0270,A04,Hollow Knight / Dead Cells / Celeste,"액션, 어드벤처, 인디 / 액션, 어드벤처, 인디 / 액션, 어드벤처, 인디","[Hollow Knight] 할로우 나이트에서 자신만의 길을 구축하세요! 크게 파괴된 곤충과 영웅의 왕국을 통한 서사 액션 어드벤처입니다. 손으로 그린 클래식 2D 스타일로 구불구불한 동굴을 탐험하고 오염된 생물과 싸우고 이상한 곤충들과 친구가 되어 보세요. ‖ [Dead Cells] 데드 셀(Dead Cells)는 메트로배니아에서 영감을 받은 로그라이트 액션 플랫포머 게임입니다. 2D 소울 라이트 전투에서 성을 지키는 수호자들을 물리치고 끊임없이 변화하는 거대한 성을 탐험하게 됩니다. 세이브 포인트는 없습니다. 죽이고, 죽고, 배우고, 반복하세요. ‖ [Celeste] 타워폴(TowerFall) 시리즈의 개발자들이 만든 이 초밀착형 플랫폼 게임을 플레이하고, 매들린이 셀레스트 산 정상으로 향하는 여정에서 내면의 악마에게서 살아남을 수 있게 도와주세요. 한땀 한땀 손수 제작한 수백 가지의 도전 과제에 맞서고, 사악한 비밀을 밝혀내고, 산에 숨겨진 수수께끼를 풀어보세요.",Bounce Cat,"어드벤처, 인디","모든 점프가 중요한 도전적인 수직 플랫폼 게임. 정확하게 튕기고, 추락을 피하며, 숨겨진 구역을 탐험하세요. 의상을 잠금 해제하고 아이템을 수집하며 Kat과 함께 야옹 멜로디로 휴식도 즐기세요. 얼마나 높이 올라갈 수 있을까요?",2,,
B0271,A09,Roots of Yggdrasil / Ancient Gods / Flick Shot Rogues,"인디, 전략 / RPG, 전략 / 인디, 전략","[Roots of Yggdrasil] Build settlements, explore the Nine Realms, collect artifacts and upgrade your deck to reach the top of Yggdrasil in this post-Ragnarok roguelike city-builder! Can you survive the  ‖ [Ancient Gods] Ancient Gods is a fusion of hero collector and deck-building rogue-lite where you collect your character, fight, and experience exciting events. Any character can use all the cards ‖ [Flick Shot Rogues] 계획하고, 조준하고, 쏘세요! FLICK SHOT ROGUES는 테이블 위에서 물건을 튕기는 촉각적 만족감과 사람들이 좋아하는 턴제 로그라이크의 전략적 깊이를 결합한 게임입니다. 말도 안되는 콤보를 연결하고, 캐릭터, 아이템, 스킬을 잠금 해제하면서, 섬을 정복하세요!",Ruff Ghanor,"인디, 전략","Ruff Ghanor is a Deckbuilder game with Roguelite elements, where each collected card represents a crucial action in your journey. Build the perfect deck, strategize, and create powerful synergies as you progress to face your destiny.",3,,
B0272,A12,Baldur's Gate 3 / Mount & Blade II: Bannerlord / Kenshi,"어드벤처, RPG, 전략 / 액션, 인디, RPG, 시뮬레이션, 전략 / 액션, 인디, RPG, 시뮬레이션, 전략","[Baldur's Gate 3] Baldur’s Gate 3 is a story-rich, party-based RPG set in the universe of Dungeons & Dragons, where your choices shape a tale of fellowship and betrayal, survival and sacrifice, and  ‖ [Mount & Blade II: Bannerlord] 본 게임은 전략/액션 RPG입니다. 캐릭터를 생성하고, 외교에 참여하고, 제작, 거래를 하고, 방대한 중세풍의 샌드박스에서 새로운 땅을 정복하십시오. 군대를 일으켜 전쟁에 뛰어들고, 깊이가 있으나 직관적인 실력 기반의 전투 시스템을 채용한 대규모 실시간 전투에서 자신의 부대에 명령을 내리고 함께 싸우십시오. ‖ [Kenshi] 자유롭게 돌아다니는 분대 기반의 RPG. 스토리를 따라가는 대신 제한 없는 샌드박스식 게임플레이에 중점을 두었습니다. 무역상, 도둑, 반란군, 전쟁 군주, 모험가, 농부, 노예 등 다양한 삶을 체험할 수 있습니다. 운이 나쁘면 식인종의 먹잇감으로 전락할지도 모르죠. 새로운 장비를 연구하거나 제작해 보세요.",Project 5: Sightseer,"액션, 어드벤처, 인디, RPG","Open world multiplayer sandbox/RPG game. Explore, gather, build, research, and fight to protect what's yours -- by yourself or together with your friends.",2,,
B0273,A01,It Takes Two / Overcooked! 2 / What Remains of Edith Finch,"액션, 어드벤처 / 액션, 캐주얼, 인디 / 어드벤처, 인디","[It Takes Two] It Takes Two에서 생애 가장 정신없는 여정을 시작하세요. 친구가 무료로 참가할 수 있게 친구 패스*로 초대하고, 함께 힘을 합쳐서 수많은 유쾌하고 획기적인 게임 플레이 챌린지를 헤쳐나가세요. ‖ [Overcooked! 2] 혼란스러운 요리 액션으로 가득한 Overcooked가 돌아왔습니다! 양파 왕국으로 돌아가는 여행을 떠나세요. 클래식 협동 또는 온라인 플레이에서 셰프 팀을 만들어서 최대 4명까지 플레이하세요. 앞치마를 준비하세요... 다시 세상을 구할 때가 되었습니다! ‖ [What Remains of Edith Finch] What Remains of Edith Finch(워트 리메인스 오브 에디스 핀치)는 워싱턴 주에 있는 어느 가족에 대한 이상한 이야기의 모음입니다. 플레이어는 에디스가 되어 거대한 핀치 가택을 탐사하고, 가족사를 연구하며 이야기를 찾고, 왜 가족 중에서 그녀만 살아남았는지 알아내야 합니다. 각 이야기는 새로운 가족 구성",Biped 2,"액션, 어드벤처, 캐주얼, 인디, 레이싱, 시뮬레이션, 전략","사랑스러운 로봇들의 퍼즐 액션-어드벤처 게임! 미지의 행성을 탐험하고, 1인에서 최대 4인 협동전을 체험해 보세요!",3,,
B0274,A20,Counter-Strike 2 / PUBG: BATTLEGROUNDS / 톰 클랜시의 레인보우식스 시즈,"액션, 무료 플레이 / 액션, 어드벤처, 대규모 멀티플레이어, 무료 플레이 / 액션, 무료 플레이","[Counter-Strike 2] Counter-Strike는 20년이 넘는 시간 동안 전 세계 수백만 명의 플레이어가 모여 수준 높은 경쟁을 펼칠 수 있는 플랫폼을 제공해 왔습니다. 그리고 이제 곧 Counter-Strike 2와 함께 새로운 CS 시대의 막이 열립니다. ‖ [PUBG: BATTLEGROUNDS] 배틀로얄 유행의 시작이자, 그 정수를 보여준 PUBG: 배틀그라운드를 지금 무료로 플레이하세요! 다양한 맵에 낙하하여 무기와 보급품을 확보하고, 점점 줄어드는 블루존 속에서 끝까지 살아남아 승리를 쟁취하세요. ‖ [톰 클랜시의 레인보우식스 시즈] 톰 클랜시의 레인보우식스 시즈는 탁월한 계획과 기술이 승부를 좌우하는 전술적인 정예 팀 기반 슈팅 게임입니다.",GangV | VR & PC Battle Royale,"액션, 대규모 멀티플레이어, 앞서 해보기","GangV는 교통과 군중이 존재하고 법이 집행되는 생활 환경 속 배틀로열입니다! 돈과 장비, 차량을 훔치고 그 결과에 맞서세요. 시민들 사이에 숨어 적들을 죽이세요.",2,,
B0275,A22,Deck of Ashes / Dicefolk / Cubic Cosmos,"어드벤처, 인디, RPG, 전략 / 캐주얼, 인디, 전략 / 전략","[Deck of Ashes] 덱 오브 애쉬즈(Deck of Ashes)는 전술 카드 전투를 벌이는 어드벤처 게임입니다. 한 번에 한 캐릭터씩 안티히어로 일행을 이끌어 속죄의 여행을 떠나보세요. 저주받은 판타지 세계를 탐험하며 강력한 카드를 찾아보세요. 독특한 전투 덱을 형성하여 적들을 무찌르세요! 잿빛 저주의 세계를 제거하실 수 있겠습니까? ‖ [Dicefolk] 마법 주사위의 힘을 휘두르고 강력한 키메라 팀을 구축해보세요! 수수께끼의 악을 멈추기 위한 택티컬 덱빌딩 로그라이트 모험이 다가오고 있습니다. 키메라 소환사로서, 신화적인 짐승들을 모집하고 완벽한 팀을 만들고, 다이스포크만의 독특한 주사위 메커니즘을 활용하여 승리로 이끌어주세요. ‖ [Cubic Cosmos] Cubic Cosmos is a thrilling fast-paced roguelike card game. You have been trapped in a deadly game. One wrong move could see you reduced to a plaything of the goddess. Can you free",Ruff Ghanor,"인디, 전략","Ruff Ghanor is a Deckbuilder game with Roguelite elements, where each collected card represents a crucial action in your journey. Build the perfect deck, strategize, and create powerful synergies as you progress to face your destiny.",3,,
B0276,A34,Pid / ChromaGun / Deer & Boy,"어드벤처, 인디 / 액션, 어드벤처, 인디 / 액션, 어드벤처, 인디","[Pid] You are stranded on a strange and peculiar planet. It’s time to embark on your journey and find your way home! Explore a gravity defying and challenging platformer with striking vi ‖ [ChromaGun] Welcome to ChromaTec’s test lab! You’re here to test our state-of-the-art military-grade color-technology: The ChromaGun (patent pending)! Use it to solve our meticulously designed ‖ [Deer & Boy] 도망친 소년은 길 잃은 어린 사슴을 만나 고요하면서도 위태로운 세상을 함께 헤쳐 나갑니다. 퍼즐을 풀고, 높은 곳에 오르고, 위협을 피해 나아가며 당신의 동료는 연약한 아기 사슴에서 어엿한 사슴으로 성장하죠. 혼자서는 할 수 없었던 일을 함께 해내는 법을 배우게 됩니다.",Dustforce DX,"액션, 인디",Take control of a nimble janitor to rid the world of dust and debris.,2,,
B0277,A25,DOOMBLADE / Transiruby / Blast Brigade vs. the Evil Legion of Dr. Cread,"액션, 어드벤처, 인디 / 액션 / 액션, 어드벤처, 인디","[DOOMBLADE] Deep underground, Gloom Girl discovers DOOMBLADE, a sentient weapon hellbent on escape after eons in chains. Together, “Doom and Gloom” embark on a vengeful quest to unlock the pow ‖ [Transiruby] 차원 대륙의 의문을 풀어라! 는 사이보그 소녀 실비가 검과 엘리먼트 샷으로 적을 쓰러뜨리며 앞으로 나아가는 탐색형 액션 게임입니다! ‖ [Blast Brigade vs. the Evil Legion of Dr. Cread] 스릴 넘치는 플랫포밍과 깊이 있는 탐험 세계, 폭발적인 액션으로 가득한 2D 메트로이드배니아 어드벤처 게임을 즐겨보세요! Blast Brigade에서 영웅들로 팀을 구성해 세계를 구하세요!",Deepening Fire,"액션, 어드벤처, 인디, RPG","Deepening Fire is a side-scrolling action adventure game. Choose different classes, with appropriate equipment, explore hidden complex map, defeat powerful enemies, expose the conspiracy of the chaotic world, experience the souls-like battle",3,,
B0278,A26,RimWorld / Oxygen Not Included / Unpacking 언패킹,"인디, 시뮬레이션, 전략 / 인디, 시뮬레이션 / 캐주얼, 인디, 시뮬레이션","[RimWorld] 지능형 AI 이야기꾼이 주도하는 공상과학 정착지 시뮬레이터입니다. 심리, 생태, 총격전과 근접전, 날씨, 기후, 외교, 사람 사이의 관계, 예술, 의학, 무역, 그 외 많은 것들을 시뮬레이션하여 이야기를 생성합니다. ‖ [Oxygen Not Included] Oxygen Not Included는 우주 콜로니 시뮬레이션 게임입니다. 외계의 우주 암석 깊은 곳에서 근면한 일꾼들은 생존하고 나아가 번영하기 위해 과학을 마스터하고, 낯선 새로운 생명체에 맞서며, 경이로운 우주 테크놀로지를 활용해야 합니다. ‖ [Unpacking 언패킹] Unpacking은 상자에서 짐을 꺼내 새집에 맞게 배치하는 친숙한 체험에 대한 명상적 퍼즐 게임입니다. 게임의 일부인 블록 맞추기 게임과 집 꾸미기를 하는 동안, 푸는 짐에 닮긴 삶의 실마리를 찾아가며 만족할 만한 생활 공간을 만들어 보세요.",Havendock,"캐주얼, 인디, 시뮬레이션, 전략","안락한 콜로니 시뮬레이션 게임을 통해 편안함을 느끼며 마을을 성장시켜 보세요. 조난자들을 위한 안식처를 만들고, 자원을 관리하고, 바다에서 최고의 삶을 살아보는 거예요. 보잘것없는 정착지를 첨단 기술 사회로 만들어 봐요.",3,,
B0279,A34,Pid / ChromaGun / Deer & Boy,"어드벤처, 인디 / 액션, 어드벤처, 인디 / 액션, 어드벤처, 인디","[Pid] You are stranded on a strange and peculiar planet. It’s time to embark on your journey and find your way home! Explore a gravity defying and challenging platformer with striking vi ‖ [ChromaGun] Welcome to ChromaTec’s test lab! You’re here to test our state-of-the-art military-grade color-technology: The ChromaGun (patent pending)! Use it to solve our meticulously designed ‖ [Deer & Boy] 도망친 소년은 길 잃은 어린 사슴을 만나 고요하면서도 위태로운 세상을 함께 헤쳐 나갑니다. 퍼즐을 풀고, 높은 곳에 오르고, 위협을 피해 나아가며 당신의 동료는 연약한 아기 사슴에서 어엿한 사슴으로 성장하죠. 혼자서는 할 수 없었던 일을 함께 해내는 법을 배우게 됩니다.",Polarity,"액션, 어드벤처, 인디, 전략","One of the most fun puzzle/platformers since Portal. Polarity takes it to the next level, demanding all of your wits and reflexes. Full-featured local co-op campaign.",3,,
B0280,A18,Euro Truck Simulator 2 / BeamNG.drive / 아세토 코르사 Assetto Corsa,"인디, 시뮬레이션 / 레이싱, 시뮬레이션, 앞서 해보기 / 인디, 레이싱, 시뮬레이션, 스포츠","[Euro Truck Simulator 2] 도로의 왕이 되어 인상적인 거리를 가로질러 중요한 화물을 배달하는 트럭 운전사가 되어 유럽을 여행하세요! 탐험할 도시가 수십 개나 되므로, 당신의 인내심, 기술, 속도가 모두 한계에 도달할 것입니다. ‖ [BeamNG.drive] 뭐든지 할 수 있는 동적 소프트 보디 물리 시뮬레이터입니다. ‖ [아세토 코르사 Assetto Corsa] 아세토 코르사(Assetto Corsa) v1.16은 새로운 레이저 스캔 트랙 ""라구나 세카(Laguna Seca)"" 및 기다리던 Alfa Romeo Giulia Quadrifoglio를 포함한 7개의 신차를 소개합니다! 체인지로그에서 더 자세한 내용을 확인하세요!",The Karters 2: Turbo Charged,"액션, 어드벤처, 캐주얼, 인디, 레이싱, 시뮬레이션, 스포츠, 앞서 해보기","Steam과 Steam Deck에서 펼쳐지는 궁극의 카트 레이싱! Crash Team Racing에서 영감을 받았지만, 고유의 개성, 정교한 게임플레이 시스템, 풍성한 신규 기능, 그리고 끝없는 즐거움을 선사하는 방대한 모드 지원까지 모두 갖췄습니다!",1,MODE_MISMATCH,
B0281,A15,서브노티카 / The Long Dark / No Man's Sky,"어드벤처, 인디 / 어드벤처, 인디, 시뮬레이션, 전략 / 액션, 어드벤처","[서브노티카] 위험과 경이로움이 가득한 외계의 바다 속으로 내려가세요. 장비를 제작하고, 잠수함을 조종하며 야생 생물보다 앞서가세요. 우거진 산호초, 화산, 동굴 같은 많은 장소들을 탐험하세요. 물론 살아남는 걸 잊으면 안 되겠죠. ‖ [The Long Dark] The Long Dark는 깊은 생각을 요구하는 탐험 생존 게임입니다. 플레이어는 지구 자기장 이상으로 인한 대재앙이 휩쓸고 간 세상에서 혼자 드넓은 설원 황무지를 탐험하며 살아남아야 합니다. 좀비는 등장하지 않으며 오직 플레이어와 추위, 그리고 자연 속의 위험들만 존재합니다. 고요한 종말의 세상에 오신 것을 환영합니다. ‖ [No Man's Sky] No Man's Sky는 무한히 펼쳐지는 우주에서의 탐험과 생존을 그린 SF 게임입니다.",Smalland: Survive the Wilds,"액션, 어드벤처, 인디, RPG","소인이 되어 웅장한 모험을 경험하세요! 드넓고 위험천만한 세계에서 멀티플레이어 생존 게임을 즐기세요. 먹이 사슬의 밑바닥에 있는 자그마한 존재에게는 대비가 중요합니다. 무기와 갑옷을 만들고, 생물을 길들인 뒤 올라타고, 야영지를 만들고, 새로운 낯선 땅을 탐험하세요.",2,,
B0282,A05,Opus Magnum,"인디, 시뮬레이션","[Opus Magnum] Opus Magnum은 SpaceChem, Infinifactory, SHENZHEN I/O를 제작한 Zachtronics의 신작 퍼즐게임입니다. 연금술사들의 최첨단 도구인 변성 기관을 이용해 물약과 독을 만들어내는 기계들을 설계하고 만들어 내세요!",MoteMancer,"인디, 시뮬레이션, 전략, 앞서 해보기","여섯 가지 원소 평면에서 자동화된 체계를 확립하세요. 각 평면에는 각자 고유한 물류 공급 도구가 존재합니다. 시약을 주입하고, 연금술로 구조물을 제작하고, 실험을 통해 우아한 해결책을 하나씩 발견하면서 가능성으로 가득한 정원을 차근차근 만들어 가세요.",3,,
B0283,A20,Counter-Strike 2 / PUBG: BATTLEGROUNDS / 톰 클랜시의 레인보우식스 시즈,"액션, 무료 플레이 / 액션, 어드벤처, 대규모 멀티플레이어, 무료 플레이 / 액션, 무료 플레이","[Counter-Strike 2] Counter-Strike는 20년이 넘는 시간 동안 전 세계 수백만 명의 플레이어가 모여 수준 높은 경쟁을 펼칠 수 있는 플랫폼을 제공해 왔습니다. 그리고 이제 곧 Counter-Strike 2와 함께 새로운 CS 시대의 막이 열립니다. ‖ [PUBG: BATTLEGROUNDS] 배틀로얄 유행의 시작이자, 그 정수를 보여준 PUBG: 배틀그라운드를 지금 무료로 플레이하세요! 다양한 맵에 낙하하여 무기와 보급품을 확보하고, 점점 줄어드는 블루존 속에서 끝까지 살아남아 승리를 쟁취하세요. ‖ [톰 클랜시의 레인보우식스 시즈] 톰 클랜시의 레인보우식스 시즈는 탁월한 계획과 기술이 승부를 좌우하는 전술적인 정예 팀 기반 슈팅 게임입니다.",Squad,"액션, 인디, 대규모 멀티플레이어, 전략","스쿼드는 50 대 50 멀티플레이어 일인칭 슈터로서, 팀원간의 소통과 협동을 중심으로 전투의 현장감을 살려낸 게임입니다. 주요 요소로서 차량기반 제병협동 게임플레이, 광활한 맵, 기지 건설, 그리고 분대 무전기능과 사실적인 근접 마이크 채팅을 가능케 하는 위치기반 VoIP기능을 선보입니다.",3,,
B0284,A29,Salt and Sanctuary,"액션, 인디, RPG","[Salt and Sanctuary] 두렵고도 잔혹한 섬의 탐험을 시작합니다… Salt and Sanctuary는 신속하고, 잔인하며, 복잡한 전투 시스템을 지닌 2D RPG입니다. 저주받은 도시의 잊힌 영역이나, 피에 물든 던전이나, 오염된 기념비와 같은 장소를 돌아다니며, 한때 축복을 받았지만 지금은 타락하고 만 영주들을 조우하세요.",Tallowmere 2: Curse of the Kittens,"액션, 인디",레이디 탈로우메어의 고양이들이 이상한 행동을 보이지만 던전의 의식은 여전히 이루어져야 합니다. 이러한 불확실성 속에서 당신은 얼마나 깊이 갈 수 있을까요?,2,,
B0285,A06,Cities: Skylines / Factorio / Farming Simulator 22,"시뮬레이션, 전략 / 캐주얼, 인디, 시뮬레이션, 전략 / 시뮬레이션","[Cities: Skylines] Cities: Skylines is a modern take on the classic city simulation. The game introduces new game play elements to realize the thrill and hardships of creating and maintaining a real  ‖ [Factorio] Factorio는 무한한 2D 세상에서 복잡성이 증가하는 아이템을 생산하기 위해 자동화 공장을 만드는 게임입니다. - 당신의 상상력으로 공장을 설계, 독창적인 방법으로 간단한 요소를 결합하고 마지막엔 당신을 좋아하지 않는 생물들로 부터 공장을 지키세요. ‖ [Farming Simulator 22] 농장을 만들고 농사를 즐기세요! 작물을 수확하고, 동물을 돌보고, 생산을 관리하고, 계절에 따른 어려움을 이겨내세요.",Pharaoh™: A New Era,"시뮬레이션, 전략","The legendary city-builder returns! Lead the creation of one of the greatest civilizations the world has ever seen in this HD remake with modernized UI. Build monuments, manage your population and explore 4,000 years of history through over a hundred hours of gameplay.",3,,
B0286,A27,The Raven Remastered / The Frostrune / Mad Experiments: Escape Room,"어드벤처 / 어드벤처 / 어드벤처, 캐주얼, 인디, 시뮬레이션, 전략","[The Raven Remastered] London, 1964. An ancient ruby is stolen from the British Museum. At the crime scene: a raven feather. Is somebody trying to follow in the footsteps of The Raven, the legendary mast ‖ [The Frostrune] Unravel a mystery inspired by Viking myth and legend in The Frostrune, a classic point-and-click adventure based on historically accurate Norse culture and environments. ‖ [Mad Experiments: Escape Room] 수상 후보에 오른 이스케이프 게임 1인 또는 최대 5인까지 플레이하며 3개의 독특한 방을 탐험하고, 두뇌를 자극하는 퍼즐을 풀며 체셔 교수와 그의 실험에 얽힌 어두운 비밀을 밝혀보세요.",Mystery Case Files®: Escape from Ravenhearst™,"어드벤처, 캐주얼",Return once more to the haunted grounds of Ravenhearst Manor to uncover new details about this poignant saga. What you find could very well be the final chapter of this riveting story—if you escape.,2,,
B0287,A13,Death's Door / Children of Morta / Roboquest / Spelunky 2 / Nuclear Throne / Streets of Rogue / Neon Abyss / Curse of the Dead Gods / Rogue Legacy 2 / Have a Nice Death,"액션, 어드벤처, 인디, RPG / 액션, 어드벤처, 인디, RPG / 액션, 인디 / 액션, 인디 / 액션, 인디, RPG / 액션, 어드벤처, 인디, RPG / 액션, 어드벤처, 인디, RPG / 액션, 어드벤처 / 액션, 어드벤처, 인디, RPG / 액션, 인디","[Death's Door] 죽은 자의 영혼을 수확하고 시간을 끝내는 것은 단조로울 수 있지만 까마귀에겐 평범한 일입니다. 하지만 주어진 영혼을 도둑맞게 되면 변화가 일어납니다. 영혼을 도난하고 죽음의 손길이 닿지 않는 영역으로 도망친 절망적인 도둑을 추적하십시오. ‖ [Children of Morta] Children of Morta는 비범한 가족 영웅에 대한 스토리 중심의 액션 RPG 게임입니다. 다가오는 부패에 맞서 모든 결함과 미덕을 갖춘 베르그송 가를 이끄세요. 여러분은 여러분이 아끼는 사람들을 구하기 위해 모든 것을 희생할 수 있으신가요? ‖ [Roboquest] 로보퀘스트는 멸망한 미래 세계의 빠른 FPS 로그라이트입니다. 당신은 재부팅된 수호자로, 강철 궁둥짝을 걷어 찰 준비를 하세요! 혼자서 혹은 친구와 함께 맞서거나 끊임없이 변화하는 환경에서 치명적인 로봇 군단을 섬멸하세요. ‖ [Spelunky 2] Spelunky 2 builds upon the unique, randomized challenges that made the original a roguelike classic, offering a huge adventure designed to satisfy players old and new. Meet the nex ‖ [Nuclear Throne] Nuclear Throne은 포스트 아포칼립스 세계관의 로그라이크 스타일 탑다운 슈터입니다. 여기서 말하는 포스트 아포칼립스는 '인류의 마지막 희망'이 남아 있는 세계가 아니라, '인류는 멸종했고 이제 돌연변이와 괴물들이 세상을 돌아다니는' 그런 세계입니다. 과연 당신은 뉴클리어 쓰론에 도달할 수 있을까요? ‖ [Streets of Rogue] 싸워서 몰래 들어가 임의 생성된 도시를 공격하세요. Nuclear Throne은 무법천지 GTA와 Deus Ex가 혼합된 형태입니다. Rogue-lite가 몰입도 높은 캐릭터를 만나 너무 재미있습니다. ‖ [Neon Abyss] Neon Abyss는 고속의 로그라이크 액션 플랫포머로, 하데스가 만든 '그림 스쿼드'의 일원이 되어 어비스로 총을 들고 뛰어드는 런 앤 건 게임입니다. 무한한 아이템 시너지와 던전 진화 시스템으로, 매번 게임을 할 때마다 다른 경험과 새로운 도전이 등장합니다. 진짜 지옥을 보여주세요! ‖ [Curse of the Dead Gods] 엄청난 부, 영원한 생명, 신성한 힘을 탐하는 마음이 당신을 끝없는 지옥 속의 미로, 치명적인 함정 및 몬스터가 우글거리는 이 저주받은 사원으로 이끌었습니다. ‖ [Rogue Legacy 2] 로그 레거시 2는 로그 레거시에 후속편을 끼얹은 작품입니다. 당신이 죽을 때마다 자식이 가업을 이어받습니다. 딸은 색맹 궁수이고 아들은 평화주의자 요리사일 수도 있죠. 어쨌거나 둘 중 한 명은 전장으로 나가야 합니다. ‖ [Have a Nice Death] Have a Nice Death는 과로에 고생하는 데스가 되어 플레이하는 2D 액션 로그라이크로, 통제 불능인 직원들 때문에 영혼의 균형과 데스의 휴가 계획이 틀어지고 말았습니다. 질서를 회복하려면 대낫을 들고 직원들과 서열 정리를 해야 합니다.",Blade of the Netherworld,"액션, 어드벤처, 인디, RPG","Blade of the Netherworld is a fast-paced 2D Roguelite platformer. Don divine masks as a Yin-Yang Enforcer, slashing through the underworld to defeat gods, demons, and spirits. Combine a variety of items, master combat skills, and create limitless, high-speed carnage with a free-form action system.",3,,
B0288,A33,Garry's Mod / Team Fortress 2 / Left 4 Dead 2,"캐주얼, 인디, 시뮬레이션 / 액션, 무료 플레이 / 액션","[Garry's Mod] Garry's Mod is a physics sandbox. There aren't any predefined aims or goals. We give you the tools and leave you to play. ‖ [Team Fortress 2] 다양한 전술적 능력과 뚜렷한 개성을 갖춘 9가지 병과의 캐릭터를 플레이하세요. 끊임없이 업데이트되는 새로운 게임 모드, 맵, 장비 그리고 가장 중요한 모자까지 지금 바로 즐겨보세요! ‖ [Left 4 Dead 2] Set in the zombie apocalypse, Left 4 Dead 2 is a co-operative action horror FPS takes you and your friends through the cities, swamps and cemeteries of the Deep South, from Savanna",Buck Zombies,액션,First-person shooter that allows up to four team members to face an unending horde of zombies.,3,,
B0289,A30,Stardew Valley / Slime Rancher / Raft,"인디, RPG, 시뮬레이션 / 액션, 어드벤처, 인디, 시뮬레이션 / 어드벤처, 인디, 시뮬레이션","[Stardew Valley] You've inherited your grandfather's old farm plot in Stardew Valley. Armed with hand-me-down tools and a few coins, you set out to begin your new life. Can you learn to live off th ‖ [Slime Rancher] 슬라임 랜쳐는 젊고 용감한 랜쳐, 베아트릭스 르뷰가 지구에서 1,000광년 떨어진 '머나먼 평야'에서 슬라임들과 씨름하며 생계를 꾸려나가는 이야기입니다. 긍정적인 마인드와 강인한 의지로 베아트릭스는 진공팩을 사용하여 끊임없이 말랑말랑하게 굴러나오는 슬라임들을 피하며 이름을 알리고, 부자가 되려 합니다. ‖ [Raft] Raft™ throws you and your friends into an epic oceanic adventure! Alone or together, players battle to survive a perilous voyage across a vast sea! Gather debris, scavenge reefs an",Circadian City,"어드벤처, 인디, RPG, 시뮬레이션, 전략, 앞서 해보기",A life sim game where you play both in the Realworld and the Dreamworld. Your personality is your skill tree.,2,,
B0290,A26,RimWorld / Oxygen Not Included / Unpacking 언패킹,"인디, 시뮬레이션, 전략 / 인디, 시뮬레이션 / 캐주얼, 인디, 시뮬레이션","[RimWorld] 지능형 AI 이야기꾼이 주도하는 공상과학 정착지 시뮬레이터입니다. 심리, 생태, 총격전과 근접전, 날씨, 기후, 외교, 사람 사이의 관계, 예술, 의학, 무역, 그 외 많은 것들을 시뮬레이션하여 이야기를 생성합니다. ‖ [Oxygen Not Included] Oxygen Not Included는 우주 콜로니 시뮬레이션 게임입니다. 외계의 우주 암석 깊은 곳에서 근면한 일꾼들은 생존하고 나아가 번영하기 위해 과학을 마스터하고, 낯선 새로운 생명체에 맞서며, 경이로운 우주 테크놀로지를 활용해야 합니다. ‖ [Unpacking 언패킹] Unpacking은 상자에서 짐을 꺼내 새집에 맞게 배치하는 친숙한 체험에 대한 명상적 퍼즐 게임입니다. 게임의 일부인 블록 맞추기 게임과 집 꾸미기를 하는 동안, 푸는 짐에 닮긴 삶의 실마리를 찾아가며 만족할 만한 생활 공간을 만들어 보세요.",Maia,"인디, 시뮬레이션, 전략","Maia is a colony building game set in the not-so-distant future. Your colonists make planetfall on a hostile world and you must ensure their survival and their safety, constructing their off-world habitat from almost nothing and sheltering them from a dangerous, often deadly environment.",3,,
B0291,A29,Salt and Sanctuary,"액션, 인디, RPG","[Salt and Sanctuary] 두렵고도 잔혹한 섬의 탐험을 시작합니다… Salt and Sanctuary는 신속하고, 잔인하며, 복잡한 전투 시스템을 지닌 2D RPG입니다. 저주받은 도시의 잊힌 영역이나, 피에 물든 던전이나, 오염된 기념비와 같은 장소를 돌아다니며, 한때 축복을 받았지만 지금은 타락하고 만 영주들을 조우하세요.",Insanely Twisted Shadow Planet,"액션, 어드벤처, 인디","In this Insanely Twisted, 2-D action-adventure game, explore unique environments and battle bizarre creatures.",2,,
B0292,A03,Balatro / Hades / Vampire Survivors,"캐주얼, 인디, 전략 / 액션, 인디, RPG / 액션, 캐주얼, 인디, RPG","[Balatro] 포커 로그라이크 게임. Balatro는 불법 포커 패로 게임을 하고, 판을 뒤엎는 조커를 발견하고, 아드레날린이 치솟는 강력한 콤보를 만드는 덱 빌딩 게임입니다. ‖ [Hades] Bastion, Transistor, Pyre의 제작사에서 선보이는 이 로그라이크 던전 탐색형 게임에서 핵 앤 슬래시로 지하 세계를 탈출하고 죽음의 신에게 도전하세요. ‖ [Vampire Survivors] 수많은 어둠의 피조물을 쓰러뜨리며 새벽이 올 때까지 생존하세요! Vampire Survivors는 로그라이트 요소를 갖춘 고딕 호러 케주얼 게임입니다. 당신의 선택으로 순식간에 수백 마리의 괴물이 눈덩이처럼 불어날 수 있죠.",Perseus: Titan Slayer,"액션, 어드벤처, 인디, RPG",타르타로스로 가는 길에 타이탄을 물리쳐 혼돈가 올림푸스를 정복하고 세계를 파괴하는 것을 막으십시오. 이 로그라이크 던전 크롤러 모험에서 당신은 반신 페르세우스로 플레이하게 됩니다. 하나의 미션 즉 혼돈와 그의 주위의 사악한 세력들을 막아야 합니다.,3,,
B0293,A07,Into the Breach / Monster Train / Mini Metro,"인디, RPG, 시뮬레이션, 전략 / 전략 / 인디, 시뮬레이션, 전략","[Into the Breach] 미래의 강력한 메크를 조종하여 외계 세력을 물리치세요. 이 턴제 전략 게임에서는 세계를 구하려 시도할 때마다 무작위로 새롭게 생성되는 도전이 여러분 앞에 나타납니다. ‖ [Monster Train] Monster Train is a strategic roguelike deck building game with a twist. Set on a train to hell, you’ll use tactical decision making to defend multiple vertical battlegrounds. With  ‖ [Mini Metro] 미니 메트로는 성장하는 도시를 위해 지하철 노선을 설계하는 게임입니다. 역과 역 사이에 노선을 그려서 열차 운행을 시작하세요. 새로운 역이 열리면 노선을 수정해서 노선도를 효율적으로 유지하세요. 한정된 자원을 어느 곳에 사용할 것인지 결정하세요. 도시를 얼마나 오래 유지할 수 있을까요?",ARC SEED,전략,강력한 기계를 조종하여 파괴로부터 지구를 구하는 덱 빌딩 요소와 파괴 가능한 환경을 갖춘 턴제 전술 게임에서 성간 대천사와 맞서세요.,3,,
B0294,A16,The Talos Principle / Rust / Inscryption,"액션, 어드벤처, 인디 / 액션, 어드벤처, 인디, 대규모 멀티플레이어, RPG / 어드벤처, 인디, 전략","[The Talos Principle] 탈로스 법칙은 철학적 SF 소설의 전통을 따른 1인칭 퍼즐 게임입니다. 시리어스 샘을 개발한 크로팀에서 만들었으며, 톰 주버트(FTL, 더 스와퍼)와 조나스 카이라츠(바다는 모든 것을 요구한다.)가 스토리를 작성했습니다. ‖ [Rust] Rust에서의 목표는 오직 하나, 바로 살아남는 것입니다. 섬의 야생 동물, 다른 주민, 환경, 다른 생존자 모두가 여러분의 목숨을 노립니다. 하루 더 살아남을 수 있다면 수단과 방법을 가리지 마세요. ‖ [Inscryption] Inscryption은 검은 잉크로 그려진 카드를 기반으로 한 덱빌딩 로그라이크, 방탈출 퍼즐, 피가 흐르는 심리적 공포 등의 요소가 섞인 여정을 다룹니다. 카드에는 더 어두운 비밀이 새겨져 있습니다…",S.T.A.L.K.E.R.: Shadow of Chornobyl 인핸스드 에디션,"액션, 어드벤처, RPG",모든 것의 시작인 '존의 전설(Legends of the Zone)' 트릴로지의 첫 번째 챕터인 S.T.A.L.K.E.R.: Shadow of Chornobyl를 만나보세요.,2,,
B0295,A31,Hearts of Iron IV / Europa Universalis IV / Sid Meier's Civilization® V,"시뮬레이션, 전략 / 시뮬레이션, 전략 / 전략","[Hearts of Iron IV] Victory is at your fingertips! Your ability to lead your nation is your supreme weapon, the strategy game Hearts of Iron IV lets you take command of any nation in World War II; the ‖ [Europa Universalis IV] 비교할 수 없는 자유도, 깊이 있는 스토리, 정확한 역사적 고증을 즐기며 국토를 다스리고 세계를 정복하세요. 세계 역사를 새롭게 쓰며 시대를 풍미할 제국을 만드세요. ‖ [Sid Meier's Civilization® V] Create, discover, and download new player-created maps, scenarios, interfaces, and more!",Strategy & Tactics: Wargame Collection,전략,"Strategy & Tactics: Wargame Collection is a set of three historical turn-based strategies, in which you are going to take command of the armies in the greatest Medieval wars as well as take control of countries and nations during World War II.",3,,
B0296,A14,Iron Brigade / Ancient Planet Tower Defense / Creeper World IXE,"액션, 전략 / 캐주얼, 인디, 전략 / 액션, 캐주얼, 인디, 시뮬레이션, 전략","[Iron Brigade] Join The Mobile Trench Brigade and protect humanity from the evil Monovision menace! ‖ [Ancient Planet Tower Defense] 고대 행성 타워 디펜스는 정통 타워 디펜스 게임입니다. 고대 문명의 요새가 외계 침략자들로부터 침략당했습니다. 고대의 강력한 기술을 사용하여 적군의 공격을 물리치십시오! ‖ [Creeper World IXE] The unstoppable alien force known as The Creeper has returned, devouring thousands of worlds in its path, and yours is next. Battle against the Creeper fluid in a groundbreaking pi",Super Sanctum TD,"캐주얼, 인디, 전략","Super Sanctum TD is a retro-styled Tower Defense game that focuses on strategy, customization and replayability. Build advanced mazes and construct powerful towers to prevent alien hordes from reaching the Core!",3,,
B0297,A33,Garry's Mod / Team Fortress 2 / Left 4 Dead 2,"캐주얼, 인디, 시뮬레이션 / 액션, 무료 플레이 / 액션","[Garry's Mod] Garry's Mod is a physics sandbox. There aren't any predefined aims or goals. We give you the tools and leave you to play. ‖ [Team Fortress 2] 다양한 전술적 능력과 뚜렷한 개성을 갖춘 9가지 병과의 캐릭터를 플레이하세요. 끊임없이 업데이트되는 새로운 게임 모드, 맵, 장비 그리고 가장 중요한 모자까지 지금 바로 즐겨보세요! ‖ [Left 4 Dead 2] Set in the zombie apocalypse, Left 4 Dead 2 is a co-operative action horror FPS takes you and your friends through the cities, swamps and cemeteries of the Deep South, from Savanna",Walking Zombie: Shooter,"액션, 캐주얼","The Walking Zombie is a stationary FPS with an online co-op mode in a world full of zombies to kill. Buy and upgrade your weapons, kill all enemies in 200 levels and destroy mighty boss monsters before they eat you alive!",2,,
B0298,A14,Iron Brigade / Ancient Planet Tower Defense / Creeper World IXE,"액션, 전략 / 캐주얼, 인디, 전략 / 액션, 캐주얼, 인디, 시뮬레이션, 전략","[Iron Brigade] Join The Mobile Trench Brigade and protect humanity from the evil Monovision menace! ‖ [Ancient Planet Tower Defense] 고대 행성 타워 디펜스는 정통 타워 디펜스 게임입니다. 고대 문명의 요새가 외계 침략자들로부터 침략당했습니다. 고대의 강력한 기술을 사용하여 적군의 공격을 물리치십시오! ‖ [Creeper World IXE] The unstoppable alien force known as The Creeper has returned, devouring thousands of worlds in its path, and yours is next. Battle against the Creeper fluid in a groundbreaking pi",Rise of the Ancients,"인디, 전략",They appeared seemingly from nowhere and are ready for battle... You have to take up the defense of the land and prevent the Ancients from seizing the kingdom!,3,,
B0299,A07,Into the Breach / Monster Train / Mini Metro,"인디, RPG, 시뮬레이션, 전략 / 전략 / 인디, 시뮬레이션, 전략","[Into the Breach] 미래의 강력한 메크를 조종하여 외계 세력을 물리치세요. 이 턴제 전략 게임에서는 세계를 구하려 시도할 때마다 무작위로 새롭게 생성되는 도전이 여러분 앞에 나타납니다. ‖ [Monster Train] Monster Train is a strategic roguelike deck building game with a twist. Set on a train to hell, you’ll use tactical decision making to defend multiple vertical battlegrounds. With  ‖ [Mini Metro] 미니 메트로는 성장하는 도시를 위해 지하철 노선을 설계하는 게임입니다. 역과 역 사이에 노선을 그려서 열차 운행을 시작하세요. 새로운 역이 열리면 노선을 수정해서 노선도를 효율적으로 유지하세요. 한정된 자원을 어느 곳에 사용할 것인지 결정하세요. 도시를 얼마나 오래 유지할 수 있을까요?",All Quiet Roads,"인디, 시뮬레이션, 전략",Silence the city. A minimalist logistics puzzle where you untangle traffic jams. No stress. Just flow.,3,,
B0300,A26,RimWorld / Oxygen Not Included / Unpacking 언패킹,"인디, 시뮬레이션, 전략 / 인디, 시뮬레이션 / 캐주얼, 인디, 시뮬레이션","[RimWorld] 지능형 AI 이야기꾼이 주도하는 공상과학 정착지 시뮬레이터입니다. 심리, 생태, 총격전과 근접전, 날씨, 기후, 외교, 사람 사이의 관계, 예술, 의학, 무역, 그 외 많은 것들을 시뮬레이션하여 이야기를 생성합니다. ‖ [Oxygen Not Included] Oxygen Not Included는 우주 콜로니 시뮬레이션 게임입니다. 외계의 우주 암석 깊은 곳에서 근면한 일꾼들은 생존하고 나아가 번영하기 위해 과학을 마스터하고, 낯선 새로운 생명체에 맞서며, 경이로운 우주 테크놀로지를 활용해야 합니다. ‖ [Unpacking 언패킹] Unpacking은 상자에서 짐을 꺼내 새집에 맞게 배치하는 친숙한 체험에 대한 명상적 퍼즐 게임입니다. 게임의 일부인 블록 맞추기 게임과 집 꾸미기를 하는 동안, 푸는 짐에 닮긴 삶의 실마리를 찾아가며 만족할 만한 생활 공간을 만들어 보세요.",Odd Realm,"인디, 시뮬레이션, 전략","Build a settlement in a realm recovering from the Fracture, a calamity that nearly destroyed the realm. Choose from several unique races, establish a new kingdom, and survive in a land filled with magic and strange creatures. Farm the land, fish the seas, or raid rival kingdoms for their treasures.",3,,
B0301,A21,DARK SOULS™ III / The Witcher 3: Wild Hunt / The Elder Scrolls V: Skyrim Special Edition,액션 / RPG / RPG,"[DARK SOULS™ III] 장르를 새로 개척했다는 평가를 들으며 많은 좋은 평가들을 얻고 있는 다크 소울 시리즈는 계속해서 한계를 넘어서, 더욱 야심찬 단계에 도전하고자 하고 있습니다. 준비를 하고 어둠을 밝히십시오! ‖ [The Witcher 3: Wild Hunt] 리비아의 게롤트가 되어 의뢰를 받고 괴물을 사냥하세요. 전쟁의 상처가 가득하고 괴물이 들끓는 대륙을 마음껏 탐험해 보세요. 지금 가장 중요한 일은 대륙의 판도를 뒤바꿀 수도 있는 살아 있는 무기이자 예언의 아이, 시리를 추적하는 것입니다. ‖ [The Elder Scrolls V: Skyrim Special Edition] 200회 이상 올해의 게임에 선정된 The Elder Scrolls V: Skyrim Special Edition이 놀라운 디테일로 판타지에 생명을 불어넣었습니다. Special Edition에는 비평가들의 극찬을 받은 게임 및 새로운 기능이 포함된 애드온이 들어 있습니다.",파스칼 웨이저: 완전판,"액션, 어드벤처, RPG",은 도전성이 넘치는 액션 RPG입니다. 당신은 선구자로서 검은 안개에 뒤덮인 솔라스 대륙에서 이 세상의 모든 빛을 삼킨 재앙 뒤에 숨겨진 진실을 찾아야 합니다.,3,,
B0302,A09,Roots of Yggdrasil / Ancient Gods / Flick Shot Rogues,"인디, 전략 / RPG, 전략 / 인디, 전략","[Roots of Yggdrasil] Build settlements, explore the Nine Realms, collect artifacts and upgrade your deck to reach the top of Yggdrasil in this post-Ragnarok roguelike city-builder! Can you survive the  ‖ [Ancient Gods] Ancient Gods is a fusion of hero collector and deck-building rogue-lite where you collect your character, fight, and experience exciting events. Any character can use all the cards ‖ [Flick Shot Rogues] 계획하고, 조준하고, 쏘세요! FLICK SHOT ROGUES는 테이블 위에서 물건을 튕기는 촉각적 만족감과 사람들이 좋아하는 턴제 로그라이크의 전략적 깊이를 결합한 게임입니다. 말도 안되는 콤보를 연결하고, 캐릭터, 아이템, 스킬을 잠금 해제하면서, 섬을 정복하세요!",Card Quest,"인디, RPG, 전략","Card Quest is a dungeon crawling adventure game with unique card combat. Play with a variety of unique character classes, and customize decks to fit your playstyle. Explore the strategic depth of tactical roguelike gameplay, and crush the undead plague.",3,,
B0303,A10,A Short Hike / ISLANDERS / Gorogoa,"어드벤처, 인디 / 캐주얼, 인디, 전략 / 어드벤처, 캐주얼, 인디","[A Short Hike] Hike, climb, and soar through the peaceful mountainside landscapes of Hawk Peak Provincial Park as you make your way to the summit. ‖ [ISLANDERS] ISLANDERS is a minimalist strategy game about building cities on colorful islands. ‖ [Gorogoa] Gorogoa(고로고아)는 Jason Roberts가 디자인하고 일러스트레이션을 손으로 그린 아름다운 차세대 퍼즐 게임입니다.",Blueprint Tycoon,"캐주얼, 인디, 시뮬레이션","Build your settlement, gather goods, ensure maximum efficiency and make a profit!",2,,
B0304,A01,It Takes Two / Overcooked! 2 / What Remains of Edith Finch,"액션, 어드벤처 / 액션, 캐주얼, 인디 / 어드벤처, 인디","[It Takes Two] It Takes Two에서 생애 가장 정신없는 여정을 시작하세요. 친구가 무료로 참가할 수 있게 친구 패스*로 초대하고, 함께 힘을 합쳐서 수많은 유쾌하고 획기적인 게임 플레이 챌린지를 헤쳐나가세요. ‖ [Overcooked! 2] 혼란스러운 요리 액션으로 가득한 Overcooked가 돌아왔습니다! 양파 왕국으로 돌아가는 여행을 떠나세요. 클래식 협동 또는 온라인 플레이에서 셰프 팀을 만들어서 최대 4명까지 플레이하세요. 앞치마를 준비하세요... 다시 세상을 구할 때가 되었습니다! ‖ [What Remains of Edith Finch] What Remains of Edith Finch(워트 리메인스 오브 에디스 핀치)는 워싱턴 주에 있는 어느 가족에 대한 이상한 이야기의 모음입니다. 플레이어는 에디스가 되어 거대한 핀치 가택을 탐사하고, 가족사를 연구하며 이야기를 찾고, 왜 가족 중에서 그녀만 살아남았는지 알아내야 합니다. 각 이야기는 새로운 가족 구성",PICO PARK,"액션, 캐주얼, 인디",PICO PARK is a cooperative local/online multiplay action puzzle game for 2-8 players.,3,,
B0305,A18,Euro Truck Simulator 2 / BeamNG.drive / 아세토 코르사 Assetto Corsa,"인디, 시뮬레이션 / 레이싱, 시뮬레이션, 앞서 해보기 / 인디, 레이싱, 시뮬레이션, 스포츠","[Euro Truck Simulator 2] 도로의 왕이 되어 인상적인 거리를 가로질러 중요한 화물을 배달하는 트럭 운전사가 되어 유럽을 여행하세요! 탐험할 도시가 수십 개나 되므로, 당신의 인내심, 기술, 속도가 모두 한계에 도달할 것입니다. ‖ [BeamNG.drive] 뭐든지 할 수 있는 동적 소프트 보디 물리 시뮬레이터입니다. ‖ [아세토 코르사 Assetto Corsa] 아세토 코르사(Assetto Corsa) v1.16은 새로운 레이저 스캔 트랙 ""라구나 세카(Laguna Seca)"" 및 기다리던 Alfa Romeo Giulia Quadrifoglio를 포함한 7개의 신차를 소개합니다! 체인지로그에서 더 자세한 내용을 확인하세요!",Heavy Cargo - The Truck Simulator,시뮬레이션,"Transport oversized cargo in a variety of missions across a 175km² open world. Drive customisable, highly detailed trucks through dynamic weather and day and night. The official cooperation with Gruber Logistics allows you to get behind the wheel of real-life heavy cargo transports.",3,,
B0306,A19,ELDEN RING / Disco Elysium - The Final Cut / Outer Wilds,"액션, RPG / RPG / 액션, 어드벤처","[ELDEN RING] 본 게임은 본격적인 다크 판타지 세계를 무대로 한 액션 RPG입니다. 드넓은 필드와 던전 탐험을 통해 미지의 것들을 발견해 보세요. 앞길을 막아서는 난관과 그것을 극복했을 때의 달성감, 그리고 등장인물들의 의도가 교착하는 군상극도 즐기실 수 있습니다. ‖ [Disco Elysium - The Final Cut] 디스코 엘리시움 - 최종판은 획기적인 오픈 월드 롤플레잉 게임입니다. 당신은 독특한 스킬 시스템을 갖춘 형사로서 오롯한 도시 블록을 당신의 미래를 닦기 위해 다듬을 수 있습니다. 잊지 못할 등장인물들을 심문하거나, 살인 사건을 해결하거나, 뇌물을 받으세요. 영웅이 되거나 인류의 완전한 재앙이 되세요. ‖ [Outer Wilds] Giant Bomb, Polygon, Eurogamer, The Guardian에 의해 2019년 올해의 게임에 이름을 올리며 냉정한 호평과 수상 실적이 있는 Outer Wilds는 무한 시간 루프에 갇힌 태양계에 관한 공개된 세계의 미스터리 게임입니다.",Family Mysteries: Poisonous Promises,"어드벤처, 캐주얼",권력이 궁극적인 통화인 방탕한 엘리트들과 여성들과 부패한 경찰들의 세계로 뛰어들기 시작했다. 최고의 경찰드라마의 전통에서 새롭게 선보이는 숨겨진 물체 퍼즐 모험 시리즈에 대한 짜릿한 소개다.,1,LOW_QUALITY,
B0307,A25,DOOMBLADE / Transiruby / Blast Brigade vs. the Evil Legion of Dr. Cread,"액션, 어드벤처, 인디 / 액션 / 액션, 어드벤처, 인디","[DOOMBLADE] Deep underground, Gloom Girl discovers DOOMBLADE, a sentient weapon hellbent on escape after eons in chains. Together, “Doom and Gloom” embark on a vengeful quest to unlock the pow ‖ [Transiruby] 차원 대륙의 의문을 풀어라! 는 사이보그 소녀 실비가 검과 엘리먼트 샷으로 적을 쓰러뜨리며 앞으로 나아가는 탐색형 액션 게임입니다! ‖ [Blast Brigade vs. the Evil Legion of Dr. Cread] 스릴 넘치는 플랫포밍과 깊이 있는 탐험 세계, 폭발적인 액션으로 가득한 2D 메트로이드배니아 어드벤처 게임을 즐겨보세요! Blast Brigade에서 영웅들로 팀을 구성해 세계를 구하세요!",Blossom Tales: The Sleeping King,"액션, 어드벤처",Explore a huge open game world in classic action-adventure fashion! Prove your worth by fighting through monster-infested dungeons to save the Kingdom of Blossom!,2,,
B0308,A23,Vomitoreum / Tales of Kenzera™: ZAU / Shantae: Half-Genie Hero,"액션, 어드벤처, 인디 / 액션, 어드벤처, 인디 / 액션, 어드벤처, 인디","[Vomitoreum] Vomitoreum is an FPS Metroidvania with a focus on atmosphere and horror, inspired by the paintings of Zdzisław Beksiński. ‖ [Tales of Kenzera™: ZAU] 샤먼의 춤을 추세요. 아버지의 영혼을 되찾으세요. Surgent Studios가 제작한 메트로이드바니아 스타일의 어드벤처 게임 Tales of Kenzera™: ZAU에서 죽음의 신과 함께 아름답고 위험한 켄제라의 땅으로 용감하게 모험을 떠나세요. ‖ [Shantae: Half-Genie Hero] Shantae embarks on her first full HD adventure! When a mysterious crime wave sweeps Sequin Land, it’s up to Half-Genie Hero Shantae to save the day! Use Shantae’s devastating Hair-",Environmental Station Alpha,"액션, 어드벤처, 인디",Explore an abandoned space station in this retro-themed explorative action platformer.,3,,
B0309,A25,DOOMBLADE / Transiruby / Blast Brigade vs. the Evil Legion of Dr. Cread,"액션, 어드벤처, 인디 / 액션 / 액션, 어드벤처, 인디","[DOOMBLADE] Deep underground, Gloom Girl discovers DOOMBLADE, a sentient weapon hellbent on escape after eons in chains. Together, “Doom and Gloom” embark on a vengeful quest to unlock the pow ‖ [Transiruby] 차원 대륙의 의문을 풀어라! 는 사이보그 소녀 실비가 검과 엘리먼트 샷으로 적을 쓰러뜨리며 앞으로 나아가는 탐색형 액션 게임입니다! ‖ [Blast Brigade vs. the Evil Legion of Dr. Cread] 스릴 넘치는 플랫포밍과 깊이 있는 탐험 세계, 폭발적인 액션으로 가득한 2D 메트로이드배니아 어드벤처 게임을 즐겨보세요! Blast Brigade에서 영웅들로 팀을 구성해 세계를 구하세요!",Fireboy & Watergirl: Fairy Tales,"액션, 어드벤처",Fireboy & Watergirl are back! This time with fairies to help you!,1,IRRELEVANT,
B0310,A19,ELDEN RING / Disco Elysium - The Final Cut / Outer Wilds,"액션, RPG / RPG / 액션, 어드벤처","[ELDEN RING] 본 게임은 본격적인 다크 판타지 세계를 무대로 한 액션 RPG입니다. 드넓은 필드와 던전 탐험을 통해 미지의 것들을 발견해 보세요. 앞길을 막아서는 난관과 그것을 극복했을 때의 달성감, 그리고 등장인물들의 의도가 교착하는 군상극도 즐기실 수 있습니다. ‖ [Disco Elysium - The Final Cut] 디스코 엘리시움 - 최종판은 획기적인 오픈 월드 롤플레잉 게임입니다. 당신은 독특한 스킬 시스템을 갖춘 형사로서 오롯한 도시 블록을 당신의 미래를 닦기 위해 다듬을 수 있습니다. 잊지 못할 등장인물들을 심문하거나, 살인 사건을 해결하거나, 뇌물을 받으세요. 영웅이 되거나 인류의 완전한 재앙이 되세요. ‖ [Outer Wilds] Giant Bomb, Polygon, Eurogamer, The Guardian에 의해 2019년 올해의 게임에 이름을 올리며 냉정한 호평과 수상 실적이 있는 Outer Wilds는 무한 시간 루프에 갇힌 태양계에 관한 공개된 세계의 미스터리 게임입니다.",GRAVEN,"액션, 어드벤처, RPG","액션, 미스터리 그리고 구원의 기회가 사실주의적 1인칭 액션 어드벤처 게임, GRAVEN에서 여러분을 기다리고 있습니다. 억울하게 죄인이 된 신자가 되어 다크 판타지 세계를 탐험하세요. 무기, 마법 환경을 이용해 인류와 야생 그리고 그 너머의 공포와 싸우세요.",2,,
B0311,A27,The Raven Remastered / The Frostrune / Mad Experiments: Escape Room,"어드벤처 / 어드벤처 / 어드벤처, 캐주얼, 인디, 시뮬레이션, 전략","[The Raven Remastered] London, 1964. An ancient ruby is stolen from the British Museum. At the crime scene: a raven feather. Is somebody trying to follow in the footsteps of The Raven, the legendary mast ‖ [The Frostrune] Unravel a mystery inspired by Viking myth and legend in The Frostrune, a classic point-and-click adventure based on historically accurate Norse culture and environments. ‖ [Mad Experiments: Escape Room] 수상 후보에 오른 이스케이프 게임 1인 또는 최대 5인까지 플레이하며 3개의 독특한 방을 탐험하고, 두뇌를 자극하는 퍼즐을 풀며 체셔 교수와 그의 실험에 얽힌 어두운 비밀을 밝혀보세요.",Kyn,"액션, 어드벤처, 인디, RPG","In a world where Viking mythology collides with magic, explore the world of KYN in a fast paced role playing strategy game that combines party based combat with exploration and progression.",1,GENRE_ONLY,
B0312,A09,Roots of Yggdrasil / Ancient Gods / Flick Shot Rogues,"인디, 전략 / RPG, 전략 / 인디, 전략","[Roots of Yggdrasil] Build settlements, explore the Nine Realms, collect artifacts and upgrade your deck to reach the top of Yggdrasil in this post-Ragnarok roguelike city-builder! Can you survive the  ‖ [Ancient Gods] Ancient Gods is a fusion of hero collector and deck-building rogue-lite where you collect your character, fight, and experience exciting events. Any character can use all the cards ‖ [Flick Shot Rogues] 계획하고, 조준하고, 쏘세요! FLICK SHOT ROGUES는 테이블 위에서 물건을 튕기는 촉각적 만족감과 사람들이 좋아하는 턴제 로그라이크의 전략적 깊이를 결합한 게임입니다. 말도 안되는 콤보를 연결하고, 캐릭터, 아이템, 스킬을 잠금 해제하면서, 섬을 정복하세요!",世界の為の全ての少女,"어드벤처, 캐주얼, 인디, 시뮬레이션","A deck-building roguelike caring game In a collapsed world, a plan to raise a young girl into a savior begins in order to find the only salvation. You become an ""administrator"" to raise a girl to become a savior, and raise her by selecting ""human resources (cards)"" with various effects.",2,,
B0313,A11,Forza Horizon 5 / Hi-Fi RUSH / Street Fighter 6,"액션, 어드벤처, 레이싱, 시뮬레이션, 스포츠 / 액션 / 액션, 어드벤처","[Forza Horizon 5] 세계 최고의 자동차를 타고 생동감 넘치는 멕시코의 대자연을 탐험하며 재미있는 드라이빙 액션을 마음껏 즐겨보세요. ‖ [Hi-Fi RUSH] 아케이드 챌린지! 업데이트!로 추가되는 두 개의 신규 게임 모드에서 여러분의 능력을 시험하고, 새로운 보상을 획득해 보세요. 몇 가지 비밀도 숨어 있답니다! 락 스타 지망생 차이가 되어 비트를 타고, 세상 모든 게 음악에 싱크되는 세계에서 오합지졸 팀과 함께 사악한 거대 기업에 맞서 싸우세요. ‖ [Street Fighter 6] 시리즈 최신작 『Street Fighter 6』, 2023년 6월 2일 발매 결정! RE ENGINE으로 개발된 본 작품은 대형 모드 「World Tour」, 「Fighting Ground」, 「Battle Hub」로 구성되어 있다. 새로운 「스트리트 파이터」에는 지금까지의 시리즈에는 없었던 새로운 체험이 기다리고 있다.",TAPSONIC BOLD,"액션, 캐주얼, 레이싱",MEET POPULAR RHYTHM ACTION GAME 'TAPSONIC' SERIES NOW ON STEAM!,3,,
B0314,A01,It Takes Two / Overcooked! 2 / What Remains of Edith Finch,"액션, 어드벤처 / 액션, 캐주얼, 인디 / 어드벤처, 인디","[It Takes Two] It Takes Two에서 생애 가장 정신없는 여정을 시작하세요. 친구가 무료로 참가할 수 있게 친구 패스*로 초대하고, 함께 힘을 합쳐서 수많은 유쾌하고 획기적인 게임 플레이 챌린지를 헤쳐나가세요. ‖ [Overcooked! 2] 혼란스러운 요리 액션으로 가득한 Overcooked가 돌아왔습니다! 양파 왕국으로 돌아가는 여행을 떠나세요. 클래식 협동 또는 온라인 플레이에서 셰프 팀을 만들어서 최대 4명까지 플레이하세요. 앞치마를 준비하세요... 다시 세상을 구할 때가 되었습니다! ‖ [What Remains of Edith Finch] What Remains of Edith Finch(워트 리메인스 오브 에디스 핀치)는 워싱턴 주에 있는 어느 가족에 대한 이상한 이야기의 모음입니다. 플레이어는 에디스가 되어 거대한 핀치 가택을 탐사하고, 가족사를 연구하며 이야기를 찾고, 왜 가족 중에서 그녀만 살아남았는지 알아내야 합니다. 각 이야기는 새로운 가족 구성",ibb & obb,"액션, 어드벤처, 인디",ibb & obb is a two player cooperative game set in a puzzle filled world where gravity goes both up and down. You can only succeed by working closely together. Find a friend for some true local co-op couch fun or match up online.,3,,
B0315,A13,Death's Door / Children of Morta / Roboquest / Spelunky 2 / Nuclear Throne / Streets of Rogue / Neon Abyss / Curse of the Dead Gods / Rogue Legacy 2 / Have a Nice Death,"액션, 어드벤처, 인디, RPG / 액션, 어드벤처, 인디, RPG / 액션, 인디 / 액션, 인디 / 액션, 인디, RPG / 액션, 어드벤처, 인디, RPG / 액션, 어드벤처, 인디, RPG / 액션, 어드벤처 / 액션, 어드벤처, 인디, RPG / 액션, 인디","[Death's Door] 죽은 자의 영혼을 수확하고 시간을 끝내는 것은 단조로울 수 있지만 까마귀에겐 평범한 일입니다. 하지만 주어진 영혼을 도둑맞게 되면 변화가 일어납니다. 영혼을 도난하고 죽음의 손길이 닿지 않는 영역으로 도망친 절망적인 도둑을 추적하십시오. ‖ [Children of Morta] Children of Morta는 비범한 가족 영웅에 대한 스토리 중심의 액션 RPG 게임입니다. 다가오는 부패에 맞서 모든 결함과 미덕을 갖춘 베르그송 가를 이끄세요. 여러분은 여러분이 아끼는 사람들을 구하기 위해 모든 것을 희생할 수 있으신가요? ‖ [Roboquest] 로보퀘스트는 멸망한 미래 세계의 빠른 FPS 로그라이트입니다. 당신은 재부팅된 수호자로, 강철 궁둥짝을 걷어 찰 준비를 하세요! 혼자서 혹은 친구와 함께 맞서거나 끊임없이 변화하는 환경에서 치명적인 로봇 군단을 섬멸하세요. ‖ [Spelunky 2] Spelunky 2 builds upon the unique, randomized challenges that made the original a roguelike classic, offering a huge adventure designed to satisfy players old and new. Meet the nex ‖ [Nuclear Throne] Nuclear Throne은 포스트 아포칼립스 세계관의 로그라이크 스타일 탑다운 슈터입니다. 여기서 말하는 포스트 아포칼립스는 '인류의 마지막 희망'이 남아 있는 세계가 아니라, '인류는 멸종했고 이제 돌연변이와 괴물들이 세상을 돌아다니는' 그런 세계입니다. 과연 당신은 뉴클리어 쓰론에 도달할 수 있을까요? ‖ [Streets of Rogue] 싸워서 몰래 들어가 임의 생성된 도시를 공격하세요. Nuclear Throne은 무법천지 GTA와 Deus Ex가 혼합된 형태입니다. Rogue-lite가 몰입도 높은 캐릭터를 만나 너무 재미있습니다. ‖ [Neon Abyss] Neon Abyss는 고속의 로그라이크 액션 플랫포머로, 하데스가 만든 '그림 스쿼드'의 일원이 되어 어비스로 총을 들고 뛰어드는 런 앤 건 게임입니다. 무한한 아이템 시너지와 던전 진화 시스템으로, 매번 게임을 할 때마다 다른 경험과 새로운 도전이 등장합니다. 진짜 지옥을 보여주세요! ‖ [Curse of the Dead Gods] 엄청난 부, 영원한 생명, 신성한 힘을 탐하는 마음이 당신을 끝없는 지옥 속의 미로, 치명적인 함정 및 몬스터가 우글거리는 이 저주받은 사원으로 이끌었습니다. ‖ [Rogue Legacy 2] 로그 레거시 2는 로그 레거시에 후속편을 끼얹은 작품입니다. 당신이 죽을 때마다 자식이 가업을 이어받습니다. 딸은 색맹 궁수이고 아들은 평화주의자 요리사일 수도 있죠. 어쨌거나 둘 중 한 명은 전장으로 나가야 합니다. ‖ [Have a Nice Death] Have a Nice Death는 과로에 고생하는 데스가 되어 플레이하는 2D 액션 로그라이크로, 통제 불능인 직원들 때문에 영혼의 균형과 데스의 휴가 계획이 틀어지고 말았습니다. 질서를 회복하려면 대낫을 들고 직원들과 서열 정리를 해야 합니다.",AK-xolotl: Together,"액션, 인디","귀엽고 치명적이며 AK 소총을 난사하는 아홀로틀이 등장하는, 단 하나의 탑 다운 로그라이크 슈터입니다. 강력한 총기와 파워업으로 동물 왕국의 악당들을 처단하고 총질에 열광하는 아기 아흘로틀 군단을 만드세요. 🔫🔫 화력을 두 배로! 지금 로컬 협동 업데이트 이용 가능!",3,,
B0316,A06,Cities: Skylines / Factorio / Farming Simulator 22,"시뮬레이션, 전략 / 캐주얼, 인디, 시뮬레이션, 전략 / 시뮬레이션","[Cities: Skylines] Cities: Skylines is a modern take on the classic city simulation. The game introduces new game play elements to realize the thrill and hardships of creating and maintaining a real  ‖ [Factorio] Factorio는 무한한 2D 세상에서 복잡성이 증가하는 아이템을 생산하기 위해 자동화 공장을 만드는 게임입니다. - 당신의 상상력으로 공장을 설계, 독창적인 방법으로 간단한 요소를 결합하고 마지막엔 당신을 좋아하지 않는 생물들로 부터 공장을 지키세요. ‖ [Farming Simulator 22] 농장을 만들고 농사를 즐기세요! 작물을 수확하고, 동물을 돌보고, 생산을 관리하고, 계절에 따른 어려움을 이겨내세요.",Smart City Plan,"시뮬레이션, 전략","Smart City Plan is a modern old-school style city builder game: Plan zones, roads, public transport like trains, trams, buses, subways and even the hypertube. Set taxes and policies and implement smart city technologies.",3,,
B0317,A09,Roots of Yggdrasil / Ancient Gods / Flick Shot Rogues,"인디, 전략 / RPG, 전략 / 인디, 전략","[Roots of Yggdrasil] Build settlements, explore the Nine Realms, collect artifacts and upgrade your deck to reach the top of Yggdrasil in this post-Ragnarok roguelike city-builder! Can you survive the  ‖ [Ancient Gods] Ancient Gods is a fusion of hero collector and deck-building rogue-lite where you collect your character, fight, and experience exciting events. Any character can use all the cards ‖ [Flick Shot Rogues] 계획하고, 조준하고, 쏘세요! FLICK SHOT ROGUES는 테이블 위에서 물건을 튕기는 촉각적 만족감과 사람들이 좋아하는 턴제 로그라이크의 전략적 깊이를 결합한 게임입니다. 말도 안되는 콤보를 연결하고, 캐릭터, 아이템, 스킬을 잠금 해제하면서, 섬을 정복하세요!",Banners of Ruin,"RPG, 전략","Assemble your party. Answer the call. Win the war. Build a deck and fight a series of turn-based combats with up to 6 party characters through the city of Dawn's Point. Each character can unlock a set of unique cards and abilities that can augment your deck in powerful, exciting ways.",3,,
B0318,A26,RimWorld / Oxygen Not Included / Unpacking 언패킹,"인디, 시뮬레이션, 전략 / 인디, 시뮬레이션 / 캐주얼, 인디, 시뮬레이션","[RimWorld] 지능형 AI 이야기꾼이 주도하는 공상과학 정착지 시뮬레이터입니다. 심리, 생태, 총격전과 근접전, 날씨, 기후, 외교, 사람 사이의 관계, 예술, 의학, 무역, 그 외 많은 것들을 시뮬레이션하여 이야기를 생성합니다. ‖ [Oxygen Not Included] Oxygen Not Included는 우주 콜로니 시뮬레이션 게임입니다. 외계의 우주 암석 깊은 곳에서 근면한 일꾼들은 생존하고 나아가 번영하기 위해 과학을 마스터하고, 낯선 새로운 생명체에 맞서며, 경이로운 우주 테크놀로지를 활용해야 합니다. ‖ [Unpacking 언패킹] Unpacking은 상자에서 짐을 꺼내 새집에 맞게 배치하는 친숙한 체험에 대한 명상적 퍼즐 게임입니다. 게임의 일부인 블록 맞추기 게임과 집 꾸미기를 하는 동안, 푸는 짐에 닮긴 삶의 실마리를 찾아가며 만족할 만한 생활 공간을 만들어 보세요.",Starship EVO,"액션, 어드벤처, 인디, 시뮬레이션, 앞서 해보기","Mine and craft your way to orbit, build your own starship and explore a vast, dangerous galaxy alongside your crew. For players who love a meaningful survival progression, a unique and elegant building system, and epic space-opera scale.",2,,
B0319,A28,Dordogne / A YEAR OF SPRINGS / Botany Manor,"어드벤처, 인디 / 캐주얼, 인디, 시뮬레이션 / 어드벤처","[Dordogne] 이 유년 시절의 여정에서 특별한 내러티브에 몰입하며 도르도뉴의 수천 가지 여름의 색을 탐험하고, 추억을 떠올리며 가족의 비밀을 밝히세요. ‖ [A YEAR OF SPRINGS] 세 명의 여성, 세 개의 이야기, 세 개의 봄. 세 명의 친구들이 사랑, 공감, 그리고 단지 함께하고 싶어하는 감정에 대한 방향을 찾아나가는 3 부작 비주얼 노벨 A YEAR OF SPRINGS 에서 하루, 에리카, 마나미의 이야기를 체험하세요. ‖ [Botany Manor] Welcome to Botany Manor, a stately home in 19th century England. You play as inhabitant Arabella Greene, a retired botanist. Explore your house and gardens, filled with research, t",The Land of Pain,"어드벤처, 인디","숲에서 이상한 것이 나타난다. 어둡고 미지의 장소에서 길을 잃은 채, 무자비한 적을 피해 살아남고 퍼즐을 풀며 이 땅을 뒤덮은 고대의 비밀을 밝혀내는 러브크래프트식 코스믹 호러 어드벤처.",0,IRRELEVANT,
B0320,A27,The Raven Remastered / The Frostrune / Mad Experiments: Escape Room,"어드벤처 / 어드벤처 / 어드벤처, 캐주얼, 인디, 시뮬레이션, 전략","[The Raven Remastered] London, 1964. An ancient ruby is stolen from the British Museum. At the crime scene: a raven feather. Is somebody trying to follow in the footsteps of The Raven, the legendary mast ‖ [The Frostrune] Unravel a mystery inspired by Viking myth and legend in The Frostrune, a classic point-and-click adventure based on historically accurate Norse culture and environments. ‖ [Mad Experiments: Escape Room] 수상 후보에 오른 이스케이프 게임 1인 또는 최대 5인까지 플레이하며 3개의 독특한 방을 탐험하고, 두뇌를 자극하는 퍼즐을 풀며 체셔 교수와 그의 실험에 얽힌 어두운 비밀을 밝혀보세요.",In Sink: A Co-op Escape Adventure,"어드벤처, 캐주얼, 인디, 시뮬레이션, 전략",조난을 당해 수수께끼의 섬에 다다른 두 명의 캐릭터가 되어 플레이하세요. 이 협동 게임에서는 친구와 한 팀이 되어 힘을 합쳐야 합니다. 함께 퍼즐을 풀고 집으로 돌아갈 길을 마련하세요. 비슷하게 생각하는 것만으로는 부족합니다. 진정으로 '빠져들어야' 탈출할 수 있습니다.,3,,
B0321,A10,A Short Hike / ISLANDERS / Gorogoa,"어드벤처, 인디 / 캐주얼, 인디, 전략 / 어드벤처, 캐주얼, 인디","[A Short Hike] Hike, climb, and soar through the peaceful mountainside landscapes of Hawk Peak Provincial Park as you make your way to the summit. ‖ [ISLANDERS] ISLANDERS is a minimalist strategy game about building cities on colorful islands. ‖ [Gorogoa] Gorogoa(고로고아)는 Jason Roberts가 디자인하고 일러스트레이션을 손으로 그린 아름다운 차세대 퍼즐 게임입니다.",Tranquil Isle,"캐주얼, 인디, 전략",Tranquil Isle is a lo-fi strategic townbuilder. Create cozy little settlements on the sun-kissed shores of your very own island paradise.,3,,
B0322,A01,It Takes Two / Overcooked! 2 / What Remains of Edith Finch,"액션, 어드벤처 / 액션, 캐주얼, 인디 / 어드벤처, 인디","[It Takes Two] It Takes Two에서 생애 가장 정신없는 여정을 시작하세요. 친구가 무료로 참가할 수 있게 친구 패스*로 초대하고, 함께 힘을 합쳐서 수많은 유쾌하고 획기적인 게임 플레이 챌린지를 헤쳐나가세요. ‖ [Overcooked! 2] 혼란스러운 요리 액션으로 가득한 Overcooked가 돌아왔습니다! 양파 왕국으로 돌아가는 여행을 떠나세요. 클래식 협동 또는 온라인 플레이에서 셰프 팀을 만들어서 최대 4명까지 플레이하세요. 앞치마를 준비하세요... 다시 세상을 구할 때가 되었습니다! ‖ [What Remains of Edith Finch] What Remains of Edith Finch(워트 리메인스 오브 에디스 핀치)는 워싱턴 주에 있는 어느 가족에 대한 이상한 이야기의 모음입니다. 플레이어는 에디스가 되어 거대한 핀치 가택을 탐사하고, 가족사를 연구하며 이야기를 찾고, 왜 가족 중에서 그녀만 살아남았는지 알아내야 합니다. 각 이야기는 새로운 가족 구성",Chasing Static,"어드벤처, 인디",A psychological horror short story. Explore the untouched wilderness of rural Wales as you uncover the forgotten remains of a mysterious facility and find the truth behind the missing villagers of Hearth.,2,,
B0323,A07,Into the Breach / Monster Train / Mini Metro,"인디, RPG, 시뮬레이션, 전략 / 전략 / 인디, 시뮬레이션, 전략","[Into the Breach] 미래의 강력한 메크를 조종하여 외계 세력을 물리치세요. 이 턴제 전략 게임에서는 세계를 구하려 시도할 때마다 무작위로 새롭게 생성되는 도전이 여러분 앞에 나타납니다. ‖ [Monster Train] Monster Train is a strategic roguelike deck building game with a twist. Set on a train to hell, you’ll use tactical decision making to defend multiple vertical battlegrounds. With  ‖ [Mini Metro] 미니 메트로는 성장하는 도시를 위해 지하철 노선을 설계하는 게임입니다. 역과 역 사이에 노선을 그려서 열차 운행을 시작하세요. 새로운 역이 열리면 노선을 수정해서 노선도를 효율적으로 유지하세요. 한정된 자원을 어느 곳에 사용할 것인지 결정하세요. 도시를 얼마나 오래 유지할 수 있을까요?",MiniTrans,"캐주얼, 인디, 시뮬레이션, 전략, 무료 플레이","MiniTrans is a city building and traffic simulation game. Players independently build main cities and satellite cities, develop metropolitan areas and city clusters, and build various transportation facilities between urban areas to transport commuters to earn taxes.",2,,
B0324,A14,Iron Brigade / Ancient Planet Tower Defense / Creeper World IXE,"액션, 전략 / 캐주얼, 인디, 전략 / 액션, 캐주얼, 인디, 시뮬레이션, 전략","[Iron Brigade] Join The Mobile Trench Brigade and protect humanity from the evil Monovision menace! ‖ [Ancient Planet Tower Defense] 고대 행성 타워 디펜스는 정통 타워 디펜스 게임입니다. 고대 문명의 요새가 외계 침략자들로부터 침략당했습니다. 고대의 강력한 기술을 사용하여 적군의 공격을 물리치십시오! ‖ [Creeper World IXE] The unstoppable alien force known as The Creeper has returned, devouring thousands of worlds in its path, and yours is next. Battle against the Creeper fluid in a groundbreaking pi",Tower Wars,"액션, 인디, 전략","Tower Wars combines elements of tower defense, RTS, and all-out multi-player mayhem to bring you a completely unique experience, delivered with a fun and funny not-so-old world style!",3,,
B0325,A35,Project Zomboid / Don't Starve / The Forest,"인디, RPG, 시뮬레이션, 앞서 해보기 / 어드벤처, 인디, 시뮬레이션 / 액션, 어드벤처, 인디, 시뮬레이션","[Project Zomboid] Project Zomboid is the ultimate in zombie survival. Alone or in MP: you loot, build, craft, fight, farm and fish in a struggle to survive. A hardcore RPG skillset, a vast map, mass ‖ [Don't Starve] Don’t Starve is an uncompromising wilderness survival game full of science and magic. Enter a strange and unexplored world full of strange creatures, dangers, and surprises. Gather ‖ [The Forest] As the lone survivor of a passenger jet crash, you find yourself in a mysterious forest battling to stay alive against a society of cannibalistic mutants. Build, explore, survive i",The Withering,"액션, 어드벤처, 인디, RPG, 시뮬레이션, 전략",Have you ever thought or imagined how our world would look like after an apocalyptic event? What would we do if some of us were to survive? What world would we live in and what challenges would we face? What would you do?,2,,
B0326,A15,서브노티카 / The Long Dark / No Man's Sky,"어드벤처, 인디 / 어드벤처, 인디, 시뮬레이션, 전략 / 액션, 어드벤처","[서브노티카] 위험과 경이로움이 가득한 외계의 바다 속으로 내려가세요. 장비를 제작하고, 잠수함을 조종하며 야생 생물보다 앞서가세요. 우거진 산호초, 화산, 동굴 같은 많은 장소들을 탐험하세요. 물론 살아남는 걸 잊으면 안 되겠죠. ‖ [The Long Dark] The Long Dark는 깊은 생각을 요구하는 탐험 생존 게임입니다. 플레이어는 지구 자기장 이상으로 인한 대재앙이 휩쓸고 간 세상에서 혼자 드넓은 설원 황무지를 탐험하며 살아남아야 합니다. 좀비는 등장하지 않으며 오직 플레이어와 추위, 그리고 자연 속의 위험들만 존재합니다. 고요한 종말의 세상에 오신 것을 환영합니다. ‖ [No Man's Sky] No Man's Sky는 무한히 펼쳐지는 우주에서의 탐험과 생존을 그린 SF 게임입니다.",Evochron Legacy SE,"인디, 시뮬레이션","Advanced Space Flight, Combat, Trading, and Exploration Simulation. Set in a vast explorable universe, Evochron Legacy offers freeform gameplay with many diverse objectives and paths to choose from.",3,,
B0327,A09,Roots of Yggdrasil / Ancient Gods / Flick Shot Rogues,"인디, 전략 / RPG, 전략 / 인디, 전략","[Roots of Yggdrasil] Build settlements, explore the Nine Realms, collect artifacts and upgrade your deck to reach the top of Yggdrasil in this post-Ragnarok roguelike city-builder! Can you survive the  ‖ [Ancient Gods] Ancient Gods is a fusion of hero collector and deck-building rogue-lite where you collect your character, fight, and experience exciting events. Any character can use all the cards ‖ [Flick Shot Rogues] 계획하고, 조준하고, 쏘세요! FLICK SHOT ROGUES는 테이블 위에서 물건을 튕기는 촉각적 만족감과 사람들이 좋아하는 턴제 로그라이크의 전략적 깊이를 결합한 게임입니다. 말도 안되는 콤보를 연결하고, 캐릭터, 아이템, 스킬을 잠금 해제하면서, 섬을 정복하세요!",Worlds Upon The Wind,"인디, 전략","Resettle the shards of a shattered world in this peaceful roguelite deckbuilder, covering centuries of classical Japanese art. Nurture communities, befriend animal spirits, and shape a new civilization through choices that echo across generations.",3,,
B0328,A35,Project Zomboid / Don't Starve / The Forest,"인디, RPG, 시뮬레이션, 앞서 해보기 / 어드벤처, 인디, 시뮬레이션 / 액션, 어드벤처, 인디, 시뮬레이션","[Project Zomboid] Project Zomboid is the ultimate in zombie survival. Alone or in MP: you loot, build, craft, fight, farm and fish in a struggle to survive. A hardcore RPG skillset, a vast map, mass ‖ [Don't Starve] Don’t Starve is an uncompromising wilderness survival game full of science and magic. Enter a strange and unexplored world full of strange creatures, dangers, and surprises. Gather ‖ [The Forest] As the lone survivor of a passenger jet crash, you find yourself in a mysterious forest battling to stay alive against a society of cannibalistic mutants. Build, explore, survive i",Polygeddon,"액션, 어드벤처, 캐주얼, 인디, 대규모 멀티플레이어, RPG, 시뮬레이션","You are on an island where everyone wants to kill you, ranging from weather conditions to dangerous enemies, your goal is to survive. Survive alone or together. Build, craft, grow, explore, fight!",2,,
B0329,A07,Into the Breach / Monster Train / Mini Metro,"인디, RPG, 시뮬레이션, 전략 / 전략 / 인디, 시뮬레이션, 전략","[Into the Breach] 미래의 강력한 메크를 조종하여 외계 세력을 물리치세요. 이 턴제 전략 게임에서는 세계를 구하려 시도할 때마다 무작위로 새롭게 생성되는 도전이 여러분 앞에 나타납니다. ‖ [Monster Train] Monster Train is a strategic roguelike deck building game with a twist. Set on a train to hell, you’ll use tactical decision making to defend multiple vertical battlegrounds. With  ‖ [Mini Metro] 미니 메트로는 성장하는 도시를 위해 지하철 노선을 설계하는 게임입니다. 역과 역 사이에 노선을 그려서 열차 운행을 시작하세요. 새로운 역이 열리면 노선을 수정해서 노선도를 효율적으로 유지하세요. 한정된 자원을 어느 곳에 사용할 것인지 결정하세요. 도시를 얼마나 오래 유지할 수 있을까요?",A Long Way Down,"인디, RPG, 전략","A deck-building roguelite RPG set in a dark and tormented world. Assemble your party and use your cards to survive, fight and build your way through a dark maze of monsters orchestrated by an evil mastermind. Your choices will lead you to judgement.",2,,
B0330,A35,Project Zomboid / Don't Starve / The Forest,"인디, RPG, 시뮬레이션, 앞서 해보기 / 어드벤처, 인디, 시뮬레이션 / 액션, 어드벤처, 인디, 시뮬레이션","[Project Zomboid] Project Zomboid is the ultimate in zombie survival. Alone or in MP: you loot, build, craft, fight, farm and fish in a struggle to survive. A hardcore RPG skillset, a vast map, mass ‖ [Don't Starve] Don’t Starve is an uncompromising wilderness survival game full of science and magic. Enter a strange and unexplored world full of strange creatures, dangers, and surprises. Gather ‖ [The Forest] As the lone survivor of a passenger jet crash, you find yourself in a mysterious forest battling to stay alive against a society of cannibalistic mutants. Build, explore, survive i",Winter Survival - 겨울 생존,"액션, 어드벤처, 인디, 시뮬레이션","Winter Survival is a story-driven survival game where trauma turns reality into a reflection of your breaking mind. Battle cold, hunger, hallucinations, and adapt to the wilderness as it adapts to you.",3,,
B0331,A05,Opus Magnum,"인디, 시뮬레이션","[Opus Magnum] Opus Magnum은 SpaceChem, Infinifactory, SHENZHEN I/O를 제작한 Zachtronics의 신작 퍼즐게임입니다. 연금술사들의 최첨단 도구인 변성 기관을 이용해 물약과 독을 만들어내는 기계들을 설계하고 만들어 내세요!",Magicube,인디,A magical puzzle platformer made with PICO-8. Be thinky to get the legendary treasure.,1,GENRE_ONLY,
B0332,A25,DOOMBLADE / Transiruby / Blast Brigade vs. the Evil Legion of Dr. Cread,"액션, 어드벤처, 인디 / 액션 / 액션, 어드벤처, 인디","[DOOMBLADE] Deep underground, Gloom Girl discovers DOOMBLADE, a sentient weapon hellbent on escape after eons in chains. Together, “Doom and Gloom” embark on a vengeful quest to unlock the pow ‖ [Transiruby] 차원 대륙의 의문을 풀어라! 는 사이보그 소녀 실비가 검과 엘리먼트 샷으로 적을 쓰러뜨리며 앞으로 나아가는 탐색형 액션 게임입니다! ‖ [Blast Brigade vs. the Evil Legion of Dr. Cread] 스릴 넘치는 플랫포밍과 깊이 있는 탐험 세계, 폭발적인 액션으로 가득한 2D 메트로이드배니아 어드벤처 게임을 즐겨보세요! Blast Brigade에서 영웅들로 팀을 구성해 세계를 구하세요!",Darxanadon,"액션, 어드벤처, 인디, RPG","Explore a massive interconnected labyrinth of grottos, castles, and groves in this 2D retro-inspired Action RPG.",3,,
B0333,A23,Vomitoreum / Tales of Kenzera™: ZAU / Shantae: Half-Genie Hero,"액션, 어드벤처, 인디 / 액션, 어드벤처, 인디 / 액션, 어드벤처, 인디","[Vomitoreum] Vomitoreum is an FPS Metroidvania with a focus on atmosphere and horror, inspired by the paintings of Zdzisław Beksiński. ‖ [Tales of Kenzera™: ZAU] 샤먼의 춤을 추세요. 아버지의 영혼을 되찾으세요. Surgent Studios가 제작한 메트로이드바니아 스타일의 어드벤처 게임 Tales of Kenzera™: ZAU에서 죽음의 신과 함께 아름답고 위험한 켄제라의 땅으로 용감하게 모험을 떠나세요. ‖ [Shantae: Half-Genie Hero] Shantae embarks on her first full HD adventure! When a mysterious crime wave sweeps Sequin Land, it’s up to Half-Genie Hero Shantae to save the day! Use Shantae’s devastating Hair-",Blue Fire,"액션, 어드벤처, 인디","Explore the fallen world of Penumbra in this precision 3D metroidvania platformer. Slash fierce enemies, conquer deadly traps, uncover ancient temples, and master fast, fluid movement across challenging platforming gauntlets in your quest to restore a fallen kingdom.",3,,
B0334,A26,RimWorld / Oxygen Not Included / Unpacking 언패킹,"인디, 시뮬레이션, 전략 / 인디, 시뮬레이션 / 캐주얼, 인디, 시뮬레이션","[RimWorld] 지능형 AI 이야기꾼이 주도하는 공상과학 정착지 시뮬레이터입니다. 심리, 생태, 총격전과 근접전, 날씨, 기후, 외교, 사람 사이의 관계, 예술, 의학, 무역, 그 외 많은 것들을 시뮬레이션하여 이야기를 생성합니다. ‖ [Oxygen Not Included] Oxygen Not Included는 우주 콜로니 시뮬레이션 게임입니다. 외계의 우주 암석 깊은 곳에서 근면한 일꾼들은 생존하고 나아가 번영하기 위해 과학을 마스터하고, 낯선 새로운 생명체에 맞서며, 경이로운 우주 테크놀로지를 활용해야 합니다. ‖ [Unpacking 언패킹] Unpacking은 상자에서 짐을 꺼내 새집에 맞게 배치하는 친숙한 체험에 대한 명상적 퍼즐 게임입니다. 게임의 일부인 블록 맞추기 게임과 집 꾸미기를 하는 동안, 푸는 짐에 닮긴 삶의 실마리를 찾아가며 만족할 만한 생활 공간을 만들어 보세요.",Pretty Neko,"캐주얼, 인디, RPG, 시뮬레이션",좋은 분위기에서 당신을 유지하기 위해 수업 퍼즐 게임을 휴식,0,IRRELEVANT,
B0335,A30,Stardew Valley / Slime Rancher / Raft,"인디, RPG, 시뮬레이션 / 액션, 어드벤처, 인디, 시뮬레이션 / 어드벤처, 인디, 시뮬레이션","[Stardew Valley] You've inherited your grandfather's old farm plot in Stardew Valley. Armed with hand-me-down tools and a few coins, you set out to begin your new life. Can you learn to live off th ‖ [Slime Rancher] 슬라임 랜쳐는 젊고 용감한 랜쳐, 베아트릭스 르뷰가 지구에서 1,000광년 떨어진 '머나먼 평야'에서 슬라임들과 씨름하며 생계를 꾸려나가는 이야기입니다. 긍정적인 마인드와 강인한 의지로 베아트릭스는 진공팩을 사용하여 끊임없이 말랑말랑하게 굴러나오는 슬라임들을 피하며 이름을 알리고, 부자가 되려 합니다. ‖ [Raft] Raft™ throws you and your friends into an epic oceanic adventure! Alone or together, players battle to survive a perilous voyage across a vast sea! Gather debris, scavenge reefs an",Everafter Falls,"액션, 어드벤처, 캐주얼, 인디, RPG, 시뮬레이션","소박한 삶을 재발견하세요. 새로운 농사 어드벤처에서 농사와 낚시를 하고, 장비를 준비해 평화를 되찾기 위해 싸우세요. 분할 화면 협동, 유용한 펫, 자동 드론, 다재다능 픽시, 카드를 먹는 진행 시스템, 위험한 던전을 만나 보세요!",3,,
B0336,A25,DOOMBLADE / Transiruby / Blast Brigade vs. the Evil Legion of Dr. Cread,"액션, 어드벤처, 인디 / 액션 / 액션, 어드벤처, 인디","[DOOMBLADE] Deep underground, Gloom Girl discovers DOOMBLADE, a sentient weapon hellbent on escape after eons in chains. Together, “Doom and Gloom” embark on a vengeful quest to unlock the pow ‖ [Transiruby] 차원 대륙의 의문을 풀어라! 는 사이보그 소녀 실비가 검과 엘리먼트 샷으로 적을 쓰러뜨리며 앞으로 나아가는 탐색형 액션 게임입니다! ‖ [Blast Brigade vs. the Evil Legion of Dr. Cread] 스릴 넘치는 플랫포밍과 깊이 있는 탐험 세계, 폭발적인 액션으로 가득한 2D 메트로이드배니아 어드벤처 게임을 즐겨보세요! Blast Brigade에서 영웅들로 팀을 구성해 세계를 구하세요!",Super Mombo Quest,"액션, 어드벤처, 인디","Bounce and stomp through an enormous interconnected world, doing some intense acrobatics and getting huge combos! A superfast precision platformer that mixes up a Metroidvania world with classic Arcade mechanics.",3,,
B0337,A18,Euro Truck Simulator 2 / BeamNG.drive / 아세토 코르사 Assetto Corsa,"인디, 시뮬레이션 / 레이싱, 시뮬레이션, 앞서 해보기 / 인디, 레이싱, 시뮬레이션, 스포츠","[Euro Truck Simulator 2] 도로의 왕이 되어 인상적인 거리를 가로질러 중요한 화물을 배달하는 트럭 운전사가 되어 유럽을 여행하세요! 탐험할 도시가 수십 개나 되므로, 당신의 인내심, 기술, 속도가 모두 한계에 도달할 것입니다. ‖ [BeamNG.drive] 뭐든지 할 수 있는 동적 소프트 보디 물리 시뮬레이터입니다. ‖ [아세토 코르사 Assetto Corsa] 아세토 코르사(Assetto Corsa) v1.16은 새로운 레이저 스캔 트랙 ""라구나 세카(Laguna Seca)"" 및 기다리던 Alfa Romeo Giulia Quadrifoglio를 포함한 7개의 신차를 소개합니다! 체인지로그에서 더 자세한 내용을 확인하세요!",On The Road - The Truck Simulator,"캐주얼, 시뮬레이션, 전략","From 18 tonners to the Gigaliner, ON THE ROAD – The Truck Simulator offers everything a trucker’s heart desires.",3,,
B0338,A33,Garry's Mod / Team Fortress 2 / Left 4 Dead 2,"캐주얼, 인디, 시뮬레이션 / 액션, 무료 플레이 / 액션","[Garry's Mod] Garry's Mod is a physics sandbox. There aren't any predefined aims or goals. We give you the tools and leave you to play. ‖ [Team Fortress 2] 다양한 전술적 능력과 뚜렷한 개성을 갖춘 9가지 병과의 캐릭터를 플레이하세요. 끊임없이 업데이트되는 새로운 게임 모드, 맵, 장비 그리고 가장 중요한 모자까지 지금 바로 즐겨보세요! ‖ [Left 4 Dead 2] Set in the zombie apocalypse, Left 4 Dead 2 is a co-operative action horror FPS takes you and your friends through the cities, swamps and cemeteries of the Deep South, from Savanna",Brick Rigs,시뮬레이션,"혼돈스러운 파괴, 끝없는 유저 창작물, 예측 불가능한 모험으로 가득한 물리 샌드박스에서 하고 싶은 건 뭐든지 즐겨 보세요. 혼자서 혹은 친구들과 함께 만들고, 부수고, 롤플레이하고, 실컷 난장판을 벌여 보세요!",3,,
B0339,A25,DOOMBLADE / Transiruby / Blast Brigade vs. the Evil Legion of Dr. Cread,"액션, 어드벤처, 인디 / 액션 / 액션, 어드벤처, 인디","[DOOMBLADE] Deep underground, Gloom Girl discovers DOOMBLADE, a sentient weapon hellbent on escape after eons in chains. Together, “Doom and Gloom” embark on a vengeful quest to unlock the pow ‖ [Transiruby] 차원 대륙의 의문을 풀어라! 는 사이보그 소녀 실비가 검과 엘리먼트 샷으로 적을 쓰러뜨리며 앞으로 나아가는 탐색형 액션 게임입니다! ‖ [Blast Brigade vs. the Evil Legion of Dr. Cread] 스릴 넘치는 플랫포밍과 깊이 있는 탐험 세계, 폭발적인 액션으로 가득한 2D 메트로이드배니아 어드벤처 게임을 즐겨보세요! Blast Brigade에서 영웅들로 팀을 구성해 세계를 구하세요!",Outrider Mako,"액션, 어드벤처, 인디","Take on the role of Mako on her quest to seek out and subsequently deliver her, uh, deliverables in this top-down view 2D action game. Jump on top of your enemies and slime them with goo to stop them in their tracks! Get those deliverables delivered!",1,GENRE_ONLY,
B0340,A32,Hardspace: Shipbreaker / Hacknet / The Case of the Golden Idol / 방 탈출 시뮬레이터 / shapez 2 - Factory,"시뮬레이션 / 인디, 시뮬레이션 / 어드벤처, 인디 / 어드벤처, 캐주얼, 인디, 시뮬레이션 / 캐주얼, 인디, 시뮬레이션, 전략","[Hardspace: Shipbreaker] Equipped with cutting-edge salvaging tech, carve & slice spaceships to recover valuable materials. Upgrade your gear to take on more lucrative contracts and pay your billion credit ‖ [Hacknet] Hacknet은 터미널 기반의 몰입형 해킹 시뮬레이터입니다. 최근에 사망한, 그러나 언론 보도와는 달리 사고로 사망하지 않은 해커의 지시에 따라 진실을 추척하십시오. ‖ [The Case of the Golden Idol] A new kind of detective game that allows you to think and investigate freely. Discover clues surrounding 12 strange and gruesome deaths and build your own theory. Pick your suspect ‖ [방 탈출 시뮬레이터] Escape Simulator는 단독 또는 온라인 협동 플레이가 가능한 1인칭 퍼즐 게임입니다. 점점 더 많아지는, 고도의 상호 작용이 가능한 방탈출 세트를 탐험하세요. 가구를 옮기고, 모든 것을 집어 들고 검사하고, 냄비를 부수고 자물쇠를 부수세요! 레벨 편집기를 통해 커뮤니티가 만든 방을 지원합니다. ‖ [shapez 2 - Factory] 공장 건설 게임에 빠져들어 보세요. 단 한 가지에 집중하세요. 대규모 우주 공장을 건설하는 것! 방대하게 펼쳐지는 다층 공장과 만족스러운 생산 라인을 무제한으로 설계하세요. 계속해서 어려워지는 자동화 목표를 적의 위협 없이 자신만의 속도로 달성하세요.",Hacker Evolution,시뮬레이션,"Hacker Evolution is a hacking simulation game, featuring unparalleled graphics and features. You play the role of a former intelligence agent, specializing in computer security. When a chain of events sets off worldwide, leaving critical service disabled, you assume the role a computer hacker to fin",3,,
B0341,A22,Deck of Ashes / Dicefolk / Cubic Cosmos,"어드벤처, 인디, RPG, 전략 / 캐주얼, 인디, 전략 / 전략","[Deck of Ashes] 덱 오브 애쉬즈(Deck of Ashes)는 전술 카드 전투를 벌이는 어드벤처 게임입니다. 한 번에 한 캐릭터씩 안티히어로 일행을 이끌어 속죄의 여행을 떠나보세요. 저주받은 판타지 세계를 탐험하며 강력한 카드를 찾아보세요. 독특한 전투 덱을 형성하여 적들을 무찌르세요! 잿빛 저주의 세계를 제거하실 수 있겠습니까? ‖ [Dicefolk] 마법 주사위의 힘을 휘두르고 강력한 키메라 팀을 구축해보세요! 수수께끼의 악을 멈추기 위한 택티컬 덱빌딩 로그라이트 모험이 다가오고 있습니다. 키메라 소환사로서, 신화적인 짐승들을 모집하고 완벽한 팀을 만들고, 다이스포크만의 독특한 주사위 메커니즘을 활용하여 승리로 이끌어주세요. ‖ [Cubic Cosmos] Cubic Cosmos is a thrilling fast-paced roguelike card game. You have been trapped in a deadly game. One wrong move could see you reduced to a plaything of the goddess. Can you free",Zero Division,"인디, RPG, 전략","A roguelite deckbuilder crossed with a CCG, set in a dark cyberpunk world. You will lead a three-man squad against competing factions fighting among the ashes of a world-wide war. Each operator comes with a unique deck that can be customized and augmented.",3,,
B0342,A08,Sid Meier’s Civilization® VI / XCOM® 2 / Stellaris,"전략 / 전략 / 시뮬레이션, 전략","[Sid Meier’s Civilization® VI] 문명 VI 에서는 새로운 방식으로 세상과 소통하고, 제국의 영토를 확장시키며, 문화를 발전시키고, 역사속 위대한 지도자들에 맞서 오래도록 지속될 나만의 문명을 건설해볼 수 있습니다. 클레오파트라를 비롯한 20명의 역사 속 지도자들 중 한명으로 플레이 해보세요. ‖ [XCOM® 2] XCOM 2는 수상 경력이 있는 전략 게임 XCOM: Enemy Unknown의 속편입니다. 인류가 외계인 침략군에게 항복한 지 20년, 이제 지구 상에는 새로운 세계 질서가 존재합니다. 수년간을 어둠 속에서 숨어 있었던 XCOM 부대는 반드시 일어나 외계인의 지배를 무너뜨릴 것입니다. ‖ [Stellaris] 항성간 여행을 통해 우주를 탐험하며 수많은 종족들도 만나보세요. 과학선을 보내 우주를 조사하고 탐험하면서 은하 제국을 건설하고, 건축선을 보내 새로 발견한 행성에 기지를 건설하세요. 소속 사회를 위한 탐험에 나서 매장된 보물과 은하계의 경이를 발견하고, 탐험가의 한계치와 진화 범위를 설정하세요. 동맹이 체결되고, 전쟁이 ",Future War Tactics: SOF vs Alien Invasion – Turn-Based Strategy,"어드벤처, 인디, RPG, 시뮬레이션, 전략","Future War Tactics: SOF vs Alien Invasion — 턴제 전략 게임으로, SOF 부대를 지휘하여 외계인 위협에 맞섭니다. 실종 사건을 조사하고 침략자들과 싸우며 미스터리를 밝혀내세요. 모든 결정은 인류의 운명에 영향을 미칩니다.",2,,
B0343,A26,RimWorld / Oxygen Not Included / Unpacking 언패킹,"인디, 시뮬레이션, 전략 / 인디, 시뮬레이션 / 캐주얼, 인디, 시뮬레이션","[RimWorld] 지능형 AI 이야기꾼이 주도하는 공상과학 정착지 시뮬레이터입니다. 심리, 생태, 총격전과 근접전, 날씨, 기후, 외교, 사람 사이의 관계, 예술, 의학, 무역, 그 외 많은 것들을 시뮬레이션하여 이야기를 생성합니다. ‖ [Oxygen Not Included] Oxygen Not Included는 우주 콜로니 시뮬레이션 게임입니다. 외계의 우주 암석 깊은 곳에서 근면한 일꾼들은 생존하고 나아가 번영하기 위해 과학을 마스터하고, 낯선 새로운 생명체에 맞서며, 경이로운 우주 테크놀로지를 활용해야 합니다. ‖ [Unpacking 언패킹] Unpacking은 상자에서 짐을 꺼내 새집에 맞게 배치하는 친숙한 체험에 대한 명상적 퍼즐 게임입니다. 게임의 일부인 블록 맞추기 게임과 집 꾸미기를 하는 동안, 푸는 짐에 닮긴 삶의 실마리를 찾아가며 만족할 만한 생활 공간을 만들어 보세요.",My Colony,"인디, 시뮬레이션, 전략","Build, expand, and rule a growing space colony. Explore tech, trade, and multiplayer.",3,,
B0344,A21,DARK SOULS™ III / The Witcher 3: Wild Hunt / The Elder Scrolls V: Skyrim Special Edition,액션 / RPG / RPG,"[DARK SOULS™ III] 장르를 새로 개척했다는 평가를 들으며 많은 좋은 평가들을 얻고 있는 다크 소울 시리즈는 계속해서 한계를 넘어서, 더욱 야심찬 단계에 도전하고자 하고 있습니다. 준비를 하고 어둠을 밝히십시오! ‖ [The Witcher 3: Wild Hunt] 리비아의 게롤트가 되어 의뢰를 받고 괴물을 사냥하세요. 전쟁의 상처가 가득하고 괴물이 들끓는 대륙을 마음껏 탐험해 보세요. 지금 가장 중요한 일은 대륙의 판도를 뒤바꿀 수도 있는 살아 있는 무기이자 예언의 아이, 시리를 추적하는 것입니다. ‖ [The Elder Scrolls V: Skyrim Special Edition] 200회 이상 올해의 게임에 선정된 The Elder Scrolls V: Skyrim Special Edition이 놀라운 디테일로 판타지에 생명을 불어넣었습니다. Special Edition에는 비평가들의 극찬을 받은 게임 및 새로운 기능이 포함된 애드온이 들어 있습니다.",Dreamfall: The Longest Journey,"어드벤처, RPG","최고의 어드벤처 게임으로 선정되어 여러 개의 E3 상을 수상한 Dreamfall: The Longest Journey는 역대 최고의 어드벤처 게임 중 하나로 평가 받는 화려한 수상 경력의 The Longest Journey를 잇는 게임입니다. Dreamfall에서 플레이어는 긴장감 넘치고 감동적인 스토리라인을 따라 모험하면서 서사적인 탐험과 모험의 여정을 밟게 됩니다. Dreamfall은 아름다운 음악, 놀라운 그래픽, 환상적인 캐릭터, 다양한 게임 플레이가 가득한 세계를 선보이며 어드벤처 게임 장르의 신기원을 엽니다. 고상하고 환",2,,
B0345,A31,Hearts of Iron IV / Europa Universalis IV / Sid Meier's Civilization® V,"시뮬레이션, 전략 / 시뮬레이션, 전략 / 전략","[Hearts of Iron IV] Victory is at your fingertips! Your ability to lead your nation is your supreme weapon, the strategy game Hearts of Iron IV lets you take command of any nation in World War II; the ‖ [Europa Universalis IV] 비교할 수 없는 자유도, 깊이 있는 스토리, 정확한 역사적 고증을 즐기며 국토를 다스리고 세계를 정복하세요. 세계 역사를 새롭게 쓰며 시대를 풍미할 제국을 만드세요. ‖ [Sid Meier's Civilization® V] Create, discover, and download new player-created maps, scenarios, interfaces, and more!",AI Battle Royale Generator,"인디, 시뮬레이션","Generate your own Battle Royale simulations filled with Artificial Intelligences trained using machine learning! If you are a Twitch.tv streamer, your viewers can create their own AI and join the battle! There are more than 100 million playable maps!",0,IRRELEVANT,
B0346,A25,DOOMBLADE / Transiruby / Blast Brigade vs. the Evil Legion of Dr. Cread,"액션, 어드벤처, 인디 / 액션 / 액션, 어드벤처, 인디","[DOOMBLADE] Deep underground, Gloom Girl discovers DOOMBLADE, a sentient weapon hellbent on escape after eons in chains. Together, “Doom and Gloom” embark on a vengeful quest to unlock the pow ‖ [Transiruby] 차원 대륙의 의문을 풀어라! 는 사이보그 소녀 실비가 검과 엘리먼트 샷으로 적을 쓰러뜨리며 앞으로 나아가는 탐색형 액션 게임입니다! ‖ [Blast Brigade vs. the Evil Legion of Dr. Cread] 스릴 넘치는 플랫포밍과 깊이 있는 탐험 세계, 폭발적인 액션으로 가득한 2D 메트로이드배니아 어드벤처 게임을 즐겨보세요! Blast Brigade에서 영웅들로 팀을 구성해 세계를 구하세요!",Turbo Kid,"액션, 어드벤처, 인디","A nostalgic metroidvania adventure with insane weapons, skills, and pixel gore. Ride your BMX and blast your enemies as you discover the secrets of the Wasteland.",3,,
B0347,A33,Garry's Mod / Team Fortress 2 / Left 4 Dead 2,"캐주얼, 인디, 시뮬레이션 / 액션, 무료 플레이 / 액션","[Garry's Mod] Garry's Mod is a physics sandbox. There aren't any predefined aims or goals. We give you the tools and leave you to play. ‖ [Team Fortress 2] 다양한 전술적 능력과 뚜렷한 개성을 갖춘 9가지 병과의 캐릭터를 플레이하세요. 끊임없이 업데이트되는 새로운 게임 모드, 맵, 장비 그리고 가장 중요한 모자까지 지금 바로 즐겨보세요! ‖ [Left 4 Dead 2] Set in the zombie apocalypse, Left 4 Dead 2 is a co-operative action horror FPS takes you and your friends through the cities, swamps and cemeteries of the Deep South, from Savanna",Dummy Guyz,"액션, 인디, 시뮬레이션, 무료 플레이, 앞서 해보기","Dummy Guyz is a multiplayer physics sandbox with no predefined rules. Get creative by building or breaking things your way. The game is bare-bones with no theme and minimal graphics, focusing solely on physics interactions!",3,,
B0348,A02,Still Life / Jenny LeClue - Detectivu / Telling Lies,"어드벤처 / 액션, 어드벤처, 캐주얼, 인디 / 어드벤처, 인디, 시뮬레이션",[Still Life] Still Life 2 also now available! ‖ [Jenny LeClue - Detectivu] Jenny LeClue - Detectivu는 조사와 선택지로 가득한 스릴 넘치는 미스터리 어드벤처 게임입니다. ‖ [Telling Lies] 네 명의 삶. 그리고 하나의 큰 거짓말. 아무도 모르게 녹화된 은밀한 대화를 들으며 진실을 알아내십시오. 큰 호평을 받았던 Her Story의 계승작입니다.,迷☆探偵の助手-Remaster-,"어드벤처, 캐주얼, 인디",A novel-style mystery adventure game. Explore 2D top-down maps! Enjoy easy puzzles and comical text. Become the assistant to the lost detective Chiho-chan and help solve mysteries!,2,,
B0349,A16,The Talos Principle / Rust / Inscryption,"액션, 어드벤처, 인디 / 액션, 어드벤처, 인디, 대규모 멀티플레이어, RPG / 어드벤처, 인디, 전략","[The Talos Principle] 탈로스 법칙은 철학적 SF 소설의 전통을 따른 1인칭 퍼즐 게임입니다. 시리어스 샘을 개발한 크로팀에서 만들었으며, 톰 주버트(FTL, 더 스와퍼)와 조나스 카이라츠(바다는 모든 것을 요구한다.)가 스토리를 작성했습니다. ‖ [Rust] Rust에서의 목표는 오직 하나, 바로 살아남는 것입니다. 섬의 야생 동물, 다른 주민, 환경, 다른 생존자 모두가 여러분의 목숨을 노립니다. 하루 더 살아남을 수 있다면 수단과 방법을 가리지 마세요. ‖ [Inscryption] Inscryption은 검은 잉크로 그려진 카드를 기반으로 한 덱빌딩 로그라이크, 방탈출 퍼즐, 피가 흐르는 심리적 공포 등의 요소가 섞인 여정을 다룹니다. 카드에는 더 어두운 비밀이 새겨져 있습니다…",마을 & 던전,,"덱 빌딩 전략이 모든 것의 핵심인 하드코어 로그라이크 카드 게임! 방대한 카드, 랜덤 던전, 풍부한 조우 이벤트, 다양한 적들이 여러분의 탐험과 도전을 기다립니다.",2,,
B0350,A24,Valheim / Grounded / My Time at Portia,"액션, 어드벤처, 인디, RPG, 앞서 해보기 / 액션, 어드벤처 / 어드벤처, 캐주얼, 인디, RPG, 시뮬레이션","[Valheim] 북구 신화와 바이킹 문화에 기반한 판타지 세계를 배경으로 펼쳐지는 생존 및 탐험 게임. ‖ [Grounded] The world is a vast, beautiful and dangerous place – especially when you have been shrunk to the size of an ant. Can you thrive alongside the hordes of giant insects, fighting to s ‖ [My Time at Portia] 아름다운 Portia 마을에서 새 삶을 시작하세요! 아버지가 방치한 작업장에서 제작을 부탁받고, 작물을 키우고, 가축을 기르고, 아름다운 세기말의 땅에서 특이한 친구들을 사귀며 작업장을 예전의 멋진 모습으로 복원하세요.",Terraria,"액션, 어드벤처, 인디, RPG","Dig, fight, explore, build! Nothing is impossible in this action-packed adventure game. Four Pack also available!",3,,
B0351,A18,Euro Truck Simulator 2 / BeamNG.drive / 아세토 코르사 Assetto Corsa,"인디, 시뮬레이션 / 레이싱, 시뮬레이션, 앞서 해보기 / 인디, 레이싱, 시뮬레이션, 스포츠","[Euro Truck Simulator 2] 도로의 왕이 되어 인상적인 거리를 가로질러 중요한 화물을 배달하는 트럭 운전사가 되어 유럽을 여행하세요! 탐험할 도시가 수십 개나 되므로, 당신의 인내심, 기술, 속도가 모두 한계에 도달할 것입니다. ‖ [BeamNG.drive] 뭐든지 할 수 있는 동적 소프트 보디 물리 시뮬레이터입니다. ‖ [아세토 코르사 Assetto Corsa] 아세토 코르사(Assetto Corsa) v1.16은 새로운 레이저 스캔 트랙 ""라구나 세카(Laguna Seca)"" 및 기다리던 Alfa Romeo Giulia Quadrifoglio를 포함한 7개의 신차를 소개합니다! 체인지로그에서 더 자세한 내용을 확인하세요!",Truck Mechanic: Dangerous Paths,"액션, 인디, 시뮬레이션","최고의 트럭 정비사가 되기 위해 트럭을 수리하고 정비하세요. 운전대를 잡고, 뒤에는 믿음직스러운 공구들을 실은 채 광활한 남미의 황야로 극한의 모험을 떠나세요!",2,,
B0352,A24,Valheim / Grounded / My Time at Portia,"액션, 어드벤처, 인디, RPG, 앞서 해보기 / 액션, 어드벤처 / 어드벤처, 캐주얼, 인디, RPG, 시뮬레이션","[Valheim] 북구 신화와 바이킹 문화에 기반한 판타지 세계를 배경으로 펼쳐지는 생존 및 탐험 게임. ‖ [Grounded] The world is a vast, beautiful and dangerous place – especially when you have been shrunk to the size of an ant. Can you thrive alongside the hordes of giant insects, fighting to s ‖ [My Time at Portia] 아름다운 Portia 마을에서 새 삶을 시작하세요! 아버지가 방치한 작업장에서 제작을 부탁받고, 작물을 키우고, 가축을 기르고, 아름다운 세기말의 땅에서 특이한 친구들을 사귀며 작업장을 예전의 멋진 모습으로 복원하세요.",World's Dawn,"캐주얼, 인디, RPG, 시뮬레이션","Bring life back to a sleepy seaside village by building friendships, finding love, harvesting crops, tending livestock, competing in festivals, fishing, mining, discovering magical secrets and more!",3,,
B0353,A16,The Talos Principle / Rust / Inscryption,"액션, 어드벤처, 인디 / 액션, 어드벤처, 인디, 대규모 멀티플레이어, RPG / 어드벤처, 인디, 전략","[The Talos Principle] 탈로스 법칙은 철학적 SF 소설의 전통을 따른 1인칭 퍼즐 게임입니다. 시리어스 샘을 개발한 크로팀에서 만들었으며, 톰 주버트(FTL, 더 스와퍼)와 조나스 카이라츠(바다는 모든 것을 요구한다.)가 스토리를 작성했습니다. ‖ [Rust] Rust에서의 목표는 오직 하나, 바로 살아남는 것입니다. 섬의 야생 동물, 다른 주민, 환경, 다른 생존자 모두가 여러분의 목숨을 노립니다. 하루 더 살아남을 수 있다면 수단과 방법을 가리지 마세요. ‖ [Inscryption] Inscryption은 검은 잉크로 그려진 카드를 기반으로 한 덱빌딩 로그라이크, 방탈출 퍼즐, 피가 흐르는 심리적 공포 등의 요소가 섞인 여정을 다룹니다. 카드에는 더 어두운 비밀이 새겨져 있습니다…",삼국 영웅：혈월의 전설,"어드벤처, 인디, RPG, 전략","이 게임은 약간 레트로하면서도 혁신적인 재미를 담은 로그라이크 덱빌딩 카드 게임입니다. 촉나라 장수가 되어 보물을 손에 쥐고, 다양한 카드를 수집하세요. 매 판마다 유일무이한 카드와 보물 조합을 구축하여 적을 무찌르고 역사를 다시 써 나갈 수 있습니다!",2,,
B0354,A06,Cities: Skylines / Factorio / Farming Simulator 22,"시뮬레이션, 전략 / 캐주얼, 인디, 시뮬레이션, 전략 / 시뮬레이션","[Cities: Skylines] Cities: Skylines is a modern take on the classic city simulation. The game introduces new game play elements to realize the thrill and hardships of creating and maintaining a real  ‖ [Factorio] Factorio는 무한한 2D 세상에서 복잡성이 증가하는 아이템을 생산하기 위해 자동화 공장을 만드는 게임입니다. - 당신의 상상력으로 공장을 설계, 독창적인 방법으로 간단한 요소를 결합하고 마지막엔 당신을 좋아하지 않는 생물들로 부터 공장을 지키세요. ‖ [Farming Simulator 22] 농장을 만들고 농사를 즐기세요! 작물을 수확하고, 동물을 돌보고, 생산을 관리하고, 계절에 따른 어려움을 이겨내세요.",Farmer's Life,"캐주얼, 인디, 시뮬레이션","🌾내면에 있는 농부를 풀어보세요. 🚜 활기 넘치는 농장에서의 삶의 기쁨과 도전을 경험할 수 있는 ""농부의 삶""에서 농촌 생활의 소박한 매력에 빠져보세요. 광활한 오픈 월드에 사는 나라를 심고, 키우고, 포용하세요. 다양한 메커니즘과 끝없는 가능성 중에서 선택하세요.",2,,
B0355,A10,A Short Hike / ISLANDERS / Gorogoa,"어드벤처, 인디 / 캐주얼, 인디, 전략 / 어드벤처, 캐주얼, 인디","[A Short Hike] Hike, climb, and soar through the peaceful mountainside landscapes of Hawk Peak Provincial Park as you make your way to the summit. ‖ [ISLANDERS] ISLANDERS is a minimalist strategy game about building cities on colorful islands. ‖ [Gorogoa] Gorogoa(고로고아)는 Jason Roberts가 디자인하고 일러스트레이션을 손으로 그린 아름다운 차세대 퍼즐 게임입니다.",Hoa,"액션, 어드벤처, 캐주얼","Hoa is a beautiful puzzle-platforming game that features breathtaking hand-painted art, lovely music, and a peaceful, relaxing atmosphere.",3,,
B0356,A20,Counter-Strike 2 / PUBG: BATTLEGROUNDS / 톰 클랜시의 레인보우식스 시즈,"액션, 무료 플레이 / 액션, 어드벤처, 대규모 멀티플레이어, 무료 플레이 / 액션, 무료 플레이","[Counter-Strike 2] Counter-Strike는 20년이 넘는 시간 동안 전 세계 수백만 명의 플레이어가 모여 수준 높은 경쟁을 펼칠 수 있는 플랫폼을 제공해 왔습니다. 그리고 이제 곧 Counter-Strike 2와 함께 새로운 CS 시대의 막이 열립니다. ‖ [PUBG: BATTLEGROUNDS] 배틀로얄 유행의 시작이자, 그 정수를 보여준 PUBG: 배틀그라운드를 지금 무료로 플레이하세요! 다양한 맵에 낙하하여 무기와 보급품을 확보하고, 점점 줄어드는 블루존 속에서 끝까지 살아남아 승리를 쟁취하세요. ‖ [톰 클랜시의 레인보우식스 시즈] 톰 클랜시의 레인보우식스 시즈는 탁월한 계획과 기술이 승부를 좌우하는 전술적인 정예 팀 기반 슈팅 게임입니다.","STAR WARS™ Battlefront (Classic, 2004)",액션,Fight the greatest battles in the STAR WARS universe any way you want to. The choice is yours.,2,,
B0357,A34,Pid / ChromaGun / Deer & Boy,"어드벤처, 인디 / 액션, 어드벤처, 인디 / 액션, 어드벤처, 인디","[Pid] You are stranded on a strange and peculiar planet. It’s time to embark on your journey and find your way home! Explore a gravity defying and challenging platformer with striking vi ‖ [ChromaGun] Welcome to ChromaTec’s test lab! You’re here to test our state-of-the-art military-grade color-technology: The ChromaGun (patent pending)! Use it to solve our meticulously designed ‖ [Deer & Boy] 도망친 소년은 길 잃은 어린 사슴을 만나 고요하면서도 위태로운 세상을 함께 헤쳐 나갑니다. 퍼즐을 풀고, 높은 곳에 오르고, 위협을 피해 나아가며 당신의 동료는 연약한 아기 사슴에서 어엿한 사슴으로 성장하죠. 혼자서는 할 수 없었던 일을 함께 해내는 법을 배우게 됩니다.",Insanely Twisted Shadow Planet,"액션, 어드벤처, 인디","In this Insanely Twisted, 2-D action-adventure game, explore unique environments and battle bizarre creatures.",2,,
B0358,A29,Salt and Sanctuary,"액션, 인디, RPG","[Salt and Sanctuary] 두렵고도 잔혹한 섬의 탐험을 시작합니다… Salt and Sanctuary는 신속하고, 잔인하며, 복잡한 전투 시스템을 지닌 2D RPG입니다. 저주받은 도시의 잊힌 영역이나, 피에 물든 던전이나, 오염된 기념비와 같은 장소를 돌아다니며, 한때 축복을 받았지만 지금은 타락하고 만 영주들을 조우하세요.",Oblitus,"액션, 어드벤처, 인디","Test your limits against a brutal and mysterious world as Parvus, a curious warrior with a heavy burden. Raise your spear and cast ancient spells as you battle hostile creatures and towering bosses in procedurally-generated 2D landscapes. Answer the call. Break the cycle. Change your destiny.",3,,
B0359,A27,The Raven Remastered / The Frostrune / Mad Experiments: Escape Room,"어드벤처 / 어드벤처 / 어드벤처, 캐주얼, 인디, 시뮬레이션, 전략","[The Raven Remastered] London, 1964. An ancient ruby is stolen from the British Museum. At the crime scene: a raven feather. Is somebody trying to follow in the footsteps of The Raven, the legendary mast ‖ [The Frostrune] Unravel a mystery inspired by Viking myth and legend in The Frostrune, a classic point-and-click adventure based on historically accurate Norse culture and environments. ‖ [Mad Experiments: Escape Room] 수상 후보에 오른 이스케이프 게임 1인 또는 최대 5인까지 플레이하며 3개의 독특한 방을 탐험하고, 두뇌를 자극하는 퍼즐을 풀며 체셔 교수와 그의 실험에 얽힌 어두운 비밀을 밝혀보세요.",Sinister City,"어드벤처, 캐주얼, 인디",누가 그들의 도시에 Sinister City라는 이름을 붙였을까요? 당연히 뱀파이어죠! 존이 자신의 예비 신부가 Sinister City의 최고 흡혈귀에게 납치됐다는 사실을 알았을 때 할 일은 단 한 가지입니다. 바로 숨겨진 물건을 찾는 것이죠! 그리고 뱀파이어를 죽이고요! 적어도 당신의 여인을 되찾을 때까지 그들에게 모욕감이라도 주세요.,1,GENRE_ONLY,
B0360,A16,The Talos Principle / Rust / Inscryption,"액션, 어드벤처, 인디 / 액션, 어드벤처, 인디, 대규모 멀티플레이어, RPG / 어드벤처, 인디, 전략","[The Talos Principle] 탈로스 법칙은 철학적 SF 소설의 전통을 따른 1인칭 퍼즐 게임입니다. 시리어스 샘을 개발한 크로팀에서 만들었으며, 톰 주버트(FTL, 더 스와퍼)와 조나스 카이라츠(바다는 모든 것을 요구한다.)가 스토리를 작성했습니다. ‖ [Rust] Rust에서의 목표는 오직 하나, 바로 살아남는 것입니다. 섬의 야생 동물, 다른 주민, 환경, 다른 생존자 모두가 여러분의 목숨을 노립니다. 하루 더 살아남을 수 있다면 수단과 방법을 가리지 마세요. ‖ [Inscryption] Inscryption은 검은 잉크로 그려진 카드를 기반으로 한 덱빌딩 로그라이크, 방탈출 퍼즐, 피가 흐르는 심리적 공포 등의 요소가 섞인 여정을 다룹니다. 카드에는 더 어두운 비밀이 새겨져 있습니다…",Escape Game,"어드벤처, 캐주얼, 인디",탈출 게임에서 탈출하기 위해 집안에 숨어있는 다른 퍼즐을 풀어야합니다!,1,LOW_QUALITY,
B0361,A03,Balatro / Hades / Vampire Survivors,"캐주얼, 인디, 전략 / 액션, 인디, RPG / 액션, 캐주얼, 인디, RPG","[Balatro] 포커 로그라이크 게임. Balatro는 불법 포커 패로 게임을 하고, 판을 뒤엎는 조커를 발견하고, 아드레날린이 치솟는 강력한 콤보를 만드는 덱 빌딩 게임입니다. ‖ [Hades] Bastion, Transistor, Pyre의 제작사에서 선보이는 이 로그라이크 던전 탐색형 게임에서 핵 앤 슬래시로 지하 세계를 탈출하고 죽음의 신에게 도전하세요. ‖ [Vampire Survivors] 수많은 어둠의 피조물을 쓰러뜨리며 새벽이 올 때까지 생존하세요! Vampire Survivors는 로그라이트 요소를 갖춘 고딕 호러 케주얼 게임입니다. 당신의 선택으로 순식간에 수백 마리의 괴물이 눈덩이처럼 불어날 수 있죠.",Ravenswatch,"액션, 어드벤처",옛날이야기와 전설 속의 몰락한 영웅인 여러분은 세계를 타락시키려고 침범한 나이트매어와 맞서 중대한 전투를 치러야 합니다. Curse of the Dead Gods© 제작진이 선보이는 로그라이크 액션 게임을 1인 또는 온라인 협동 모드로 플레이하세요.,3,,
B0362,A06,Cities: Skylines / Factorio / Farming Simulator 22,"시뮬레이션, 전략 / 캐주얼, 인디, 시뮬레이션, 전략 / 시뮬레이션","[Cities: Skylines] Cities: Skylines is a modern take on the classic city simulation. The game introduces new game play elements to realize the thrill and hardships of creating and maintaining a real  ‖ [Factorio] Factorio는 무한한 2D 세상에서 복잡성이 증가하는 아이템을 생산하기 위해 자동화 공장을 만드는 게임입니다. - 당신의 상상력으로 공장을 설계, 독창적인 방법으로 간단한 요소를 결합하고 마지막엔 당신을 좋아하지 않는 생물들로 부터 공장을 지키세요. ‖ [Farming Simulator 22] 농장을 만들고 농사를 즐기세요! 작물을 수확하고, 동물을 돌보고, 생산을 관리하고, 계절에 따른 어려움을 이겨내세요.",AutoForge,"액션, 시뮬레이션, 앞서 해보기","2D 자동화 샌드박스 어드벤처 게임입니다. 마나로 가동되는 기계를 갖춘 자동화된 공장을 건설하고, 광범위한 기술 체계를 따라 발전하고, 드넓고 멋진 세계를 탐험하고, 고대의 기술을 통해 자신을 개발하면서, 그 모든 성과를 침공으로부터 방어하세요.",3,,
B0363,A31,Hearts of Iron IV / Europa Universalis IV / Sid Meier's Civilization® V,"시뮬레이션, 전략 / 시뮬레이션, 전략 / 전략","[Hearts of Iron IV] Victory is at your fingertips! Your ability to lead your nation is your supreme weapon, the strategy game Hearts of Iron IV lets you take command of any nation in World War II; the ‖ [Europa Universalis IV] 비교할 수 없는 자유도, 깊이 있는 스토리, 정확한 역사적 고증을 즐기며 국토를 다스리고 세계를 정복하세요. 세계 역사를 새롭게 쓰며 시대를 풍미할 제국을 만드세요. ‖ [Sid Meier's Civilization® V] Create, discover, and download new player-created maps, scenarios, interfaces, and more!",Tile Cities,"캐주얼, 전략",Tile Cities turns city-building experience into a simple relaxing puzzle game and does so with style,1,GENRE_ONLY,
B0364,A20,Counter-Strike 2 / PUBG: BATTLEGROUNDS / 톰 클랜시의 레인보우식스 시즈,"액션, 무료 플레이 / 액션, 어드벤처, 대규모 멀티플레이어, 무료 플레이 / 액션, 무료 플레이","[Counter-Strike 2] Counter-Strike는 20년이 넘는 시간 동안 전 세계 수백만 명의 플레이어가 모여 수준 높은 경쟁을 펼칠 수 있는 플랫폼을 제공해 왔습니다. 그리고 이제 곧 Counter-Strike 2와 함께 새로운 CS 시대의 막이 열립니다. ‖ [PUBG: BATTLEGROUNDS] 배틀로얄 유행의 시작이자, 그 정수를 보여준 PUBG: 배틀그라운드를 지금 무료로 플레이하세요! 다양한 맵에 낙하하여 무기와 보급품을 확보하고, 점점 줄어드는 블루존 속에서 끝까지 살아남아 승리를 쟁취하세요. ‖ [톰 클랜시의 레인보우식스 시즈] 톰 클랜시의 레인보우식스 시즈는 탁월한 계획과 기술이 승부를 좌우하는 전술적인 정예 팀 기반 슈팅 게임입니다.",Mini Royale,"액션, 어드벤처, 인디, 무료 플레이, 앞서 해보기","미니 로얄에서 액션 가득한 슈팅 경험을 준비하세요! 거대한 어린이 방에서 초록색 장난감 병정이 되어 전투를 펼치세요. 배틀 로얄, 데스매치 등 다양한 모드에서 생존을 위해 싸우며, 오직 가장 강한 플레이어나 팀만이 승리를 거머쥘 수 있습니다!",1,GENRE_ONLY,
B0365,A02,Still Life / Jenny LeClue - Detectivu / Telling Lies,"어드벤처 / 액션, 어드벤처, 캐주얼, 인디 / 어드벤처, 인디, 시뮬레이션",[Still Life] Still Life 2 also now available! ‖ [Jenny LeClue - Detectivu] Jenny LeClue - Detectivu는 조사와 선택지로 가득한 스릴 넘치는 미스터리 어드벤처 게임입니다. ‖ [Telling Lies] 네 명의 삶. 그리고 하나의 큰 거짓말. 아무도 모르게 녹화된 은밀한 대화를 들으며 진실을 알아내십시오. 큰 호평을 받았던 Her Story의 계승작입니다.,Blackwell Epiphany,"어드벤처, 인디",The last game in the Blackwell series.,3,,
B0366,A24,Valheim / Grounded / My Time at Portia,"액션, 어드벤처, 인디, RPG, 앞서 해보기 / 액션, 어드벤처 / 어드벤처, 캐주얼, 인디, RPG, 시뮬레이션","[Valheim] 북구 신화와 바이킹 문화에 기반한 판타지 세계를 배경으로 펼쳐지는 생존 및 탐험 게임. ‖ [Grounded] The world is a vast, beautiful and dangerous place – especially when you have been shrunk to the size of an ant. Can you thrive alongside the hordes of giant insects, fighting to s ‖ [My Time at Portia] 아름다운 Portia 마을에서 새 삶을 시작하세요! 아버지가 방치한 작업장에서 제작을 부탁받고, 작물을 키우고, 가축을 기르고, 아름다운 세기말의 땅에서 특이한 친구들을 사귀며 작업장을 예전의 멋진 모습으로 복원하세요.",Littlewood,"어드벤처, 캐주얼, 인디, RPG, 시뮬레이션","The world has already been saved. Now it's time to rebuild your town, learn new hobbies, and forge lifelong friendships in this peaceful and relaxing RPG.",3,,
B0367,A08,Sid Meier’s Civilization® VI / XCOM® 2 / Stellaris,"전략 / 전략 / 시뮬레이션, 전략","[Sid Meier’s Civilization® VI] 문명 VI 에서는 새로운 방식으로 세상과 소통하고, 제국의 영토를 확장시키며, 문화를 발전시키고, 역사속 위대한 지도자들에 맞서 오래도록 지속될 나만의 문명을 건설해볼 수 있습니다. 클레오파트라를 비롯한 20명의 역사 속 지도자들 중 한명으로 플레이 해보세요. ‖ [XCOM® 2] XCOM 2는 수상 경력이 있는 전략 게임 XCOM: Enemy Unknown의 속편입니다. 인류가 외계인 침략군에게 항복한 지 20년, 이제 지구 상에는 새로운 세계 질서가 존재합니다. 수년간을 어둠 속에서 숨어 있었던 XCOM 부대는 반드시 일어나 외계인의 지배를 무너뜨릴 것입니다. ‖ [Stellaris] 항성간 여행을 통해 우주를 탐험하며 수많은 종족들도 만나보세요. 과학선을 보내 우주를 조사하고 탐험하면서 은하 제국을 건설하고, 건축선을 보내 새로 발견한 행성에 기지를 건설하세요. 소속 사회를 위한 탐험에 나서 매장된 보물과 은하계의 경이를 발견하고, 탐험가의 한계치와 진화 범위를 설정하세요. 동맹이 체결되고, 전쟁이 ",Xenonauts 2 제노너츠 2,"RPG, 시뮬레이션, 전략","외계인의 침략에 맞서 세계 전역에서 저항 전쟁을 벌이세요. 턴 기반 전술 전투를 지휘하고, 비밀 기지 네트워크를 구축하고, 전투비행단을 직접 컨트롤하고, 기술적으로 우세한 적과의 비대칭 전쟁 시뮬레이션에서 전략적 승리를 달성하세요.",3,,
B0368,A01,It Takes Two / Overcooked! 2 / What Remains of Edith Finch,"액션, 어드벤처 / 액션, 캐주얼, 인디 / 어드벤처, 인디","[It Takes Two] It Takes Two에서 생애 가장 정신없는 여정을 시작하세요. 친구가 무료로 참가할 수 있게 친구 패스*로 초대하고, 함께 힘을 합쳐서 수많은 유쾌하고 획기적인 게임 플레이 챌린지를 헤쳐나가세요. ‖ [Overcooked! 2] 혼란스러운 요리 액션으로 가득한 Overcooked가 돌아왔습니다! 양파 왕국으로 돌아가는 여행을 떠나세요. 클래식 협동 또는 온라인 플레이에서 셰프 팀을 만들어서 최대 4명까지 플레이하세요. 앞치마를 준비하세요... 다시 세상을 구할 때가 되었습니다! ‖ [What Remains of Edith Finch] What Remains of Edith Finch(워트 리메인스 오브 에디스 핀치)는 워싱턴 주에 있는 어느 가족에 대한 이상한 이야기의 모음입니다. 플레이어는 에디스가 되어 거대한 핀치 가택을 탐사하고, 가족사를 연구하며 이야기를 찾고, 왜 가족 중에서 그녀만 살아남았는지 알아내야 합니다. 각 이야기는 새로운 가족 구성",다른 겨울의 우리들,"액션, 어드벤처, 캐주얼, 인디","""다른 겨울의 우리들""는 2인용 퍼즐 어드벤처 게임입니다. 집을 뛰쳐나온 두 소년이 되어 함께 힘을 합쳐 먼 곳으로 떠나보세요. 두 소년의 여정을 통해 어린 시절의 우정을 되살려보세요.",3,,
B0369,A30,Stardew Valley / Slime Rancher / Raft,"인디, RPG, 시뮬레이션 / 액션, 어드벤처, 인디, 시뮬레이션 / 어드벤처, 인디, 시뮬레이션","[Stardew Valley] You've inherited your grandfather's old farm plot in Stardew Valley. Armed with hand-me-down tools and a few coins, you set out to begin your new life. Can you learn to live off th ‖ [Slime Rancher] 슬라임 랜쳐는 젊고 용감한 랜쳐, 베아트릭스 르뷰가 지구에서 1,000광년 떨어진 '머나먼 평야'에서 슬라임들과 씨름하며 생계를 꾸려나가는 이야기입니다. 긍정적인 마인드와 강인한 의지로 베아트릭스는 진공팩을 사용하여 끊임없이 말랑말랑하게 굴러나오는 슬라임들을 피하며 이름을 알리고, 부자가 되려 합니다. ‖ [Raft] Raft™ throws you and your friends into an epic oceanic adventure! Alone or together, players battle to survive a perilous voyage across a vast sea! Gather debris, scavenge reefs an",Longvinter,"액션, 어드벤처, 대규모 멀티플레이어, RPG, 시뮬레이션","낚시, 농사, 제작, 수집, 요리, 전리품 획득 또는 다른 플레이어로부터 훔치기, 그리고 친구들과 함께 규칙 없는 오픈 월드 멀티플레이어 샌드박스 게임에서 캠프장이나 마을을 건설하세요!",2,,
B0370,A03,Balatro / Hades / Vampire Survivors,"캐주얼, 인디, 전략 / 액션, 인디, RPG / 액션, 캐주얼, 인디, RPG","[Balatro] 포커 로그라이크 게임. Balatro는 불법 포커 패로 게임을 하고, 판을 뒤엎는 조커를 발견하고, 아드레날린이 치솟는 강력한 콤보를 만드는 덱 빌딩 게임입니다. ‖ [Hades] Bastion, Transistor, Pyre의 제작사에서 선보이는 이 로그라이크 던전 탐색형 게임에서 핵 앤 슬래시로 지하 세계를 탈출하고 죽음의 신에게 도전하세요. ‖ [Vampire Survivors] 수많은 어둠의 피조물을 쓰러뜨리며 새벽이 올 때까지 생존하세요! Vampire Survivors는 로그라이트 요소를 갖춘 고딕 호러 케주얼 게임입니다. 당신의 선택으로 순식간에 수백 마리의 괴물이 눈덩이처럼 불어날 수 있죠.",Vampire Crawlers: The Turbo Wildcard from Vampire Survivors,"액션, 인디, 전략","Vampire Survivors 제작진이 선보이는 박진감 넘치는 턴제 로그라이트 덱 빌딩 게임! 세계를 끝장내버릴 콤보를 퍼붓고, 오염된 던전을 빠르게 돌파하세요. 터보턴™을 마스터하면 혼돈의 카드 패로 낯익은 적 무리를 섬멸할 수 있습니다.",3,,
B0371,A33,Garry's Mod / Team Fortress 2 / Left 4 Dead 2,"캐주얼, 인디, 시뮬레이션 / 액션, 무료 플레이 / 액션","[Garry's Mod] Garry's Mod is a physics sandbox. There aren't any predefined aims or goals. We give you the tools and leave you to play. ‖ [Team Fortress 2] 다양한 전술적 능력과 뚜렷한 개성을 갖춘 9가지 병과의 캐릭터를 플레이하세요. 끊임없이 업데이트되는 새로운 게임 모드, 맵, 장비 그리고 가장 중요한 모자까지 지금 바로 즐겨보세요! ‖ [Left 4 Dead 2] Set in the zombie apocalypse, Left 4 Dead 2 is a co-operative action horror FPS takes you and your friends through the cities, swamps and cemeteries of the Deep South, from Savanna",Apex 레전드™,"액션, 어드벤처, 무료 플레이","Apex 레전드는 Respawn Entertainment에서 제작한 다양한 수상 경력을 자랑하는 무료 플레이 히어로 슈팅 게임입니다. 게임에 계속해서 추가되는 레전드 캐릭터들의 강력한 능력을 마스터하고 깊이 있는 전술적 분대 플레이, 새롭게 진화하는 게임플레이를 지닌 히어로 슈팅과 배틀 로얄의 혁신을 경험하세요.",2,,
B0372,A24,Valheim / Grounded / My Time at Portia,"액션, 어드벤처, 인디, RPG, 앞서 해보기 / 액션, 어드벤처 / 어드벤처, 캐주얼, 인디, RPG, 시뮬레이션","[Valheim] 북구 신화와 바이킹 문화에 기반한 판타지 세계를 배경으로 펼쳐지는 생존 및 탐험 게임. ‖ [Grounded] The world is a vast, beautiful and dangerous place – especially when you have been shrunk to the size of an ant. Can you thrive alongside the hordes of giant insects, fighting to s ‖ [My Time at Portia] 아름다운 Portia 마을에서 새 삶을 시작하세요! 아버지가 방치한 작업장에서 제작을 부탁받고, 작물을 키우고, 가축을 기르고, 아름다운 세기말의 땅에서 특이한 친구들을 사귀며 작업장을 예전의 멋진 모습으로 복원하세요.",Kynseed,"어드벤처, 인디, RPG, 시뮬레이션","아름다운 창의성과 흥미의 세계에서 평생의 모험을 시작하세요. 가족을 키우고, 농장을 맞춤 설정하고, 사업을 운영하며, 아이템을 제작하고, 멋지게 사악한 몬스터들과 싸우세요.",3,,
B0373,A27,The Raven Remastered / The Frostrune / Mad Experiments: Escape Room,"어드벤처 / 어드벤처 / 어드벤처, 캐주얼, 인디, 시뮬레이션, 전략","[The Raven Remastered] London, 1964. An ancient ruby is stolen from the British Museum. At the crime scene: a raven feather. Is somebody trying to follow in the footsteps of The Raven, the legendary mast ‖ [The Frostrune] Unravel a mystery inspired by Viking myth and legend in The Frostrune, a classic point-and-click adventure based on historically accurate Norse culture and environments. ‖ [Mad Experiments: Escape Room] 수상 후보에 오른 이스케이프 게임 1인 또는 최대 5인까지 플레이하며 3개의 독특한 방을 탐험하고, 두뇌를 자극하는 퍼즐을 풀며 체셔 교수와 그의 실험에 얽힌 어두운 비밀을 밝혀보세요.",First Class Escape: The Train of Thought,"어드벤처, 캐주얼, 인디","""First Class Escape: The Train of Thought"" is a co-operative atmospheric escape room puzzle game, set in a beautifully realized vintage train. Do you think you have what it takes to solve the puzzles and escape the train?",3,,
B0374,A34,Pid / ChromaGun / Deer & Boy,"어드벤처, 인디 / 액션, 어드벤처, 인디 / 액션, 어드벤처, 인디","[Pid] You are stranded on a strange and peculiar planet. It’s time to embark on your journey and find your way home! Explore a gravity defying and challenging platformer with striking vi ‖ [ChromaGun] Welcome to ChromaTec’s test lab! You’re here to test our state-of-the-art military-grade color-technology: The ChromaGun (patent pending)! Use it to solve our meticulously designed ‖ [Deer & Boy] 도망친 소년은 길 잃은 어린 사슴을 만나 고요하면서도 위태로운 세상을 함께 헤쳐 나갑니다. 퍼즐을 풀고, 높은 곳에 오르고, 위협을 피해 나아가며 당신의 동료는 연약한 아기 사슴에서 어엿한 사슴으로 성장하죠. 혼자서는 할 수 없었던 일을 함께 해내는 법을 배우게 됩니다.",Phoenotopia: Awakening,"액션, 어드벤처, 인디, RPG","피노토피아에서 위대한 모험을 떠나보세요! 고전 게임에서 영감을 받은 액션 어드벤처 퍼즐 플랫포머 게임입니다. 매력적인 마을 주민들을 만나고, 던전을 탐험하고, 악당들과 싸우며 가족을 구하러 가는 여정을 떠나세요.",3,,
B0375,A14,Iron Brigade / Ancient Planet Tower Defense / Creeper World IXE,"액션, 전략 / 캐주얼, 인디, 전략 / 액션, 캐주얼, 인디, 시뮬레이션, 전략","[Iron Brigade] Join The Mobile Trench Brigade and protect humanity from the evil Monovision menace! ‖ [Ancient Planet Tower Defense] 고대 행성 타워 디펜스는 정통 타워 디펜스 게임입니다. 고대 문명의 요새가 외계 침략자들로부터 침략당했습니다. 고대의 강력한 기술을 사용하여 적군의 공격을 물리치십시오! ‖ [Creeper World IXE] The unstoppable alien force known as The Creeper has returned, devouring thousands of worlds in its path, and yours is next. Battle against the Creeper fluid in a groundbreaking pi",Alien Shooter TD,"액션, 인디, 전략","유명한 Alien Shooter 시리즈에서 영감을 받은 혁신적인 타워 디펜스! 본 게임은 Sigma에서 개발한 게임들이 지닌 전통을 지키기 위해 그 어떤 타협도 하지 않았습니다. 한 마디로, 게임의 모든 것이 현실과 같습니다!",3,,
B0376,A16,The Talos Principle / Rust / Inscryption,"액션, 어드벤처, 인디 / 액션, 어드벤처, 인디, 대규모 멀티플레이어, RPG / 어드벤처, 인디, 전략","[The Talos Principle] 탈로스 법칙은 철학적 SF 소설의 전통을 따른 1인칭 퍼즐 게임입니다. 시리어스 샘을 개발한 크로팀에서 만들었으며, 톰 주버트(FTL, 더 스와퍼)와 조나스 카이라츠(바다는 모든 것을 요구한다.)가 스토리를 작성했습니다. ‖ [Rust] Rust에서의 목표는 오직 하나, 바로 살아남는 것입니다. 섬의 야생 동물, 다른 주민, 환경, 다른 생존자 모두가 여러분의 목숨을 노립니다. 하루 더 살아남을 수 있다면 수단과 방법을 가리지 마세요. ‖ [Inscryption] Inscryption은 검은 잉크로 그려진 카드를 기반으로 한 덱빌딩 로그라이크, 방탈출 퍼즐, 피가 흐르는 심리적 공포 등의 요소가 섞인 여정을 다룹니다. 카드에는 더 어두운 비밀이 새겨져 있습니다…",Paint it Back,캐주얼,논리로 퍼즐을 풀어 그림들을 완성해주세요. 데모를 보십시오!,1,IRRELEVANT,
