pair_key,프로필,좋아하는_게임,좋아하는_게임_장르,좋아하는_게임_설명,추천_게임,추천_게임_장르,추천_게임_설명,적합도,이유태그,메모
B0001,A08,Sid Meier’s Civilization® VI / XCOM® 2 / Stellaris,"전략 / 전략 / 시뮬레이션, 전략","[Sid Meier’s Civilization® VI] 문명 VI 에서는 새로운 방식으로 세상과 소통하고, 제국의 영토를 확장시키며, 문화를 발전시키고, 역사속 위대한 지도자들에 맞서 오래도록 지속될 나만의 문명을 건설해볼 수 있습니다. 클레오파트라를 비롯한 20명의 역사 속 지도자들 중 한명으로 플레이 해보세요. ‖ [XCOM® 2] XCOM 2는 수상 경력이 있는 전략 게임 XCOM: Enemy Unknown의 속편입니다. 인류가 외계인 침략군에게 항복한 지 20년, 이제 지구 상에는 새로운 세계 질서가 존재합니다. 수년간을 어둠 속에서 숨어 있었던 XCOM 부대는 반드시 일어나 외계인의 지배를 무너뜨릴 것입니다. ‖ [Stellaris] 항성간 여행을 통해 우주를 탐험하며 수많은 종족들도 만나보세요. 과학선을 보내 우주를 조사하고 탐험하면서 은하 제국을 건설하고, 건축선을 보내 새로 발견한 행성에 기지를 건설하세요. 소속 사회를 위한 탐험에 나서 매장된 보물과 은하계의 경이를 발견하고, 탐험가의 한계치와 진화 범위를 설정하세요. 동맹이 체결되고, 전쟁이 ",Prime of Flames,"어드벤처, 인디, RPG, 전략","This is a special strategy game that combines Wargame and Roguelike. As the guider of the former ancestors, you revived and arrived. In the name of Star Envoy, you leave for the Human camp, and lead the warriors of different clans with talents and abilities to find the truth of history and disaster.",2,,
B0002,A02,Still Life / Jenny LeClue - Detectivu / Telling Lies,"어드벤처 / 액션, 어드벤처, 캐주얼, 인디 / 어드벤처, 인디, 시뮬레이션",[Still Life] Still Life 2 also now available! ‖ [Jenny LeClue - Detectivu] Jenny LeClue - Detectivu는 조사와 선택지로 가득한 스릴 넘치는 미스터리 어드벤처 게임입니다. ‖ [Telling Lies] 네 명의 삶. 그리고 하나의 큰 거짓말. 아무도 모르게 녹화된 은밀한 대화를 들으며 진실을 알아내십시오. 큰 호평을 받았던 Her Story의 계승작입니다.,Lorelai,어드벤처,"The little she had was taken away, but Lorelai refuses to give up, she will fight. And not even death will stop her from getting it all back...",2,,
B0003,A23,Vomitoreum / Tales of Kenzera™: ZAU / Shantae: Half-Genie Hero,"액션, 어드벤처, 인디 / 액션, 어드벤처, 인디 / 액션, 어드벤처, 인디","[Vomitoreum] Vomitoreum is an FPS Metroidvania with a focus on atmosphere and horror, inspired by the paintings of Zdzisław Beksiński. ‖ [Tales of Kenzera™: ZAU] 샤먼의 춤을 추세요. 아버지의 영혼을 되찾으세요. Surgent Studios가 제작한 메트로이드바니아 스타일의 어드벤처 게임 Tales of Kenzera™: ZAU에서 죽음의 신과 함께 아름답고 위험한 켄제라의 땅으로 용감하게 모험을 떠나세요. ‖ [Shantae: Half-Genie Hero] Shantae embarks on her first full HD adventure! When a mysterious crime wave sweeps Sequin Land, it’s up to Half-Genie Hero Shantae to save the day! Use Shantae’s devastating Hair-",몬스터 보이와 저주받은 왕국,"액션, 어드벤처, 인디",완전히 새로운 어드벤처로 돌아온 전설의 게임 시리즈! 오리지널 시리즈 제작자 '류이치 니시자와’와 공동 제작한 컬러풀한 액션 어드벤처 게임을 즐겨보세요.,3,,
B0004,A16,The Talos Principle / Rust / Inscryption,"액션, 어드벤처, 인디 / 액션, 어드벤처, 인디, 대규모 멀티플레이어, RPG / 어드벤처, 인디, 전략","[The Talos Principle] 탈로스 법칙은 철학적 SF 소설의 전통을 따른 1인칭 퍼즐 게임입니다. 시리어스 샘을 개발한 크로팀에서 만들었으며, 톰 주버트(FTL, 더 스와퍼)와 조나스 카이라츠(바다는 모든 것을 요구한다.)가 스토리를 작성했습니다. ‖ [Rust] Rust에서의 목표는 오직 하나, 바로 살아남는 것입니다. 섬의 야생 동물, 다른 주민, 환경, 다른 생존자 모두가 여러분의 목숨을 노립니다. 하루 더 살아남을 수 있다면 수단과 방법을 가리지 마세요. ‖ [Inscryption] Inscryption은 검은 잉크로 그려진 카드를 기반으로 한 덱빌딩 로그라이크, 방탈출 퍼즐, 피가 흐르는 심리적 공포 등의 요소가 섞인 여정을 다룹니다. 카드에는 더 어두운 비밀이 새겨져 있습니다…",Neurodeck : Psychological Deckbuilder,"인디, RPG, 전략","Neurodeck은 두려움에 도전하는 심리적 덱빌딩 카드 게임입니다. 성격 테스트에 답하고, 방을 방문하거나 명상을 하여 덱과 능력을 구축하세요. 자신의 공포증에 맞서고 생명에서 영감을 얻은 카드의 힘을 통해 적들을 쓰러뜨리세요.",2,,
B0005,A28,Dordogne / A YEAR OF SPRINGS / Botany Manor,"어드벤처, 인디 / 캐주얼, 인디, 시뮬레이션 / 어드벤처","[Dordogne] 이 유년 시절의 여정에서 특별한 내러티브에 몰입하며 도르도뉴의 수천 가지 여름의 색을 탐험하고, 추억을 떠올리며 가족의 비밀을 밝히세요. ‖ [A YEAR OF SPRINGS] 세 명의 여성, 세 개의 이야기, 세 개의 봄. 세 명의 친구들이 사랑, 공감, 그리고 단지 함께하고 싶어하는 감정에 대한 방향을 찾아나가는 3 부작 비주얼 노벨 A YEAR OF SPRINGS 에서 하루, 에리카, 마나미의 이야기를 체험하세요. ‖ [Botany Manor] Welcome to Botany Manor, a stately home in 19th century England. You play as inhabitant Arabella Greene, a retired botanist. Explore your house and gardens, filled with research, t",Submerged: Hidden Depths,어드벤처,"보트를 타고, 벽을 오르고, 상호 작용하고, 물에 잠긴 세상의 아름다운 폐허를 둘러보세요.",3,,
B0006,A24,Valheim / Grounded / My Time at Portia,"액션, 어드벤처, 인디, RPG, 앞서 해보기 / 액션, 어드벤처 / 어드벤처, 캐주얼, 인디, RPG, 시뮬레이션","[Valheim] 북구 신화와 바이킹 문화에 기반한 판타지 세계를 배경으로 펼쳐지는 생존 및 탐험 게임. ‖ [Grounded] The world is a vast, beautiful and dangerous place – especially when you have been shrunk to the size of an ant. Can you thrive alongside the hordes of giant insects, fighting to s ‖ [My Time at Portia] 아름다운 Portia 마을에서 새 삶을 시작하세요! 아버지가 방치한 작업장에서 제작을 부탁받고, 작물을 키우고, 가축을 기르고, 아름다운 세기말의 땅에서 특이한 친구들을 사귀며 작업장을 예전의 멋진 모습으로 복원하세요.",Fade to Silence,RPG,Fade to Silence is a single-player and co-op survival adventure set in a post-apocalyptic world that is frozen in an eternal winter. Snow and ice have shaped a merciless landscape. Nature is corrupted. Monstrous creatures out of an Eldritch horror dream roam the frozen wasteland.,2,,
B0007,A08,Sid Meier’s Civilization® VI / XCOM® 2 / Stellaris,"전략 / 전략 / 시뮬레이션, 전략","[Sid Meier’s Civilization® VI] 문명 VI 에서는 새로운 방식으로 세상과 소통하고, 제국의 영토를 확장시키며, 문화를 발전시키고, 역사속 위대한 지도자들에 맞서 오래도록 지속될 나만의 문명을 건설해볼 수 있습니다. 클레오파트라를 비롯한 20명의 역사 속 지도자들 중 한명으로 플레이 해보세요. ‖ [XCOM® 2] XCOM 2는 수상 경력이 있는 전략 게임 XCOM: Enemy Unknown의 속편입니다. 인류가 외계인 침략군에게 항복한 지 20년, 이제 지구 상에는 새로운 세계 질서가 존재합니다. 수년간을 어둠 속에서 숨어 있었던 XCOM 부대는 반드시 일어나 외계인의 지배를 무너뜨릴 것입니다. ‖ [Stellaris] 항성간 여행을 통해 우주를 탐험하며 수많은 종족들도 만나보세요. 과학선을 보내 우주를 조사하고 탐험하면서 은하 제국을 건설하고, 건축선을 보내 새로 발견한 행성에 기지를 건설하세요. 소속 사회를 위한 탐험에 나서 매장된 보물과 은하계의 경이를 발견하고, 탐험가의 한계치와 진화 범위를 설정하세요. 동맹이 체결되고, 전쟁이 ",Space Haven,"인디, RPG, 시뮬레이션, 전략",아마추어 시민 승무원들과 새로운 보금자리를 찾아 떠나는 경이로운 우주 항해를 떠나보세요. 타일을 하나하나 연결해 우주선을 제작하고 연료 보급 상태를 최적화하세요. 승무원의 요구와 기분을 관리하고 이 흥미진진한 우주선 식민지 시뮬레이션 게임에서 경이로운 우주를 탐험해보시는 건 어떨까요?,2,,
B0008,A19,ELDEN RING / Disco Elysium - The Final Cut / Outer Wilds,"액션, RPG / RPG / 액션, 어드벤처","[ELDEN RING] 본 게임은 본격적인 다크 판타지 세계를 무대로 한 액션 RPG입니다. 드넓은 필드와 던전 탐험을 통해 미지의 것들을 발견해 보세요. 앞길을 막아서는 난관과 그것을 극복했을 때의 달성감, 그리고 등장인물들의 의도가 교착하는 군상극도 즐기실 수 있습니다. ‖ [Disco Elysium - The Final Cut] 디스코 엘리시움 - 최종판은 획기적인 오픈 월드 롤플레잉 게임입니다. 당신은 독특한 스킬 시스템을 갖춘 형사로서 오롯한 도시 블록을 당신의 미래를 닦기 위해 다듬을 수 있습니다. 잊지 못할 등장인물들을 심문하거나, 살인 사건을 해결하거나, 뇌물을 받으세요. 영웅이 되거나 인류의 완전한 재앙이 되세요. ‖ [Outer Wilds] Giant Bomb, Polygon, Eurogamer, The Guardian에 의해 2019년 올해의 게임에 이름을 올리며 냉정한 호평과 수상 실적이 있는 Outer Wilds는 무한 시간 루프에 갇힌 태양계에 관한 공개된 세계의 미스터리 게임입니다.",NUTS,"어드벤처, 시뮬레이션","외딴 숲에서 펼쳐지는 싱글 플레이 감시 미스터리 - 다람쥐를 녹화하고, 결과를 보고하세요... 그리고 이 비밀스러운 생명체들이 숨기고 있는 수수께끼를 파헤치세요.",2,,
B0009,A02,Still Life / Jenny LeClue - Detectivu / Telling Lies,"어드벤처 / 액션, 어드벤처, 캐주얼, 인디 / 어드벤처, 인디, 시뮬레이션",[Still Life] Still Life 2 also now available! ‖ [Jenny LeClue - Detectivu] Jenny LeClue - Detectivu는 조사와 선택지로 가득한 스릴 넘치는 미스터리 어드벤처 게임입니다. ‖ [Telling Lies] 네 명의 삶. 그리고 하나의 큰 거짓말. 아무도 모르게 녹화된 은밀한 대화를 들으며 진실을 알아내십시오. 큰 호평을 받았던 Her Story의 계승작입니다.,The Operator,"어드벤처, 인디, 시뮬레이션","FDI에 오신 여러분을 환영합니다. 신입 오퍼레이터인 당신은 탐정 스킬을 이용해 현장 요원을 돕고 미스터리한 범죄를 조사해야 합니다. 최첨단 FDI 소프트웨어를 사용해 단서를 찾고, 퍼즐을 풀고, 진실을 밝혀내세요.",3,,
B0010,A05,Opus Magnum,"인디, 시뮬레이션","[Opus Magnum] Opus Magnum은 SpaceChem, Infinifactory, SHENZHEN I/O를 제작한 Zachtronics의 신작 퍼즐게임입니다. 연금술사들의 최첨단 도구인 변성 기관을 이용해 물약과 독을 만들어내는 기계들을 설계하고 만들어 내세요!",A=B,인디,"A=B is a programming puzzle game with only one instruction: A=B, which means replacing A with B.",3,,
B0011,A12,Baldur's Gate 3 / Mount & Blade II: Bannerlord / Kenshi,"어드벤처, RPG, 전략 / 액션, 인디, RPG, 시뮬레이션, 전략 / 액션, 인디, RPG, 시뮬레이션, 전략","[Baldur's Gate 3] Baldur’s Gate 3 is a story-rich, party-based RPG set in the universe of Dungeons & Dragons, where your choices shape a tale of fellowship and betrayal, survival and sacrifice, and  ‖ [Mount & Blade II: Bannerlord] 본 게임은 전략/액션 RPG입니다. 캐릭터를 생성하고, 외교에 참여하고, 제작, 거래를 하고, 방대한 중세풍의 샌드박스에서 새로운 땅을 정복하십시오. 군대를 일으켜 전쟁에 뛰어들고, 깊이가 있으나 직관적인 실력 기반의 전투 시스템을 채용한 대규모 실시간 전투에서 자신의 부대에 명령을 내리고 함께 싸우십시오. ‖ [Kenshi] 자유롭게 돌아다니는 분대 기반의 RPG. 스토리를 따라가는 대신 제한 없는 샌드박스식 게임플레이에 중점을 두었습니다. 무역상, 도둑, 반란군, 전쟁 군주, 모험가, 농부, 노예 등 다양한 삶을 체험할 수 있습니다. 운이 나쁘면 식인종의 먹잇감으로 전락할지도 모르죠. 새로운 장비를 연구하거나 제작해 보세요.",Sword Art Online: Fatal Bullet,"액션, RPG",건 게일 온라인의 세계에서 당신이 주인공이 되어 오리지널 스토리를 체험해보세요. 당신만의 아바타를 만들고 액션 RPG와 3인칭 슈팅 장르의 융합을 경험하며 이 황폐한 땅을 모험해보세요.,1,KEYWORD_MATCH,
B0012,A27,The Raven Remastered / The Frostrune / Mad Experiments: Escape Room,"어드벤처 / 어드벤처 / 어드벤처, 캐주얼, 인디, 시뮬레이션, 전략","[The Raven Remastered] London, 1964. An ancient ruby is stolen from the British Museum. At the crime scene: a raven feather. Is somebody trying to follow in the footsteps of The Raven, the legendary mast ‖ [The Frostrune] Unravel a mystery inspired by Viking myth and legend in The Frostrune, a classic point-and-click adventure based on historically accurate Norse culture and environments. ‖ [Mad Experiments: Escape Room] 수상 후보에 오른 이스케이프 게임 1인 또는 최대 5인까지 플레이하며 3개의 독특한 방을 탐험하고, 두뇌를 자극하는 퍼즐을 풀며 체셔 교수와 그의 실험에 얽힌 어두운 비밀을 밝혀보세요.",The Secret Order 7: Shadow Breach,"어드벤처, 캐주얼","망각을 피해, 다시 빛으로 계속 도망치려 하는 어두운 비밀들이 있습니다. 하지만 이들을 계속 주시해온 시크릿 오더와 그중에서도 가장 숙련된 요원, 사라 페닝턴도 있지요.",2,,
B0013,A25,DOOMBLADE / Transiruby / Blast Brigade vs. the Evil Legion of Dr. Cread,"액션, 어드벤처, 인디 / 액션 / 액션, 어드벤처, 인디","[DOOMBLADE] Deep underground, Gloom Girl discovers DOOMBLADE, a sentient weapon hellbent on escape after eons in chains. Together, “Doom and Gloom” embark on a vengeful quest to unlock the pow ‖ [Transiruby] 차원 대륙의 의문을 풀어라! 는 사이보그 소녀 실비가 검과 엘리먼트 샷으로 적을 쓰러뜨리며 앞으로 나아가는 탐색형 액션 게임입니다! ‖ [Blast Brigade vs. the Evil Legion of Dr. Cread] 스릴 넘치는 플랫포밍과 깊이 있는 탐험 세계, 폭발적인 액션으로 가득한 2D 메트로이드배니아 어드벤처 게임을 즐겨보세요! Blast Brigade에서 영웅들로 팀을 구성해 세계를 구하세요!",Maytroid. I swear it's a nice game too,"액션, 어드벤처, 인디",I swear it's a nice action metroidvania game.,2,,
B0014,A13,Death's Door / Children of Morta / Roboquest / Spelunky 2 / Nuclear Throne / Streets of Rogue / Neon Abyss / Curse of the Dead Gods / Rogue Legacy 2 / Have a Nice Death,"액션, 어드벤처, 인디, RPG / 액션, 어드벤처, 인디, RPG / 액션, 인디 / 액션, 인디 / 액션, 인디, RPG / 액션, 어드벤처, 인디, RPG / 액션, 어드벤처, 인디, RPG / 액션, 어드벤처 / 액션, 어드벤처, 인디, RPG / 액션, 인디","[Death's Door] 죽은 자의 영혼을 수확하고 시간을 끝내는 것은 단조로울 수 있지만 까마귀에겐 평범한 일입니다. 하지만 주어진 영혼을 도둑맞게 되면 변화가 일어납니다. 영혼을 도난하고 죽음의 손길이 닿지 않는 영역으로 도망친 절망적인 도둑을 추적하십시오. ‖ [Children of Morta] Children of Morta는 비범한 가족 영웅에 대한 스토리 중심의 액션 RPG 게임입니다. 다가오는 부패에 맞서 모든 결함과 미덕을 갖춘 베르그송 가를 이끄세요. 여러분은 여러분이 아끼는 사람들을 구하기 위해 모든 것을 희생할 수 있으신가요? ‖ [Roboquest] 로보퀘스트는 멸망한 미래 세계의 빠른 FPS 로그라이트입니다. 당신은 재부팅된 수호자로, 강철 궁둥짝을 걷어 찰 준비를 하세요! 혼자서 혹은 친구와 함께 맞서거나 끊임없이 변화하는 환경에서 치명적인 로봇 군단을 섬멸하세요. ‖ [Spelunky 2] Spelunky 2 builds upon the unique, randomized challenges that made the original a roguelike classic, offering a huge adventure designed to satisfy players old and new. Meet the nex ‖ [Nuclear Throne] Nuclear Throne은 포스트 아포칼립스 세계관의 로그라이크 스타일 탑다운 슈터입니다. 여기서 말하는 포스트 아포칼립스는 '인류의 마지막 희망'이 남아 있는 세계가 아니라, '인류는 멸종했고 이제 돌연변이와 괴물들이 세상을 돌아다니는' 그런 세계입니다. 과연 당신은 뉴클리어 쓰론에 도달할 수 있을까요? ‖ [Streets of Rogue] 싸워서 몰래 들어가 임의 생성된 도시를 공격하세요. Nuclear Throne은 무법천지 GTA와 Deus Ex가 혼합된 형태입니다. Rogue-lite가 몰입도 높은 캐릭터를 만나 너무 재미있습니다. ‖ [Neon Abyss] Neon Abyss는 고속의 로그라이크 액션 플랫포머로, 하데스가 만든 '그림 스쿼드'의 일원이 되어 어비스로 총을 들고 뛰어드는 런 앤 건 게임입니다. 무한한 아이템 시너지와 던전 진화 시스템으로, 매번 게임을 할 때마다 다른 경험과 새로운 도전이 등장합니다. 진짜 지옥을 보여주세요! ‖ [Curse of the Dead Gods] 엄청난 부, 영원한 생명, 신성한 힘을 탐하는 마음이 당신을 끝없는 지옥 속의 미로, 치명적인 함정 및 몬스터가 우글거리는 이 저주받은 사원으로 이끌었습니다. ‖ [Rogue Legacy 2] 로그 레거시 2는 로그 레거시에 후속편을 끼얹은 작품입니다. 당신이 죽을 때마다 자식이 가업을 이어받습니다. 딸은 색맹 궁수이고 아들은 평화주의자 요리사일 수도 있죠. 어쨌거나 둘 중 한 명은 전장으로 나가야 합니다. ‖ [Have a Nice Death] Have a Nice Death는 과로에 고생하는 데스가 되어 플레이하는 2D 액션 로그라이크로, 통제 불능인 직원들 때문에 영혼의 균형과 데스의 휴가 계획이 틀어지고 말았습니다. 질서를 회복하려면 대낫을 들고 직원들과 서열 정리를 해야 합니다.",In Celebration of Violence,"액션, 어드벤처, 인디, RPG","A fantasy action roguelike of exploration and murder. Live, kill, die, improve, live again.",3,,
B0015,A06,Cities: Skylines / Factorio / Farming Simulator 22,"시뮬레이션, 전략 / 캐주얼, 인디, 시뮬레이션, 전략 / 시뮬레이션","[Cities: Skylines] Cities: Skylines is a modern take on the classic city simulation. The game introduces new game play elements to realize the thrill and hardships of creating and maintaining a real  ‖ [Factorio] Factorio는 무한한 2D 세상에서 복잡성이 증가하는 아이템을 생산하기 위해 자동화 공장을 만드는 게임입니다. - 당신의 상상력으로 공장을 설계, 독창적인 방법으로 간단한 요소를 결합하고 마지막엔 당신을 좋아하지 않는 생물들로 부터 공장을 지키세요. ‖ [Farming Simulator 22] 농장을 만들고 농사를 즐기세요! 작물을 수확하고, 동물을 돌보고, 생산을 관리하고, 계절에 따른 어려움을 이겨내세요.",Farm Expert 2017,"인디, 시뮬레이션","Feel the real trouble of being farmer with realistic physics. Look after your machines in backyard workshop, expand your activites to other farms, and take care of plants in greenhouses. All of this and much more in Farm Expert 2017!",3,,
B0016,A12,Baldur's Gate 3 / Mount & Blade II: Bannerlord / Kenshi,"어드벤처, RPG, 전략 / 액션, 인디, RPG, 시뮬레이션, 전략 / 액션, 인디, RPG, 시뮬레이션, 전략","[Baldur's Gate 3] Baldur’s Gate 3 is a story-rich, party-based RPG set in the universe of Dungeons & Dragons, where your choices shape a tale of fellowship and betrayal, survival and sacrifice, and  ‖ [Mount & Blade II: Bannerlord] 본 게임은 전략/액션 RPG입니다. 캐릭터를 생성하고, 외교에 참여하고, 제작, 거래를 하고, 방대한 중세풍의 샌드박스에서 새로운 땅을 정복하십시오. 군대를 일으켜 전쟁에 뛰어들고, 깊이가 있으나 직관적인 실력 기반의 전투 시스템을 채용한 대규모 실시간 전투에서 자신의 부대에 명령을 내리고 함께 싸우십시오. ‖ [Kenshi] 자유롭게 돌아다니는 분대 기반의 RPG. 스토리를 따라가는 대신 제한 없는 샌드박스식 게임플레이에 중점을 두었습니다. 무역상, 도둑, 반란군, 전쟁 군주, 모험가, 농부, 노예 등 다양한 삶을 체험할 수 있습니다. 운이 나쁘면 식인종의 먹잇감으로 전락할지도 모르죠. 새로운 장비를 연구하거나 제작해 보세요.",Kynseed,"어드벤처, 인디, RPG, 시뮬레이션","아름다운 창의성과 흥미의 세계에서 평생의 모험을 시작하세요. 가족을 키우고, 농장을 맞춤 설정하고, 사업을 운영하며, 아이템을 제작하고, 멋지게 사악한 몬스터들과 싸우세요.",1,GENRE_ONLY,
B0017,A01,It Takes Two / Overcooked! 2 / What Remains of Edith Finch,"액션, 어드벤처 / 액션, 캐주얼, 인디 / 어드벤처, 인디","[It Takes Two] It Takes Two에서 생애 가장 정신없는 여정을 시작하세요. 친구가 무료로 참가할 수 있게 친구 패스*로 초대하고, 함께 힘을 합쳐서 수많은 유쾌하고 획기적인 게임 플레이 챌린지를 헤쳐나가세요. ‖ [Overcooked! 2] 혼란스러운 요리 액션으로 가득한 Overcooked가 돌아왔습니다! 양파 왕국으로 돌아가는 여행을 떠나세요. 클래식 협동 또는 온라인 플레이에서 셰프 팀을 만들어서 최대 4명까지 플레이하세요. 앞치마를 준비하세요... 다시 세상을 구할 때가 되었습니다! ‖ [What Remains of Edith Finch] What Remains of Edith Finch(워트 리메인스 오브 에디스 핀치)는 워싱턴 주에 있는 어느 가족에 대한 이상한 이야기의 모음입니다. 플레이어는 에디스가 되어 거대한 핀치 가택을 탐사하고, 가족사를 연구하며 이야기를 찾고, 왜 가족 중에서 그녀만 살아남았는지 알아내야 합니다. 각 이야기는 새로운 가족 구성",The Vanishing of Ethan Carter,"어드벤처, 인디",The Vanishing of Ethan Carter is a first-person story-driven mystery. Purchase this game to get both the original and the Unreal Engine 4 remaster called The Vanishing of Ethan Carter Redux.,3,,
B0018,A12,Baldur's Gate 3 / Mount & Blade II: Bannerlord / Kenshi,"어드벤처, RPG, 전략 / 액션, 인디, RPG, 시뮬레이션, 전략 / 액션, 인디, RPG, 시뮬레이션, 전략","[Baldur's Gate 3] Baldur’s Gate 3 is a story-rich, party-based RPG set in the universe of Dungeons & Dragons, where your choices shape a tale of fellowship and betrayal, survival and sacrifice, and  ‖ [Mount & Blade II: Bannerlord] 본 게임은 전략/액션 RPG입니다. 캐릭터를 생성하고, 외교에 참여하고, 제작, 거래를 하고, 방대한 중세풍의 샌드박스에서 새로운 땅을 정복하십시오. 군대를 일으켜 전쟁에 뛰어들고, 깊이가 있으나 직관적인 실력 기반의 전투 시스템을 채용한 대규모 실시간 전투에서 자신의 부대에 명령을 내리고 함께 싸우십시오. ‖ [Kenshi] 자유롭게 돌아다니는 분대 기반의 RPG. 스토리를 따라가는 대신 제한 없는 샌드박스식 게임플레이에 중점을 두었습니다. 무역상, 도둑, 반란군, 전쟁 군주, 모험가, 농부, 노예 등 다양한 삶을 체험할 수 있습니다. 운이 나쁘면 식인종의 먹잇감으로 전락할지도 모르죠. 새로운 장비를 연구하거나 제작해 보세요.",The Boss Gangster: Criminal Empire,"액션, 인디, RPG, 시뮬레이션, 전략, 앞서 해보기","거리의 잔챙이에서 범죄 세계의 보스로 성장하세요. 역동적인 오픈월드 샌드박스에서 사업을 운영하고 법망을 피해 다니며, 모든 행동에 반응하는 도시 속에서 자신만의 범죄 제국을 구축해 보세요.",2,,
B0019,A10,A Short Hike / ISLANDERS / Gorogoa,"어드벤처, 인디 / 캐주얼, 인디, 전략 / 어드벤처, 캐주얼, 인디","[A Short Hike] Hike, climb, and soar through the peaceful mountainside landscapes of Hawk Peak Provincial Park as you make your way to the summit. ‖ [ISLANDERS] ISLANDERS is a minimalist strategy game about building cities on colorful islands. ‖ [Gorogoa] Gorogoa(고로고아)는 Jason Roberts가 디자인하고 일러스트레이션을 손으로 그린 아름다운 차세대 퍼즐 게임입니다.",Angry Penguin,"액션, 어드벤처, 인디","hard platformer with a penguin, and it's probably a good game for youtube and twitch (do not insult my mother while playing pls)",0,LOW_QUALITY,
B0020,A04,Hollow Knight / Dead Cells / Celeste,"액션, 어드벤처, 인디 / 액션, 어드벤처, 인디 / 액션, 어드벤처, 인디","[Hollow Knight] 할로우 나이트에서 자신만의 길을 구축하세요! 크게 파괴된 곤충과 영웅의 왕국을 통한 서사 액션 어드벤처입니다. 손으로 그린 클래식 2D 스타일로 구불구불한 동굴을 탐험하고 오염된 생물과 싸우고 이상한 곤충들과 친구가 되어 보세요. ‖ [Dead Cells] 데드 셀(Dead Cells)는 메트로배니아에서 영감을 받은 로그라이트 액션 플랫포머 게임입니다. 2D 소울 라이트 전투에서 성을 지키는 수호자들을 물리치고 끊임없이 변화하는 거대한 성을 탐험하게 됩니다. 세이브 포인트는 없습니다. 죽이고, 죽고, 배우고, 반복하세요. ‖ [Celeste] 타워폴(TowerFall) 시리즈의 개발자들이 만든 이 초밀착형 플랫폼 게임을 플레이하고, 매들린이 셀레스트 산 정상으로 향하는 여정에서 내면의 악마에게서 살아남을 수 있게 도와주세요. 한땀 한땀 손수 제작한 수백 가지의 도전 과제에 맞서고, 사악한 비밀을 밝혀내고, 산에 숨겨진 수수께끼를 풀어보세요.",Timelie,"어드벤처, 인디, 전략","퍼즐을 해결하고 이상하고도 비현실적인 세계의 비밀을 풀어가며 미디어 플레이어처럼 시간을 조종하고, 기묘한 고양이와 힘을 모으세요. 잠입하고, 문제를 해결하고, 탈출하고… 모두 함께하세요.",1,GENRE_ONLY,
B0021,A31,Hearts of Iron IV / Europa Universalis IV / Sid Meier's Civilization® V,"시뮬레이션, 전략 / 시뮬레이션, 전략 / 전략","[Hearts of Iron IV] Victory is at your fingertips! Your ability to lead your nation is your supreme weapon, the strategy game Hearts of Iron IV lets you take command of any nation in World War II; the ‖ [Europa Universalis IV] 비교할 수 없는 자유도, 깊이 있는 스토리, 정확한 역사적 고증을 즐기며 국토를 다스리고 세계를 정복하세요. 세계 역사를 새롭게 쓰며 시대를 풍미할 제국을 만드세요. ‖ [Sid Meier's Civilization® V] Create, discover, and download new player-created maps, scenarios, interfaces, and more!",Observe,"인디, 시뮬레이션, 전략, 앞서 해보기","A world that plays itself. Watch nations battle for domination across a 3,400-region map, build infinite alternate histories, meddle with god-like powers, or program your own AI countries and climb the global ranked ladder.",3,,
B0022,A07,Into the Breach / Monster Train / Mini Metro,"인디, RPG, 시뮬레이션, 전략 / 전략 / 인디, 시뮬레이션, 전략","[Into the Breach] 미래의 강력한 메크를 조종하여 외계 세력을 물리치세요. 이 턴제 전략 게임에서는 세계를 구하려 시도할 때마다 무작위로 새롭게 생성되는 도전이 여러분 앞에 나타납니다. ‖ [Monster Train] Monster Train is a strategic roguelike deck building game with a twist. Set on a train to hell, you’ll use tactical decision making to defend multiple vertical battlegrounds. With  ‖ [Mini Metro] 미니 메트로는 성장하는 도시를 위해 지하철 노선을 설계하는 게임입니다. 역과 역 사이에 노선을 그려서 열차 운행을 시작하세요. 새로운 역이 열리면 노선을 수정해서 노선도를 효율적으로 유지하세요. 한정된 자원을 어느 곳에 사용할 것인지 결정하세요. 도시를 얼마나 오래 유지할 수 있을까요?",As We Descend: 심연 속으로,"인디, RPG, 전략, 앞서 해보기",전략성이 풍부한 로그 라이크 덱빌딩 게임. 병력을 모아 강화하고 카드 배틀을 통해 괴물들과 싸우세요. 위험이 도사리는 도시를 신중히 탐색하세요. 모든 역경에 맞서 인류의 등불을 짊어질 준비는 되셨습니까?,3,,
B0023,A25,DOOMBLADE / Transiruby / Blast Brigade vs. the Evil Legion of Dr. Cread,"액션, 어드벤처, 인디 / 액션 / 액션, 어드벤처, 인디","[DOOMBLADE] Deep underground, Gloom Girl discovers DOOMBLADE, a sentient weapon hellbent on escape after eons in chains. Together, “Doom and Gloom” embark on a vengeful quest to unlock the pow ‖ [Transiruby] 차원 대륙의 의문을 풀어라! 는 사이보그 소녀 실비가 검과 엘리먼트 샷으로 적을 쓰러뜨리며 앞으로 나아가는 탐색형 액션 게임입니다! ‖ [Blast Brigade vs. the Evil Legion of Dr. Cread] 스릴 넘치는 플랫포밍과 깊이 있는 탐험 세계, 폭발적인 액션으로 가득한 2D 메트로이드배니아 어드벤처 게임을 즐겨보세요! Blast Brigade에서 영웅들로 팀을 구성해 세계를 구하세요!",TOOK: The Immortal Hero,"액션, 어드벤처, 인디, RPG","A hardcore 2D action platformer developed by one person. Play as a memoryless rabbit TOOK to explore the vast Moon Cave world and defeat dozens of powerful enemies, collect the treasures scattered in this world and regain the glory of the Moon Up Group!",3,,
B0024,A25,DOOMBLADE / Transiruby / Blast Brigade vs. the Evil Legion of Dr. Cread,"액션, 어드벤처, 인디 / 액션 / 액션, 어드벤처, 인디","[DOOMBLADE] Deep underground, Gloom Girl discovers DOOMBLADE, a sentient weapon hellbent on escape after eons in chains. Together, “Doom and Gloom” embark on a vengeful quest to unlock the pow ‖ [Transiruby] 차원 대륙의 의문을 풀어라! 는 사이보그 소녀 실비가 검과 엘리먼트 샷으로 적을 쓰러뜨리며 앞으로 나아가는 탐색형 액션 게임입니다! ‖ [Blast Brigade vs. the Evil Legion of Dr. Cread] 스릴 넘치는 플랫포밍과 깊이 있는 탐험 세계, 폭발적인 액션으로 가득한 2D 메트로이드배니아 어드벤처 게임을 즐겨보세요! Blast Brigade에서 영웅들로 팀을 구성해 세계를 구하세요!",Dust: An Elysian Tail,"액션, 어드벤처, 인디, RPG","Immerse yourself in a gorgeous hand-painted world on a search for your true identity. As the mysterious warrior, Dust, your action-packed journey will take you from peaceful glades to snowy mountaintops and beyond.",3,,
B0025,A10,A Short Hike / ISLANDERS / Gorogoa,"어드벤처, 인디 / 캐주얼, 인디, 전략 / 어드벤처, 캐주얼, 인디","[A Short Hike] Hike, climb, and soar through the peaceful mountainside landscapes of Hawk Peak Provincial Park as you make your way to the summit. ‖ [ISLANDERS] ISLANDERS is a minimalist strategy game about building cities on colorful islands. ‖ [Gorogoa] Gorogoa(고로고아)는 Jason Roberts가 디자인하고 일러스트레이션을 손으로 그린 아름다운 차세대 퍼즐 게임입니다.",Superbrothers: Sword & Sworcery EP,"어드벤처, 인디","Traverse a mythic little realm, use a sword to do battle & evoke sworcery to solve mystical musical mysteries.",2,,
B0026,A21,DARK SOULS™ III / The Witcher 3: Wild Hunt / The Elder Scrolls V: Skyrim Special Edition,액션 / RPG / RPG,"[DARK SOULS™ III] 장르를 새로 개척했다는 평가를 들으며 많은 좋은 평가들을 얻고 있는 다크 소울 시리즈는 계속해서 한계를 넘어서, 더욱 야심찬 단계에 도전하고자 하고 있습니다. 준비를 하고 어둠을 밝히십시오! ‖ [The Witcher 3: Wild Hunt] 리비아의 게롤트가 되어 의뢰를 받고 괴물을 사냥하세요. 전쟁의 상처가 가득하고 괴물이 들끓는 대륙을 마음껏 탐험해 보세요. 지금 가장 중요한 일은 대륙의 판도를 뒤바꿀 수도 있는 살아 있는 무기이자 예언의 아이, 시리를 추적하는 것입니다. ‖ [The Elder Scrolls V: Skyrim Special Edition] 200회 이상 올해의 게임에 선정된 The Elder Scrolls V: Skyrim Special Edition이 놀라운 디테일로 판타지에 생명을 불어넣었습니다. Special Edition에는 비평가들의 극찬을 받은 게임 및 새로운 기능이 포함된 애드온이 들어 있습니다.",ArcaniA,RPG,"War covers the southern islands until it finally reaches the idyllic isle of Feshyr. You take on the role as the new nameless hero after your village has been pillaged and destroyed by paladins of the king. Seeking revenge, you soon realize that this cowardly attack did not just happen on a reckless",2,,
B0027,A28,Dordogne / A YEAR OF SPRINGS / Botany Manor,"어드벤처, 인디 / 캐주얼, 인디, 시뮬레이션 / 어드벤처","[Dordogne] 이 유년 시절의 여정에서 특별한 내러티브에 몰입하며 도르도뉴의 수천 가지 여름의 색을 탐험하고, 추억을 떠올리며 가족의 비밀을 밝히세요. ‖ [A YEAR OF SPRINGS] 세 명의 여성, 세 개의 이야기, 세 개의 봄. 세 명의 친구들이 사랑, 공감, 그리고 단지 함께하고 싶어하는 감정에 대한 방향을 찾아나가는 3 부작 비주얼 노벨 A YEAR OF SPRINGS 에서 하루, 에리카, 마나미의 이야기를 체험하세요. ‖ [Botany Manor] Welcome to Botany Manor, a stately home in 19th century England. You play as inhabitant Arabella Greene, a retired botanist. Explore your house and gardens, filled with research, t",Röki,"어드벤처, 인디",Röki는 눈 덮인 황야를 배경으로 한 아름다운 어드벤처 게임입니다. 여러분은 Tove가 되어 숨겨진 전설과 잊혀진 괴물들의 미지의 세계를 탐험하게 됩니다. 구원으로 향하는 길을 가면서 퍼즐을 해결하고 진귀한 아이템을 수집하고 비극적이었던 상실에 대한 이야기를 풀어나가세요.,3,,
B0028,A03,Balatro / Hades / Vampire Survivors,"캐주얼, 인디, 전략 / 액션, 인디, RPG / 액션, 캐주얼, 인디, RPG","[Balatro] 포커 로그라이크 게임. Balatro는 불법 포커 패로 게임을 하고, 판을 뒤엎는 조커를 발견하고, 아드레날린이 치솟는 강력한 콤보를 만드는 덱 빌딩 게임입니다. ‖ [Hades] Bastion, Transistor, Pyre의 제작사에서 선보이는 이 로그라이크 던전 탐색형 게임에서 핵 앤 슬래시로 지하 세계를 탈출하고 죽음의 신에게 도전하세요. ‖ [Vampire Survivors] 수많은 어둠의 피조물을 쓰러뜨리며 새벽이 올 때까지 생존하세요! Vampire Survivors는 로그라이트 요소를 갖춘 고딕 호러 케주얼 게임입니다. 당신의 선택으로 순식간에 수백 마리의 괴물이 눈덩이처럼 불어날 수 있죠.",마지막 집주인,"캐주얼, 전략, 앞서 해보기","마지막 집주인은 포커 규칙을 사용하는 로그라이크 덱 빌딩 게임으로, 모든 스킬 적을 물리치고 유물과 소모품을 얻고, 포커 핸드 유형을 업그레이드하고, 챔피언에 능력치를 추가하고, 강화된 포커 카드를 받고, 모든 무작위 이벤트를 만나고 최고의 포커 챔피언이 되어 보세요.",3,,
B0029,A25,DOOMBLADE / Transiruby / Blast Brigade vs. the Evil Legion of Dr. Cread,"액션, 어드벤처, 인디 / 액션 / 액션, 어드벤처, 인디","[DOOMBLADE] Deep underground, Gloom Girl discovers DOOMBLADE, a sentient weapon hellbent on escape after eons in chains. Together, “Doom and Gloom” embark on a vengeful quest to unlock the pow ‖ [Transiruby] 차원 대륙의 의문을 풀어라! 는 사이보그 소녀 실비가 검과 엘리먼트 샷으로 적을 쓰러뜨리며 앞으로 나아가는 탐색형 액션 게임입니다! ‖ [Blast Brigade vs. the Evil Legion of Dr. Cread] 스릴 넘치는 플랫포밍과 깊이 있는 탐험 세계, 폭발적인 액션으로 가득한 2D 메트로이드배니아 어드벤처 게임을 즐겨보세요! Blast Brigade에서 영웅들로 팀을 구성해 세계를 구하세요!",Cave Story+,"액션, 어드벤처, 인디","Run, jump, shoot, fly and explore your way through a massive action-adventure reminiscent of classic 8- and 16-bit games.",3,,
B0030,A02,Still Life / Jenny LeClue - Detectivu / Telling Lies,"어드벤처 / 액션, 어드벤처, 캐주얼, 인디 / 어드벤처, 인디, 시뮬레이션",[Still Life] Still Life 2 also now available! ‖ [Jenny LeClue - Detectivu] Jenny LeClue - Detectivu는 조사와 선택지로 가득한 스릴 넘치는 미스터리 어드벤처 게임입니다. ‖ [Telling Lies] 네 명의 삶. 그리고 하나의 큰 거짓말. 아무도 모르게 녹화된 은밀한 대화를 들으며 진실을 알아내십시오. 큰 호평을 받았던 Her Story의 계승작입니다.,True Fear: Forsaken Souls Part 2,"어드벤처, 캐주얼",가장 몰입감이 뛰어난 공포 탈출 게임 중 하나의 후속작. 미스터리 아래에 무엇이 숨겨져 있는지 밝혀 보세요!,2,,
B0031,A31,Hearts of Iron IV / Europa Universalis IV / Sid Meier's Civilization® V,"시뮬레이션, 전략 / 시뮬레이션, 전략 / 전략","[Hearts of Iron IV] Victory is at your fingertips! Your ability to lead your nation is your supreme weapon, the strategy game Hearts of Iron IV lets you take command of any nation in World War II; the ‖ [Europa Universalis IV] 비교할 수 없는 자유도, 깊이 있는 스토리, 정확한 역사적 고증을 즐기며 국토를 다스리고 세계를 정복하세요. 세계 역사를 새롭게 쓰며 시대를 풍미할 제국을 만드세요. ‖ [Sid Meier's Civilization® V] Create, discover, and download new player-created maps, scenarios, interfaces, and more!",Supremacy: Call of War 1942,"대규모 멀티플레이어, 시뮬레이션, 전략, 무료 플레이","Take over the control of one of the mighty nations during the times of World War 2 in this persisting long-term strategy game. Conquer provinces, forge alliances and build up your economy in real-time. Research top secret weapons of World War 2 and become the one true superpower!",3,,
B0032,A30,Stardew Valley / Slime Rancher / Raft,"인디, RPG, 시뮬레이션 / 액션, 어드벤처, 인디, 시뮬레이션 / 어드벤처, 인디, 시뮬레이션","[Stardew Valley] You've inherited your grandfather's old farm plot in Stardew Valley. Armed with hand-me-down tools and a few coins, you set out to begin your new life. Can you learn to live off th ‖ [Slime Rancher] 슬라임 랜쳐는 젊고 용감한 랜쳐, 베아트릭스 르뷰가 지구에서 1,000광년 떨어진 '머나먼 평야'에서 슬라임들과 씨름하며 생계를 꾸려나가는 이야기입니다. 긍정적인 마인드와 강인한 의지로 베아트릭스는 진공팩을 사용하여 끊임없이 말랑말랑하게 굴러나오는 슬라임들을 피하며 이름을 알리고, 부자가 되려 합니다. ‖ [Raft] Raft™ throws you and your friends into an epic oceanic adventure! Alone or together, players battle to survive a perilous voyage across a vast sea! Gather debris, scavenge reefs an",ATLAS,"액션, 어드벤처, 대규모 멀티플레이어, RPG, 앞서 해보기","Set sail for the ultimate pirate experience! Embark on a grand adventure alongside thousands of other players in one of the largest game worlds ever built (and even claim a piece of it to call your own). Build your ship, assemble your crew, sail the high seas, and become a pirate legend!",2,,
B0033,A05,Opus Magnum,"인디, 시뮬레이션","[Opus Magnum] Opus Magnum은 SpaceChem, Infinifactory, SHENZHEN I/O를 제작한 Zachtronics의 신작 퍼즐게임입니다. 연금술사들의 최첨단 도구인 변성 기관을 이용해 물약과 독을 만들어내는 기계들을 설계하고 만들어 내세요!",ACTION SANDBOX,시뮬레이션,"A physics sandbox game for people who like to play with digital toys. Create, control toys and define your goals.",1,IRRELEVANT,
B0034,A14,Iron Brigade / Ancient Planet Tower Defense / Creeper World IXE,"액션, 전략 / 캐주얼, 인디, 전략 / 액션, 캐주얼, 인디, 시뮬레이션, 전략","[Iron Brigade] Join The Mobile Trench Brigade and protect humanity from the evil Monovision menace! ‖ [Ancient Planet Tower Defense] 고대 행성 타워 디펜스는 정통 타워 디펜스 게임입니다. 고대 문명의 요새가 외계 침략자들로부터 침략당했습니다. 고대의 강력한 기술을 사용하여 적군의 공격을 물리치십시오! ‖ [Creeper World IXE] The unstoppable alien force known as The Creeper has returned, devouring thousands of worlds in its path, and yours is next. Battle against the Creeper fluid in a groundbreaking pi",Loopstructor,"캐주얼, 인디, 전략",타워 디펜스와 로그라이크 요소를 결합한 전략 게임입니다. 기존의 타워 디펜스와 달리 게임의 타워는 트랙을 따라 이동하는 차량이며 플레이어는 적의 공격을 방어하기 위해 방어 회로를 계획하고 전투 열차를 조립해야 합니다,3,,
B0035,A06,Cities: Skylines / Factorio / Farming Simulator 22,"시뮬레이션, 전략 / 캐주얼, 인디, 시뮬레이션, 전략 / 시뮬레이션","[Cities: Skylines] Cities: Skylines is a modern take on the classic city simulation. The game introduces new game play elements to realize the thrill and hardships of creating and maintaining a real  ‖ [Factorio] Factorio는 무한한 2D 세상에서 복잡성이 증가하는 아이템을 생산하기 위해 자동화 공장을 만드는 게임입니다. - 당신의 상상력으로 공장을 설계, 독창적인 방법으로 간단한 요소를 결합하고 마지막엔 당신을 좋아하지 않는 생물들로 부터 공장을 지키세요. ‖ [Farming Simulator 22] 농장을 만들고 농사를 즐기세요! 작물을 수확하고, 동물을 돌보고, 생산을 관리하고, 계절에 따른 어려움을 이겨내세요.",SimCity™ 4 Deluxe Edition,"시뮬레이션, 전략","통합 패키지를 통해 간편하게 SimCity 4와 SimCity™ 4 Rush Hour를 함께 구매하세요. 여러분이 꿈꿔온 이상의 도시를 창조하고, 발전시키고, 도시에서의 삶을 만끽할 수 있습니다. 여러분이 SimCity 4에 알맞다 생각하는 방식으로 자신만의 가상 도시 만들어 이끌어보세요.SimCity 4에서 여러분은 단지 도시를 만드는 것이 아니라, 그곳에서 살아가게 됩니다. 교외 주택지, 첨단 기술 중심지, 화려한 휴양지, 한적한 농촌 마을 등 다양한 종류의 도시들을 엮어 거대한 도시군을 만들어보십시오.",3,,
B0036,A06,Cities: Skylines / Factorio / Farming Simulator 22,"시뮬레이션, 전략 / 캐주얼, 인디, 시뮬레이션, 전략 / 시뮬레이션","[Cities: Skylines] Cities: Skylines is a modern take on the classic city simulation. The game introduces new game play elements to realize the thrill and hardships of creating and maintaining a real  ‖ [Factorio] Factorio는 무한한 2D 세상에서 복잡성이 증가하는 아이템을 생산하기 위해 자동화 공장을 만드는 게임입니다. - 당신의 상상력으로 공장을 설계, 독창적인 방법으로 간단한 요소를 결합하고 마지막엔 당신을 좋아하지 않는 생물들로 부터 공장을 지키세요. ‖ [Farming Simulator 22] 농장을 만들고 농사를 즐기세요! 작물을 수확하고, 동물을 돌보고, 생산을 관리하고, 계절에 따른 어려움을 이겨내세요.",Factory Engineer,"인디, 시뮬레이션, 전략","Factory Engineer is a factory simulation game which is about creating a huge automated factory by building production lines to create products and make money. Start with simple products,make money,unlock technologies then create the most sophisticated products.",3,,
B0037,A03,Balatro / Hades / Vampire Survivors,"캐주얼, 인디, 전략 / 액션, 인디, RPG / 액션, 캐주얼, 인디, RPG","[Balatro] 포커 로그라이크 게임. Balatro는 불법 포커 패로 게임을 하고, 판을 뒤엎는 조커를 발견하고, 아드레날린이 치솟는 강력한 콤보를 만드는 덱 빌딩 게임입니다. ‖ [Hades] Bastion, Transistor, Pyre의 제작사에서 선보이는 이 로그라이크 던전 탐색형 게임에서 핵 앤 슬래시로 지하 세계를 탈출하고 죽음의 신에게 도전하세요. ‖ [Vampire Survivors] 수많은 어둠의 피조물을 쓰러뜨리며 새벽이 올 때까지 생존하세요! Vampire Survivors는 로그라이트 요소를 갖춘 고딕 호러 케주얼 게임입니다. 당신의 선택으로 순식간에 수백 마리의 괴물이 눈덩이처럼 불어날 수 있죠.",Deadly Days,"액션, 캐주얼, 인디, 전략","Deadly Days는 좀비 종말에서 생존해야 하는 전략 로그라이트입니다. 생존자 무리를 관리 및 보호하고 대재앙을 멈추는 걸 도와주세요. 다양하고 독특한 아이템, 생존자, 특수 능력, 치명적인 무기를 발견하고 사용하세요.",2,,
B0038,A35,Project Zomboid / Don't Starve / The Forest,"인디, RPG, 시뮬레이션, 앞서 해보기 / 어드벤처, 인디, 시뮬레이션 / 액션, 어드벤처, 인디, 시뮬레이션","[Project Zomboid] Project Zomboid is the ultimate in zombie survival. Alone or in MP: you loot, build, craft, fight, farm and fish in a struggle to survive. A hardcore RPG skillset, a vast map, mass ‖ [Don't Starve] Don’t Starve is an uncompromising wilderness survival game full of science and magic. Enter a strange and unexplored world full of strange creatures, dangers, and surprises. Gather ‖ [The Forest] As the lone survivor of a passenger jet crash, you find yourself in a mysterious forest battling to stay alive against a society of cannibalistic mutants. Build, explore, survive i",Away From Life,"액션, 어드벤처, 인디, 대규모 멀티플레이어, RPG, 시뮬레이션, 앞서 해보기","You survived a helicopter crash; going home is your top priority. Live as a castaway - survive the dangers of the islands by using your environment to find food, build shelter, craft tools to extend your stay, explore the secrets of the islands and their surrounding waters, and carve your way home.",2,,
B0039,A25,DOOMBLADE / Transiruby / Blast Brigade vs. the Evil Legion of Dr. Cread,"액션, 어드벤처, 인디 / 액션 / 액션, 어드벤처, 인디","[DOOMBLADE] Deep underground, Gloom Girl discovers DOOMBLADE, a sentient weapon hellbent on escape after eons in chains. Together, “Doom and Gloom” embark on a vengeful quest to unlock the pow ‖ [Transiruby] 차원 대륙의 의문을 풀어라! 는 사이보그 소녀 실비가 검과 엘리먼트 샷으로 적을 쓰러뜨리며 앞으로 나아가는 탐색형 액션 게임입니다! ‖ [Blast Brigade vs. the Evil Legion of Dr. Cread] 스릴 넘치는 플랫포밍과 깊이 있는 탐험 세계, 폭발적인 액션으로 가득한 2D 메트로이드배니아 어드벤처 게임을 즐겨보세요! Blast Brigade에서 영웅들로 팀을 구성해 세계를 구하세요!",The Vagrant,"액션, 어드벤처, 인디, RPG","Guide Vivian the Vagrant, through vibrant and dynamic landscapes while hacking and slashing a path from a quiet coastal village through mysterious forests, haunted castles, and wrecked battlegrounds. When the endless barrage of enemies have been vanquished, what solace will be left for our hero?",3,,
B0040,A25,DOOMBLADE / Transiruby / Blast Brigade vs. the Evil Legion of Dr. Cread,"액션, 어드벤처, 인디 / 액션 / 액션, 어드벤처, 인디","[DOOMBLADE] Deep underground, Gloom Girl discovers DOOMBLADE, a sentient weapon hellbent on escape after eons in chains. Together, “Doom and Gloom” embark on a vengeful quest to unlock the pow ‖ [Transiruby] 차원 대륙의 의문을 풀어라! 는 사이보그 소녀 실비가 검과 엘리먼트 샷으로 적을 쓰러뜨리며 앞으로 나아가는 탐색형 액션 게임입니다! ‖ [Blast Brigade vs. the Evil Legion of Dr. Cread] 스릴 넘치는 플랫포밍과 깊이 있는 탐험 세계, 폭발적인 액션으로 가득한 2D 메트로이드배니아 어드벤처 게임을 즐겨보세요! Blast Brigade에서 영웅들로 팀을 구성해 세계를 구하세요!",Dreaming Sarah,"어드벤처, 캐주얼, 인디","Dreaming Sarah is an adventure platformer where you play as Sarah, a girl who is in a coma. Explore the world around her and help her wake up!",1,GENRE_ONLY,
B0041,A29,Salt and Sanctuary,"액션, 인디, RPG","[Salt and Sanctuary] 두렵고도 잔혹한 섬의 탐험을 시작합니다… Salt and Sanctuary는 신속하고, 잔인하며, 복잡한 전투 시스템을 지닌 2D RPG입니다. 저주받은 도시의 잊힌 영역이나, 피에 물든 던전이나, 오염된 기념비와 같은 장소를 돌아다니며, 한때 축복을 받았지만 지금은 타락하고 만 영주들을 조우하세요.",Mana Spark,"액션, 인디, RPG",A challenging action RPG with deep souls-like combat and rogue-like elements. Explore a dreadful dungeon and fight smart enemies that will plan and collaborate between themselves to defeat you.,3,,
B0042,A17,Lethal Company / Phasmophobia / Deep Rock Galactic,"액션, 어드벤처, 인디, 앞서 해보기 / 액션, 인디, 앞서 해보기 / 액션","[Lethal Company] A co-op horror about scavenging at abandoned moons to sell scrap to the Company. ‖ [Phasmophobia] Phasmophobia is a 4 player online co-op psychological horror. Paranormal activity is on the rise and it’s up to you and your team to use all the ghost-hunting equipment at your dis ‖ [Deep Rock Galactic] 딥 락 갤럭틱은 1-4인의 플레이어가 협동하는 FPS 게임으로, 상남자 우주 드워프, 100% 파괴 가능한 맵 환경, 절차적 생성 동굴 지형, 그리고 끊임없이 등장하는 외계 괴물 무리가 특징입니다.",Tom Clancy’s The Division® 2,"액션, 어드벤처, RPG","오픈 월드 택티컬 슈팅 게임인 더 디비전을 소개합니다. 치열한 엄폐 기반 총격전에 돌입하고, 친구와 협동하고, 궁극의 요원을 양성하여 워싱턴 D.C.를 구하세요.",1,MODE_MISMATCH,
B0043,A34,Pid / ChromaGun / Deer & Boy,"어드벤처, 인디 / 액션, 어드벤처, 인디 / 액션, 어드벤처, 인디","[Pid] You are stranded on a strange and peculiar planet. It’s time to embark on your journey and find your way home! Explore a gravity defying and challenging platformer with striking vi ‖ [ChromaGun] Welcome to ChromaTec’s test lab! You’re here to test our state-of-the-art military-grade color-technology: The ChromaGun (patent pending)! Use it to solve our meticulously designed ‖ [Deer & Boy] 도망친 소년은 길 잃은 어린 사슴을 만나 고요하면서도 위태로운 세상을 함께 헤쳐 나갑니다. 퍼즐을 풀고, 높은 곳에 오르고, 위협을 피해 나아가며 당신의 동료는 연약한 아기 사슴에서 어엿한 사슴으로 성장하죠. 혼자서는 할 수 없었던 일을 함께 해내는 법을 배우게 됩니다.",도마뱀붙이의 모험,"액션, 어드벤처, 인디","고대 신전과 군도의 비밀을 찾아 떠나세요. 유적과 절벽을 자유롭게 오르는 도마뱀붙이 신의 발자취를 따라 잊혀진 문명을 탐험하세요! 정해진 길도, 유일한 해답도 없습니다. 신전과 동굴, 숨겨진 길마다 새로운 발견이 기다립니다. 오래된 톱니바퀴의 울림 속으로—놀라움과 치유의 여정을 시작하세요!",3,,
B0044,A16,The Talos Principle / Rust / Inscryption,"액션, 어드벤처, 인디 / 액션, 어드벤처, 인디, 대규모 멀티플레이어, RPG / 어드벤처, 인디, 전략","[The Talos Principle] 탈로스 법칙은 철학적 SF 소설의 전통을 따른 1인칭 퍼즐 게임입니다. 시리어스 샘을 개발한 크로팀에서 만들었으며, 톰 주버트(FTL, 더 스와퍼)와 조나스 카이라츠(바다는 모든 것을 요구한다.)가 스토리를 작성했습니다. ‖ [Rust] Rust에서의 목표는 오직 하나, 바로 살아남는 것입니다. 섬의 야생 동물, 다른 주민, 환경, 다른 생존자 모두가 여러분의 목숨을 노립니다. 하루 더 살아남을 수 있다면 수단과 방법을 가리지 마세요. ‖ [Inscryption] Inscryption은 검은 잉크로 그려진 카드를 기반으로 한 덱빌딩 로그라이크, 방탈출 퍼즐, 피가 흐르는 심리적 공포 등의 요소가 섞인 여정을 다룹니다. 카드에는 더 어두운 비밀이 새겨져 있습니다…",해적의 도박,"인디, 전략","해적의 도박는 덱 빌딩과 요트 다이스의 메커니즘이 결합된 예측 불가능한 항해로 당신을 안내합니다. 어두운 선실에서 주사위를 던질 때마다 운명이 뒤바뀝니다. 당신은 보물에 가까워지고 있나요, 아니면 더욱 섬뜩한 무언가에 다가가고 있나요?",2,,
B0045,A14,Iron Brigade / Ancient Planet Tower Defense / Creeper World IXE,"액션, 전략 / 캐주얼, 인디, 전략 / 액션, 캐주얼, 인디, 시뮬레이션, 전략","[Iron Brigade] Join The Mobile Trench Brigade and protect humanity from the evil Monovision menace! ‖ [Ancient Planet Tower Defense] 고대 행성 타워 디펜스는 정통 타워 디펜스 게임입니다. 고대 문명의 요새가 외계 침략자들로부터 침략당했습니다. 고대의 강력한 기술을 사용하여 적군의 공격을 물리치십시오! ‖ [Creeper World IXE] The unstoppable alien force known as The Creeper has returned, devouring thousands of worlds in its path, and yours is next. Battle against the Creeper fluid in a groundbreaking pi",Alien Attack,"액션, 어드벤처, 캐주얼, 인디, 시뮬레이션",You are a space trooper. Your crew finished the cleaning mission and left you alone by accident. Now you are surrounded by aliens. Persist them as long as you can.,1,LOW_QUALITY,
B0046,A26,RimWorld / Oxygen Not Included / Unpacking 언패킹,"인디, 시뮬레이션, 전략 / 인디, 시뮬레이션 / 캐주얼, 인디, 시뮬레이션","[RimWorld] 지능형 AI 이야기꾼이 주도하는 공상과학 정착지 시뮬레이터입니다. 심리, 생태, 총격전과 근접전, 날씨, 기후, 외교, 사람 사이의 관계, 예술, 의학, 무역, 그 외 많은 것들을 시뮬레이션하여 이야기를 생성합니다. ‖ [Oxygen Not Included] Oxygen Not Included는 우주 콜로니 시뮬레이션 게임입니다. 외계의 우주 암석 깊은 곳에서 근면한 일꾼들은 생존하고 나아가 번영하기 위해 과학을 마스터하고, 낯선 새로운 생명체에 맞서며, 경이로운 우주 테크놀로지를 활용해야 합니다. ‖ [Unpacking 언패킹] Unpacking은 상자에서 짐을 꺼내 새집에 맞게 배치하는 친숙한 체험에 대한 명상적 퍼즐 게임입니다. 게임의 일부인 블록 맞추기 게임과 집 꾸미기를 하는 동안, 푸는 짐에 닮긴 삶의 실마리를 찾아가며 만족할 만한 생활 공간을 만들어 보세요.",Factory Town,"인디, 시뮬레이션, 전략","Build, automate, and optimize a giant factory on 3D terrain using conveyor belts, trains, chutes, pipes, and airships. Sell your goods to nearby villages to expand their borders, increase happiness, and unlock even better technology!",3,,
B0047,A02,Still Life / Jenny LeClue - Detectivu / Telling Lies,"어드벤처 / 액션, 어드벤처, 캐주얼, 인디 / 어드벤처, 인디, 시뮬레이션",[Still Life] Still Life 2 also now available! ‖ [Jenny LeClue - Detectivu] Jenny LeClue - Detectivu는 조사와 선택지로 가득한 스릴 넘치는 미스터리 어드벤처 게임입니다. ‖ [Telling Lies] 네 명의 삶. 그리고 하나의 큰 거짓말. 아무도 모르게 녹화된 은밀한 대화를 들으며 진실을 알아내십시오. 큰 호평을 받았던 Her Story의 계승작입니다.,Arcana Sands of Destiny,"어드벤처, 캐주얼, 인디","This game will take you on a journey of unlocking mysteries, discovering artifacts, solving puzzles and quests, all in a beautifully created Egyptian world at the beginning of the 20th century !",2,,
B0048,A14,Iron Brigade / Ancient Planet Tower Defense / Creeper World IXE,"액션, 전략 / 캐주얼, 인디, 전략 / 액션, 캐주얼, 인디, 시뮬레이션, 전략","[Iron Brigade] Join The Mobile Trench Brigade and protect humanity from the evil Monovision menace! ‖ [Ancient Planet Tower Defense] 고대 행성 타워 디펜스는 정통 타워 디펜스 게임입니다. 고대 문명의 요새가 외계 침략자들로부터 침략당했습니다. 고대의 강력한 기술을 사용하여 적군의 공격을 물리치십시오! ‖ [Creeper World IXE] The unstoppable alien force known as The Creeper has returned, devouring thousands of worlds in its path, and yours is next. Battle against the Creeper fluid in a groundbreaking pi",Infested Planet,"액션, 인디, 전략","Command a team of 5 elite soldiers against an alien horde of 100,000. Surrounded on all sides, you must outmaneuver and outsmart the enemy.",3,,
B0049,A32,Hardspace: Shipbreaker / Hacknet / The Case of the Golden Idol / 방 탈출 시뮬레이터 / shapez 2 - Factory,"시뮬레이션 / 인디, 시뮬레이션 / 어드벤처, 인디 / 어드벤처, 캐주얼, 인디, 시뮬레이션 / 캐주얼, 인디, 시뮬레이션, 전략","[Hardspace: Shipbreaker] Equipped with cutting-edge salvaging tech, carve & slice spaceships to recover valuable materials. Upgrade your gear to take on more lucrative contracts and pay your billion credit ‖ [Hacknet] Hacknet은 터미널 기반의 몰입형 해킹 시뮬레이터입니다. 최근에 사망한, 그러나 언론 보도와는 달리 사고로 사망하지 않은 해커의 지시에 따라 진실을 추척하십시오. ‖ [The Case of the Golden Idol] A new kind of detective game that allows you to think and investigate freely. Discover clues surrounding 12 strange and gruesome deaths and build your own theory. Pick your suspect ‖ [방 탈출 시뮬레이터] Escape Simulator는 단독 또는 온라인 협동 플레이가 가능한 1인칭 퍼즐 게임입니다. 점점 더 많아지는, 고도의 상호 작용이 가능한 방탈출 세트를 탐험하세요. 가구를 옮기고, 모든 것을 집어 들고 검사하고, 냄비를 부수고 자물쇠를 부수세요! 레벨 편집기를 통해 커뮤니티가 만든 방을 지원합니다. ‖ [shapez 2 - Factory] 공장 건설 게임에 빠져들어 보세요. 단 한 가지에 집중하세요. 대규모 우주 공장을 건설하는 것! 방대하게 펼쳐지는 다층 공장과 만족스러운 생산 라인을 무제한으로 설계하세요. 계속해서 어려워지는 자동화 목표를 적의 위협 없이 자신만의 속도로 달성하세요.",Astrox: Hostile Space Excavation,"어드벤처, 인디, 시뮬레이션","Exiled to a deep space mining sector, you are left with a crappy ship, a laser, and a small mining beam. It is up to you to survive by working your way through the galaxy. Mine asteroids, refine and trade the ore, buy upgrades for your ship, hunt pirates... you get it.",2,,
B0050,A34,Pid / ChromaGun / Deer & Boy,"어드벤처, 인디 / 액션, 어드벤처, 인디 / 액션, 어드벤처, 인디","[Pid] You are stranded on a strange and peculiar planet. It’s time to embark on your journey and find your way home! Explore a gravity defying and challenging platformer with striking vi ‖ [ChromaGun] Welcome to ChromaTec’s test lab! You’re here to test our state-of-the-art military-grade color-technology: The ChromaGun (patent pending)! Use it to solve our meticulously designed ‖ [Deer & Boy] 도망친 소년은 길 잃은 어린 사슴을 만나 고요하면서도 위태로운 세상을 함께 헤쳐 나갑니다. 퍼즐을 풀고, 높은 곳에 오르고, 위협을 피해 나아가며 당신의 동료는 연약한 아기 사슴에서 어엿한 사슴으로 성장하죠. 혼자서는 할 수 없었던 일을 함께 해내는 법을 배우게 됩니다.",Capsized,"액션, 인디","Capsized is a fast paced 2D platformer focused on intense action and exploration. As a intrepid space traveler, your ship has crash landed on a mysterious alien planet. You must navigate through the perilous environment and fight off blood-thirsty creatures to save your crewmates and escape with you",2,,
B0051,A31,Hearts of Iron IV / Europa Universalis IV / Sid Meier's Civilization® V,"시뮬레이션, 전략 / 시뮬레이션, 전략 / 전략","[Hearts of Iron IV] Victory is at your fingertips! Your ability to lead your nation is your supreme weapon, the strategy game Hearts of Iron IV lets you take command of any nation in World War II; the ‖ [Europa Universalis IV] 비교할 수 없는 자유도, 깊이 있는 스토리, 정확한 역사적 고증을 즐기며 국토를 다스리고 세계를 정복하세요. 세계 역사를 새롭게 쓰며 시대를 풍미할 제국을 만드세요. ‖ [Sid Meier's Civilization® V] Create, discover, and download new player-created maps, scenarios, interfaces, and more!",皇帝与社稷 The Emperor and State,"캐주얼, 인디, RPG, 시뮬레이션, 전략, 앞서 해보기","황제와 국가는 고대 봉건 제국의 통치를 시뮬레이션하는 턴 제 전략 게임입니다. 이 게임에는 행정, 정책 조정, 외교적 균형, 국가 전쟁, 황제의 자기 계발, 계승자 양성 등이 포함되어 있습니다.",3,,
B0052,A34,Pid / ChromaGun / Deer & Boy,"어드벤처, 인디 / 액션, 어드벤처, 인디 / 액션, 어드벤처, 인디","[Pid] You are stranded on a strange and peculiar planet. It’s time to embark on your journey and find your way home! Explore a gravity defying and challenging platformer with striking vi ‖ [ChromaGun] Welcome to ChromaTec’s test lab! You’re here to test our state-of-the-art military-grade color-technology: The ChromaGun (patent pending)! Use it to solve our meticulously designed ‖ [Deer & Boy] 도망친 소년은 길 잃은 어린 사슴을 만나 고요하면서도 위태로운 세상을 함께 헤쳐 나갑니다. 퍼즐을 풀고, 높은 곳에 오르고, 위협을 피해 나아가며 당신의 동료는 연약한 아기 사슴에서 어엿한 사슴으로 성장하죠. 혼자서는 할 수 없었던 일을 함께 해내는 법을 배우게 됩니다.",Spirit of the North 2,"어드벤처, 캐주얼, 인디",많은 찬사를 받은 ‘Spirit of the North’의 후속편이자 가슴을 뛰게 만드는 3인칭 어드벤처 속에서 아름다운 고대 세계의 수수께끼를 파헤치세요. 까마귀 친구와 함께 고립된 여우가 되어 잃어버린 가디언을 회복하고 집으로 돌아가는 모험을 시작하세요.,3,,
B0053,A11,Forza Horizon 5 / Hi-Fi RUSH / Street Fighter 6,"액션, 어드벤처, 레이싱, 시뮬레이션, 스포츠 / 액션 / 액션, 어드벤처","[Forza Horizon 5] 세계 최고의 자동차를 타고 생동감 넘치는 멕시코의 대자연을 탐험하며 재미있는 드라이빙 액션을 마음껏 즐겨보세요. ‖ [Hi-Fi RUSH] 아케이드 챌린지! 업데이트!로 추가되는 두 개의 신규 게임 모드에서 여러분의 능력을 시험하고, 새로운 보상을 획득해 보세요. 몇 가지 비밀도 숨어 있답니다! 락 스타 지망생 차이가 되어 비트를 타고, 세상 모든 게 음악에 싱크되는 세계에서 오합지졸 팀과 함께 사악한 거대 기업에 맞서 싸우세요. ‖ [Street Fighter 6] 시리즈 최신작 『Street Fighter 6』, 2023년 6월 2일 발매 결정! RE ENGINE으로 개발된 본 작품은 대형 모드 「World Tour」, 「Fighting Ground」, 「Battle Hub」로 구성되어 있다. 새로운 「스트리트 파이터」에는 지금까지의 시리즈에는 없었던 새로운 체험이 기다리고 있다.",DNF Duel,"액션, 캐주얼",던전앤파이터의 새로운 격투 게임에서 전투의 끝을 마주하라!,3,,
B0054,A18,Euro Truck Simulator 2 / BeamNG.drive / 아세토 코르사 Assetto Corsa,"인디, 시뮬레이션 / 레이싱, 시뮬레이션, 앞서 해보기 / 인디, 레이싱, 시뮬레이션, 스포츠","[Euro Truck Simulator 2] 도로의 왕이 되어 인상적인 거리를 가로질러 중요한 화물을 배달하는 트럭 운전사가 되어 유럽을 여행하세요! 탐험할 도시가 수십 개나 되므로, 당신의 인내심, 기술, 속도가 모두 한계에 도달할 것입니다. ‖ [BeamNG.drive] 뭐든지 할 수 있는 동적 소프트 보디 물리 시뮬레이터입니다. ‖ [아세토 코르사 Assetto Corsa] 아세토 코르사(Assetto Corsa) v1.16은 새로운 레이저 스캔 트랙 ""라구나 세카(Laguna Seca)"" 및 기다리던 Alfa Romeo Giulia Quadrifoglio를 포함한 7개의 신차를 소개합니다! 체인지로그에서 더 자세한 내용을 확인하세요!",Exhibition of Speed,"레이싱, 시뮬레이션, 앞서 해보기",Build your own car and go racing.,3,,
B0055,A11,Forza Horizon 5 / Hi-Fi RUSH / Street Fighter 6,"액션, 어드벤처, 레이싱, 시뮬레이션, 스포츠 / 액션 / 액션, 어드벤처","[Forza Horizon 5] 세계 최고의 자동차를 타고 생동감 넘치는 멕시코의 대자연을 탐험하며 재미있는 드라이빙 액션을 마음껏 즐겨보세요. ‖ [Hi-Fi RUSH] 아케이드 챌린지! 업데이트!로 추가되는 두 개의 신규 게임 모드에서 여러분의 능력을 시험하고, 새로운 보상을 획득해 보세요. 몇 가지 비밀도 숨어 있답니다! 락 스타 지망생 차이가 되어 비트를 타고, 세상 모든 게 음악에 싱크되는 세계에서 오합지졸 팀과 함께 사악한 거대 기업에 맞서 싸우세요. ‖ [Street Fighter 6] 시리즈 최신작 『Street Fighter 6』, 2023년 6월 2일 발매 결정! RE ENGINE으로 개발된 본 작품은 대형 모드 「World Tour」, 「Fighting Ground」, 「Battle Hub」로 구성되어 있다. 새로운 「스트리트 파이터」에는 지금까지의 시리즈에는 없었던 새로운 체험이 기다리고 있다.",Automobilista,"레이싱, 시뮬레이션, 스포츠","AUTOMOBILISTA places you in the driving seat of an advanced racing simulator, featuring elite brazilian racing series along with a wide range of racing vehicles and international tracks for a uniquely diverse motorsports experience.",2,,
B0056,A26,RimWorld / Oxygen Not Included / Unpacking 언패킹,"인디, 시뮬레이션, 전략 / 인디, 시뮬레이션 / 캐주얼, 인디, 시뮬레이션","[RimWorld] 지능형 AI 이야기꾼이 주도하는 공상과학 정착지 시뮬레이터입니다. 심리, 생태, 총격전과 근접전, 날씨, 기후, 외교, 사람 사이의 관계, 예술, 의학, 무역, 그 외 많은 것들을 시뮬레이션하여 이야기를 생성합니다. ‖ [Oxygen Not Included] Oxygen Not Included는 우주 콜로니 시뮬레이션 게임입니다. 외계의 우주 암석 깊은 곳에서 근면한 일꾼들은 생존하고 나아가 번영하기 위해 과학을 마스터하고, 낯선 새로운 생명체에 맞서며, 경이로운 우주 테크놀로지를 활용해야 합니다. ‖ [Unpacking 언패킹] Unpacking은 상자에서 짐을 꺼내 새집에 맞게 배치하는 친숙한 체험에 대한 명상적 퍼즐 게임입니다. 게임의 일부인 블록 맞추기 게임과 집 꾸미기를 하는 동안, 푸는 짐에 닮긴 삶의 실마리를 찾아가며 만족할 만한 생활 공간을 만들어 보세요.",Ocean Punk,"어드벤처, 인디, RPG, 시뮬레이션, 전략","Explore a fantasy ocean-punk world, braving the deep with steam-powered marvels. Discover mysterious underwater treasures, but scarcity and ecological crises test survival. Rise, build, confront foes in this pixel-art ocean survival journey!",2,,
B0057,A07,Into the Breach / Monster Train / Mini Metro,"인디, RPG, 시뮬레이션, 전략 / 전략 / 인디, 시뮬레이션, 전략","[Into the Breach] 미래의 강력한 메크를 조종하여 외계 세력을 물리치세요. 이 턴제 전략 게임에서는 세계를 구하려 시도할 때마다 무작위로 새롭게 생성되는 도전이 여러분 앞에 나타납니다. ‖ [Monster Train] Monster Train is a strategic roguelike deck building game with a twist. Set on a train to hell, you’ll use tactical decision making to defend multiple vertical battlegrounds. With  ‖ [Mini Metro] 미니 메트로는 성장하는 도시를 위해 지하철 노선을 설계하는 게임입니다. 역과 역 사이에 노선을 그려서 열차 운행을 시작하세요. 새로운 역이 열리면 노선을 수정해서 노선도를 효율적으로 유지하세요. 한정된 자원을 어느 곳에 사용할 것인지 결정하세요. 도시를 얼마나 오래 유지할 수 있을까요?",Zero Orders Tactics,"인디, RPG, 전략","🌋⚔ 턴제 퍼즐 전략 게임에서 당신은 신이 됩니다. 유닛을 직접 조종하지 않고, 전장을 조종하세요! 지형을 조작하고, 유닛을 교체하여 단 한 번의 명령도 없이 그들이 당신을 위해 전투에서 승리하도록 하세요! 무작위는 없습니다. 모든 것이 예측 가능합니다. 전장은 매 턴마다 변합니다. 당신에 의해.",3,,
B0058,A10,A Short Hike / ISLANDERS / Gorogoa,"어드벤처, 인디 / 캐주얼, 인디, 전략 / 어드벤처, 캐주얼, 인디","[A Short Hike] Hike, climb, and soar through the peaceful mountainside landscapes of Hawk Peak Provincial Park as you make your way to the summit. ‖ [ISLANDERS] ISLANDERS is a minimalist strategy game about building cities on colorful islands. ‖ [Gorogoa] Gorogoa(고로고아)는 Jason Roberts가 디자인하고 일러스트레이션을 손으로 그린 아름다운 차세대 퍼즐 게임입니다.",Nonogram - The Greatest Painter,"캐주얼, 인디, 전략",Do you deserve to be called The Greatest?,1,IRRELEVANT,
B0059,A11,Forza Horizon 5 / Hi-Fi RUSH / Street Fighter 6,"액션, 어드벤처, 레이싱, 시뮬레이션, 스포츠 / 액션 / 액션, 어드벤처","[Forza Horizon 5] 세계 최고의 자동차를 타고 생동감 넘치는 멕시코의 대자연을 탐험하며 재미있는 드라이빙 액션을 마음껏 즐겨보세요. ‖ [Hi-Fi RUSH] 아케이드 챌린지! 업데이트!로 추가되는 두 개의 신규 게임 모드에서 여러분의 능력을 시험하고, 새로운 보상을 획득해 보세요. 몇 가지 비밀도 숨어 있답니다! 락 스타 지망생 차이가 되어 비트를 타고, 세상 모든 게 음악에 싱크되는 세계에서 오합지졸 팀과 함께 사악한 거대 기업에 맞서 싸우세요. ‖ [Street Fighter 6] 시리즈 최신작 『Street Fighter 6』, 2023년 6월 2일 발매 결정! RE ENGINE으로 개발된 본 작품은 대형 모드 「World Tour」, 「Fighting Ground」, 「Battle Hub」로 구성되어 있다. 새로운 「스트리트 파이터」에는 지금까지의 시리즈에는 없었던 새로운 체험이 기다리고 있다.",PAC-MAN™ CHAMPIONSHIP EDITION 2,캐주얼,The much-awaited sequel to PAC-MAN™ CHAMPIONSHIP EDITION! Featuring eye-popping 3D graphics and funky visuals! New modes include Score Attack and an Adventure mode!,2,,
B0060,A08,Sid Meier’s Civilization® VI / XCOM® 2 / Stellaris,"전략 / 전략 / 시뮬레이션, 전략","[Sid Meier’s Civilization® VI] 문명 VI 에서는 새로운 방식으로 세상과 소통하고, 제국의 영토를 확장시키며, 문화를 발전시키고, 역사속 위대한 지도자들에 맞서 오래도록 지속될 나만의 문명을 건설해볼 수 있습니다. 클레오파트라를 비롯한 20명의 역사 속 지도자들 중 한명으로 플레이 해보세요. ‖ [XCOM® 2] XCOM 2는 수상 경력이 있는 전략 게임 XCOM: Enemy Unknown의 속편입니다. 인류가 외계인 침략군에게 항복한 지 20년, 이제 지구 상에는 새로운 세계 질서가 존재합니다. 수년간을 어둠 속에서 숨어 있었던 XCOM 부대는 반드시 일어나 외계인의 지배를 무너뜨릴 것입니다. ‖ [Stellaris] 항성간 여행을 통해 우주를 탐험하며 수많은 종족들도 만나보세요. 과학선을 보내 우주를 조사하고 탐험하면서 은하 제국을 건설하고, 건축선을 보내 새로 발견한 행성에 기지를 건설하세요. 소속 사회를 위한 탐험에 나서 매장된 보물과 은하계의 경이를 발견하고, 탐험가의 한계치와 진화 범위를 설정하세요. 동맹이 체결되고, 전쟁이 ",토탈워: 엠파이어 - 데피니티브 에디션,전략,"바다를 지휘하고, 땅을 통제하고, 새로운 국가를 만들고 세상도 정복하라.",3,,
B0061,A01,It Takes Two / Overcooked! 2 / What Remains of Edith Finch,"액션, 어드벤처 / 액션, 캐주얼, 인디 / 어드벤처, 인디","[It Takes Two] It Takes Two에서 생애 가장 정신없는 여정을 시작하세요. 친구가 무료로 참가할 수 있게 친구 패스*로 초대하고, 함께 힘을 합쳐서 수많은 유쾌하고 획기적인 게임 플레이 챌린지를 헤쳐나가세요. ‖ [Overcooked! 2] 혼란스러운 요리 액션으로 가득한 Overcooked가 돌아왔습니다! 양파 왕국으로 돌아가는 여행을 떠나세요. 클래식 협동 또는 온라인 플레이에서 셰프 팀을 만들어서 최대 4명까지 플레이하세요. 앞치마를 준비하세요... 다시 세상을 구할 때가 되었습니다! ‖ [What Remains of Edith Finch] What Remains of Edith Finch(워트 리메인스 오브 에디스 핀치)는 워싱턴 주에 있는 어느 가족에 대한 이상한 이야기의 모음입니다. 플레이어는 에디스가 되어 거대한 핀치 가택을 탐사하고, 가족사를 연구하며 이야기를 찾고, 왜 가족 중에서 그녀만 살아남았는지 알아내야 합니다. 각 이야기는 새로운 가족 구성",Tick Tock: A Tale for Two,"어드벤처, 캐주얼, 인디","당신과 당신의 친구는 신비로운 세상에 갇혔습니다. 점점 복잡해지는 퍼즐 세상에서, 시간이 다 되기 전에 탈출하세요. 각 플레이어는 혼자서 모든 걸 볼 수 없으므로, 협력해야만 합니다! 로컬 또는 원격으로 두 개 장치에서 플레이할 수 있습니다. 서로 목소리만 이어져있으면 됩니다.",3,,
B0062,A20,Counter-Strike 2 / PUBG: BATTLEGROUNDS / 톰 클랜시의 레인보우식스 시즈,"액션, 무료 플레이 / 액션, 어드벤처, 대규모 멀티플레이어, 무료 플레이 / 액션, 무료 플레이","[Counter-Strike 2] Counter-Strike는 20년이 넘는 시간 동안 전 세계 수백만 명의 플레이어가 모여 수준 높은 경쟁을 펼칠 수 있는 플랫폼을 제공해 왔습니다. 그리고 이제 곧 Counter-Strike 2와 함께 새로운 CS 시대의 막이 열립니다. ‖ [PUBG: BATTLEGROUNDS] 배틀로얄 유행의 시작이자, 그 정수를 보여준 PUBG: 배틀그라운드를 지금 무료로 플레이하세요! 다양한 맵에 낙하하여 무기와 보급품을 확보하고, 점점 줄어드는 블루존 속에서 끝까지 살아남아 승리를 쟁취하세요. ‖ [톰 클랜시의 레인보우식스 시즈] 톰 클랜시의 레인보우식스 시즈는 탁월한 계획과 기술이 승부를 좌우하는 전술적인 정예 팀 기반 슈팅 게임입니다.",BLOCKADE 3D,"액션, 무료 플레이, 앞서 해보기","BLOCKADE 3D! First Person Shooter in an editable procedural cubic world. A large arsenal of weapons, 4 teams at the same time and up to 32 players on one map. A large number of game modes!",2,,
B0063,A03,Balatro / Hades / Vampire Survivors,"캐주얼, 인디, 전략 / 액션, 인디, RPG / 액션, 캐주얼, 인디, RPG","[Balatro] 포커 로그라이크 게임. Balatro는 불법 포커 패로 게임을 하고, 판을 뒤엎는 조커를 발견하고, 아드레날린이 치솟는 강력한 콤보를 만드는 덱 빌딩 게임입니다. ‖ [Hades] Bastion, Transistor, Pyre의 제작사에서 선보이는 이 로그라이크 던전 탐색형 게임에서 핵 앤 슬래시로 지하 세계를 탈출하고 죽음의 신에게 도전하세요. ‖ [Vampire Survivors] 수많은 어둠의 피조물을 쓰러뜨리며 새벽이 올 때까지 생존하세요! Vampire Survivors는 로그라이트 요소를 갖춘 고딕 호러 케주얼 게임입니다. 당신의 선택으로 순식간에 수백 마리의 괴물이 눈덩이처럼 불어날 수 있죠.",HANI,"액션, 인디, 앞서 해보기",하니는 여러스킬들과 아티팩트들을 조합하여 던전을 탐험하는 로그라이크 게임입니다.,2,,
B0064,A27,The Raven Remastered / The Frostrune / Mad Experiments: Escape Room,"어드벤처 / 어드벤처 / 어드벤처, 캐주얼, 인디, 시뮬레이션, 전략","[The Raven Remastered] London, 1964. An ancient ruby is stolen from the British Museum. At the crime scene: a raven feather. Is somebody trying to follow in the footsteps of The Raven, the legendary mast ‖ [The Frostrune] Unravel a mystery inspired by Viking myth and legend in The Frostrune, a classic point-and-click adventure based on historically accurate Norse culture and environments. ‖ [Mad Experiments: Escape Room] 수상 후보에 오른 이스케이프 게임 1인 또는 최대 5인까지 플레이하며 3개의 독특한 방을 탐험하고, 두뇌를 자극하는 퍼즐을 풀며 체셔 교수와 그의 실험에 얽힌 어두운 비밀을 밝혀보세요.",The Room 4: Old Sins,어드벤처,"The disappearance of an ambitious engineer and his high-society wife provokes a hunt for a precious artefact. The trail leads you to the attic of their home, and the discovery of an old, peculiar dollhouse. What secrets lie within these walls?",3,,
B0065,A31,Hearts of Iron IV / Europa Universalis IV / Sid Meier's Civilization® V,"시뮬레이션, 전략 / 시뮬레이션, 전략 / 전략","[Hearts of Iron IV] Victory is at your fingertips! Your ability to lead your nation is your supreme weapon, the strategy game Hearts of Iron IV lets you take command of any nation in World War II; the ‖ [Europa Universalis IV] 비교할 수 없는 자유도, 깊이 있는 스토리, 정확한 역사적 고증을 즐기며 국토를 다스리고 세계를 정복하세요. 세계 역사를 새롭게 쓰며 시대를 풍미할 제국을 만드세요. ‖ [Sid Meier's Civilization® V] Create, discover, and download new player-created maps, scenarios, interfaces, and more!",Clatter,"인디, 전략","Create and command your own customizable squads of fighting robots in this turn-based, arena tactics game.",1,GENRE_ONLY,
B0066,A16,The Talos Principle / Rust / Inscryption,"액션, 어드벤처, 인디 / 액션, 어드벤처, 인디, 대규모 멀티플레이어, RPG / 어드벤처, 인디, 전략","[The Talos Principle] 탈로스 법칙은 철학적 SF 소설의 전통을 따른 1인칭 퍼즐 게임입니다. 시리어스 샘을 개발한 크로팀에서 만들었으며, 톰 주버트(FTL, 더 스와퍼)와 조나스 카이라츠(바다는 모든 것을 요구한다.)가 스토리를 작성했습니다. ‖ [Rust] Rust에서의 목표는 오직 하나, 바로 살아남는 것입니다. 섬의 야생 동물, 다른 주민, 환경, 다른 생존자 모두가 여러분의 목숨을 노립니다. 하루 더 살아남을 수 있다면 수단과 방법을 가리지 마세요. ‖ [Inscryption] Inscryption은 검은 잉크로 그려진 카드를 기반으로 한 덱빌딩 로그라이크, 방탈출 퍼즐, 피가 흐르는 심리적 공포 등의 요소가 섞인 여정을 다룹니다. 카드에는 더 어두운 비밀이 새겨져 있습니다…",THE MULLER-POWELL PRINCIPLE,"액션, 어드벤처, 인디","Dr. Herman, your sci-fi journey begins. Armed only with your mind and the Manipulator that operates with different types of energy, you'll have to pass through portals, visit parallel worlds, and solve physics-based puzzles.",3,,
B0067,A16,The Talos Principle / Rust / Inscryption,"액션, 어드벤처, 인디 / 액션, 어드벤처, 인디, 대규모 멀티플레이어, RPG / 어드벤처, 인디, 전략","[The Talos Principle] 탈로스 법칙은 철학적 SF 소설의 전통을 따른 1인칭 퍼즐 게임입니다. 시리어스 샘을 개발한 크로팀에서 만들었으며, 톰 주버트(FTL, 더 스와퍼)와 조나스 카이라츠(바다는 모든 것을 요구한다.)가 스토리를 작성했습니다. ‖ [Rust] Rust에서의 목표는 오직 하나, 바로 살아남는 것입니다. 섬의 야생 동물, 다른 주민, 환경, 다른 생존자 모두가 여러분의 목숨을 노립니다. 하루 더 살아남을 수 있다면 수단과 방법을 가리지 마세요. ‖ [Inscryption] Inscryption은 검은 잉크로 그려진 카드를 기반으로 한 덱빌딩 로그라이크, 방탈출 퍼즐, 피가 흐르는 심리적 공포 등의 요소가 섞인 여정을 다룹니다. 카드에는 더 어두운 비밀이 새겨져 있습니다…",나이트오브풀문,"어드벤처, 인디, 전략, 무료 플레이","리얼 ROGUELIKE 덱 조합 카드 게임! [빨간 모자] 동화속으로 출~발~!각종 스토리 탐험 모드와 흥미진진한 시나리오 전개! 랜덤 이벤트 선택, 부동한 스토리 오픈!",2,,
B0068,A29,Salt and Sanctuary,"액션, 인디, RPG","[Salt and Sanctuary] 두렵고도 잔혹한 섬의 탐험을 시작합니다… Salt and Sanctuary는 신속하고, 잔인하며, 복잡한 전투 시스템을 지닌 2D RPG입니다. 저주받은 도시의 잊힌 영역이나, 피에 물든 던전이나, 오염된 기념비와 같은 장소를 돌아다니며, 한때 축복을 받았지만 지금은 타락하고 만 영주들을 조우하세요.",The Heart of Darkness,"어드벤처, 인디, RPG","Explore the Sanctuary of Darkness, a mysterious dungeon beneath the Kingdom of Haillard. Obtain the soul of the Cursed Saintess waiting in its depths and unravel the truth of this strange world in this sinister turn-based RPG.",3,,
B0069,A11,Forza Horizon 5 / Hi-Fi RUSH / Street Fighter 6,"액션, 어드벤처, 레이싱, 시뮬레이션, 스포츠 / 액션 / 액션, 어드벤처","[Forza Horizon 5] 세계 최고의 자동차를 타고 생동감 넘치는 멕시코의 대자연을 탐험하며 재미있는 드라이빙 액션을 마음껏 즐겨보세요. ‖ [Hi-Fi RUSH] 아케이드 챌린지! 업데이트!로 추가되는 두 개의 신규 게임 모드에서 여러분의 능력을 시험하고, 새로운 보상을 획득해 보세요. 몇 가지 비밀도 숨어 있답니다! 락 스타 지망생 차이가 되어 비트를 타고, 세상 모든 게 음악에 싱크되는 세계에서 오합지졸 팀과 함께 사악한 거대 기업에 맞서 싸우세요. ‖ [Street Fighter 6] 시리즈 최신작 『Street Fighter 6』, 2023년 6월 2일 발매 결정! RE ENGINE으로 개발된 본 작품은 대형 모드 「World Tour」, 「Fighting Ground」, 「Battle Hub」로 구성되어 있다. 새로운 「스트리트 파이터」에는 지금까지의 시리즈에는 없었던 새로운 체험이 기다리고 있다.",Shift 2 Unleashed,레이싱,Bring the true driver’s experience to life with all the intensity and exhilaration of being behind the wheel!,2,,
B0070,A30,Stardew Valley / Slime Rancher / Raft,"인디, RPG, 시뮬레이션 / 액션, 어드벤처, 인디, 시뮬레이션 / 어드벤처, 인디, 시뮬레이션","[Stardew Valley] You've inherited your grandfather's old farm plot in Stardew Valley. Armed with hand-me-down tools and a few coins, you set out to begin your new life. Can you learn to live off th ‖ [Slime Rancher] 슬라임 랜쳐는 젊고 용감한 랜쳐, 베아트릭스 르뷰가 지구에서 1,000광년 떨어진 '머나먼 평야'에서 슬라임들과 씨름하며 생계를 꾸려나가는 이야기입니다. 긍정적인 마인드와 강인한 의지로 베아트릭스는 진공팩을 사용하여 끊임없이 말랑말랑하게 굴러나오는 슬라임들을 피하며 이름을 알리고, 부자가 되려 합니다. ‖ [Raft] Raft™ throws you and your friends into an epic oceanic adventure! Alone or together, players battle to survive a perilous voyage across a vast sea! Gather debris, scavenge reefs an",Halcyon Days at Taoyuan,"캐주얼, 인디, RPG, 시뮬레이션","Welcome to Taoyuan Village to heal your loneliness. Here, you can lead a carefree, self-sufficient life: farm, tame animals, raise livestock, fish, and build a prosperous homestead. Or, immerse in village life, meet kindred spirits, find love, and influence their destinies with your choices.",3,,
B0071,A14,Iron Brigade / Ancient Planet Tower Defense / Creeper World IXE,"액션, 전략 / 캐주얼, 인디, 전략 / 액션, 캐주얼, 인디, 시뮬레이션, 전략","[Iron Brigade] Join The Mobile Trench Brigade and protect humanity from the evil Monovision menace! ‖ [Ancient Planet Tower Defense] 고대 행성 타워 디펜스는 정통 타워 디펜스 게임입니다. 고대 문명의 요새가 외계 침략자들로부터 침략당했습니다. 고대의 강력한 기술을 사용하여 적군의 공격을 물리치십시오! ‖ [Creeper World IXE] The unstoppable alien force known as The Creeper has returned, devouring thousands of worlds in its path, and yours is next. Battle against the Creeper fluid in a groundbreaking pi",Star Castles 2,"액션, 인디, 시뮬레이션","Physics-based space combat where every battle escalates into chaos. Destroy ships, star bases, and hyperspace carriers before they overwhelm you.",2,,
B0072,A21,DARK SOULS™ III / The Witcher 3: Wild Hunt / The Elder Scrolls V: Skyrim Special Edition,액션 / RPG / RPG,"[DARK SOULS™ III] 장르를 새로 개척했다는 평가를 들으며 많은 좋은 평가들을 얻고 있는 다크 소울 시리즈는 계속해서 한계를 넘어서, 더욱 야심찬 단계에 도전하고자 하고 있습니다. 준비를 하고 어둠을 밝히십시오! ‖ [The Witcher 3: Wild Hunt] 리비아의 게롤트가 되어 의뢰를 받고 괴물을 사냥하세요. 전쟁의 상처가 가득하고 괴물이 들끓는 대륙을 마음껏 탐험해 보세요. 지금 가장 중요한 일은 대륙의 판도를 뒤바꿀 수도 있는 살아 있는 무기이자 예언의 아이, 시리를 추적하는 것입니다. ‖ [The Elder Scrolls V: Skyrim Special Edition] 200회 이상 올해의 게임에 선정된 The Elder Scrolls V: Skyrim Special Edition이 놀라운 디테일로 판타지에 생명을 불어넣었습니다. Special Edition에는 비평가들의 극찬을 받은 게임 및 새로운 기능이 포함된 애드온이 들어 있습니다.",ELDERBORN,"액션, 인디","ELDERBORN - a Metal AF* Slasher with brutal FPP melee combat and souls-like/RPG character progression. In the times of legend, barbarian tribes need a new dark messiah. Be that merciless slayer. Uncover ancient secrets in the city of doom. Forge your own destiny! *Action Fantasy.",2,,
B0073,A12,Baldur's Gate 3 / Mount & Blade II: Bannerlord / Kenshi,"어드벤처, RPG, 전략 / 액션, 인디, RPG, 시뮬레이션, 전략 / 액션, 인디, RPG, 시뮬레이션, 전략","[Baldur's Gate 3] Baldur’s Gate 3 is a story-rich, party-based RPG set in the universe of Dungeons & Dragons, where your choices shape a tale of fellowship and betrayal, survival and sacrifice, and  ‖ [Mount & Blade II: Bannerlord] 본 게임은 전략/액션 RPG입니다. 캐릭터를 생성하고, 외교에 참여하고, 제작, 거래를 하고, 방대한 중세풍의 샌드박스에서 새로운 땅을 정복하십시오. 군대를 일으켜 전쟁에 뛰어들고, 깊이가 있으나 직관적인 실력 기반의 전투 시스템을 채용한 대규모 실시간 전투에서 자신의 부대에 명령을 내리고 함께 싸우십시오. ‖ [Kenshi] 자유롭게 돌아다니는 분대 기반의 RPG. 스토리를 따라가는 대신 제한 없는 샌드박스식 게임플레이에 중점을 두었습니다. 무역상, 도둑, 반란군, 전쟁 군주, 모험가, 농부, 노예 등 다양한 삶을 체험할 수 있습니다. 운이 나쁘면 식인종의 먹잇감으로 전락할지도 모르죠. 새로운 장비를 연구하거나 제작해 보세요.",Archipelago: Island Survival,"어드벤처, 인디, RPG, 시뮬레이션","섬으로 이루어진 군도에서의 생존 시뮬레이터. 거대한 오픈 월드가 있는 샌드박스. 300 가지가 넘는 다양한 아이템과 자원, 100 가지가 넘는 적과 NPC. 무역과 RPG의 요소.",2,,
B0074,A22,Deck of Ashes / Dicefolk / Cubic Cosmos,"어드벤처, 인디, RPG, 전략 / 캐주얼, 인디, 전략 / 전략","[Deck of Ashes] 덱 오브 애쉬즈(Deck of Ashes)는 전술 카드 전투를 벌이는 어드벤처 게임입니다. 한 번에 한 캐릭터씩 안티히어로 일행을 이끌어 속죄의 여행을 떠나보세요. 저주받은 판타지 세계를 탐험하며 강력한 카드를 찾아보세요. 독특한 전투 덱을 형성하여 적들을 무찌르세요! 잿빛 저주의 세계를 제거하실 수 있겠습니까? ‖ [Dicefolk] 마법 주사위의 힘을 휘두르고 강력한 키메라 팀을 구축해보세요! 수수께끼의 악을 멈추기 위한 택티컬 덱빌딩 로그라이트 모험이 다가오고 있습니다. 키메라 소환사로서, 신화적인 짐승들을 모집하고 완벽한 팀을 만들고, 다이스포크만의 독특한 주사위 메커니즘을 활용하여 승리로 이끌어주세요. ‖ [Cubic Cosmos] Cubic Cosmos is a thrilling fast-paced roguelike card game. You have been trapped in a deadly game. One wrong move could see you reduced to a plaything of the goddess. Can you free",RogueDiceR,"캐주얼, 인디, 전략, 앞서 해보기","RogueDiceR는 주사위-빌딩 로그라이트 게임입니다. 상점에서 무작위로 생성되는 주사위를 구매하고, 개조를 통해 주사위의 값을 늘리세요. 스티커를 붙여 특별한 효과를 부여하거나, 유물을 통해 주사위 덱을 더욱 강화하세요. 무작위로 구성되는 던전과 이벤트, 몬스터, 보스들을 쓰러뜨리세요.",3,,
B0075,A09,Roots of Yggdrasil / Ancient Gods / Flick Shot Rogues,"인디, 전략 / RPG, 전략 / 인디, 전략","[Roots of Yggdrasil] Build settlements, explore the Nine Realms, collect artifacts and upgrade your deck to reach the top of Yggdrasil in this post-Ragnarok roguelike city-builder! Can you survive the  ‖ [Ancient Gods] Ancient Gods is a fusion of hero collector and deck-building rogue-lite where you collect your character, fight, and experience exciting events. Any character can use all the cards ‖ [Flick Shot Rogues] 계획하고, 조준하고, 쏘세요! FLICK SHOT ROGUES는 테이블 위에서 물건을 튕기는 촉각적 만족감과 사람들이 좋아하는 턴제 로그라이크의 전략적 깊이를 결합한 게임입니다. 말도 안되는 콤보를 연결하고, 캐릭터, 아이템, 스킬을 잠금 해제하면서, 섬을 정복하세요!",Nadir: A Grimdark Deckbuilder,"인디, RPG, 전략","Nadir is a roguelike deck-builder with a twist: the cost to play a card is an enemy reaction you can predict. Craft your own cards to slay powerful demons. Gather resources, expand your city, grow in power and conquer the underworld.",3,,
B0076,A04,Hollow Knight / Dead Cells / Celeste,"액션, 어드벤처, 인디 / 액션, 어드벤처, 인디 / 액션, 어드벤처, 인디","[Hollow Knight] 할로우 나이트에서 자신만의 길을 구축하세요! 크게 파괴된 곤충과 영웅의 왕국을 통한 서사 액션 어드벤처입니다. 손으로 그린 클래식 2D 스타일로 구불구불한 동굴을 탐험하고 오염된 생물과 싸우고 이상한 곤충들과 친구가 되어 보세요. ‖ [Dead Cells] 데드 셀(Dead Cells)는 메트로배니아에서 영감을 받은 로그라이트 액션 플랫포머 게임입니다. 2D 소울 라이트 전투에서 성을 지키는 수호자들을 물리치고 끊임없이 변화하는 거대한 성을 탐험하게 됩니다. 세이브 포인트는 없습니다. 죽이고, 죽고, 배우고, 반복하세요. ‖ [Celeste] 타워폴(TowerFall) 시리즈의 개발자들이 만든 이 초밀착형 플랫폼 게임을 플레이하고, 매들린이 셀레스트 산 정상으로 향하는 여정에서 내면의 악마에게서 살아남을 수 있게 도와주세요. 한땀 한땀 손수 제작한 수백 가지의 도전 과제에 맞서고, 사악한 비밀을 밝혀내고, 산에 숨겨진 수수께끼를 풀어보세요.",RiME,어드벤처,꼭대기에 도달해 단단히 봉인된 비밀을 파헤쳐야 합니다.,2,,
B0077,A15,서브노티카 / The Long Dark / No Man's Sky,"어드벤처, 인디 / 어드벤처, 인디, 시뮬레이션, 전략 / 액션, 어드벤처","[서브노티카] 위험과 경이로움이 가득한 외계의 바다 속으로 내려가세요. 장비를 제작하고, 잠수함을 조종하며 야생 생물보다 앞서가세요. 우거진 산호초, 화산, 동굴 같은 많은 장소들을 탐험하세요. 물론 살아남는 걸 잊으면 안 되겠죠. ‖ [The Long Dark] The Long Dark는 깊은 생각을 요구하는 탐험 생존 게임입니다. 플레이어는 지구 자기장 이상으로 인한 대재앙이 휩쓸고 간 세상에서 혼자 드넓은 설원 황무지를 탐험하며 살아남아야 합니다. 좀비는 등장하지 않으며 오직 플레이어와 추위, 그리고 자연 속의 위험들만 존재합니다. 고요한 종말의 세상에 오신 것을 환영합니다. ‖ [No Man's Sky] No Man's Sky는 무한히 펼쳐지는 우주에서의 탐험과 생존을 그린 SF 게임입니다.",Farworld Pioneers,"액션, 어드벤처, 인디, 시뮬레이션","오픈월드 sci-fi 샌드박스 게임. 혼자서도, 친구와 함께도 멀티플레이로 탐험하고, 외계 행성에 식민지를 건설 & 관리하고, 독특한 개성과 기술을 가진 AI 생존자를 모집하세요. 다 함께 제작, 건설, 채굴, 농사를 짓거나 레이저 소총을 등에 메고 은하계에 맞서 싸우세요!",3,,
B0078,A11,Forza Horizon 5 / Hi-Fi RUSH / Street Fighter 6,"액션, 어드벤처, 레이싱, 시뮬레이션, 스포츠 / 액션 / 액션, 어드벤처","[Forza Horizon 5] 세계 최고의 자동차를 타고 생동감 넘치는 멕시코의 대자연을 탐험하며 재미있는 드라이빙 액션을 마음껏 즐겨보세요. ‖ [Hi-Fi RUSH] 아케이드 챌린지! 업데이트!로 추가되는 두 개의 신규 게임 모드에서 여러분의 능력을 시험하고, 새로운 보상을 획득해 보세요. 몇 가지 비밀도 숨어 있답니다! 락 스타 지망생 차이가 되어 비트를 타고, 세상 모든 게 음악에 싱크되는 세계에서 오합지졸 팀과 함께 사악한 거대 기업에 맞서 싸우세요. ‖ [Street Fighter 6] 시리즈 최신작 『Street Fighter 6』, 2023년 6월 2일 발매 결정! RE ENGINE으로 개발된 본 작품은 대형 모드 「World Tour」, 「Fighting Ground」, 「Battle Hub」로 구성되어 있다. 새로운 「스트리트 파이터」에는 지금까지의 시리즈에는 없었던 새로운 체험이 기다리고 있다.",Tomb Raider I-III Remastered Starring Lara Croft,"액션, 어드벤처",충실하게 복원된 라라 크로프트의 오리지널 어드벤처를 새로운 챌린지 모드로 만나보세요,1,GENRE_ONLY,
B0079,A08,Sid Meier’s Civilization® VI / XCOM® 2 / Stellaris,"전략 / 전략 / 시뮬레이션, 전략","[Sid Meier’s Civilization® VI] 문명 VI 에서는 새로운 방식으로 세상과 소통하고, 제국의 영토를 확장시키며, 문화를 발전시키고, 역사속 위대한 지도자들에 맞서 오래도록 지속될 나만의 문명을 건설해볼 수 있습니다. 클레오파트라를 비롯한 20명의 역사 속 지도자들 중 한명으로 플레이 해보세요. ‖ [XCOM® 2] XCOM 2는 수상 경력이 있는 전략 게임 XCOM: Enemy Unknown의 속편입니다. 인류가 외계인 침략군에게 항복한 지 20년, 이제 지구 상에는 새로운 세계 질서가 존재합니다. 수년간을 어둠 속에서 숨어 있었던 XCOM 부대는 반드시 일어나 외계인의 지배를 무너뜨릴 것입니다. ‖ [Stellaris] 항성간 여행을 통해 우주를 탐험하며 수많은 종족들도 만나보세요. 과학선을 보내 우주를 조사하고 탐험하면서 은하 제국을 건설하고, 건축선을 보내 새로 발견한 행성에 기지를 건설하세요. 소속 사회를 위한 탐험에 나서 매장된 보물과 은하계의 경이를 발견하고, 탐험가의 한계치와 진화 범위를 설정하세요. 동맹이 체결되고, 전쟁이 ",Cosmoteer: Starship Architect & Commander,"시뮬레이션, 전략, 앞서 해보기","Design and simulate the starships of your dreams! Command your ship or fleet in epic battles and manage your crew while exploring a dangerous galaxy. Play alone or with friends, test your ships in online PvP, and let your imagination reach for the stars!",2,,
B0080,A32,Hardspace: Shipbreaker / Hacknet / The Case of the Golden Idol / 방 탈출 시뮬레이터 / shapez 2 - Factory,"시뮬레이션 / 인디, 시뮬레이션 / 어드벤처, 인디 / 어드벤처, 캐주얼, 인디, 시뮬레이션 / 캐주얼, 인디, 시뮬레이션, 전략","[Hardspace: Shipbreaker] Equipped with cutting-edge salvaging tech, carve & slice spaceships to recover valuable materials. Upgrade your gear to take on more lucrative contracts and pay your billion credit ‖ [Hacknet] Hacknet은 터미널 기반의 몰입형 해킹 시뮬레이터입니다. 최근에 사망한, 그러나 언론 보도와는 달리 사고로 사망하지 않은 해커의 지시에 따라 진실을 추척하십시오. ‖ [The Case of the Golden Idol] A new kind of detective game that allows you to think and investigate freely. Discover clues surrounding 12 strange and gruesome deaths and build your own theory. Pick your suspect ‖ [방 탈출 시뮬레이터] Escape Simulator는 단독 또는 온라인 협동 플레이가 가능한 1인칭 퍼즐 게임입니다. 점점 더 많아지는, 고도의 상호 작용이 가능한 방탈출 세트를 탐험하세요. 가구를 옮기고, 모든 것을 집어 들고 검사하고, 냄비를 부수고 자물쇠를 부수세요! 레벨 편집기를 통해 커뮤니티가 만든 방을 지원합니다. ‖ [shapez 2 - Factory] 공장 건설 게임에 빠져들어 보세요. 단 한 가지에 집중하세요. 대규모 우주 공장을 건설하는 것! 방대하게 펼쳐지는 다층 공장과 만족스러운 생산 라인을 무제한으로 설계하세요. 계속해서 어려워지는 자동화 목표를 적의 위협 없이 자신만의 속도로 달성하세요.",Universe Sandbox,"캐주얼, 인디, 시뮬레이션, 앞서 해보기","Create & destroy on an unimaginable scale with a realistic physics-based space simulator. Explore the beauty of our universe and the fragility of our planet. Use science to bend the laws of gravity, collide planets, boil away oceans, fire epic space lasers, and customize your universe.",2,,
B0081,A07,Into the Breach / Monster Train / Mini Metro,"인디, RPG, 시뮬레이션, 전략 / 전략 / 인디, 시뮬레이션, 전략","[Into the Breach] 미래의 강력한 메크를 조종하여 외계 세력을 물리치세요. 이 턴제 전략 게임에서는 세계를 구하려 시도할 때마다 무작위로 새롭게 생성되는 도전이 여러분 앞에 나타납니다. ‖ [Monster Train] Monster Train is a strategic roguelike deck building game with a twist. Set on a train to hell, you’ll use tactical decision making to defend multiple vertical battlegrounds. With  ‖ [Mini Metro] 미니 메트로는 성장하는 도시를 위해 지하철 노선을 설계하는 게임입니다. 역과 역 사이에 노선을 그려서 열차 운행을 시작하세요. 새로운 역이 열리면 노선을 수정해서 노선도를 효율적으로 유지하세요. 한정된 자원을 어느 곳에 사용할 것인지 결정하세요. 도시를 얼마나 오래 유지할 수 있을까요?",The Battle of Polytopia,"액션, 어드벤처, 캐주얼, 인디, 시뮬레이션, 전략","기이하고 평평한 스퀘어의 세상에서 펼쳐지는 독특한 턴제 전략 게임에 오신 것을 환영해요. 당신의 제국을 확장하고, 기술을 연구하고, 궁극적으로 세계의 통치자가 되어 저마다 개성 넘치는 12가지 부족 중 하나를 승리로 이끄세요. 싱글플레이어 또는 최대 12명까지 함께 플레이할 수 있는 멀티플레이어 모드를 플레이하세요.",3,,
B0082,A26,RimWorld / Oxygen Not Included / Unpacking 언패킹,"인디, 시뮬레이션, 전략 / 인디, 시뮬레이션 / 캐주얼, 인디, 시뮬레이션","[RimWorld] 지능형 AI 이야기꾼이 주도하는 공상과학 정착지 시뮬레이터입니다. 심리, 생태, 총격전과 근접전, 날씨, 기후, 외교, 사람 사이의 관계, 예술, 의학, 무역, 그 외 많은 것들을 시뮬레이션하여 이야기를 생성합니다. ‖ [Oxygen Not Included] Oxygen Not Included는 우주 콜로니 시뮬레이션 게임입니다. 외계의 우주 암석 깊은 곳에서 근면한 일꾼들은 생존하고 나아가 번영하기 위해 과학을 마스터하고, 낯선 새로운 생명체에 맞서며, 경이로운 우주 테크놀로지를 활용해야 합니다. ‖ [Unpacking 언패킹] Unpacking은 상자에서 짐을 꺼내 새집에 맞게 배치하는 친숙한 체험에 대한 명상적 퍼즐 게임입니다. 게임의 일부인 블록 맞추기 게임과 집 꾸미기를 하는 동안, 푸는 짐에 닮긴 삶의 실마리를 찾아가며 만족할 만한 생활 공간을 만들어 보세요.",Spacebase DF-9,"인디, 시뮬레이션, 전략","In Spacebase DF-9, you'll build a home among the stars for a motley population of humans and aliens as they go about their daily lives. Mine asteroids, discover derelicts, and deal with the tribulations of galactic resettlement in Earth's distant future.",3,,
B0083,A03,Balatro / Hades / Vampire Survivors,"캐주얼, 인디, 전략 / 액션, 인디, RPG / 액션, 캐주얼, 인디, RPG","[Balatro] 포커 로그라이크 게임. Balatro는 불법 포커 패로 게임을 하고, 판을 뒤엎는 조커를 발견하고, 아드레날린이 치솟는 강력한 콤보를 만드는 덱 빌딩 게임입니다. ‖ [Hades] Bastion, Transistor, Pyre의 제작사에서 선보이는 이 로그라이크 던전 탐색형 게임에서 핵 앤 슬래시로 지하 세계를 탈출하고 죽음의 신에게 도전하세요. ‖ [Vampire Survivors] 수많은 어둠의 피조물을 쓰러뜨리며 새벽이 올 때까지 생존하세요! Vampire Survivors는 로그라이트 요소를 갖춘 고딕 호러 케주얼 게임입니다. 당신의 선택으로 순식간에 수백 마리의 괴물이 눈덩이처럼 불어날 수 있죠.",Golden Krone Hotel,"어드벤처, 인디, RPG, 전략","Golden Krone Hotel is a gothic horror roguelike. Fight vampires with sunlight or become a vampire yourself and sneak in the shadows. Combines classic turn-based combat with dynamic lighting, an innovative potion system, and fast paced gameplay.",2,,
B0084,A11,Forza Horizon 5 / Hi-Fi RUSH / Street Fighter 6,"액션, 어드벤처, 레이싱, 시뮬레이션, 스포츠 / 액션 / 액션, 어드벤처","[Forza Horizon 5] 세계 최고의 자동차를 타고 생동감 넘치는 멕시코의 대자연을 탐험하며 재미있는 드라이빙 액션을 마음껏 즐겨보세요. ‖ [Hi-Fi RUSH] 아케이드 챌린지! 업데이트!로 추가되는 두 개의 신규 게임 모드에서 여러분의 능력을 시험하고, 새로운 보상을 획득해 보세요. 몇 가지 비밀도 숨어 있답니다! 락 스타 지망생 차이가 되어 비트를 타고, 세상 모든 게 음악에 싱크되는 세계에서 오합지졸 팀과 함께 사악한 거대 기업에 맞서 싸우세요. ‖ [Street Fighter 6] 시리즈 최신작 『Street Fighter 6』, 2023년 6월 2일 발매 결정! RE ENGINE으로 개발된 본 작품은 대형 모드 「World Tour」, 「Fighting Ground」, 「Battle Hub」로 구성되어 있다. 새로운 「스트리트 파이터」에는 지금까지의 시리즈에는 없었던 새로운 체험이 기다리고 있다.",Strike Force Heroes,"액션, 인디, RPG",Strike Force Heroes은 고전 아레나 슈팅 게임에 현대적 메커니즘과 완전 협동 및 PvP 온라인 멀티플레이어를 추가하여 새로 개발한 게임입니다. 치열한 인기 플래시 게임 리메이크작에서 최고의 액션과 장대한 스토리를 체험해 보세요.,2,,
B0085,A16,The Talos Principle / Rust / Inscryption,"액션, 어드벤처, 인디 / 액션, 어드벤처, 인디, 대규모 멀티플레이어, RPG / 어드벤처, 인디, 전략","[The Talos Principle] 탈로스 법칙은 철학적 SF 소설의 전통을 따른 1인칭 퍼즐 게임입니다. 시리어스 샘을 개발한 크로팀에서 만들었으며, 톰 주버트(FTL, 더 스와퍼)와 조나스 카이라츠(바다는 모든 것을 요구한다.)가 스토리를 작성했습니다. ‖ [Rust] Rust에서의 목표는 오직 하나, 바로 살아남는 것입니다. 섬의 야생 동물, 다른 주민, 환경, 다른 생존자 모두가 여러분의 목숨을 노립니다. 하루 더 살아남을 수 있다면 수단과 방법을 가리지 마세요. ‖ [Inscryption] Inscryption은 검은 잉크로 그려진 카드를 기반으로 한 덱빌딩 로그라이크, 방탈출 퍼즐, 피가 흐르는 심리적 공포 등의 요소가 섞인 여정을 다룹니다. 카드에는 더 어두운 비밀이 새겨져 있습니다…",Card Shark,"어드벤처, 인디, 시뮬레이션",Card Shark는 교활하고 흥미로우면서도 예술적인 속임수로 가득한 어드벤처 게임입니다.,3,,
B0086,A19,ELDEN RING / Disco Elysium - The Final Cut / Outer Wilds,"액션, RPG / RPG / 액션, 어드벤처","[ELDEN RING] 본 게임은 본격적인 다크 판타지 세계를 무대로 한 액션 RPG입니다. 드넓은 필드와 던전 탐험을 통해 미지의 것들을 발견해 보세요. 앞길을 막아서는 난관과 그것을 극복했을 때의 달성감, 그리고 등장인물들의 의도가 교착하는 군상극도 즐기실 수 있습니다. ‖ [Disco Elysium - The Final Cut] 디스코 엘리시움 - 최종판은 획기적인 오픈 월드 롤플레잉 게임입니다. 당신은 독특한 스킬 시스템을 갖춘 형사로서 오롯한 도시 블록을 당신의 미래를 닦기 위해 다듬을 수 있습니다. 잊지 못할 등장인물들을 심문하거나, 살인 사건을 해결하거나, 뇌물을 받으세요. 영웅이 되거나 인류의 완전한 재앙이 되세요. ‖ [Outer Wilds] Giant Bomb, Polygon, Eurogamer, The Guardian에 의해 2019년 올해의 게임에 이름을 올리며 냉정한 호평과 수상 실적이 있는 Outer Wilds는 무한 시간 루프에 갇힌 태양계에 관한 공개된 세계의 미스터리 게임입니다.",Dungeon Siege III,"액션, RPG",Fight hordes of dangerous creatures in a mystical fantasy world.,1,GENRE_ONLY,
B0087,A18,Euro Truck Simulator 2 / BeamNG.drive / 아세토 코르사 Assetto Corsa,"인디, 시뮬레이션 / 레이싱, 시뮬레이션, 앞서 해보기 / 인디, 레이싱, 시뮬레이션, 스포츠","[Euro Truck Simulator 2] 도로의 왕이 되어 인상적인 거리를 가로질러 중요한 화물을 배달하는 트럭 운전사가 되어 유럽을 여행하세요! 탐험할 도시가 수십 개나 되므로, 당신의 인내심, 기술, 속도가 모두 한계에 도달할 것입니다. ‖ [BeamNG.drive] 뭐든지 할 수 있는 동적 소프트 보디 물리 시뮬레이터입니다. ‖ [아세토 코르사 Assetto Corsa] 아세토 코르사(Assetto Corsa) v1.16은 새로운 레이저 스캔 트랙 ""라구나 세카(Laguna Seca)"" 및 기다리던 Alfa Romeo Giulia Quadrifoglio를 포함한 7개의 신차를 소개합니다! 체인지로그에서 더 자세한 내용을 확인하세요!",Motorcycle Biker Simulator,"캐주얼, 시뮬레이션, 스포츠, 앞서 해보기","Motorbiker Biker Simulator, Ragdoll and Physics Based Freeroam Game",2,,
B0088,A31,Hearts of Iron IV / Europa Universalis IV / Sid Meier's Civilization® V,"시뮬레이션, 전략 / 시뮬레이션, 전략 / 전략","[Hearts of Iron IV] Victory is at your fingertips! Your ability to lead your nation is your supreme weapon, the strategy game Hearts of Iron IV lets you take command of any nation in World War II; the ‖ [Europa Universalis IV] 비교할 수 없는 자유도, 깊이 있는 스토리, 정확한 역사적 고증을 즐기며 국토를 다스리고 세계를 정복하세요. 세계 역사를 새롭게 쓰며 시대를 풍미할 제국을 만드세요. ‖ [Sid Meier's Civilization® V] Create, discover, and download new player-created maps, scenarios, interfaces, and more!",Countryball: Europe 1890,"액션, 인디, 전략",Discover the 19th and 20th centuries with countryballs!,2,,
B0089,A07,Into the Breach / Monster Train / Mini Metro,"인디, RPG, 시뮬레이션, 전략 / 전략 / 인디, 시뮬레이션, 전략","[Into the Breach] 미래의 강력한 메크를 조종하여 외계 세력을 물리치세요. 이 턴제 전략 게임에서는 세계를 구하려 시도할 때마다 무작위로 새롭게 생성되는 도전이 여러분 앞에 나타납니다. ‖ [Monster Train] Monster Train is a strategic roguelike deck building game with a twist. Set on a train to hell, you’ll use tactical decision making to defend multiple vertical battlegrounds. With  ‖ [Mini Metro] 미니 메트로는 성장하는 도시를 위해 지하철 노선을 설계하는 게임입니다. 역과 역 사이에 노선을 그려서 열차 운행을 시작하세요. 새로운 역이 열리면 노선을 수정해서 노선도를 효율적으로 유지하세요. 한정된 자원을 어느 곳에 사용할 것인지 결정하세요. 도시를 얼마나 오래 유지할 수 있을까요?",铁道物语：陆王（Railway Saga:Land King）,"캐주얼, 인디, 시뮬레이션, 전략, 앞서 해보기","Become a respected conductor, assemble and match your train lineup at will. In addition to transporting passengers from all walks of life, you can also set up your own factories at various city stations. Mining, planting and breeding all kinds of resources, using the craftsmen's crafts to produce a ",2,,
B0090,A29,Salt and Sanctuary,"액션, 인디, RPG","[Salt and Sanctuary] 두렵고도 잔혹한 섬의 탐험을 시작합니다… Salt and Sanctuary는 신속하고, 잔인하며, 복잡한 전투 시스템을 지닌 2D RPG입니다. 저주받은 도시의 잊힌 영역이나, 피에 물든 던전이나, 오염된 기념비와 같은 장소를 돌아다니며, 한때 축복을 받았지만 지금은 타락하고 만 영주들을 조우하세요.",빛 없는 세계: There is No Light,"액션, 어드벤처, 인디, RPG",이 잔혹한 액션 어드벤처 RPG 속의 암울한 지하 세계에서 전투를 벌이세요. 적 무리를 제거하고 위험한 보스와 싸우고 원하는 방식으로 세계를 탐험하세요!,2,,
B0091,A19,ELDEN RING / Disco Elysium - The Final Cut / Outer Wilds,"액션, RPG / RPG / 액션, 어드벤처","[ELDEN RING] 본 게임은 본격적인 다크 판타지 세계를 무대로 한 액션 RPG입니다. 드넓은 필드와 던전 탐험을 통해 미지의 것들을 발견해 보세요. 앞길을 막아서는 난관과 그것을 극복했을 때의 달성감, 그리고 등장인물들의 의도가 교착하는 군상극도 즐기실 수 있습니다. ‖ [Disco Elysium - The Final Cut] 디스코 엘리시움 - 최종판은 획기적인 오픈 월드 롤플레잉 게임입니다. 당신은 독특한 스킬 시스템을 갖춘 형사로서 오롯한 도시 블록을 당신의 미래를 닦기 위해 다듬을 수 있습니다. 잊지 못할 등장인물들을 심문하거나, 살인 사건을 해결하거나, 뇌물을 받으세요. 영웅이 되거나 인류의 완전한 재앙이 되세요. ‖ [Outer Wilds] Giant Bomb, Polygon, Eurogamer, The Guardian에 의해 2019년 올해의 게임에 이름을 올리며 냉정한 호평과 수상 실적이 있는 Outer Wilds는 무한 시간 루프에 갇힌 태양계에 관한 공개된 세계의 미스터리 게임입니다.",Nancy Drew®: Curse of Blackmoor Manor,어드벤처,Delve into Dark Legends Lurking in the Shadow of an Old English Mansion!,2,,
B0092,A11,Forza Horizon 5 / Hi-Fi RUSH / Street Fighter 6,"액션, 어드벤처, 레이싱, 시뮬레이션, 스포츠 / 액션 / 액션, 어드벤처","[Forza Horizon 5] 세계 최고의 자동차를 타고 생동감 넘치는 멕시코의 대자연을 탐험하며 재미있는 드라이빙 액션을 마음껏 즐겨보세요. ‖ [Hi-Fi RUSH] 아케이드 챌린지! 업데이트!로 추가되는 두 개의 신규 게임 모드에서 여러분의 능력을 시험하고, 새로운 보상을 획득해 보세요. 몇 가지 비밀도 숨어 있답니다! 락 스타 지망생 차이가 되어 비트를 타고, 세상 모든 게 음악에 싱크되는 세계에서 오합지졸 팀과 함께 사악한 거대 기업에 맞서 싸우세요. ‖ [Street Fighter 6] 시리즈 최신작 『Street Fighter 6』, 2023년 6월 2일 발매 결정! RE ENGINE으로 개발된 본 작품은 대형 모드 「World Tour」, 「Fighting Ground」, 「Battle Hub」로 구성되어 있다. 새로운 「스트리트 파이터」에는 지금까지의 시리즈에는 없었던 새로운 체험이 기다리고 있다.",죠죠의 기묘한 모험 올 스타 배틀 R,액션,"아라키 히로히코가 그려내는 독특한 표현을 재현한 격투 게임! 역대 캐릭터가 모두 50명 집결하여 스탠드, 파문, 모드 등 각 부에서 활약한 힘이 맞부딪힙니다! 이번 작품만의 꿈의 경연, 원작에서는 만나지 못했던 캐릭터들이 서로 주고받는 대사들도 놓치지 마세요!",3,,
B0093,A06,Cities: Skylines / Factorio / Farming Simulator 22,"시뮬레이션, 전략 / 캐주얼, 인디, 시뮬레이션, 전략 / 시뮬레이션","[Cities: Skylines] Cities: Skylines is a modern take on the classic city simulation. The game introduces new game play elements to realize the thrill and hardships of creating and maintaining a real  ‖ [Factorio] Factorio는 무한한 2D 세상에서 복잡성이 증가하는 아이템을 생산하기 위해 자동화 공장을 만드는 게임입니다. - 당신의 상상력으로 공장을 설계, 독창적인 방법으로 간단한 요소를 결합하고 마지막엔 당신을 좋아하지 않는 생물들로 부터 공장을 지키세요. ‖ [Farming Simulator 22] 농장을 만들고 농사를 즐기세요! 작물을 수확하고, 동물을 돌보고, 생산을 관리하고, 계절에 따른 어려움을 이겨내세요.",Subway Builder,"인디, 시뮬레이션, 전략",『Subway Builder』는 초현실적인 대중교통 시뮬레이션 게임입니다. 현실의 제약과 비용을 다루면서 완전히 새로운 지하철 시스템을 바닥부터 건설하세요. 당신의 도시가 누려 마땅한 지하철 시스템을 만들어 보세요.,3,,
B0094,A26,RimWorld / Oxygen Not Included / Unpacking 언패킹,"인디, 시뮬레이션, 전략 / 인디, 시뮬레이션 / 캐주얼, 인디, 시뮬레이션","[RimWorld] 지능형 AI 이야기꾼이 주도하는 공상과학 정착지 시뮬레이터입니다. 심리, 생태, 총격전과 근접전, 날씨, 기후, 외교, 사람 사이의 관계, 예술, 의학, 무역, 그 외 많은 것들을 시뮬레이션하여 이야기를 생성합니다. ‖ [Oxygen Not Included] Oxygen Not Included는 우주 콜로니 시뮬레이션 게임입니다. 외계의 우주 암석 깊은 곳에서 근면한 일꾼들은 생존하고 나아가 번영하기 위해 과학을 마스터하고, 낯선 새로운 생명체에 맞서며, 경이로운 우주 테크놀로지를 활용해야 합니다. ‖ [Unpacking 언패킹] Unpacking은 상자에서 짐을 꺼내 새집에 맞게 배치하는 친숙한 체험에 대한 명상적 퍼즐 게임입니다. 게임의 일부인 블록 맞추기 게임과 집 꾸미기를 하는 동안, 푸는 짐에 닮긴 삶의 실마리를 찾아가며 만족할 만한 생활 공간을 만들어 보세요.",패킹 라이프,"캐주얼, 인디, 시뮬레이션","완벽하게 주문을 정리하고 포장하는 재능을 가진 창고 작업자가 되는 따뜻하고 만족스러운 퍼즐 시뮬레이션 게임입니다. 매력적인 비주얼, 편안한 게임 플레이, 가벼운 스토리와 함께 일상적인 작업을 즐거운 모험으로 변환하는 기쁨을 경험해 보세요.",3,,
B0095,A18,Euro Truck Simulator 2 / BeamNG.drive / 아세토 코르사 Assetto Corsa,"인디, 시뮬레이션 / 레이싱, 시뮬레이션, 앞서 해보기 / 인디, 레이싱, 시뮬레이션, 스포츠","[Euro Truck Simulator 2] 도로의 왕이 되어 인상적인 거리를 가로질러 중요한 화물을 배달하는 트럭 운전사가 되어 유럽을 여행하세요! 탐험할 도시가 수십 개나 되므로, 당신의 인내심, 기술, 속도가 모두 한계에 도달할 것입니다. ‖ [BeamNG.drive] 뭐든지 할 수 있는 동적 소프트 보디 물리 시뮬레이터입니다. ‖ [아세토 코르사 Assetto Corsa] 아세토 코르사(Assetto Corsa) v1.16은 새로운 레이저 스캔 트랙 ""라구나 세카(Laguna Seca)"" 및 기다리던 Alfa Romeo Giulia Quadrifoglio를 포함한 7개의 신차를 소개합니다! 체인지로그에서 더 자세한 내용을 확인하세요!",Bus Simulator 18,시뮬레이션,"넓은 도시 지역에서 자유롭게 운전하는 버스 운전사의 삶을 경험하세요. Mercedes-Benz, Setra, MAN, IVECO BUS 브랜드의 공식 허가를 받은 도시 버스를 운전해 보세요. 싱글 플레이어 모드 또는 멀티플레이어 모드에서 탑승객들을 목적지까지 제시간에 안전히 데려다주세요.",3,,
B0096,A02,Still Life / Jenny LeClue - Detectivu / Telling Lies,"어드벤처 / 액션, 어드벤처, 캐주얼, 인디 / 어드벤처, 인디, 시뮬레이션",[Still Life] Still Life 2 also now available! ‖ [Jenny LeClue - Detectivu] Jenny LeClue - Detectivu는 조사와 선택지로 가득한 스릴 넘치는 미스터리 어드벤처 게임입니다. ‖ [Telling Lies] 네 명의 삶. 그리고 하나의 큰 거짓말. 아무도 모르게 녹화된 은밀한 대화를 들으며 진실을 알아내십시오. 큰 호평을 받았던 Her Story의 계승작입니다.,The Drifter,"어드벤처, 인디","A Pulp Adventure Thriller - A murdered drifter awakens. Alive again, seconds before his death. Hunted and haunted, help him untangle a mad web of conspiracy in this fast-paced point 'n click thrill-ride.",3,,
B0097,A12,Baldur's Gate 3 / Mount & Blade II: Bannerlord / Kenshi,"어드벤처, RPG, 전략 / 액션, 인디, RPG, 시뮬레이션, 전략 / 액션, 인디, RPG, 시뮬레이션, 전략","[Baldur's Gate 3] Baldur’s Gate 3 is a story-rich, party-based RPG set in the universe of Dungeons & Dragons, where your choices shape a tale of fellowship and betrayal, survival and sacrifice, and  ‖ [Mount & Blade II: Bannerlord] 본 게임은 전략/액션 RPG입니다. 캐릭터를 생성하고, 외교에 참여하고, 제작, 거래를 하고, 방대한 중세풍의 샌드박스에서 새로운 땅을 정복하십시오. 군대를 일으켜 전쟁에 뛰어들고, 깊이가 있으나 직관적인 실력 기반의 전투 시스템을 채용한 대규모 실시간 전투에서 자신의 부대에 명령을 내리고 함께 싸우십시오. ‖ [Kenshi] 자유롭게 돌아다니는 분대 기반의 RPG. 스토리를 따라가는 대신 제한 없는 샌드박스식 게임플레이에 중점을 두었습니다. 무역상, 도둑, 반란군, 전쟁 군주, 모험가, 농부, 노예 등 다양한 삶을 체험할 수 있습니다. 운이 나쁘면 식인종의 먹잇감으로 전락할지도 모르죠. 새로운 장비를 연구하거나 제작해 보세요.",部落与弯刀 Sands of Salzaar,"어드벤처, 인디, RPG, 전략","Bringing you to an exotic desert where you’ll recruit, train, and guide your troops into battle against rival cities and factions. Embark on an adventure that’s uniquely yours; Customizable characters, professions, and factions. The land is filled with a variety of hidden secrets.",3,,
B0098,A06,Cities: Skylines / Factorio / Farming Simulator 22,"시뮬레이션, 전략 / 캐주얼, 인디, 시뮬레이션, 전략 / 시뮬레이션","[Cities: Skylines] Cities: Skylines is a modern take on the classic city simulation. The game introduces new game play elements to realize the thrill and hardships of creating and maintaining a real  ‖ [Factorio] Factorio는 무한한 2D 세상에서 복잡성이 증가하는 아이템을 생산하기 위해 자동화 공장을 만드는 게임입니다. - 당신의 상상력으로 공장을 설계, 독창적인 방법으로 간단한 요소를 결합하고 마지막엔 당신을 좋아하지 않는 생물들로 부터 공장을 지키세요. ‖ [Farming Simulator 22] 농장을 만들고 농사를 즐기세요! 작물을 수확하고, 동물을 돌보고, 생산을 관리하고, 계절에 따른 어려움을 이겨내세요.",Widget Inc.,"캐주얼, 인디, 시뮬레이션, 전략","A hybrid factory builder / incremental clicker game. Starting from humble beginnings, master the many crafting processes to build up resources and expand your factory. Then, using your newly automated production, unlock new technology and grow ever closer to your goal of spreading to the stars.",3,,
B0099,A28,Dordogne / A YEAR OF SPRINGS / Botany Manor,"어드벤처, 인디 / 캐주얼, 인디, 시뮬레이션 / 어드벤처","[Dordogne] 이 유년 시절의 여정에서 특별한 내러티브에 몰입하며 도르도뉴의 수천 가지 여름의 색을 탐험하고, 추억을 떠올리며 가족의 비밀을 밝히세요. ‖ [A YEAR OF SPRINGS] 세 명의 여성, 세 개의 이야기, 세 개의 봄. 세 명의 친구들이 사랑, 공감, 그리고 단지 함께하고 싶어하는 감정에 대한 방향을 찾아나가는 3 부작 비주얼 노벨 A YEAR OF SPRINGS 에서 하루, 에리카, 마나미의 이야기를 체험하세요. ‖ [Botany Manor] Welcome to Botany Manor, a stately home in 19th century England. You play as inhabitant Arabella Greene, a retired botanist. Explore your house and gardens, filled with research, t",Heartspell: Horizon Academy,"캐주얼, 인디","Date wizards, match gems, and level up in this match-3 visual novel with a lot of heart and a little spice. Form deep relationships with faeries, sirens and werewolves, each with their own endearing personalities and challenges. Make choices that affect your relationships, and their destinies.",1,GENRE_ONLY,
B0100,A01,It Takes Two / Overcooked! 2 / What Remains of Edith Finch,"액션, 어드벤처 / 액션, 캐주얼, 인디 / 어드벤처, 인디","[It Takes Two] It Takes Two에서 생애 가장 정신없는 여정을 시작하세요. 친구가 무료로 참가할 수 있게 친구 패스*로 초대하고, 함께 힘을 합쳐서 수많은 유쾌하고 획기적인 게임 플레이 챌린지를 헤쳐나가세요. ‖ [Overcooked! 2] 혼란스러운 요리 액션으로 가득한 Overcooked가 돌아왔습니다! 양파 왕국으로 돌아가는 여행을 떠나세요. 클래식 협동 또는 온라인 플레이에서 셰프 팀을 만들어서 최대 4명까지 플레이하세요. 앞치마를 준비하세요... 다시 세상을 구할 때가 되었습니다! ‖ [What Remains of Edith Finch] What Remains of Edith Finch(워트 리메인스 오브 에디스 핀치)는 워싱턴 주에 있는 어느 가족에 대한 이상한 이야기의 모음입니다. 플레이어는 에디스가 되어 거대한 핀치 가택을 탐사하고, 가족사를 연구하며 이야기를 찾고, 왜 가족 중에서 그녀만 살아남았는지 알아내야 합니다. 각 이야기는 새로운 가족 구성",The Berlin Apartment,"어드벤처, 인디",하나의 아파트에 얽힌 여러 사연: 한 세기 동안 베를린의 한 아파트를 거쳐 간 여러 주민의 인생과 이들 삶의 변곡점을 엿보세요.,3,,
B0101,A01,It Takes Two / Overcooked! 2 / What Remains of Edith Finch,"액션, 어드벤처 / 액션, 캐주얼, 인디 / 어드벤처, 인디","[It Takes Two] It Takes Two에서 생애 가장 정신없는 여정을 시작하세요. 친구가 무료로 참가할 수 있게 친구 패스*로 초대하고, 함께 힘을 합쳐서 수많은 유쾌하고 획기적인 게임 플레이 챌린지를 헤쳐나가세요. ‖ [Overcooked! 2] 혼란스러운 요리 액션으로 가득한 Overcooked가 돌아왔습니다! 양파 왕국으로 돌아가는 여행을 떠나세요. 클래식 협동 또는 온라인 플레이에서 셰프 팀을 만들어서 최대 4명까지 플레이하세요. 앞치마를 준비하세요... 다시 세상을 구할 때가 되었습니다! ‖ [What Remains of Edith Finch] What Remains of Edith Finch(워트 리메인스 오브 에디스 핀치)는 워싱턴 주에 있는 어느 가족에 대한 이상한 이야기의 모음입니다. 플레이어는 에디스가 되어 거대한 핀치 가택을 탐사하고, 가족사를 연구하며 이야기를 찾고, 왜 가족 중에서 그녀만 살아남았는지 알아내야 합니다. 각 이야기는 새로운 가족 구성",Burger Bots Inc.,"액션, 캐주얼, 인디",An online co-op burger flipping game with scary and strange customers that you shouldn't anger.,2,,
B0102,A27,The Raven Remastered / The Frostrune / Mad Experiments: Escape Room,"어드벤처 / 어드벤처 / 어드벤처, 캐주얼, 인디, 시뮬레이션, 전략","[The Raven Remastered] London, 1964. An ancient ruby is stolen from the British Museum. At the crime scene: a raven feather. Is somebody trying to follow in the footsteps of The Raven, the legendary mast ‖ [The Frostrune] Unravel a mystery inspired by Viking myth and legend in The Frostrune, a classic point-and-click adventure based on historically accurate Norse culture and environments. ‖ [Mad Experiments: Escape Room] 수상 후보에 오른 이스케이프 게임 1인 또는 최대 5인까지 플레이하며 3개의 독특한 방을 탐험하고, 두뇌를 자극하는 퍼즐을 풀며 체셔 교수와 그의 실험에 얽힌 어두운 비밀을 밝혀보세요.",Kathy Rain 2: Soothsayer,"어드벤처, 인디","In this point-and-click urban thriller, down-and-out private eye Kathy Rain will embark on her most dangerous case yet — the pursuit of the notorious serial killer known as the Soothsayer. Find clues, gather evidence, connect the dots, and confront the murderer before the hunter becomes the hunted…",3,,
B0103,A18,Euro Truck Simulator 2 / BeamNG.drive / 아세토 코르사 Assetto Corsa,"인디, 시뮬레이션 / 레이싱, 시뮬레이션, 앞서 해보기 / 인디, 레이싱, 시뮬레이션, 스포츠","[Euro Truck Simulator 2] 도로의 왕이 되어 인상적인 거리를 가로질러 중요한 화물을 배달하는 트럭 운전사가 되어 유럽을 여행하세요! 탐험할 도시가 수십 개나 되므로, 당신의 인내심, 기술, 속도가 모두 한계에 도달할 것입니다. ‖ [BeamNG.drive] 뭐든지 할 수 있는 동적 소프트 보디 물리 시뮬레이터입니다. ‖ [아세토 코르사 Assetto Corsa] 아세토 코르사(Assetto Corsa) v1.16은 새로운 레이저 스캔 트랙 ""라구나 세카(Laguna Seca)"" 및 기다리던 Alfa Romeo Giulia Quadrifoglio를 포함한 7개의 신차를 소개합니다! 체인지로그에서 더 자세한 내용을 확인하세요!",FAST BEAT LOOP RACER GT | 環狀賽車GT,레이싱,"Straight from coin-op to your PC comes the fuel soaked, turbo fired, 1 to 4 players arcade action of FAST BEAT LOOP RACER GT. Race your friends around the world as you compete on 48 tracks set against the cityscapes of Tokyo, Osaka, Shanghai and Beijing.",2,,
B0104,A25,DOOMBLADE / Transiruby / Blast Brigade vs. the Evil Legion of Dr. Cread,"액션, 어드벤처, 인디 / 액션 / 액션, 어드벤처, 인디","[DOOMBLADE] Deep underground, Gloom Girl discovers DOOMBLADE, a sentient weapon hellbent on escape after eons in chains. Together, “Doom and Gloom” embark on a vengeful quest to unlock the pow ‖ [Transiruby] 차원 대륙의 의문을 풀어라! 는 사이보그 소녀 실비가 검과 엘리먼트 샷으로 적을 쓰러뜨리며 앞으로 나아가는 탐색형 액션 게임입니다! ‖ [Blast Brigade vs. the Evil Legion of Dr. Cread] 스릴 넘치는 플랫포밍과 깊이 있는 탐험 세계, 폭발적인 액션으로 가득한 2D 메트로이드배니아 어드벤처 게임을 즐겨보세요! Blast Brigade에서 영웅들로 팀을 구성해 세계를 구하세요!",Slime Rancher 2,"액션, 어드벤처, 캐주얼, 인디, 시뮬레이션","슬라임 바다 너머에 고대의 미스터리가 숨겨져 있고, 더욱 더 말랑말랑한 슬라임들이 넘쳐나는 무지개 섬을 탐험해보세요! 베아트릭스 르뷰의 탐험기는 Slime Rancher의 후속작에서 계속됩니다",0,KEYWORD_MATCH,
B0105,A25,DOOMBLADE / Transiruby / Blast Brigade vs. the Evil Legion of Dr. Cread,"액션, 어드벤처, 인디 / 액션 / 액션, 어드벤처, 인디","[DOOMBLADE] Deep underground, Gloom Girl discovers DOOMBLADE, a sentient weapon hellbent on escape after eons in chains. Together, “Doom and Gloom” embark on a vengeful quest to unlock the pow ‖ [Transiruby] 차원 대륙의 의문을 풀어라! 는 사이보그 소녀 실비가 검과 엘리먼트 샷으로 적을 쓰러뜨리며 앞으로 나아가는 탐색형 액션 게임입니다! ‖ [Blast Brigade vs. the Evil Legion of Dr. Cread] 스릴 넘치는 플랫포밍과 깊이 있는 탐험 세계, 폭발적인 액션으로 가득한 2D 메트로이드배니아 어드벤처 게임을 즐겨보세요! Blast Brigade에서 영웅들로 팀을 구성해 세계를 구하세요!",Lone Fungus: Melody of Spores,"액션, 어드벤처, 인디, RPG","마음이 따뜻해지는 '머쉬룸배니아', 이 광활하고도 밀도 있는 유기적 세계로 모험을 떠나보세요! 레트로의 향수와 현대적 감각의 절묘한 조화!",3,,
B0106,A34,Pid / ChromaGun / Deer & Boy,"어드벤처, 인디 / 액션, 어드벤처, 인디 / 액션, 어드벤처, 인디","[Pid] You are stranded on a strange and peculiar planet. It’s time to embark on your journey and find your way home! Explore a gravity defying and challenging platformer with striking vi ‖ [ChromaGun] Welcome to ChromaTec’s test lab! You’re here to test our state-of-the-art military-grade color-technology: The ChromaGun (patent pending)! Use it to solve our meticulously designed ‖ [Deer & Boy] 도망친 소년은 길 잃은 어린 사슴을 만나 고요하면서도 위태로운 세상을 함께 헤쳐 나갑니다. 퍼즐을 풀고, 높은 곳에 오르고, 위협을 피해 나아가며 당신의 동료는 연약한 아기 사슴에서 어엿한 사슴으로 성장하죠. 혼자서는 할 수 없었던 일을 함께 해내는 법을 배우게 됩니다.",Lil' Guardsman,"어드벤처, 캐주얼, 인디","여러분이 갑자기 성문의 경비 초소를 맡게 된 12세 청소년이라고 상상해 보세요. 이곳에서 엘프, 고블린, 100명이 넘는 기타 캐릭터의 입장을 허가할지 결정해야 합니다. 추리와 내러티브, 퍼즐 게임의 환상적인 조합을 만나보세요.",2,,
B0107,A26,RimWorld / Oxygen Not Included / Unpacking 언패킹,"인디, 시뮬레이션, 전략 / 인디, 시뮬레이션 / 캐주얼, 인디, 시뮬레이션","[RimWorld] 지능형 AI 이야기꾼이 주도하는 공상과학 정착지 시뮬레이터입니다. 심리, 생태, 총격전과 근접전, 날씨, 기후, 외교, 사람 사이의 관계, 예술, 의학, 무역, 그 외 많은 것들을 시뮬레이션하여 이야기를 생성합니다. ‖ [Oxygen Not Included] Oxygen Not Included는 우주 콜로니 시뮬레이션 게임입니다. 외계의 우주 암석 깊은 곳에서 근면한 일꾼들은 생존하고 나아가 번영하기 위해 과학을 마스터하고, 낯선 새로운 생명체에 맞서며, 경이로운 우주 테크놀로지를 활용해야 합니다. ‖ [Unpacking 언패킹] Unpacking은 상자에서 짐을 꺼내 새집에 맞게 배치하는 친숙한 체험에 대한 명상적 퍼즐 게임입니다. 게임의 일부인 블록 맞추기 게임과 집 꾸미기를 하는 동안, 푸는 짐에 닮긴 삶의 실마리를 찾아가며 만족할 만한 생활 공간을 만들어 보세요.",Blueprint Tycoon,"캐주얼, 인디, 시뮬레이션","Build your settlement, gather goods, ensure maximum efficiency and make a profit!",2,,
B0108,A27,The Raven Remastered / The Frostrune / Mad Experiments: Escape Room,"어드벤처 / 어드벤처 / 어드벤처, 캐주얼, 인디, 시뮬레이션, 전략","[The Raven Remastered] London, 1964. An ancient ruby is stolen from the British Museum. At the crime scene: a raven feather. Is somebody trying to follow in the footsteps of The Raven, the legendary mast ‖ [The Frostrune] Unravel a mystery inspired by Viking myth and legend in The Frostrune, a classic point-and-click adventure based on historically accurate Norse culture and environments. ‖ [Mad Experiments: Escape Room] 수상 후보에 오른 이스케이프 게임 1인 또는 최대 5인까지 플레이하며 3개의 독특한 방을 탐험하고, 두뇌를 자극하는 퍼즐을 풀며 체셔 교수와 그의 실험에 얽힌 어두운 비밀을 밝혀보세요.",Myst: Masterpiece Edition,"어드벤처, 캐주얼","The classic Myst experience with point and click controls, released as a remaster to the original in 2000. Enter a world where nothing is as it seems... and adventure knows no bounds!",3,,
B0109,A12,Baldur's Gate 3 / Mount & Blade II: Bannerlord / Kenshi,"어드벤처, RPG, 전략 / 액션, 인디, RPG, 시뮬레이션, 전략 / 액션, 인디, RPG, 시뮬레이션, 전략","[Baldur's Gate 3] Baldur’s Gate 3 is a story-rich, party-based RPG set in the universe of Dungeons & Dragons, where your choices shape a tale of fellowship and betrayal, survival and sacrifice, and  ‖ [Mount & Blade II: Bannerlord] 본 게임은 전략/액션 RPG입니다. 캐릭터를 생성하고, 외교에 참여하고, 제작, 거래를 하고, 방대한 중세풍의 샌드박스에서 새로운 땅을 정복하십시오. 군대를 일으켜 전쟁에 뛰어들고, 깊이가 있으나 직관적인 실력 기반의 전투 시스템을 채용한 대규모 실시간 전투에서 자신의 부대에 명령을 내리고 함께 싸우십시오. ‖ [Kenshi] 자유롭게 돌아다니는 분대 기반의 RPG. 스토리를 따라가는 대신 제한 없는 샌드박스식 게임플레이에 중점을 두었습니다. 무역상, 도둑, 반란군, 전쟁 군주, 모험가, 농부, 노예 등 다양한 삶을 체험할 수 있습니다. 운이 나쁘면 식인종의 먹잇감으로 전락할지도 모르죠. 새로운 장비를 연구하거나 제작해 보세요.",Neverwinter Nights: Enhanced Edition,RPG,Return to the Forgotten Realms in this bestselling Dungeons & Dragons roleplaying game. Combines all the content of Neverwinter Nights Diamond Edition with all-new enhanced features. Includes 100+ hours of award-winning adventures and the tools to create your own!,3,,
B0110,A04,Hollow Knight / Dead Cells / Celeste,"액션, 어드벤처, 인디 / 액션, 어드벤처, 인디 / 액션, 어드벤처, 인디","[Hollow Knight] 할로우 나이트에서 자신만의 길을 구축하세요! 크게 파괴된 곤충과 영웅의 왕국을 통한 서사 액션 어드벤처입니다. 손으로 그린 클래식 2D 스타일로 구불구불한 동굴을 탐험하고 오염된 생물과 싸우고 이상한 곤충들과 친구가 되어 보세요. ‖ [Dead Cells] 데드 셀(Dead Cells)는 메트로배니아에서 영감을 받은 로그라이트 액션 플랫포머 게임입니다. 2D 소울 라이트 전투에서 성을 지키는 수호자들을 물리치고 끊임없이 변화하는 거대한 성을 탐험하게 됩니다. 세이브 포인트는 없습니다. 죽이고, 죽고, 배우고, 반복하세요. ‖ [Celeste] 타워폴(TowerFall) 시리즈의 개발자들이 만든 이 초밀착형 플랫폼 게임을 플레이하고, 매들린이 셀레스트 산 정상으로 향하는 여정에서 내면의 악마에게서 살아남을 수 있게 도와주세요. 한땀 한땀 손수 제작한 수백 가지의 도전 과제에 맞서고, 사악한 비밀을 밝혀내고, 산에 숨겨진 수수께끼를 풀어보세요.",포탈 던전,"액션, 인디","은 4인 멀티플레이를 지원하는 액션 로그라이크 게임으로, 친구와 함께 포탈 세계로 들어가서 모험을 펼치고, 마지막 포탈을 찾아 세계를 구할 수 있습니다!",2,,
B0111,A26,RimWorld / Oxygen Not Included / Unpacking 언패킹,"인디, 시뮬레이션, 전략 / 인디, 시뮬레이션 / 캐주얼, 인디, 시뮬레이션","[RimWorld] 지능형 AI 이야기꾼이 주도하는 공상과학 정착지 시뮬레이터입니다. 심리, 생태, 총격전과 근접전, 날씨, 기후, 외교, 사람 사이의 관계, 예술, 의학, 무역, 그 외 많은 것들을 시뮬레이션하여 이야기를 생성합니다. ‖ [Oxygen Not Included] Oxygen Not Included는 우주 콜로니 시뮬레이션 게임입니다. 외계의 우주 암석 깊은 곳에서 근면한 일꾼들은 생존하고 나아가 번영하기 위해 과학을 마스터하고, 낯선 새로운 생명체에 맞서며, 경이로운 우주 테크놀로지를 활용해야 합니다. ‖ [Unpacking 언패킹] Unpacking은 상자에서 짐을 꺼내 새집에 맞게 배치하는 친숙한 체험에 대한 명상적 퍼즐 게임입니다. 게임의 일부인 블록 맞추기 게임과 집 꾸미기를 하는 동안, 푸는 짐에 닮긴 삶의 실마리를 찾아가며 만족할 만한 생활 공간을 만들어 보세요.",IXION,"인디, 시뮬레이션, 전략","IXION은 은하계에서 펼쳐지는 무자비한 도시 건설 오디세이입니다. 여러분은 DOLOS의 프로토타입 우주정거장인 Tiqqun의 관리자가 되어 인프라와 자원, 크루를 관리하면서 보존과 탐사의 균형을 맞추는 임무를 맡았습니다. 차디찬 어둠 속에서 인류의 불꽃을 계속 타오르게 할 수 있습니까?",3,,
B0112,A17,Lethal Company / Phasmophobia / Deep Rock Galactic,"액션, 어드벤처, 인디, 앞서 해보기 / 액션, 인디, 앞서 해보기 / 액션","[Lethal Company] A co-op horror about scavenging at abandoned moons to sell scrap to the Company. ‖ [Phasmophobia] Phasmophobia is a 4 player online co-op psychological horror. Paranormal activity is on the rise and it’s up to you and your team to use all the ghost-hunting equipment at your dis ‖ [Deep Rock Galactic] 딥 락 갤럭틱은 1-4인의 플레이어가 협동하는 FPS 게임으로, 상남자 우주 드워프, 100% 파괴 가능한 맵 환경, 절차적 생성 동굴 지형, 그리고 끊임없이 등장하는 외계 괴물 무리가 특징입니다.",Subterror,"액션, 어드벤처, 인디","Explore abandoned biospheres at the bottom of the ocean, alone or with up to 4 friends.",3,,
B0113,A22,Deck of Ashes / Dicefolk / Cubic Cosmos,"어드벤처, 인디, RPG, 전략 / 캐주얼, 인디, 전략 / 전략","[Deck of Ashes] 덱 오브 애쉬즈(Deck of Ashes)는 전술 카드 전투를 벌이는 어드벤처 게임입니다. 한 번에 한 캐릭터씩 안티히어로 일행을 이끌어 속죄의 여행을 떠나보세요. 저주받은 판타지 세계를 탐험하며 강력한 카드를 찾아보세요. 독특한 전투 덱을 형성하여 적들을 무찌르세요! 잿빛 저주의 세계를 제거하실 수 있겠습니까? ‖ [Dicefolk] 마법 주사위의 힘을 휘두르고 강력한 키메라 팀을 구축해보세요! 수수께끼의 악을 멈추기 위한 택티컬 덱빌딩 로그라이트 모험이 다가오고 있습니다. 키메라 소환사로서, 신화적인 짐승들을 모집하고 완벽한 팀을 만들고, 다이스포크만의 독특한 주사위 메커니즘을 활용하여 승리로 이끌어주세요. ‖ [Cubic Cosmos] Cubic Cosmos is a thrilling fast-paced roguelike card game. You have been trapped in a deadly game. One wrong move could see you reduced to a plaything of the goddess. Can you free",Devil's Deck,"어드벤처, 인디, RPG, 전략","It is a Roguelike card game which owns interesting honeycomb and original combat rules. Whether adventures or combats, have rich variety of options.",3,,
B0114,A09,Roots of Yggdrasil / Ancient Gods / Flick Shot Rogues,"인디, 전략 / RPG, 전략 / 인디, 전략","[Roots of Yggdrasil] Build settlements, explore the Nine Realms, collect artifacts and upgrade your deck to reach the top of Yggdrasil in this post-Ragnarok roguelike city-builder! Can you survive the  ‖ [Ancient Gods] Ancient Gods is a fusion of hero collector and deck-building rogue-lite where you collect your character, fight, and experience exciting events. Any character can use all the cards ‖ [Flick Shot Rogues] 계획하고, 조준하고, 쏘세요! FLICK SHOT ROGUES는 테이블 위에서 물건을 튕기는 촉각적 만족감과 사람들이 좋아하는 턴제 로그라이크의 전략적 깊이를 결합한 게임입니다. 말도 안되는 콤보를 연결하고, 캐릭터, 아이템, 스킬을 잠금 해제하면서, 섬을 정복하세요!",Skogdal,"어드벤처, 인디, 전략","A deckbuilding adventure card game set in a rustic Norwegian town during the 90's. Recruit followers, draft cards and build powerful combos. Explore a hand-crafted world across multiple runs and uncover an unsettling mystery…",3,,
B0115,A01,It Takes Two / Overcooked! 2 / What Remains of Edith Finch,"액션, 어드벤처 / 액션, 캐주얼, 인디 / 어드벤처, 인디","[It Takes Two] It Takes Two에서 생애 가장 정신없는 여정을 시작하세요. 친구가 무료로 참가할 수 있게 친구 패스*로 초대하고, 함께 힘을 합쳐서 수많은 유쾌하고 획기적인 게임 플레이 챌린지를 헤쳐나가세요. ‖ [Overcooked! 2] 혼란스러운 요리 액션으로 가득한 Overcooked가 돌아왔습니다! 양파 왕국으로 돌아가는 여행을 떠나세요. 클래식 협동 또는 온라인 플레이에서 셰프 팀을 만들어서 최대 4명까지 플레이하세요. 앞치마를 준비하세요... 다시 세상을 구할 때가 되었습니다! ‖ [What Remains of Edith Finch] What Remains of Edith Finch(워트 리메인스 오브 에디스 핀치)는 워싱턴 주에 있는 어느 가족에 대한 이상한 이야기의 모음입니다. 플레이어는 에디스가 되어 거대한 핀치 가택을 탐사하고, 가족사를 연구하며 이야기를 찾고, 왜 가족 중에서 그녀만 살아남았는지 알아내야 합니다. 각 이야기는 새로운 가족 구성",Tools Up!,"액션, 어드벤처, 캐주얼, 인디, 시뮬레이션","Tools Up! is an exciting local co-op that tests your renovation and teamwork skills. Paint walls, tear off wallpaper, and move couches against the clock!",3,,
B0116,A17,Lethal Company / Phasmophobia / Deep Rock Galactic,"액션, 어드벤처, 인디, 앞서 해보기 / 액션, 인디, 앞서 해보기 / 액션","[Lethal Company] A co-op horror about scavenging at abandoned moons to sell scrap to the Company. ‖ [Phasmophobia] Phasmophobia is a 4 player online co-op psychological horror. Paranormal activity is on the rise and it’s up to you and your team to use all the ghost-hunting equipment at your dis ‖ [Deep Rock Galactic] 딥 락 갤럭틱은 1-4인의 플레이어가 협동하는 FPS 게임으로, 상남자 우주 드워프, 100% 파괴 가능한 맵 환경, 절차적 생성 동굴 지형, 그리고 끊임없이 등장하는 외계 괴물 무리가 특징입니다.",The Escape: Together,"액션, 인디, 앞서 해보기",The Escape: Together is a 1-3 player Online CO-OP escape horror. The paranormal creature has taken over the house. You must use everything you find to survive and make your runaway.,3,,
B0117,A19,ELDEN RING / Disco Elysium - The Final Cut / Outer Wilds,"액션, RPG / RPG / 액션, 어드벤처","[ELDEN RING] 본 게임은 본격적인 다크 판타지 세계를 무대로 한 액션 RPG입니다. 드넓은 필드와 던전 탐험을 통해 미지의 것들을 발견해 보세요. 앞길을 막아서는 난관과 그것을 극복했을 때의 달성감, 그리고 등장인물들의 의도가 교착하는 군상극도 즐기실 수 있습니다. ‖ [Disco Elysium - The Final Cut] 디스코 엘리시움 - 최종판은 획기적인 오픈 월드 롤플레잉 게임입니다. 당신은 독특한 스킬 시스템을 갖춘 형사로서 오롯한 도시 블록을 당신의 미래를 닦기 위해 다듬을 수 있습니다. 잊지 못할 등장인물들을 심문하거나, 살인 사건을 해결하거나, 뇌물을 받으세요. 영웅이 되거나 인류의 완전한 재앙이 되세요. ‖ [Outer Wilds] Giant Bomb, Polygon, Eurogamer, The Guardian에 의해 2019년 올해의 게임에 이름을 올리며 냉정한 호평과 수상 실적이 있는 Outer Wilds는 무한 시간 루프에 갇힌 태양계에 관한 공개된 세계의 미스터리 게임입니다.",Out There: Ω Edition,"어드벤처, 인디, RPG, 전략","Out There is an award-winning space exploration game blending roguelike, resource management and interactive fiction.",3,,
B0118,A31,Hearts of Iron IV / Europa Universalis IV / Sid Meier's Civilization® V,"시뮬레이션, 전략 / 시뮬레이션, 전략 / 전략","[Hearts of Iron IV] Victory is at your fingertips! Your ability to lead your nation is your supreme weapon, the strategy game Hearts of Iron IV lets you take command of any nation in World War II; the ‖ [Europa Universalis IV] 비교할 수 없는 자유도, 깊이 있는 스토리, 정확한 역사적 고증을 즐기며 국토를 다스리고 세계를 정복하세요. 세계 역사를 새롭게 쓰며 시대를 풍미할 제국을 만드세요. ‖ [Sid Meier's Civilization® V] Create, discover, and download new player-created maps, scenarios, interfaces, and more!",Air Defender,"캐주얼, 인디, 시뮬레이션, 전략, 앞서 해보기","Command the sky in a tense real-time strategy simulation where you manage a nation's air defenses. Analyze radar contacts, scramble interceptor jets, and make split-second decisions to protect your airspace from hostile threats.",2,,
B0119,A34,Pid / ChromaGun / Deer & Boy,"어드벤처, 인디 / 액션, 어드벤처, 인디 / 액션, 어드벤처, 인디","[Pid] You are stranded on a strange and peculiar planet. It’s time to embark on your journey and find your way home! Explore a gravity defying and challenging platformer with striking vi ‖ [ChromaGun] Welcome to ChromaTec’s test lab! You’re here to test our state-of-the-art military-grade color-technology: The ChromaGun (patent pending)! Use it to solve our meticulously designed ‖ [Deer & Boy] 도망친 소년은 길 잃은 어린 사슴을 만나 고요하면서도 위태로운 세상을 함께 헤쳐 나갑니다. 퍼즐을 풀고, 높은 곳에 오르고, 위협을 피해 나아가며 당신의 동료는 연약한 아기 사슴에서 어엿한 사슴으로 성장하죠. 혼자서는 할 수 없었던 일을 함께 해내는 법을 배우게 됩니다.",Gibbon: Beyond the Trees,"액션, 어드벤처, 캐주얼, 인디","긴팔 원숭이의 독특한 동작을 마스터하고 스윙, 슬라이드, 섬머솔트로 수풀이 우거진 정글 캐노피를 달리세요. 영원히 사라졌을지 모를 집을 찾아 떠나는 가족의 생존담을 체험하세요.",3,,
B0120,A10,A Short Hike / ISLANDERS / Gorogoa,"어드벤처, 인디 / 캐주얼, 인디, 전략 / 어드벤처, 캐주얼, 인디","[A Short Hike] Hike, climb, and soar through the peaceful mountainside landscapes of Hawk Peak Provincial Park as you make your way to the summit. ‖ [ISLANDERS] ISLANDERS is a minimalist strategy game about building cities on colorful islands. ‖ [Gorogoa] Gorogoa(고로고아)는 Jason Roberts가 디자인하고 일러스트레이션을 손으로 그린 아름다운 차세대 퍼즐 게임입니다.",Poly Towns,"캐주얼, 인디, 전략",Casual town builder that takes place on floating islands in a fantasy world. Grow your town and manage your resources in this challenging builder.,2,,
B0121,A19,ELDEN RING / Disco Elysium - The Final Cut / Outer Wilds,"액션, RPG / RPG / 액션, 어드벤처","[ELDEN RING] 본 게임은 본격적인 다크 판타지 세계를 무대로 한 액션 RPG입니다. 드넓은 필드와 던전 탐험을 통해 미지의 것들을 발견해 보세요. 앞길을 막아서는 난관과 그것을 극복했을 때의 달성감, 그리고 등장인물들의 의도가 교착하는 군상극도 즐기실 수 있습니다. ‖ [Disco Elysium - The Final Cut] 디스코 엘리시움 - 최종판은 획기적인 오픈 월드 롤플레잉 게임입니다. 당신은 독특한 스킬 시스템을 갖춘 형사로서 오롯한 도시 블록을 당신의 미래를 닦기 위해 다듬을 수 있습니다. 잊지 못할 등장인물들을 심문하거나, 살인 사건을 해결하거나, 뇌물을 받으세요. 영웅이 되거나 인류의 완전한 재앙이 되세요. ‖ [Outer Wilds] Giant Bomb, Polygon, Eurogamer, The Guardian에 의해 2019년 올해의 게임에 이름을 올리며 냉정한 호평과 수상 실적이 있는 Outer Wilds는 무한 시간 루프에 갇힌 태양계에 관한 공개된 세계의 미스터리 게임입니다.",Drifter Star: Evolution,"어드벤처, 캐주얼, 인디, RPG, 전략","별먼지에서 모든 것을 삼키는 우주 주권자로. 이 전례 없는 진화 게임에서 소행성에서 은하까지의 생명 주기를 경험하세요. 모든 흡수는 성장을, 모든 진화는 선택을 가져옵니다. 우주의 궁극적 비밀이 당신을 기다립니다.",1,LOW_QUALITY,
B0122,A35,Project Zomboid / Don't Starve / The Forest,"인디, RPG, 시뮬레이션, 앞서 해보기 / 어드벤처, 인디, 시뮬레이션 / 액션, 어드벤처, 인디, 시뮬레이션","[Project Zomboid] Project Zomboid is the ultimate in zombie survival. Alone or in MP: you loot, build, craft, fight, farm and fish in a struggle to survive. A hardcore RPG skillset, a vast map, mass ‖ [Don't Starve] Don’t Starve is an uncompromising wilderness survival game full of science and magic. Enter a strange and unexplored world full of strange creatures, dangers, and surprises. Gather ‖ [The Forest] As the lone survivor of a passenger jet crash, you find yourself in a mysterious forest battling to stay alive against a society of cannibalistic mutants. Build, explore, survive i",The Seekers: Survival,"액션, 시뮬레이션","After a plane crash, you are the only survivor. You will quickly find out that you are in a remote place, surrounded by unknown creatures.",2,,
B0123,A10,A Short Hike / ISLANDERS / Gorogoa,"어드벤처, 인디 / 캐주얼, 인디, 전략 / 어드벤처, 캐주얼, 인디","[A Short Hike] Hike, climb, and soar through the peaceful mountainside landscapes of Hawk Peak Provincial Park as you make your way to the summit. ‖ [ISLANDERS] ISLANDERS is a minimalist strategy game about building cities on colorful islands. ‖ [Gorogoa] Gorogoa(고로고아)는 Jason Roberts가 디자인하고 일러스트레이션을 손으로 그린 아름다운 차세대 퍼즐 게임입니다.",DemonCrawl,"어드벤처, 인디, RPG, 전략","DemonCrawl is a puzzle roguelite that combines the addicting gameplay of Minesweeper with hundreds of unique items, stages, and abilities!",2,,
B0124,A21,DARK SOULS™ III / The Witcher 3: Wild Hunt / The Elder Scrolls V: Skyrim Special Edition,액션 / RPG / RPG,"[DARK SOULS™ III] 장르를 새로 개척했다는 평가를 들으며 많은 좋은 평가들을 얻고 있는 다크 소울 시리즈는 계속해서 한계를 넘어서, 더욱 야심찬 단계에 도전하고자 하고 있습니다. 준비를 하고 어둠을 밝히십시오! ‖ [The Witcher 3: Wild Hunt] 리비아의 게롤트가 되어 의뢰를 받고 괴물을 사냥하세요. 전쟁의 상처가 가득하고 괴물이 들끓는 대륙을 마음껏 탐험해 보세요. 지금 가장 중요한 일은 대륙의 판도를 뒤바꿀 수도 있는 살아 있는 무기이자 예언의 아이, 시리를 추적하는 것입니다. ‖ [The Elder Scrolls V: Skyrim Special Edition] 200회 이상 올해의 게임에 선정된 The Elder Scrolls V: Skyrim Special Edition이 놀라운 디테일로 판타지에 생명을 불어넣었습니다. Special Edition에는 비평가들의 극찬을 받은 게임 및 새로운 기능이 포함된 애드온이 들어 있습니다.",Eldara,"어드벤처, 캐주얼, 인디, RPG, 시뮬레이션, 앞서 해보기","Descend into Eldara, a dark fantasy idle game where every skill, every monster, and every whispered secret carves your path. Train 17 skills, hunt legendary beasts, command loyal pets, and unravel a forgotten realm — at your own pace, with progress that never stops.",1,MODE_MISMATCH,
B0125,A14,Iron Brigade / Ancient Planet Tower Defense / Creeper World IXE,"액션, 전략 / 캐주얼, 인디, 전략 / 액션, 캐주얼, 인디, 시뮬레이션, 전략","[Iron Brigade] Join The Mobile Trench Brigade and protect humanity from the evil Monovision menace! ‖ [Ancient Planet Tower Defense] 고대 행성 타워 디펜스는 정통 타워 디펜스 게임입니다. 고대 문명의 요새가 외계 침략자들로부터 침략당했습니다. 고대의 강력한 기술을 사용하여 적군의 공격을 물리치십시오! ‖ [Creeper World IXE] The unstoppable alien force known as The Creeper has returned, devouring thousands of worlds in its path, and yours is next. Battle against the Creeper fluid in a groundbreaking pi",Zombie Wars: Invasion,"캐주얼, 인디, 전략","If you like tower defense games , this game is for you ! A game is classic addictive tower defense / defense TD, style game and a lot of features. You can build towers, you can use abilities(bombs and soldiers) and you can use hero!",2,,
B0126,A07,Into the Breach / Monster Train / Mini Metro,"인디, RPG, 시뮬레이션, 전략 / 전략 / 인디, 시뮬레이션, 전략","[Into the Breach] 미래의 강력한 메크를 조종하여 외계 세력을 물리치세요. 이 턴제 전략 게임에서는 세계를 구하려 시도할 때마다 무작위로 새롭게 생성되는 도전이 여러분 앞에 나타납니다. ‖ [Monster Train] Monster Train is a strategic roguelike deck building game with a twist. Set on a train to hell, you’ll use tactical decision making to defend multiple vertical battlegrounds. With  ‖ [Mini Metro] 미니 메트로는 성장하는 도시를 위해 지하철 노선을 설계하는 게임입니다. 역과 역 사이에 노선을 그려서 열차 운행을 시작하세요. 새로운 역이 열리면 노선을 수정해서 노선도를 효율적으로 유지하세요. 한정된 자원을 어느 곳에 사용할 것인지 결정하세요. 도시를 얼마나 오래 유지할 수 있을까요?",Tiny Rails,"어드벤처, 캐주얼, 인디, 시뮬레이션","Tiny Rails is a relaxing train management adventure. Travel across an immersive and meticulously crafted pixel world. Collect hundreds of beautiful cars, each with their own set of stats, to create your own unique multi-car masterpiece!",2,,
B0127,A31,Hearts of Iron IV / Europa Universalis IV / Sid Meier's Civilization® V,"시뮬레이션, 전략 / 시뮬레이션, 전략 / 전략","[Hearts of Iron IV] Victory is at your fingertips! Your ability to lead your nation is your supreme weapon, the strategy game Hearts of Iron IV lets you take command of any nation in World War II; the ‖ [Europa Universalis IV] 비교할 수 없는 자유도, 깊이 있는 스토리, 정확한 역사적 고증을 즐기며 국토를 다스리고 세계를 정복하세요. 세계 역사를 새롭게 쓰며 시대를 풍미할 제국을 만드세요. ‖ [Sid Meier's Civilization® V] Create, discover, and download new player-created maps, scenarios, interfaces, and more!",Third Front: WWII,"인디, 전략","Are you ready to rewrite history and take on the role of ruler of the nation? Show your knowledge of tactics and strategy, become the commander-in-chief of a huge army! Lead the troops of one of the three nations - the USSR, Germany and the Allies - and pave your way for each of them!",2,,
B0128,A07,Into the Breach / Monster Train / Mini Metro,"인디, RPG, 시뮬레이션, 전략 / 전략 / 인디, 시뮬레이션, 전략","[Into the Breach] 미래의 강력한 메크를 조종하여 외계 세력을 물리치세요. 이 턴제 전략 게임에서는 세계를 구하려 시도할 때마다 무작위로 새롭게 생성되는 도전이 여러분 앞에 나타납니다. ‖ [Monster Train] Monster Train is a strategic roguelike deck building game with a twist. Set on a train to hell, you’ll use tactical decision making to defend multiple vertical battlegrounds. With  ‖ [Mini Metro] 미니 메트로는 성장하는 도시를 위해 지하철 노선을 설계하는 게임입니다. 역과 역 사이에 노선을 그려서 열차 운행을 시작하세요. 새로운 역이 열리면 노선을 수정해서 노선도를 효율적으로 유지하세요. 한정된 자원을 어느 곳에 사용할 것인지 결정하세요. 도시를 얼마나 오래 유지할 수 있을까요?",Halfway,"액션, 인디, RPG, 전략","Halfway is a turn-based strategy RPG taking place a few hundred years into the future. Humanity has started colonising new worlds. Until now, they were alone ...",3,,
B0129,A21,DARK SOULS™ III / The Witcher 3: Wild Hunt / The Elder Scrolls V: Skyrim Special Edition,액션 / RPG / RPG,"[DARK SOULS™ III] 장르를 새로 개척했다는 평가를 들으며 많은 좋은 평가들을 얻고 있는 다크 소울 시리즈는 계속해서 한계를 넘어서, 더욱 야심찬 단계에 도전하고자 하고 있습니다. 준비를 하고 어둠을 밝히십시오! ‖ [The Witcher 3: Wild Hunt] 리비아의 게롤트가 되어 의뢰를 받고 괴물을 사냥하세요. 전쟁의 상처가 가득하고 괴물이 들끓는 대륙을 마음껏 탐험해 보세요. 지금 가장 중요한 일은 대륙의 판도를 뒤바꿀 수도 있는 살아 있는 무기이자 예언의 아이, 시리를 추적하는 것입니다. ‖ [The Elder Scrolls V: Skyrim Special Edition] 200회 이상 올해의 게임에 선정된 The Elder Scrolls V: Skyrim Special Edition이 놀라운 디테일로 판타지에 생명을 불어넣었습니다. Special Edition에는 비평가들의 극찬을 받은 게임 및 새로운 기능이 포함된 애드온이 들어 있습니다.",Draconia,"캐주얼, 인디, RPG, 시뮬레이션, 앞서 해보기","Create your dragon, customize it, level it. Explore the world of Draconia and unravel its story. Draconia is an MORPG where YOU play as the dragon!",1,GENRE_ONLY,
B0130,A02,Still Life / Jenny LeClue - Detectivu / Telling Lies,"어드벤처 / 액션, 어드벤처, 캐주얼, 인디 / 어드벤처, 인디, 시뮬레이션",[Still Life] Still Life 2 also now available! ‖ [Jenny LeClue - Detectivu] Jenny LeClue - Detectivu는 조사와 선택지로 가득한 스릴 넘치는 미스터리 어드벤처 게임입니다. ‖ [Telling Lies] 네 명의 삶. 그리고 하나의 큰 거짓말. 아무도 모르게 녹화된 은밀한 대화를 들으며 진실을 알아내십시오. 큰 호평을 받았던 Her Story의 계승작입니다.,Hector: Badge of Carnage - Full Series,"어드벤처, 캐주얼",All 3 episodes available now - get the full season!,2,,
B0131,A23,Vomitoreum / Tales of Kenzera™: ZAU / Shantae: Half-Genie Hero,"액션, 어드벤처, 인디 / 액션, 어드벤처, 인디 / 액션, 어드벤처, 인디","[Vomitoreum] Vomitoreum is an FPS Metroidvania with a focus on atmosphere and horror, inspired by the paintings of Zdzisław Beksiński. ‖ [Tales of Kenzera™: ZAU] 샤먼의 춤을 추세요. 아버지의 영혼을 되찾으세요. Surgent Studios가 제작한 메트로이드바니아 스타일의 어드벤처 게임 Tales of Kenzera™: ZAU에서 죽음의 신과 함께 아름답고 위험한 켄제라의 땅으로 용감하게 모험을 떠나세요. ‖ [Shantae: Half-Genie Hero] Shantae embarks on her first full HD adventure! When a mysterious crime wave sweeps Sequin Land, it’s up to Half-Genie Hero Shantae to save the day! Use Shantae’s devastating Hair-",The Siege and the Sandfox,"액션, 어드벤처, 인디","전설의 Sandfox가 되어 모래 속에서 도사리는 사악한 존재의 진정한 위협을 파헤쳐라! 파쿠르 플랫포머 요소를 채용한 2D 은신 메트로바니아 장르! 포위당한 한 왕국의 웅장한 궁궐과 고대 감옥, 그리고 지하에 펼쳐진 유적을 마음껏 누벼라.",3,,
B0132,A29,Salt and Sanctuary,"액션, 인디, RPG","[Salt and Sanctuary] 두렵고도 잔혹한 섬의 탐험을 시작합니다… Salt and Sanctuary는 신속하고, 잔인하며, 복잡한 전투 시스템을 지닌 2D RPG입니다. 저주받은 도시의 잊힌 영역이나, 피에 물든 던전이나, 오염된 기념비와 같은 장소를 돌아다니며, 한때 축복을 받았지만 지금은 타락하고 만 영주들을 조우하세요.",Death's Gambit: Afterlife,"액션, 어드벤처, 인디, RPG","Death's Gambit: Afterlife is a challenging 2D action platformer with deep RPG elements. As an agent of Death bound to his service, unravel the mystery of Siradon and discover the true price of immortality.",3,,
B0133,A34,Pid / ChromaGun / Deer & Boy,"어드벤처, 인디 / 액션, 어드벤처, 인디 / 액션, 어드벤처, 인디","[Pid] You are stranded on a strange and peculiar planet. It’s time to embark on your journey and find your way home! Explore a gravity defying and challenging platformer with striking vi ‖ [ChromaGun] Welcome to ChromaTec’s test lab! You’re here to test our state-of-the-art military-grade color-technology: The ChromaGun (patent pending)! Use it to solve our meticulously designed ‖ [Deer & Boy] 도망친 소년은 길 잃은 어린 사슴을 만나 고요하면서도 위태로운 세상을 함께 헤쳐 나갑니다. 퍼즐을 풀고, 높은 곳에 오르고, 위협을 피해 나아가며 당신의 동료는 연약한 아기 사슴에서 어엿한 사슴으로 성장하죠. 혼자서는 할 수 없었던 일을 함께 해내는 법을 배우게 됩니다.",Girlfriend from Hell,"어드벤처, 캐주얼, 인디, RPG, 시뮬레이션, 스포츠","악마 여자친구와의 기묘한 연애를 관리하고 완전한 혼돈을 경험하라! 이 미친 코미디 어드벤처 게임에서 웃고, 놀라고, 터무니없는 상황을 풀어내 보세요.",0,IRRELEVANT,
B0134,A08,Sid Meier’s Civilization® VI / XCOM® 2 / Stellaris,"전략 / 전략 / 시뮬레이션, 전략","[Sid Meier’s Civilization® VI] 문명 VI 에서는 새로운 방식으로 세상과 소통하고, 제국의 영토를 확장시키며, 문화를 발전시키고, 역사속 위대한 지도자들에 맞서 오래도록 지속될 나만의 문명을 건설해볼 수 있습니다. 클레오파트라를 비롯한 20명의 역사 속 지도자들 중 한명으로 플레이 해보세요. ‖ [XCOM® 2] XCOM 2는 수상 경력이 있는 전략 게임 XCOM: Enemy Unknown의 속편입니다. 인류가 외계인 침략군에게 항복한 지 20년, 이제 지구 상에는 새로운 세계 질서가 존재합니다. 수년간을 어둠 속에서 숨어 있었던 XCOM 부대는 반드시 일어나 외계인의 지배를 무너뜨릴 것입니다. ‖ [Stellaris] 항성간 여행을 통해 우주를 탐험하며 수많은 종족들도 만나보세요. 과학선을 보내 우주를 조사하고 탐험하면서 은하 제국을 건설하고, 건축선을 보내 새로 발견한 행성에 기지를 건설하세요. 소속 사회를 위한 탐험에 나서 매장된 보물과 은하계의 경이를 발견하고, 탐험가의 한계치와 진화 범위를 설정하세요. 동맹이 체결되고, 전쟁이 ",USC: Counterforce,"인디, RPG, 전략","Lead your Space Commandos in a revival of turn-based squad tactics inspired by UFO/XCOM and Aliens. Utilize in-depth skill & combat systems in multiple game modes, including a full campaign. Discover the truth behind the demise of colony MC83-A and join the USC in defending humanity!",3,,
B0135,A08,Sid Meier’s Civilization® VI / XCOM® 2 / Stellaris,"전략 / 전략 / 시뮬레이션, 전략","[Sid Meier’s Civilization® VI] 문명 VI 에서는 새로운 방식으로 세상과 소통하고, 제국의 영토를 확장시키며, 문화를 발전시키고, 역사속 위대한 지도자들에 맞서 오래도록 지속될 나만의 문명을 건설해볼 수 있습니다. 클레오파트라를 비롯한 20명의 역사 속 지도자들 중 한명으로 플레이 해보세요. ‖ [XCOM® 2] XCOM 2는 수상 경력이 있는 전략 게임 XCOM: Enemy Unknown의 속편입니다. 인류가 외계인 침략군에게 항복한 지 20년, 이제 지구 상에는 새로운 세계 질서가 존재합니다. 수년간을 어둠 속에서 숨어 있었던 XCOM 부대는 반드시 일어나 외계인의 지배를 무너뜨릴 것입니다. ‖ [Stellaris] 항성간 여행을 통해 우주를 탐험하며 수많은 종족들도 만나보세요. 과학선을 보내 우주를 조사하고 탐험하면서 은하 제국을 건설하고, 건축선을 보내 새로 발견한 행성에 기지를 건설하세요. 소속 사회를 위한 탐험에 나서 매장된 보물과 은하계의 경이를 발견하고, 탐험가의 한계치와 진화 범위를 설정하세요. 동맹이 체결되고, 전쟁이 ",Epoch of Guardians,"인디, 전략","당신은 문명의 수호자 역할을 맡게 되며, 이 약한 문명이 차근차근 성장하고 발전하도록 돕고, 강력한 적들의 침략에 저항하며, 세계의 문명화된 숲에 굳건히 설 수 있을까요?",2,,
B0136,A25,DOOMBLADE / Transiruby / Blast Brigade vs. the Evil Legion of Dr. Cread,"액션, 어드벤처, 인디 / 액션 / 액션, 어드벤처, 인디","[DOOMBLADE] Deep underground, Gloom Girl discovers DOOMBLADE, a sentient weapon hellbent on escape after eons in chains. Together, “Doom and Gloom” embark on a vengeful quest to unlock the pow ‖ [Transiruby] 차원 대륙의 의문을 풀어라! 는 사이보그 소녀 실비가 검과 엘리먼트 샷으로 적을 쓰러뜨리며 앞으로 나아가는 탐색형 액션 게임입니다! ‖ [Blast Brigade vs. the Evil Legion of Dr. Cread] 스릴 넘치는 플랫포밍과 깊이 있는 탐험 세계, 폭발적인 액션으로 가득한 2D 메트로이드배니아 어드벤처 게임을 즐겨보세요! Blast Brigade에서 영웅들로 팀을 구성해 세계를 구하세요!",SHEEPO,"액션, 어드벤처, 캐주얼, 인디","Explore a strange planet, collect the creatures you find, and then shape-shift into them to expand your world. Build your own path, chat with the locals, and discover the planets sprawling secrets in this quirky metroidvania platformer.",3,,
B0137,A22,Deck of Ashes / Dicefolk / Cubic Cosmos,"어드벤처, 인디, RPG, 전략 / 캐주얼, 인디, 전략 / 전략","[Deck of Ashes] 덱 오브 애쉬즈(Deck of Ashes)는 전술 카드 전투를 벌이는 어드벤처 게임입니다. 한 번에 한 캐릭터씩 안티히어로 일행을 이끌어 속죄의 여행을 떠나보세요. 저주받은 판타지 세계를 탐험하며 강력한 카드를 찾아보세요. 독특한 전투 덱을 형성하여 적들을 무찌르세요! 잿빛 저주의 세계를 제거하실 수 있겠습니까? ‖ [Dicefolk] 마법 주사위의 힘을 휘두르고 강력한 키메라 팀을 구축해보세요! 수수께끼의 악을 멈추기 위한 택티컬 덱빌딩 로그라이트 모험이 다가오고 있습니다. 키메라 소환사로서, 신화적인 짐승들을 모집하고 완벽한 팀을 만들고, 다이스포크만의 독특한 주사위 메커니즘을 활용하여 승리로 이끌어주세요. ‖ [Cubic Cosmos] Cubic Cosmos is a thrilling fast-paced roguelike card game. You have been trapped in a deadly game. One wrong move could see you reduced to a plaything of the goddess. Can you free",Rune Coliseum,"인디, RPG, 전략, 앞서 해보기",독특한 반 실시간 전투 시스템을 갖춘 덱 구축 로그라이크 게임입니다. 고대 검투사의 입장이 되어 콜로세움에서 살아남기 위해 최선을 다하세요. 다양한 스킬과 장비를 조합하고 나만의 전투 스타일을 개발하여 모든 적을 물리치고 다음 챔피언이 되세요!,3,,
B0138,A24,Valheim / Grounded / My Time at Portia,"액션, 어드벤처, 인디, RPG, 앞서 해보기 / 액션, 어드벤처 / 어드벤처, 캐주얼, 인디, RPG, 시뮬레이션","[Valheim] 북구 신화와 바이킹 문화에 기반한 판타지 세계를 배경으로 펼쳐지는 생존 및 탐험 게임. ‖ [Grounded] The world is a vast, beautiful and dangerous place – especially when you have been shrunk to the size of an ant. Can you thrive alongside the hordes of giant insects, fighting to s ‖ [My Time at Portia] 아름다운 Portia 마을에서 새 삶을 시작하세요! 아버지가 방치한 작업장에서 제작을 부탁받고, 작물을 키우고, 가축을 기르고, 아름다운 세기말의 땅에서 특이한 친구들을 사귀며 작업장을 예전의 멋진 모습으로 복원하세요.",Farmer's Life,"캐주얼, 인디, 시뮬레이션","🌾내면에 있는 농부를 풀어보세요. 🚜 활기 넘치는 농장에서의 삶의 기쁨과 도전을 경험할 수 있는 ""농부의 삶""에서 농촌 생활의 소박한 매력에 빠져보세요. 광활한 오픈 월드에 사는 나라를 심고, 키우고, 포용하세요. 다양한 메커니즘과 끝없는 가능성 중에서 선택하세요.",2,,
B0139,A16,The Talos Principle / Rust / Inscryption,"액션, 어드벤처, 인디 / 액션, 어드벤처, 인디, 대규모 멀티플레이어, RPG / 어드벤처, 인디, 전략","[The Talos Principle] 탈로스 법칙은 철학적 SF 소설의 전통을 따른 1인칭 퍼즐 게임입니다. 시리어스 샘을 개발한 크로팀에서 만들었으며, 톰 주버트(FTL, 더 스와퍼)와 조나스 카이라츠(바다는 모든 것을 요구한다.)가 스토리를 작성했습니다. ‖ [Rust] Rust에서의 목표는 오직 하나, 바로 살아남는 것입니다. 섬의 야생 동물, 다른 주민, 환경, 다른 생존자 모두가 여러분의 목숨을 노립니다. 하루 더 살아남을 수 있다면 수단과 방법을 가리지 마세요. ‖ [Inscryption] Inscryption은 검은 잉크로 그려진 카드를 기반으로 한 덱빌딩 로그라이크, 방탈출 퍼즐, 피가 흐르는 심리적 공포 등의 요소가 섞인 여정을 다룹니다. 카드에는 더 어두운 비밀이 새겨져 있습니다…",Raft,"어드벤처, 인디, 시뮬레이션","Raft™ throws you and your friends into an epic oceanic adventure! Alone or together, players battle to survive a perilous voyage across a vast sea! Gather debris, scavenge reefs and build your own floating home, but be wary of the man-eating sharks!",2,,
B0140,A05,Opus Magnum,"인디, 시뮬레이션","[Opus Magnum] Opus Magnum은 SpaceChem, Infinifactory, SHENZHEN I/O를 제작한 Zachtronics의 신작 퍼즐게임입니다. 연금술사들의 최첨단 도구인 변성 기관을 이용해 물약과 독을 만들어내는 기계들을 설계하고 만들어 내세요!",I hate this game,인디,"I hate this game is a logic game, where gameplay changes every level. Solve crazy puzzles and use forgotten functions of your PC! Be attentive, interact with everything that you see on the screen.",1,IRRELEVANT,
B0141,A11,Forza Horizon 5 / Hi-Fi RUSH / Street Fighter 6,"액션, 어드벤처, 레이싱, 시뮬레이션, 스포츠 / 액션 / 액션, 어드벤처","[Forza Horizon 5] 세계 최고의 자동차를 타고 생동감 넘치는 멕시코의 대자연을 탐험하며 재미있는 드라이빙 액션을 마음껏 즐겨보세요. ‖ [Hi-Fi RUSH] 아케이드 챌린지! 업데이트!로 추가되는 두 개의 신규 게임 모드에서 여러분의 능력을 시험하고, 새로운 보상을 획득해 보세요. 몇 가지 비밀도 숨어 있답니다! 락 스타 지망생 차이가 되어 비트를 타고, 세상 모든 게 음악에 싱크되는 세계에서 오합지졸 팀과 함께 사악한 거대 기업에 맞서 싸우세요. ‖ [Street Fighter 6] 시리즈 최신작 『Street Fighter 6』, 2023년 6월 2일 발매 결정! RE ENGINE으로 개발된 본 작품은 대형 모드 「World Tour」, 「Fighting Ground」, 「Battle Hub」로 구성되어 있다. 새로운 「스트리트 파이터」에는 지금까지의 시리즈에는 없었던 새로운 체험이 기다리고 있다.",Plox Neon,"액션, 캐주얼, 인디, 전략",액션으로 가득 찬 퍼즐과 음악 바이트 크기의 아케이드 경험이 일치합니다!,2,,
B0142,A19,ELDEN RING / Disco Elysium - The Final Cut / Outer Wilds,"액션, RPG / RPG / 액션, 어드벤처","[ELDEN RING] 본 게임은 본격적인 다크 판타지 세계를 무대로 한 액션 RPG입니다. 드넓은 필드와 던전 탐험을 통해 미지의 것들을 발견해 보세요. 앞길을 막아서는 난관과 그것을 극복했을 때의 달성감, 그리고 등장인물들의 의도가 교착하는 군상극도 즐기실 수 있습니다. ‖ [Disco Elysium - The Final Cut] 디스코 엘리시움 - 최종판은 획기적인 오픈 월드 롤플레잉 게임입니다. 당신은 독특한 스킬 시스템을 갖춘 형사로서 오롯한 도시 블록을 당신의 미래를 닦기 위해 다듬을 수 있습니다. 잊지 못할 등장인물들을 심문하거나, 살인 사건을 해결하거나, 뇌물을 받으세요. 영웅이 되거나 인류의 완전한 재앙이 되세요. ‖ [Outer Wilds] Giant Bomb, Polygon, Eurogamer, The Guardian에 의해 2019년 올해의 게임에 이름을 올리며 냉정한 호평과 수상 실적이 있는 Outer Wilds는 무한 시간 루프에 갇힌 태양계에 관한 공개된 세계의 미스터리 게임입니다.",빛 없는 세계: There is No Light,"액션, 어드벤처, 인디, RPG",이 잔혹한 액션 어드벤처 RPG 속의 암울한 지하 세계에서 전투를 벌이세요. 적 무리를 제거하고 위험한 보스와 싸우고 원하는 방식으로 세계를 탐험하세요!,2,,
B0143,A16,The Talos Principle / Rust / Inscryption,"액션, 어드벤처, 인디 / 액션, 어드벤처, 인디, 대규모 멀티플레이어, RPG / 어드벤처, 인디, 전략","[The Talos Principle] 탈로스 법칙은 철학적 SF 소설의 전통을 따른 1인칭 퍼즐 게임입니다. 시리어스 샘을 개발한 크로팀에서 만들었으며, 톰 주버트(FTL, 더 스와퍼)와 조나스 카이라츠(바다는 모든 것을 요구한다.)가 스토리를 작성했습니다. ‖ [Rust] Rust에서의 목표는 오직 하나, 바로 살아남는 것입니다. 섬의 야생 동물, 다른 주민, 환경, 다른 생존자 모두가 여러분의 목숨을 노립니다. 하루 더 살아남을 수 있다면 수단과 방법을 가리지 마세요. ‖ [Inscryption] Inscryption은 검은 잉크로 그려진 카드를 기반으로 한 덱빌딩 로그라이크, 방탈출 퍼즐, 피가 흐르는 심리적 공포 등의 요소가 섞인 여정을 다룹니다. 카드에는 더 어두운 비밀이 새겨져 있습니다…",Slay the Spire,"인디, 전략","카드 게임이라는 장르와 로그라이크라는 장르를 합쳐, 저희가 만들 수 있는 최고의 싱글 플레이 덱 빌딩 게임을 만들었습니다. 독창적인 덱을 만들고, 기이한 적들과 조우하며, 엄청난 힘을 가진 유물을 발견하고, 첨탑을 정복해보세요!",3,,
B0144,A12,Baldur's Gate 3 / Mount & Blade II: Bannerlord / Kenshi,"어드벤처, RPG, 전략 / 액션, 인디, RPG, 시뮬레이션, 전략 / 액션, 인디, RPG, 시뮬레이션, 전략","[Baldur's Gate 3] Baldur’s Gate 3 is a story-rich, party-based RPG set in the universe of Dungeons & Dragons, where your choices shape a tale of fellowship and betrayal, survival and sacrifice, and  ‖ [Mount & Blade II: Bannerlord] 본 게임은 전략/액션 RPG입니다. 캐릭터를 생성하고, 외교에 참여하고, 제작, 거래를 하고, 방대한 중세풍의 샌드박스에서 새로운 땅을 정복하십시오. 군대를 일으켜 전쟁에 뛰어들고, 깊이가 있으나 직관적인 실력 기반의 전투 시스템을 채용한 대규모 실시간 전투에서 자신의 부대에 명령을 내리고 함께 싸우십시오. ‖ [Kenshi] 자유롭게 돌아다니는 분대 기반의 RPG. 스토리를 따라가는 대신 제한 없는 샌드박스식 게임플레이에 중점을 두었습니다. 무역상, 도둑, 반란군, 전쟁 군주, 모험가, 농부, 노예 등 다양한 삶을 체험할 수 있습니다. 운이 나쁘면 식인종의 먹잇감으로 전락할지도 모르죠. 새로운 장비를 연구하거나 제작해 보세요.",Inkbound,"액션, 인디, 대규모 멀티플레이어, RPG, 시뮬레이션, 전략","A turn-based tactical roguelike from the creators of Monster Train. Play solo or co-op, create powerful builds, and save the Atheneum.",2,,
B0145,A06,Cities: Skylines / Factorio / Farming Simulator 22,"시뮬레이션, 전략 / 캐주얼, 인디, 시뮬레이션, 전략 / 시뮬레이션","[Cities: Skylines] Cities: Skylines is a modern take on the classic city simulation. The game introduces new game play elements to realize the thrill and hardships of creating and maintaining a real  ‖ [Factorio] Factorio는 무한한 2D 세상에서 복잡성이 증가하는 아이템을 생산하기 위해 자동화 공장을 만드는 게임입니다. - 당신의 상상력으로 공장을 설계, 독창적인 방법으로 간단한 요소를 결합하고 마지막엔 당신을 좋아하지 않는 생물들로 부터 공장을 지키세요. ‖ [Farming Simulator 22] 농장을 만들고 농사를 즐기세요! 작물을 수확하고, 동물을 돌보고, 생산을 관리하고, 계절에 따른 어려움을 이겨내세요.",Ratopia,"어드벤처, 캐주얼, 인디, 시뮬레이션, 전략","경제 전략 서바이벌, 샌드박스, 도시 건설 시뮬레이션 게임의 조합! 거대한 규모와 다양한 콘텐츠로 가득 찬 시뮬레이션 게임입니다. 자신만의 지속 가능한 경제를 설계하여 이상적인 래토피아를 건설하세요!",3,,
B0146,A28,Dordogne / A YEAR OF SPRINGS / Botany Manor,"어드벤처, 인디 / 캐주얼, 인디, 시뮬레이션 / 어드벤처","[Dordogne] 이 유년 시절의 여정에서 특별한 내러티브에 몰입하며 도르도뉴의 수천 가지 여름의 색을 탐험하고, 추억을 떠올리며 가족의 비밀을 밝히세요. ‖ [A YEAR OF SPRINGS] 세 명의 여성, 세 개의 이야기, 세 개의 봄. 세 명의 친구들이 사랑, 공감, 그리고 단지 함께하고 싶어하는 감정에 대한 방향을 찾아나가는 3 부작 비주얼 노벨 A YEAR OF SPRINGS 에서 하루, 에리카, 마나미의 이야기를 체험하세요. ‖ [Botany Manor] Welcome to Botany Manor, a stately home in 19th century England. You play as inhabitant Arabella Greene, a retired botanist. Explore your house and gardens, filled with research, t",ASTROBOTANICA,"어드벤처, 인디, 시뮬레이션, 앞서 해보기","Science-driven exploration adventure on prehistoric Earth with a relaxing vibe. Farming, crafting, puzzle-solving, and exploration on Prehistoric Earth, where you arrive as an alien botanist who is very good at plant research, but... can't breathe oxygen.",3,,
B0147,A28,Dordogne / A YEAR OF SPRINGS / Botany Manor,"어드벤처, 인디 / 캐주얼, 인디, 시뮬레이션 / 어드벤처","[Dordogne] 이 유년 시절의 여정에서 특별한 내러티브에 몰입하며 도르도뉴의 수천 가지 여름의 색을 탐험하고, 추억을 떠올리며 가족의 비밀을 밝히세요. ‖ [A YEAR OF SPRINGS] 세 명의 여성, 세 개의 이야기, 세 개의 봄. 세 명의 친구들이 사랑, 공감, 그리고 단지 함께하고 싶어하는 감정에 대한 방향을 찾아나가는 3 부작 비주얼 노벨 A YEAR OF SPRINGS 에서 하루, 에리카, 마나미의 이야기를 체험하세요. ‖ [Botany Manor] Welcome to Botany Manor, a stately home in 19th century England. You play as inhabitant Arabella Greene, a retired botanist. Explore your house and gardens, filled with research, t",Retreat To Enen,"액션, 어드벤처, 인디","1500년의 시간을 거슬러 올라가는 기지 건설 시뮬레이터. 채취하고, 제작하고, 건설하고, 사냥하고, 명상하며, 에넨 섬의 광활한 바이옴을 탐험하세요. 섬의 비밀을 밝혀내고 꿈에 그리던 나만의 공간을 만들어보세요. 160종이 넘는 고유 아이템을 수집, 제작, 건설하며 개성있는 나만의 보금자리를 꾸미세요.",2,,
B0148,A32,Hardspace: Shipbreaker / Hacknet / The Case of the Golden Idol / 방 탈출 시뮬레이터 / shapez 2 - Factory,"시뮬레이션 / 인디, 시뮬레이션 / 어드벤처, 인디 / 어드벤처, 캐주얼, 인디, 시뮬레이션 / 캐주얼, 인디, 시뮬레이션, 전략","[Hardspace: Shipbreaker] Equipped with cutting-edge salvaging tech, carve & slice spaceships to recover valuable materials. Upgrade your gear to take on more lucrative contracts and pay your billion credit ‖ [Hacknet] Hacknet은 터미널 기반의 몰입형 해킹 시뮬레이터입니다. 최근에 사망한, 그러나 언론 보도와는 달리 사고로 사망하지 않은 해커의 지시에 따라 진실을 추척하십시오. ‖ [The Case of the Golden Idol] A new kind of detective game that allows you to think and investigate freely. Discover clues surrounding 12 strange and gruesome deaths and build your own theory. Pick your suspect ‖ [방 탈출 시뮬레이터] Escape Simulator는 단독 또는 온라인 협동 플레이가 가능한 1인칭 퍼즐 게임입니다. 점점 더 많아지는, 고도의 상호 작용이 가능한 방탈출 세트를 탐험하세요. 가구를 옮기고, 모든 것을 집어 들고 검사하고, 냄비를 부수고 자물쇠를 부수세요! 레벨 편집기를 통해 커뮤니티가 만든 방을 지원합니다. ‖ [shapez 2 - Factory] 공장 건설 게임에 빠져들어 보세요. 단 한 가지에 집중하세요. 대규모 우주 공장을 건설하는 것! 방대하게 펼쳐지는 다층 공장과 만족스러운 생산 라인을 무제한으로 설계하세요. 계속해서 어려워지는 자동화 목표를 적의 위협 없이 자신만의 속도로 달성하세요.",EXAPUNKS,"인디, 시뮬레이션","The year is 1997. You used to be a hacker, but now you have the phage. You made a deal: one hack, one dose. There’s nothing left to lose… except your life.",3,,
B0149,A30,Stardew Valley / Slime Rancher / Raft,"인디, RPG, 시뮬레이션 / 액션, 어드벤처, 인디, 시뮬레이션 / 어드벤처, 인디, 시뮬레이션","[Stardew Valley] You've inherited your grandfather's old farm plot in Stardew Valley. Armed with hand-me-down tools and a few coins, you set out to begin your new life. Can you learn to live off th ‖ [Slime Rancher] 슬라임 랜쳐는 젊고 용감한 랜쳐, 베아트릭스 르뷰가 지구에서 1,000광년 떨어진 '머나먼 평야'에서 슬라임들과 씨름하며 생계를 꾸려나가는 이야기입니다. 긍정적인 마인드와 강인한 의지로 베아트릭스는 진공팩을 사용하여 끊임없이 말랑말랑하게 굴러나오는 슬라임들을 피하며 이름을 알리고, 부자가 되려 합니다. ‖ [Raft] Raft™ throws you and your friends into an epic oceanic adventure! Alone or together, players battle to survive a perilous voyage across a vast sea! Gather debris, scavenge reefs an",Sun Haven,"어드벤처, 캐주얼, 인디, RPG, 시뮬레이션","농장을 건설하고 마을 사람들과의 관계를 쌓거나 마법, 괴물, 드래곤의 모험을 계속하세요. 8인 멀티플레이어에서 스킬 트리를 통해 레벨 업하거나 혼자서 모험하세요!",3,,
B0150,A24,Valheim / Grounded / My Time at Portia,"액션, 어드벤처, 인디, RPG, 앞서 해보기 / 액션, 어드벤처 / 어드벤처, 캐주얼, 인디, RPG, 시뮬레이션","[Valheim] 북구 신화와 바이킹 문화에 기반한 판타지 세계를 배경으로 펼쳐지는 생존 및 탐험 게임. ‖ [Grounded] The world is a vast, beautiful and dangerous place – especially when you have been shrunk to the size of an ant. Can you thrive alongside the hordes of giant insects, fighting to s ‖ [My Time at Portia] 아름다운 Portia 마을에서 새 삶을 시작하세요! 아버지가 방치한 작업장에서 제작을 부탁받고, 작물을 키우고, 가축을 기르고, 아름다운 세기말의 땅에서 특이한 친구들을 사귀며 작업장을 예전의 멋진 모습으로 복원하세요.",Force of Nature 2: Ghost Keeper,"액션, 어드벤처, 인디, RPG, 전략","Force of Nature 2: Ghost Keeper offers incredible adventures full of mystery, danger, exploration and magic. This game combines the genres of Survival, Sandbox, Action, Adventure, RPG, Strategy and Resource Management",3,,
B0151,A14,Iron Brigade / Ancient Planet Tower Defense / Creeper World IXE,"액션, 전략 / 캐주얼, 인디, 전략 / 액션, 캐주얼, 인디, 시뮬레이션, 전략","[Iron Brigade] Join The Mobile Trench Brigade and protect humanity from the evil Monovision menace! ‖ [Ancient Planet Tower Defense] 고대 행성 타워 디펜스는 정통 타워 디펜스 게임입니다. 고대 문명의 요새가 외계 침략자들로부터 침략당했습니다. 고대의 강력한 기술을 사용하여 적군의 공격을 물리치십시오! ‖ [Creeper World IXE] The unstoppable alien force known as The Creeper has returned, devouring thousands of worlds in its path, and yours is next. Battle against the Creeper fluid in a groundbreaking pi",최전선 위기,전략,"강철 거대 로봇을 조종하여 외계 벌레 무리를 물리치세요! 《최전선 위기》에서 서사적인 전투를 경험할 수 있습니다. 당신은 메카를 조종하며 인류의 마지막 희망이 됩니다. 벌레 무리가 가득한 전장에서 전략과 전투가 공존하며, 모든 결정이 생사에 직결됩니다. 당신의 지혜와 용기로 인류의 마지막 안전한 터전을 지키고, 피를 흘리며 인류의 영광을 수호하세요!",3,,
B0152,A11,Forza Horizon 5 / Hi-Fi RUSH / Street Fighter 6,"액션, 어드벤처, 레이싱, 시뮬레이션, 스포츠 / 액션 / 액션, 어드벤처","[Forza Horizon 5] 세계 최고의 자동차를 타고 생동감 넘치는 멕시코의 대자연을 탐험하며 재미있는 드라이빙 액션을 마음껏 즐겨보세요. ‖ [Hi-Fi RUSH] 아케이드 챌린지! 업데이트!로 추가되는 두 개의 신규 게임 모드에서 여러분의 능력을 시험하고, 새로운 보상을 획득해 보세요. 몇 가지 비밀도 숨어 있답니다! 락 스타 지망생 차이가 되어 비트를 타고, 세상 모든 게 음악에 싱크되는 세계에서 오합지졸 팀과 함께 사악한 거대 기업에 맞서 싸우세요. ‖ [Street Fighter 6] 시리즈 최신작 『Street Fighter 6』, 2023년 6월 2일 발매 결정! RE ENGINE으로 개발된 본 작품은 대형 모드 「World Tour」, 「Fighting Ground」, 「Battle Hub」로 구성되어 있다. 새로운 「스트리트 파이터」에는 지금까지의 시리즈에는 없었던 새로운 체험이 기다리고 있다.",Sayonara Wild Hearts,"액션, 캐주얼","Sayonara Wild Hearts는 200mph의 속도로 전개되는 오토바이 질주, 스케이트보딩, 댄스 배틀, 레이저 발사, 검술, 하트의 격파를 전부 즐길 수 있는 꿈결 같은 아케이드 게임입니다.",3,,
B0153,A29,Salt and Sanctuary,"액션, 인디, RPG","[Salt and Sanctuary] 두렵고도 잔혹한 섬의 탐험을 시작합니다… Salt and Sanctuary는 신속하고, 잔인하며, 복잡한 전투 시스템을 지닌 2D RPG입니다. 저주받은 도시의 잊힌 영역이나, 피에 물든 던전이나, 오염된 기념비와 같은 장소를 돌아다니며, 한때 축복을 받았지만 지금은 타락하고 만 영주들을 조우하세요.",Savage Lands,"액션, 어드벤처, 인디, RPG, 시뮬레이션","Your fight for survival begins on the frozen shores of Tarvhas, where bitter cold and vicious creatures conspire to defeat the unprepared. Uncover the land’s dark history as you and fellow explorers traverse an unforgiving and hostile world to tame the Savage Lands.",1,GENRE_ONLY,
B0154,A19,ELDEN RING / Disco Elysium - The Final Cut / Outer Wilds,"액션, RPG / RPG / 액션, 어드벤처","[ELDEN RING] 본 게임은 본격적인 다크 판타지 세계를 무대로 한 액션 RPG입니다. 드넓은 필드와 던전 탐험을 통해 미지의 것들을 발견해 보세요. 앞길을 막아서는 난관과 그것을 극복했을 때의 달성감, 그리고 등장인물들의 의도가 교착하는 군상극도 즐기실 수 있습니다. ‖ [Disco Elysium - The Final Cut] 디스코 엘리시움 - 최종판은 획기적인 오픈 월드 롤플레잉 게임입니다. 당신은 독특한 스킬 시스템을 갖춘 형사로서 오롯한 도시 블록을 당신의 미래를 닦기 위해 다듬을 수 있습니다. 잊지 못할 등장인물들을 심문하거나, 살인 사건을 해결하거나, 뇌물을 받으세요. 영웅이 되거나 인류의 완전한 재앙이 되세요. ‖ [Outer Wilds] Giant Bomb, Polygon, Eurogamer, The Guardian에 의해 2019년 올해의 게임에 이름을 올리며 냉정한 호평과 수상 실적이 있는 Outer Wilds는 무한 시간 루프에 갇힌 태양계에 관한 공개된 세계의 미스터리 게임입니다.",In Other Waters,"어드벤처, 인디",당신은 아름답고 신비로운 외계 바다에 좌초된 우주생물학자를 안내하는 인공지능입니다. 함께 무엇을 발견하게 될까요?,3,,
B0155,A04,Hollow Knight / Dead Cells / Celeste,"액션, 어드벤처, 인디 / 액션, 어드벤처, 인디 / 액션, 어드벤처, 인디","[Hollow Knight] 할로우 나이트에서 자신만의 길을 구축하세요! 크게 파괴된 곤충과 영웅의 왕국을 통한 서사 액션 어드벤처입니다. 손으로 그린 클래식 2D 스타일로 구불구불한 동굴을 탐험하고 오염된 생물과 싸우고 이상한 곤충들과 친구가 되어 보세요. ‖ [Dead Cells] 데드 셀(Dead Cells)는 메트로배니아에서 영감을 받은 로그라이트 액션 플랫포머 게임입니다. 2D 소울 라이트 전투에서 성을 지키는 수호자들을 물리치고 끊임없이 변화하는 거대한 성을 탐험하게 됩니다. 세이브 포인트는 없습니다. 죽이고, 죽고, 배우고, 반복하세요. ‖ [Celeste] 타워폴(TowerFall) 시리즈의 개발자들이 만든 이 초밀착형 플랫폼 게임을 플레이하고, 매들린이 셀레스트 산 정상으로 향하는 여정에서 내면의 악마에게서 살아남을 수 있게 도와주세요. 한땀 한땀 손수 제작한 수백 가지의 도전 과제에 맞서고, 사악한 비밀을 밝혀내고, 산에 숨겨진 수수께끼를 풀어보세요.",마법의 룬스톤,"액션, 어드벤처, 인디","이것은 액션으로 가득 찬 로그라이트 어드벤처 게임입니다. 여러분은 다양한 장비와 축복을 받으며 다양한 역할을 수행하게 될 것입니다. 보물의 축복을 받아, 당신은 끊임없이 강력한 적에게 도전하고 보스를 처치하게 될 것입니다. 또한 이 게임에는 ""생존자 모드""가 포함되어 있습니다. 한 게임, 두 배의 재미. 마음에 드셨으면 좋겠네요.",2,,
B0156,A04,Hollow Knight / Dead Cells / Celeste,"액션, 어드벤처, 인디 / 액션, 어드벤처, 인디 / 액션, 어드벤처, 인디","[Hollow Knight] 할로우 나이트에서 자신만의 길을 구축하세요! 크게 파괴된 곤충과 영웅의 왕국을 통한 서사 액션 어드벤처입니다. 손으로 그린 클래식 2D 스타일로 구불구불한 동굴을 탐험하고 오염된 생물과 싸우고 이상한 곤충들과 친구가 되어 보세요. ‖ [Dead Cells] 데드 셀(Dead Cells)는 메트로배니아에서 영감을 받은 로그라이트 액션 플랫포머 게임입니다. 2D 소울 라이트 전투에서 성을 지키는 수호자들을 물리치고 끊임없이 변화하는 거대한 성을 탐험하게 됩니다. 세이브 포인트는 없습니다. 죽이고, 죽고, 배우고, 반복하세요. ‖ [Celeste] 타워폴(TowerFall) 시리즈의 개발자들이 만든 이 초밀착형 플랫폼 게임을 플레이하고, 매들린이 셀레스트 산 정상으로 향하는 여정에서 내면의 악마에게서 살아남을 수 있게 도와주세요. 한땀 한땀 손수 제작한 수백 가지의 도전 과제에 맞서고, 사악한 비밀을 밝혀내고, 산에 숨겨진 수수께끼를 풀어보세요.",Owlboy,"액션, 어드벤처, 인디",이 비행 어드벤처 플랫폼 게임에서 활기 넘치는 픽셀 월드를 탐험해 보세요.,3,,
B0157,A22,Deck of Ashes / Dicefolk / Cubic Cosmos,"어드벤처, 인디, RPG, 전략 / 캐주얼, 인디, 전략 / 전략","[Deck of Ashes] 덱 오브 애쉬즈(Deck of Ashes)는 전술 카드 전투를 벌이는 어드벤처 게임입니다. 한 번에 한 캐릭터씩 안티히어로 일행을 이끌어 속죄의 여행을 떠나보세요. 저주받은 판타지 세계를 탐험하며 강력한 카드를 찾아보세요. 독특한 전투 덱을 형성하여 적들을 무찌르세요! 잿빛 저주의 세계를 제거하실 수 있겠습니까? ‖ [Dicefolk] 마법 주사위의 힘을 휘두르고 강력한 키메라 팀을 구축해보세요! 수수께끼의 악을 멈추기 위한 택티컬 덱빌딩 로그라이트 모험이 다가오고 있습니다. 키메라 소환사로서, 신화적인 짐승들을 모집하고 완벽한 팀을 만들고, 다이스포크만의 독특한 주사위 메커니즘을 활용하여 승리로 이끌어주세요. ‖ [Cubic Cosmos] Cubic Cosmos is a thrilling fast-paced roguelike card game. You have been trapped in a deadly game. One wrong move could see you reduced to a plaything of the goddess. Can you free",Castle Morihisa,"인디, 전략",는 가벼운 로그라이크 요소와 전략성을 요구하는 카드 덱 빌딩 게임입니다. 끊임없는 전투를 통해 자신의 덱을 최적화하고 재능 스킬을 연마하세요. 일본 전국 시대의 여러 장군의 능력을 빌려 모히리사 성에 숨겨진 역모의 진상을 밝혀야 합니다.,3,,
B0158,A30,Stardew Valley / Slime Rancher / Raft,"인디, RPG, 시뮬레이션 / 액션, 어드벤처, 인디, 시뮬레이션 / 어드벤처, 인디, 시뮬레이션","[Stardew Valley] You've inherited your grandfather's old farm plot in Stardew Valley. Armed with hand-me-down tools and a few coins, you set out to begin your new life. Can you learn to live off th ‖ [Slime Rancher] 슬라임 랜쳐는 젊고 용감한 랜쳐, 베아트릭스 르뷰가 지구에서 1,000광년 떨어진 '머나먼 평야'에서 슬라임들과 씨름하며 생계를 꾸려나가는 이야기입니다. 긍정적인 마인드와 강인한 의지로 베아트릭스는 진공팩을 사용하여 끊임없이 말랑말랑하게 굴러나오는 슬라임들을 피하며 이름을 알리고, 부자가 되려 합니다. ‖ [Raft] Raft™ throws you and your friends into an epic oceanic adventure! Alone or together, players battle to survive a perilous voyage across a vast sea! Gather debris, scavenge reefs an",Kynseed,"어드벤처, 인디, RPG, 시뮬레이션","아름다운 창의성과 흥미의 세계에서 평생의 모험을 시작하세요. 가족을 키우고, 농장을 맞춤 설정하고, 사업을 운영하며, 아이템을 제작하고, 멋지게 사악한 몬스터들과 싸우세요.",3,,
B0159,A34,Pid / ChromaGun / Deer & Boy,"어드벤처, 인디 / 액션, 어드벤처, 인디 / 액션, 어드벤처, 인디","[Pid] You are stranded on a strange and peculiar planet. It’s time to embark on your journey and find your way home! Explore a gravity defying and challenging platformer with striking vi ‖ [ChromaGun] Welcome to ChromaTec’s test lab! You’re here to test our state-of-the-art military-grade color-technology: The ChromaGun (patent pending)! Use it to solve our meticulously designed ‖ [Deer & Boy] 도망친 소년은 길 잃은 어린 사슴을 만나 고요하면서도 위태로운 세상을 함께 헤쳐 나갑니다. 퍼즐을 풀고, 높은 곳에 오르고, 위협을 피해 나아가며 당신의 동료는 연약한 아기 사슴에서 어엿한 사슴으로 성장하죠. 혼자서는 할 수 없었던 일을 함께 해내는 법을 배우게 됩니다.",Perspective Remastered,"액션, 어드벤처, 인디, RPG",Solve portal-based puzzles using platforming and various other mechanics!,3,,
B0160,A26,RimWorld / Oxygen Not Included / Unpacking 언패킹,"인디, 시뮬레이션, 전략 / 인디, 시뮬레이션 / 캐주얼, 인디, 시뮬레이션","[RimWorld] 지능형 AI 이야기꾼이 주도하는 공상과학 정착지 시뮬레이터입니다. 심리, 생태, 총격전과 근접전, 날씨, 기후, 외교, 사람 사이의 관계, 예술, 의학, 무역, 그 외 많은 것들을 시뮬레이션하여 이야기를 생성합니다. ‖ [Oxygen Not Included] Oxygen Not Included는 우주 콜로니 시뮬레이션 게임입니다. 외계의 우주 암석 깊은 곳에서 근면한 일꾼들은 생존하고 나아가 번영하기 위해 과학을 마스터하고, 낯선 새로운 생명체에 맞서며, 경이로운 우주 테크놀로지를 활용해야 합니다. ‖ [Unpacking 언패킹] Unpacking은 상자에서 짐을 꺼내 새집에 맞게 배치하는 친숙한 체험에 대한 명상적 퍼즐 게임입니다. 게임의 일부인 블록 맞추기 게임과 집 꾸미기를 하는 동안, 푸는 짐에 닮긴 삶의 실마리를 찾아가며 만족할 만한 생활 공간을 만들어 보세요.",Pixel Puzzles: Japan,"캐주얼, 인디, 시뮬레이션",Pixel Puzzles: Japan combines traditional jigsaw puzzle style gameplay with light video-game interactivity.,1,IRRELEVANT,
B0161,A32,Hardspace: Shipbreaker / Hacknet / The Case of the Golden Idol / 방 탈출 시뮬레이터 / shapez 2 - Factory,"시뮬레이션 / 인디, 시뮬레이션 / 어드벤처, 인디 / 어드벤처, 캐주얼, 인디, 시뮬레이션 / 캐주얼, 인디, 시뮬레이션, 전략","[Hardspace: Shipbreaker] Equipped with cutting-edge salvaging tech, carve & slice spaceships to recover valuable materials. Upgrade your gear to take on more lucrative contracts and pay your billion credit ‖ [Hacknet] Hacknet은 터미널 기반의 몰입형 해킹 시뮬레이터입니다. 최근에 사망한, 그러나 언론 보도와는 달리 사고로 사망하지 않은 해커의 지시에 따라 진실을 추척하십시오. ‖ [The Case of the Golden Idol] A new kind of detective game that allows you to think and investigate freely. Discover clues surrounding 12 strange and gruesome deaths and build your own theory. Pick your suspect ‖ [방 탈출 시뮬레이터] Escape Simulator는 단독 또는 온라인 협동 플레이가 가능한 1인칭 퍼즐 게임입니다. 점점 더 많아지는, 고도의 상호 작용이 가능한 방탈출 세트를 탐험하세요. 가구를 옮기고, 모든 것을 집어 들고 검사하고, 냄비를 부수고 자물쇠를 부수세요! 레벨 편집기를 통해 커뮤니티가 만든 방을 지원합니다. ‖ [shapez 2 - Factory] 공장 건설 게임에 빠져들어 보세요. 단 한 가지에 집중하세요. 대규모 우주 공장을 건설하는 것! 방대하게 펼쳐지는 다층 공장과 만족스러운 생산 라인을 무제한으로 설계하세요. 계속해서 어려워지는 자동화 목표를 적의 위협 없이 자신만의 속도로 달성하세요.",FOUNDRY,"인디, 시뮬레이션, 전략, 앞서 해보기","무한한 복셀 세계에서 완벽하게 최적화된 공장 또는 아름다운 예술 작품을 건설하세요. FOUNDRY에서 자원을 채굴 및 수집하고, 계속해서 확장되는 생산 라인을 자동화하고, 복잡한 시스템을 관리하며 기계를 완벽하게 마스터할 방법을 연구해 보세요.",3,,
B0162,A06,Cities: Skylines / Factorio / Farming Simulator 22,"시뮬레이션, 전략 / 캐주얼, 인디, 시뮬레이션, 전략 / 시뮬레이션","[Cities: Skylines] Cities: Skylines is a modern take on the classic city simulation. The game introduces new game play elements to realize the thrill and hardships of creating and maintaining a real  ‖ [Factorio] Factorio는 무한한 2D 세상에서 복잡성이 증가하는 아이템을 생산하기 위해 자동화 공장을 만드는 게임입니다. - 당신의 상상력으로 공장을 설계, 독창적인 방법으로 간단한 요소를 결합하고 마지막엔 당신을 좋아하지 않는 생물들로 부터 공장을 지키세요. ‖ [Farming Simulator 22] 농장을 만들고 농사를 즐기세요! 작물을 수확하고, 동물을 돌보고, 생산을 관리하고, 계절에 따른 어려움을 이겨내세요.",Farming Life,"어드벤처, 캐주얼, 인디, 시뮬레이션","Are you tired of corporate life? Create your own farm! Plant vegetables and fruits, harvest crops, employ workers, take care of animals. Buy farm equipment, manage employees and just relax!",3,,
B0163,A04,Hollow Knight / Dead Cells / Celeste,"액션, 어드벤처, 인디 / 액션, 어드벤처, 인디 / 액션, 어드벤처, 인디","[Hollow Knight] 할로우 나이트에서 자신만의 길을 구축하세요! 크게 파괴된 곤충과 영웅의 왕국을 통한 서사 액션 어드벤처입니다. 손으로 그린 클래식 2D 스타일로 구불구불한 동굴을 탐험하고 오염된 생물과 싸우고 이상한 곤충들과 친구가 되어 보세요. ‖ [Dead Cells] 데드 셀(Dead Cells)는 메트로배니아에서 영감을 받은 로그라이트 액션 플랫포머 게임입니다. 2D 소울 라이트 전투에서 성을 지키는 수호자들을 물리치고 끊임없이 변화하는 거대한 성을 탐험하게 됩니다. 세이브 포인트는 없습니다. 죽이고, 죽고, 배우고, 반복하세요. ‖ [Celeste] 타워폴(TowerFall) 시리즈의 개발자들이 만든 이 초밀착형 플랫폼 게임을 플레이하고, 매들린이 셀레스트 산 정상으로 향하는 여정에서 내면의 악마에게서 살아남을 수 있게 도와주세요. 한땀 한땀 손수 제작한 수백 가지의 도전 과제에 맞서고, 사악한 비밀을 밝혀내고, 산에 숨겨진 수수께끼를 풀어보세요.",A Short Hike,"어드벤처, 인디","Hike, climb, and soar through the peaceful mountainside landscapes of Hawk Peak Provincial Park as you make your way to the summit.",2,,
B0164,A05,Opus Magnum,"인디, 시뮬레이션","[Opus Magnum] Opus Magnum은 SpaceChem, Infinifactory, SHENZHEN I/O를 제작한 Zachtronics의 신작 퍼즐게임입니다. 연금술사들의 최첨단 도구인 변성 기관을 이용해 물약과 독을 만들어내는 기계들을 설계하고 만들어 내세요!",Automachef,"인디, 시뮬레이션","Welcome to Automachef, a resource management puzzler where you design kitchens, program machinery and watch your genius come to life! It’s time to engineer tomorrow’s kitchen, today!",3,,
B0165,A15,서브노티카 / The Long Dark / No Man's Sky,"어드벤처, 인디 / 어드벤처, 인디, 시뮬레이션, 전략 / 액션, 어드벤처","[서브노티카] 위험과 경이로움이 가득한 외계의 바다 속으로 내려가세요. 장비를 제작하고, 잠수함을 조종하며 야생 생물보다 앞서가세요. 우거진 산호초, 화산, 동굴 같은 많은 장소들을 탐험하세요. 물론 살아남는 걸 잊으면 안 되겠죠. ‖ [The Long Dark] The Long Dark는 깊은 생각을 요구하는 탐험 생존 게임입니다. 플레이어는 지구 자기장 이상으로 인한 대재앙이 휩쓸고 간 세상에서 혼자 드넓은 설원 황무지를 탐험하며 살아남아야 합니다. 좀비는 등장하지 않으며 오직 플레이어와 추위, 그리고 자연 속의 위험들만 존재합니다. 고요한 종말의 세상에 오신 것을 환영합니다. ‖ [No Man's Sky] No Man's Sky는 무한히 펼쳐지는 우주에서의 탐험과 생존을 그린 SF 게임입니다.",Lost Scavenger,"어드벤처, 인디, RPG, 시뮬레이션, 전략, 앞서 해보기","안개가 규칙을 지시하는 평행 우주에서 얼마나 오래 살아남을 수 있었습니까? 당신은 당신의 고향으로가는 길을 찾을 수 있습니까, 아니면 미스트 영역 아래에서 살기 위해 적응할 것입니까? 자원을 위해 싸우고, 다른 생존자들과 함께 하고이 세상의 비밀을 발견하십시오.",2,,
B0166,A11,Forza Horizon 5 / Hi-Fi RUSH / Street Fighter 6,"액션, 어드벤처, 레이싱, 시뮬레이션, 스포츠 / 액션 / 액션, 어드벤처","[Forza Horizon 5] 세계 최고의 자동차를 타고 생동감 넘치는 멕시코의 대자연을 탐험하며 재미있는 드라이빙 액션을 마음껏 즐겨보세요. ‖ [Hi-Fi RUSH] 아케이드 챌린지! 업데이트!로 추가되는 두 개의 신규 게임 모드에서 여러분의 능력을 시험하고, 새로운 보상을 획득해 보세요. 몇 가지 비밀도 숨어 있답니다! 락 스타 지망생 차이가 되어 비트를 타고, 세상 모든 게 음악에 싱크되는 세계에서 오합지졸 팀과 함께 사악한 거대 기업에 맞서 싸우세요. ‖ [Street Fighter 6] 시리즈 최신작 『Street Fighter 6』, 2023년 6월 2일 발매 결정! RE ENGINE으로 개발된 본 작품은 대형 모드 「World Tour」, 「Fighting Ground」, 「Battle Hub」로 구성되어 있다. 새로운 「스트리트 파이터」에는 지금까지의 시리즈에는 없었던 새로운 체험이 기다리고 있다.",Million Arthur: Arcana Blood,액션,Steam 최초로 최고 중의 최고인 2D 파이터 Million Arthur: Arcana Blood를 선보일 준비가 완료됐습니다! 히트작 Million Arthur 시리즈의 유명한 캐릭터와 다양한 게스트 파이터가 등장합니다!,2,,
B0167,A21,DARK SOULS™ III / The Witcher 3: Wild Hunt / The Elder Scrolls V: Skyrim Special Edition,액션 / RPG / RPG,"[DARK SOULS™ III] 장르를 새로 개척했다는 평가를 들으며 많은 좋은 평가들을 얻고 있는 다크 소울 시리즈는 계속해서 한계를 넘어서, 더욱 야심찬 단계에 도전하고자 하고 있습니다. 준비를 하고 어둠을 밝히십시오! ‖ [The Witcher 3: Wild Hunt] 리비아의 게롤트가 되어 의뢰를 받고 괴물을 사냥하세요. 전쟁의 상처가 가득하고 괴물이 들끓는 대륙을 마음껏 탐험해 보세요. 지금 가장 중요한 일은 대륙의 판도를 뒤바꿀 수도 있는 살아 있는 무기이자 예언의 아이, 시리를 추적하는 것입니다. ‖ [The Elder Scrolls V: Skyrim Special Edition] 200회 이상 올해의 게임에 선정된 The Elder Scrolls V: Skyrim Special Edition이 놀라운 디테일로 판타지에 생명을 불어넣었습니다. Special Edition에는 비평가들의 극찬을 받은 게임 및 새로운 기능이 포함된 애드온이 들어 있습니다.",Dolmen,"액션, 어드벤처, 인디, RPG",미래적인 SF와 코즈믹 호러 요소의 융합으로 탄생한 새로운 공포 액션 RPG 을 만나보세요. 적 세력을 격퇴하고 임무를 달성하시겠습니까? 아니면 무력하게 세상에서 소멸하시겠습니까?,2,,
B0168,A03,Balatro / Hades / Vampire Survivors,"캐주얼, 인디, 전략 / 액션, 인디, RPG / 액션, 캐주얼, 인디, RPG","[Balatro] 포커 로그라이크 게임. Balatro는 불법 포커 패로 게임을 하고, 판을 뒤엎는 조커를 발견하고, 아드레날린이 치솟는 강력한 콤보를 만드는 덱 빌딩 게임입니다. ‖ [Hades] Bastion, Transistor, Pyre의 제작사에서 선보이는 이 로그라이크 던전 탐색형 게임에서 핵 앤 슬래시로 지하 세계를 탈출하고 죽음의 신에게 도전하세요. ‖ [Vampire Survivors] 수많은 어둠의 피조물을 쓰러뜨리며 새벽이 올 때까지 생존하세요! Vampire Survivors는 로그라이트 요소를 갖춘 고딕 호러 케주얼 게임입니다. 당신의 선택으로 순식간에 수백 마리의 괴물이 눈덩이처럼 불어날 수 있죠.",Lost in Random: The Eternal Die,"액션, 어드벤처, RPG","주사위 굴리기 기회 하나하나가 중요한, 살아있는 악몽 속으로 뛰어드세요. 주사위를 통해 진행되는 공격으로 유려한 전투를 이어가고, 유물을 중첩해 맹렬한 시너지를 만들고, 멈출 수 없는 기세를 보여주세요. 보드게임에서 영감을 받은 이 로그라이트 던전 크롤러 게임에서 운명을 헤쳐 나가고, 확률을 원하는 대로 뒤틀며 블랙 다이를 쓰러뜨리세요.",3,,
B0169,A33,Garry's Mod / Team Fortress 2 / Left 4 Dead 2,"캐주얼, 인디, 시뮬레이션 / 액션, 무료 플레이 / 액션","[Garry's Mod] Garry's Mod is a physics sandbox. There aren't any predefined aims or goals. We give you the tools and leave you to play. ‖ [Team Fortress 2] 다양한 전술적 능력과 뚜렷한 개성을 갖춘 9가지 병과의 캐릭터를 플레이하세요. 끊임없이 업데이트되는 새로운 게임 모드, 맵, 장비 그리고 가장 중요한 모자까지 지금 바로 즐겨보세요! ‖ [Left 4 Dead 2] Set in the zombie apocalypse, Left 4 Dead 2 is a co-operative action horror FPS takes you and your friends through the cities, swamps and cemeteries of the Deep South, from Savanna",Sand:box,"캐주얼, 인디, 시뮬레이션, 무료 플레이","""Falling sand"" style particle sandbox, now with circuits and stickmen!",2,,
B0170,A13,Death's Door / Children of Morta / Roboquest / Spelunky 2 / Nuclear Throne / Streets of Rogue / Neon Abyss / Curse of the Dead Gods / Rogue Legacy 2 / Have a Nice Death,"액션, 어드벤처, 인디, RPG / 액션, 어드벤처, 인디, RPG / 액션, 인디 / 액션, 인디 / 액션, 인디, RPG / 액션, 어드벤처, 인디, RPG / 액션, 어드벤처, 인디, RPG / 액션, 어드벤처 / 액션, 어드벤처, 인디, RPG / 액션, 인디","[Death's Door] 죽은 자의 영혼을 수확하고 시간을 끝내는 것은 단조로울 수 있지만 까마귀에겐 평범한 일입니다. 하지만 주어진 영혼을 도둑맞게 되면 변화가 일어납니다. 영혼을 도난하고 죽음의 손길이 닿지 않는 영역으로 도망친 절망적인 도둑을 추적하십시오. ‖ [Children of Morta] Children of Morta는 비범한 가족 영웅에 대한 스토리 중심의 액션 RPG 게임입니다. 다가오는 부패에 맞서 모든 결함과 미덕을 갖춘 베르그송 가를 이끄세요. 여러분은 여러분이 아끼는 사람들을 구하기 위해 모든 것을 희생할 수 있으신가요? ‖ [Roboquest] 로보퀘스트는 멸망한 미래 세계의 빠른 FPS 로그라이트입니다. 당신은 재부팅된 수호자로, 강철 궁둥짝을 걷어 찰 준비를 하세요! 혼자서 혹은 친구와 함께 맞서거나 끊임없이 변화하는 환경에서 치명적인 로봇 군단을 섬멸하세요. ‖ [Spelunky 2] Spelunky 2 builds upon the unique, randomized challenges that made the original a roguelike classic, offering a huge adventure designed to satisfy players old and new. Meet the nex ‖ [Nuclear Throne] Nuclear Throne은 포스트 아포칼립스 세계관의 로그라이크 스타일 탑다운 슈터입니다. 여기서 말하는 포스트 아포칼립스는 '인류의 마지막 희망'이 남아 있는 세계가 아니라, '인류는 멸종했고 이제 돌연변이와 괴물들이 세상을 돌아다니는' 그런 세계입니다. 과연 당신은 뉴클리어 쓰론에 도달할 수 있을까요? ‖ [Streets of Rogue] 싸워서 몰래 들어가 임의 생성된 도시를 공격하세요. Nuclear Throne은 무법천지 GTA와 Deus Ex가 혼합된 형태입니다. Rogue-lite가 몰입도 높은 캐릭터를 만나 너무 재미있습니다. ‖ [Neon Abyss] Neon Abyss는 고속의 로그라이크 액션 플랫포머로, 하데스가 만든 '그림 스쿼드'의 일원이 되어 어비스로 총을 들고 뛰어드는 런 앤 건 게임입니다. 무한한 아이템 시너지와 던전 진화 시스템으로, 매번 게임을 할 때마다 다른 경험과 새로운 도전이 등장합니다. 진짜 지옥을 보여주세요! ‖ [Curse of the Dead Gods] 엄청난 부, 영원한 생명, 신성한 힘을 탐하는 마음이 당신을 끝없는 지옥 속의 미로, 치명적인 함정 및 몬스터가 우글거리는 이 저주받은 사원으로 이끌었습니다. ‖ [Rogue Legacy 2] 로그 레거시 2는 로그 레거시에 후속편을 끼얹은 작품입니다. 당신이 죽을 때마다 자식이 가업을 이어받습니다. 딸은 색맹 궁수이고 아들은 평화주의자 요리사일 수도 있죠. 어쨌거나 둘 중 한 명은 전장으로 나가야 합니다. ‖ [Have a Nice Death] Have a Nice Death는 과로에 고생하는 데스가 되어 플레이하는 2D 액션 로그라이크로, 통제 불능인 직원들 때문에 영혼의 균형과 데스의 휴가 계획이 틀어지고 말았습니다. 질서를 회복하려면 대낫을 들고 직원들과 서열 정리를 해야 합니다.",메크 아르마,"인디, 전략","이 포스트 아포칼립스 전술 턴제 로그라이트 게임에서 커스텀 메크에게 군단을 능가할 수 있도록 명령을 내려 보세요. 지형을 활용하고, 각 메크만의 독특한 스킬을 익히며, 전략과 자원을 사용해 끊임없이 변화되는 전투에서 살아남아 인류에게 희망을 안겨보세요.",2,,
B0171,A13,Death's Door / Children of Morta / Roboquest / Spelunky 2 / Nuclear Throne / Streets of Rogue / Neon Abyss / Curse of the Dead Gods / Rogue Legacy 2 / Have a Nice Death,"액션, 어드벤처, 인디, RPG / 액션, 어드벤처, 인디, RPG / 액션, 인디 / 액션, 인디 / 액션, 인디, RPG / 액션, 어드벤처, 인디, RPG / 액션, 어드벤처, 인디, RPG / 액션, 어드벤처 / 액션, 어드벤처, 인디, RPG / 액션, 인디","[Death's Door] 죽은 자의 영혼을 수확하고 시간을 끝내는 것은 단조로울 수 있지만 까마귀에겐 평범한 일입니다. 하지만 주어진 영혼을 도둑맞게 되면 변화가 일어납니다. 영혼을 도난하고 죽음의 손길이 닿지 않는 영역으로 도망친 절망적인 도둑을 추적하십시오. ‖ [Children of Morta] Children of Morta는 비범한 가족 영웅에 대한 스토리 중심의 액션 RPG 게임입니다. 다가오는 부패에 맞서 모든 결함과 미덕을 갖춘 베르그송 가를 이끄세요. 여러분은 여러분이 아끼는 사람들을 구하기 위해 모든 것을 희생할 수 있으신가요? ‖ [Roboquest] 로보퀘스트는 멸망한 미래 세계의 빠른 FPS 로그라이트입니다. 당신은 재부팅된 수호자로, 강철 궁둥짝을 걷어 찰 준비를 하세요! 혼자서 혹은 친구와 함께 맞서거나 끊임없이 변화하는 환경에서 치명적인 로봇 군단을 섬멸하세요. ‖ [Spelunky 2] Spelunky 2 builds upon the unique, randomized challenges that made the original a roguelike classic, offering a huge adventure designed to satisfy players old and new. Meet the nex ‖ [Nuclear Throne] Nuclear Throne은 포스트 아포칼립스 세계관의 로그라이크 스타일 탑다운 슈터입니다. 여기서 말하는 포스트 아포칼립스는 '인류의 마지막 희망'이 남아 있는 세계가 아니라, '인류는 멸종했고 이제 돌연변이와 괴물들이 세상을 돌아다니는' 그런 세계입니다. 과연 당신은 뉴클리어 쓰론에 도달할 수 있을까요? ‖ [Streets of Rogue] 싸워서 몰래 들어가 임의 생성된 도시를 공격하세요. Nuclear Throne은 무법천지 GTA와 Deus Ex가 혼합된 형태입니다. Rogue-lite가 몰입도 높은 캐릭터를 만나 너무 재미있습니다. ‖ [Neon Abyss] Neon Abyss는 고속의 로그라이크 액션 플랫포머로, 하데스가 만든 '그림 스쿼드'의 일원이 되어 어비스로 총을 들고 뛰어드는 런 앤 건 게임입니다. 무한한 아이템 시너지와 던전 진화 시스템으로, 매번 게임을 할 때마다 다른 경험과 새로운 도전이 등장합니다. 진짜 지옥을 보여주세요! ‖ [Curse of the Dead Gods] 엄청난 부, 영원한 생명, 신성한 힘을 탐하는 마음이 당신을 끝없는 지옥 속의 미로, 치명적인 함정 및 몬스터가 우글거리는 이 저주받은 사원으로 이끌었습니다. ‖ [Rogue Legacy 2] 로그 레거시 2는 로그 레거시에 후속편을 끼얹은 작품입니다. 당신이 죽을 때마다 자식이 가업을 이어받습니다. 딸은 색맹 궁수이고 아들은 평화주의자 요리사일 수도 있죠. 어쨌거나 둘 중 한 명은 전장으로 나가야 합니다. ‖ [Have a Nice Death] Have a Nice Death는 과로에 고생하는 데스가 되어 플레이하는 2D 액션 로그라이크로, 통제 불능인 직원들 때문에 영혼의 균형과 데스의 휴가 계획이 틀어지고 말았습니다. 질서를 회복하려면 대낫을 들고 직원들과 서열 정리를 해야 합니다.",Hammerwatch II,"액션, 어드벤처, 인디, RPG","영웅을 모으고 해머워치 성의 던전 너머로 여행을 떠나 지금까지 본 적 없는 픽셀의 세계를 탐험해 보세요. 롤란드 왕의 투쟁에 힘을 보태면서 마을 사람들에게도 도움을 줄 수 있습니다. 맹수와 싸우고, 언데드 무리를 퇴치하고, 악의 세력에 대항하면서 클래식 ARPG의 향수를 만끽하세요.",2,,
B0172,A23,Vomitoreum / Tales of Kenzera™: ZAU / Shantae: Half-Genie Hero,"액션, 어드벤처, 인디 / 액션, 어드벤처, 인디 / 액션, 어드벤처, 인디","[Vomitoreum] Vomitoreum is an FPS Metroidvania with a focus on atmosphere and horror, inspired by the paintings of Zdzisław Beksiński. ‖ [Tales of Kenzera™: ZAU] 샤먼의 춤을 추세요. 아버지의 영혼을 되찾으세요. Surgent Studios가 제작한 메트로이드바니아 스타일의 어드벤처 게임 Tales of Kenzera™: ZAU에서 죽음의 신과 함께 아름답고 위험한 켄제라의 땅으로 용감하게 모험을 떠나세요. ‖ [Shantae: Half-Genie Hero] Shantae embarks on her first full HD adventure! When a mysterious crime wave sweeps Sequin Land, it’s up to Half-Genie Hero Shantae to save the day! Use Shantae’s devastating Hair-",페르시아의 왕자: 잃어버린 왕관,"액션, 어드벤처","시공간을 원하는 대로 바꿀 수 있는 페르시아 신화를 배경으로 한 액션 어드벤처 플랫포머 게임 속에서 스타일리시하고 스릴 넘치는 모험을 즐겨 보세요. 칼싸움의 대가인 사르곤을 전설적인 존재로 만들어 낼 수 있는 건 여러분밖에 없습니다! 묘기와도 같은 전투 기술을 숙달하고 새로운 시간의 힘뿐만 아니라, 특별한 능력을 손에 넣어 보세요.",3,,
B0173,A22,Deck of Ashes / Dicefolk / Cubic Cosmos,"어드벤처, 인디, RPG, 전략 / 캐주얼, 인디, 전략 / 전략","[Deck of Ashes] 덱 오브 애쉬즈(Deck of Ashes)는 전술 카드 전투를 벌이는 어드벤처 게임입니다. 한 번에 한 캐릭터씩 안티히어로 일행을 이끌어 속죄의 여행을 떠나보세요. 저주받은 판타지 세계를 탐험하며 강력한 카드를 찾아보세요. 독특한 전투 덱을 형성하여 적들을 무찌르세요! 잿빛 저주의 세계를 제거하실 수 있겠습니까? ‖ [Dicefolk] 마법 주사위의 힘을 휘두르고 강력한 키메라 팀을 구축해보세요! 수수께끼의 악을 멈추기 위한 택티컬 덱빌딩 로그라이트 모험이 다가오고 있습니다. 키메라 소환사로서, 신화적인 짐승들을 모집하고 완벽한 팀을 만들고, 다이스포크만의 독특한 주사위 메커니즘을 활용하여 승리로 이끌어주세요. ‖ [Cubic Cosmos] Cubic Cosmos is a thrilling fast-paced roguelike card game. You have been trapped in a deadly game. One wrong move could see you reduced to a plaything of the goddess. Can you free",Monster X Monster,"어드벤처, 인디, RPG, 전략, 앞서 해보기",This is a Rogue-like RPG card game. You team up 4 monsters to escape the castle defeating all the heroes. Monsters need freedom!,3,,
B0174,A22,Deck of Ashes / Dicefolk / Cubic Cosmos,"어드벤처, 인디, RPG, 전략 / 캐주얼, 인디, 전략 / 전략","[Deck of Ashes] 덱 오브 애쉬즈(Deck of Ashes)는 전술 카드 전투를 벌이는 어드벤처 게임입니다. 한 번에 한 캐릭터씩 안티히어로 일행을 이끌어 속죄의 여행을 떠나보세요. 저주받은 판타지 세계를 탐험하며 강력한 카드를 찾아보세요. 독특한 전투 덱을 형성하여 적들을 무찌르세요! 잿빛 저주의 세계를 제거하실 수 있겠습니까? ‖ [Dicefolk] 마법 주사위의 힘을 휘두르고 강력한 키메라 팀을 구축해보세요! 수수께끼의 악을 멈추기 위한 택티컬 덱빌딩 로그라이트 모험이 다가오고 있습니다. 키메라 소환사로서, 신화적인 짐승들을 모집하고 완벽한 팀을 만들고, 다이스포크만의 독특한 주사위 메커니즘을 활용하여 승리로 이끌어주세요. ‖ [Cubic Cosmos] Cubic Cosmos is a thrilling fast-paced roguelike card game. You have been trapped in a deadly game. One wrong move could see you reduced to a plaything of the goddess. Can you free",FAIRY TAIL 던전스,"어드벤처, 인디, RPG",『FAIRY TAIL 던전즈』는 FAIRY TAIL의 캐릭터가 등장하는 덱 구조형 로그 라이트. 작중 마법을 재현한 매직 카드를 모아 자신만의 덱을 만들어 강력한 몬스터를 쓰러뜨리며 던전 끝까지 향하라!,2,,
B0175,A09,Roots of Yggdrasil / Ancient Gods / Flick Shot Rogues,"인디, 전략 / RPG, 전략 / 인디, 전략","[Roots of Yggdrasil] Build settlements, explore the Nine Realms, collect artifacts and upgrade your deck to reach the top of Yggdrasil in this post-Ragnarok roguelike city-builder! Can you survive the  ‖ [Ancient Gods] Ancient Gods is a fusion of hero collector and deck-building rogue-lite where you collect your character, fight, and experience exciting events. Any character can use all the cards ‖ [Flick Shot Rogues] 계획하고, 조준하고, 쏘세요! FLICK SHOT ROGUES는 테이블 위에서 물건을 튕기는 촉각적 만족감과 사람들이 좋아하는 턴제 로그라이크의 전략적 깊이를 결합한 게임입니다. 말도 안되는 콤보를 연결하고, 캐릭터, 아이템, 스킬을 잠금 해제하면서, 섬을 정복하세요!",Looper Tactics,"어드벤처, 캐주얼, 인디, RPG, 전략","Welcome again, wandering soul. Will this be the time of your success? Watch your steps as you advance in this roguelike-deck builder and engage in auto-battler card encounters of increasing difficulty. Get stronger in each battle, rise from the ashes, and break free from endless reincarnation!",3,,
B0176,A06,Cities: Skylines / Factorio / Farming Simulator 22,"시뮬레이션, 전략 / 캐주얼, 인디, 시뮬레이션, 전략 / 시뮬레이션","[Cities: Skylines] Cities: Skylines is a modern take on the classic city simulation. The game introduces new game play elements to realize the thrill and hardships of creating and maintaining a real  ‖ [Factorio] Factorio는 무한한 2D 세상에서 복잡성이 증가하는 아이템을 생산하기 위해 자동화 공장을 만드는 게임입니다. - 당신의 상상력으로 공장을 설계, 독창적인 방법으로 간단한 요소를 결합하고 마지막엔 당신을 좋아하지 않는 생물들로 부터 공장을 지키세요. ‖ [Farming Simulator 22] 농장을 만들고 농사를 즐기세요! 작물을 수확하고, 동물을 돌보고, 생산을 관리하고, 계절에 따른 어려움을 이겨내세요.",Everafter Falls,"액션, 어드벤처, 캐주얼, 인디, RPG, 시뮬레이션","소박한 삶을 재발견하세요. 새로운 농사 어드벤처에서 농사와 낚시를 하고, 장비를 준비해 평화를 되찾기 위해 싸우세요. 분할 화면 협동, 유용한 펫, 자동 드론, 다재다능 픽시, 카드를 먹는 진행 시스템, 위험한 던전을 만나 보세요!",2,,
B0177,A17,Lethal Company / Phasmophobia / Deep Rock Galactic,"액션, 어드벤처, 인디, 앞서 해보기 / 액션, 인디, 앞서 해보기 / 액션","[Lethal Company] A co-op horror about scavenging at abandoned moons to sell scrap to the Company. ‖ [Phasmophobia] Phasmophobia is a 4 player online co-op psychological horror. Paranormal activity is on the rise and it’s up to you and your team to use all the ghost-hunting equipment at your dis ‖ [Deep Rock Galactic] 딥 락 갤럭틱은 1-4인의 플레이어가 협동하는 FPS 게임으로, 상남자 우주 드워프, 100% 파괴 가능한 맵 환경, 절차적 생성 동굴 지형, 그리고 끊임없이 등장하는 외계 괴물 무리가 특징입니다.",Ocean Keeper Co-op Drill Multiplayer,"액션, 어드벤처, 인디","Ocean Keeper에 뛰어들어라! 이 협동형 로그라이크 게임에서 네 명의 생존 광부가 메크 스파이더를 지키며 끝없는 괴물 무리를 상대로 싸우고 자원을 채굴한다. 친구들과 힘을 합쳐 파도 사이에 장비를 업그레이드하고, 보물로 가득한 깊은 동굴에서 살아남아라… 할 수 있다면.",3,,
B0178,A31,Hearts of Iron IV / Europa Universalis IV / Sid Meier's Civilization® V,"시뮬레이션, 전략 / 시뮬레이션, 전략 / 전략","[Hearts of Iron IV] Victory is at your fingertips! Your ability to lead your nation is your supreme weapon, the strategy game Hearts of Iron IV lets you take command of any nation in World War II; the ‖ [Europa Universalis IV] 비교할 수 없는 자유도, 깊이 있는 스토리, 정확한 역사적 고증을 즐기며 국토를 다스리고 세계를 정복하세요. 세계 역사를 새롭게 쓰며 시대를 풍미할 제국을 만드세요. ‖ [Sid Meier's Civilization® V] Create, discover, and download new player-created maps, scenarios, interfaces, and more!",삼국지14,시뮬레이션,"뺏고 빼앗고 다시 되찾아라! “토지”를 제패하는 자, 천하를 제패한다!",3,,
B0179,A22,Deck of Ashes / Dicefolk / Cubic Cosmos,"어드벤처, 인디, RPG, 전략 / 캐주얼, 인디, 전략 / 전략","[Deck of Ashes] 덱 오브 애쉬즈(Deck of Ashes)는 전술 카드 전투를 벌이는 어드벤처 게임입니다. 한 번에 한 캐릭터씩 안티히어로 일행을 이끌어 속죄의 여행을 떠나보세요. 저주받은 판타지 세계를 탐험하며 강력한 카드를 찾아보세요. 독특한 전투 덱을 형성하여 적들을 무찌르세요! 잿빛 저주의 세계를 제거하실 수 있겠습니까? ‖ [Dicefolk] 마법 주사위의 힘을 휘두르고 강력한 키메라 팀을 구축해보세요! 수수께끼의 악을 멈추기 위한 택티컬 덱빌딩 로그라이트 모험이 다가오고 있습니다. 키메라 소환사로서, 신화적인 짐승들을 모집하고 완벽한 팀을 만들고, 다이스포크만의 독특한 주사위 메커니즘을 활용하여 승리로 이끌어주세요. ‖ [Cubic Cosmos] Cubic Cosmos is a thrilling fast-paced roguelike card game. You have been trapped in a deadly game. One wrong move could see you reduced to a plaything of the goddess. Can you free",Iris and the Giant,"인디, RPG, 전략","Iris and The Giant is a fusion of the CCG, RPG and roguelike genres. You play as Iris, who must brave her fears in her imaginary world. Dive into a melancholic and gripping adventure, filled with cute monsters and buried memories. Ready to face your inner demons?",3,,
B0180,A27,The Raven Remastered / The Frostrune / Mad Experiments: Escape Room,"어드벤처 / 어드벤처 / 어드벤처, 캐주얼, 인디, 시뮬레이션, 전략","[The Raven Remastered] London, 1964. An ancient ruby is stolen from the British Museum. At the crime scene: a raven feather. Is somebody trying to follow in the footsteps of The Raven, the legendary mast ‖ [The Frostrune] Unravel a mystery inspired by Viking myth and legend in The Frostrune, a classic point-and-click adventure based on historically accurate Norse culture and environments. ‖ [Mad Experiments: Escape Room] 수상 후보에 오른 이스케이프 게임 1인 또는 최대 5인까지 플레이하며 3개의 독특한 방을 탐험하고, 두뇌를 자극하는 퍼즐을 풀며 체셔 교수와 그의 실험에 얽힌 어두운 비밀을 밝혀보세요.",9 Clues: The Secret of Serpent Creek,"어드벤처, 캐주얼",Save your missing friend and reveal the corruption of the town’s citizens to stop an evil plot to bring the evil Snake God back to our world.,2,,
B0181,A25,DOOMBLADE / Transiruby / Blast Brigade vs. the Evil Legion of Dr. Cread,"액션, 어드벤처, 인디 / 액션 / 액션, 어드벤처, 인디","[DOOMBLADE] Deep underground, Gloom Girl discovers DOOMBLADE, a sentient weapon hellbent on escape after eons in chains. Together, “Doom and Gloom” embark on a vengeful quest to unlock the pow ‖ [Transiruby] 차원 대륙의 의문을 풀어라! 는 사이보그 소녀 실비가 검과 엘리먼트 샷으로 적을 쓰러뜨리며 앞으로 나아가는 탐색형 액션 게임입니다! ‖ [Blast Brigade vs. the Evil Legion of Dr. Cread] 스릴 넘치는 플랫포밍과 깊이 있는 탐험 세계, 폭발적인 액션으로 가득한 2D 메트로이드배니아 어드벤처 게임을 즐겨보세요! Blast Brigade에서 영웅들로 팀을 구성해 세계를 구하세요!",3000th Duel,"액션, 어드벤처, 인디",3000th Duel은 스피디하고 호쾌한 전투가 매력적인 액션어드벤처입니다. 자신만의 스타일로 마물을 물리치고 깊이를 알수 없는 세계를 탐험하여 거대한 비밀을 파헤치세요.,3,,
B0182,A24,Valheim / Grounded / My Time at Portia,"액션, 어드벤처, 인디, RPG, 앞서 해보기 / 액션, 어드벤처 / 어드벤처, 캐주얼, 인디, RPG, 시뮬레이션","[Valheim] 북구 신화와 바이킹 문화에 기반한 판타지 세계를 배경으로 펼쳐지는 생존 및 탐험 게임. ‖ [Grounded] The world is a vast, beautiful and dangerous place – especially when you have been shrunk to the size of an ant. Can you thrive alongside the hordes of giant insects, fighting to s ‖ [My Time at Portia] 아름다운 Portia 마을에서 새 삶을 시작하세요! 아버지가 방치한 작업장에서 제작을 부탁받고, 작물을 키우고, 가축을 기르고, 아름다운 세기말의 땅에서 특이한 친구들을 사귀며 작업장을 예전의 멋진 모습으로 복원하세요.",Len's Island,"액션, 어드벤처, 인디, RPG","1–8인의 플레이어가 플레이할 수 있는 오픈 월드 생존 제작 게임으로 격렬한 던전 탐험과 ARPG 전투, 평화로운 파밍과 창의적인 건설이 결합되었습니다. 여정을 떠나 위험과 발견할 것들로 가득한 드넓은 절차적 생성 월드를 탐험하세요.",3,,
B0183,A30,Stardew Valley / Slime Rancher / Raft,"인디, RPG, 시뮬레이션 / 액션, 어드벤처, 인디, 시뮬레이션 / 어드벤처, 인디, 시뮬레이션","[Stardew Valley] You've inherited your grandfather's old farm plot in Stardew Valley. Armed with hand-me-down tools and a few coins, you set out to begin your new life. Can you learn to live off th ‖ [Slime Rancher] 슬라임 랜쳐는 젊고 용감한 랜쳐, 베아트릭스 르뷰가 지구에서 1,000광년 떨어진 '머나먼 평야'에서 슬라임들과 씨름하며 생계를 꾸려나가는 이야기입니다. 긍정적인 마인드와 강인한 의지로 베아트릭스는 진공팩을 사용하여 끊임없이 말랑말랑하게 굴러나오는 슬라임들을 피하며 이름을 알리고, 부자가 되려 합니다. ‖ [Raft] Raft™ throws you and your friends into an epic oceanic adventure! Alone or together, players battle to survive a perilous voyage across a vast sea! Gather debris, scavenge reefs an",짱구는 못말려 「탄광마을의 흰둥이」,"어드벤처, 캐주얼, 시뮬레이션",양양 그리고 탄광마을 두개의 세계를 오가는 짱구의 신기 일상이 시작된다.,1,IRRELEVANT,
B0184,A24,Valheim / Grounded / My Time at Portia,"액션, 어드벤처, 인디, RPG, 앞서 해보기 / 액션, 어드벤처 / 어드벤처, 캐주얼, 인디, RPG, 시뮬레이션","[Valheim] 북구 신화와 바이킹 문화에 기반한 판타지 세계를 배경으로 펼쳐지는 생존 및 탐험 게임. ‖ [Grounded] The world is a vast, beautiful and dangerous place – especially when you have been shrunk to the size of an ant. Can you thrive alongside the hordes of giant insects, fighting to s ‖ [My Time at Portia] 아름다운 Portia 마을에서 새 삶을 시작하세요! 아버지가 방치한 작업장에서 제작을 부탁받고, 작물을 키우고, 가축을 기르고, 아름다운 세기말의 땅에서 특이한 친구들을 사귀며 작업장을 예전의 멋진 모습으로 복원하세요.",Drake Hollow,"액션, 어드벤처, 인디","Build and defend villages of vegetable folk from deadly feral beasts in the blighted world of The Hollow. Explore, gather, and fight! You can even invite your friends. Can you craft the perfect village?",3,,
B0185,A04,Hollow Knight / Dead Cells / Celeste,"액션, 어드벤처, 인디 / 액션, 어드벤처, 인디 / 액션, 어드벤처, 인디","[Hollow Knight] 할로우 나이트에서 자신만의 길을 구축하세요! 크게 파괴된 곤충과 영웅의 왕국을 통한 서사 액션 어드벤처입니다. 손으로 그린 클래식 2D 스타일로 구불구불한 동굴을 탐험하고 오염된 생물과 싸우고 이상한 곤충들과 친구가 되어 보세요. ‖ [Dead Cells] 데드 셀(Dead Cells)는 메트로배니아에서 영감을 받은 로그라이트 액션 플랫포머 게임입니다. 2D 소울 라이트 전투에서 성을 지키는 수호자들을 물리치고 끊임없이 변화하는 거대한 성을 탐험하게 됩니다. 세이브 포인트는 없습니다. 죽이고, 죽고, 배우고, 반복하세요. ‖ [Celeste] 타워폴(TowerFall) 시리즈의 개발자들이 만든 이 초밀착형 플랫폼 게임을 플레이하고, 매들린이 셀레스트 산 정상으로 향하는 여정에서 내면의 악마에게서 살아남을 수 있게 도와주세요. 한땀 한땀 손수 제작한 수백 가지의 도전 과제에 맞서고, 사악한 비밀을 밝혀내고, 산에 숨겨진 수수께끼를 풀어보세요.",SHEEPO,"액션, 어드벤처, 캐주얼, 인디","Explore a strange planet, collect the creatures you find, and then shape-shift into them to expand your world. Build your own path, chat with the locals, and discover the planets sprawling secrets in this quirky metroidvania platformer.",3,,
B0186,A13,Death's Door / Children of Morta / Roboquest / Spelunky 2 / Nuclear Throne / Streets of Rogue / Neon Abyss / Curse of the Dead Gods / Rogue Legacy 2 / Have a Nice Death,"액션, 어드벤처, 인디, RPG / 액션, 어드벤처, 인디, RPG / 액션, 인디 / 액션, 인디 / 액션, 인디, RPG / 액션, 어드벤처, 인디, RPG / 액션, 어드벤처, 인디, RPG / 액션, 어드벤처 / 액션, 어드벤처, 인디, RPG / 액션, 인디","[Death's Door] 죽은 자의 영혼을 수확하고 시간을 끝내는 것은 단조로울 수 있지만 까마귀에겐 평범한 일입니다. 하지만 주어진 영혼을 도둑맞게 되면 변화가 일어납니다. 영혼을 도난하고 죽음의 손길이 닿지 않는 영역으로 도망친 절망적인 도둑을 추적하십시오. ‖ [Children of Morta] Children of Morta는 비범한 가족 영웅에 대한 스토리 중심의 액션 RPG 게임입니다. 다가오는 부패에 맞서 모든 결함과 미덕을 갖춘 베르그송 가를 이끄세요. 여러분은 여러분이 아끼는 사람들을 구하기 위해 모든 것을 희생할 수 있으신가요? ‖ [Roboquest] 로보퀘스트는 멸망한 미래 세계의 빠른 FPS 로그라이트입니다. 당신은 재부팅된 수호자로, 강철 궁둥짝을 걷어 찰 준비를 하세요! 혼자서 혹은 친구와 함께 맞서거나 끊임없이 변화하는 환경에서 치명적인 로봇 군단을 섬멸하세요. ‖ [Spelunky 2] Spelunky 2 builds upon the unique, randomized challenges that made the original a roguelike classic, offering a huge adventure designed to satisfy players old and new. Meet the nex ‖ [Nuclear Throne] Nuclear Throne은 포스트 아포칼립스 세계관의 로그라이크 스타일 탑다운 슈터입니다. 여기서 말하는 포스트 아포칼립스는 '인류의 마지막 희망'이 남아 있는 세계가 아니라, '인류는 멸종했고 이제 돌연변이와 괴물들이 세상을 돌아다니는' 그런 세계입니다. 과연 당신은 뉴클리어 쓰론에 도달할 수 있을까요? ‖ [Streets of Rogue] 싸워서 몰래 들어가 임의 생성된 도시를 공격하세요. Nuclear Throne은 무법천지 GTA와 Deus Ex가 혼합된 형태입니다. Rogue-lite가 몰입도 높은 캐릭터를 만나 너무 재미있습니다. ‖ [Neon Abyss] Neon Abyss는 고속의 로그라이크 액션 플랫포머로, 하데스가 만든 '그림 스쿼드'의 일원이 되어 어비스로 총을 들고 뛰어드는 런 앤 건 게임입니다. 무한한 아이템 시너지와 던전 진화 시스템으로, 매번 게임을 할 때마다 다른 경험과 새로운 도전이 등장합니다. 진짜 지옥을 보여주세요! ‖ [Curse of the Dead Gods] 엄청난 부, 영원한 생명, 신성한 힘을 탐하는 마음이 당신을 끝없는 지옥 속의 미로, 치명적인 함정 및 몬스터가 우글거리는 이 저주받은 사원으로 이끌었습니다. ‖ [Rogue Legacy 2] 로그 레거시 2는 로그 레거시에 후속편을 끼얹은 작품입니다. 당신이 죽을 때마다 자식이 가업을 이어받습니다. 딸은 색맹 궁수이고 아들은 평화주의자 요리사일 수도 있죠. 어쨌거나 둘 중 한 명은 전장으로 나가야 합니다. ‖ [Have a Nice Death] Have a Nice Death는 과로에 고생하는 데스가 되어 플레이하는 2D 액션 로그라이크로, 통제 불능인 직원들 때문에 영혼의 균형과 데스의 휴가 계획이 틀어지고 말았습니다. 질서를 회복하려면 대낫을 들고 직원들과 서열 정리를 해야 합니다.",Shovel Knight Dig,"액션, 어드벤처, 인디, RPG, 시뮬레이션, 스포츠, 전략","삽질 기사의 완전히 새로운 모험인 Shovel Knight Dig에서 미스터리의 영변하는 협곡 속으로 내려가며 점프하고, 베어내고, 파내세요!",3,,
B0187,A20,Counter-Strike 2 / PUBG: BATTLEGROUNDS / 톰 클랜시의 레인보우식스 시즈,"액션, 무료 플레이 / 액션, 어드벤처, 대규모 멀티플레이어, 무료 플레이 / 액션, 무료 플레이","[Counter-Strike 2] Counter-Strike는 20년이 넘는 시간 동안 전 세계 수백만 명의 플레이어가 모여 수준 높은 경쟁을 펼칠 수 있는 플랫폼을 제공해 왔습니다. 그리고 이제 곧 Counter-Strike 2와 함께 새로운 CS 시대의 막이 열립니다. ‖ [PUBG: BATTLEGROUNDS] 배틀로얄 유행의 시작이자, 그 정수를 보여준 PUBG: 배틀그라운드를 지금 무료로 플레이하세요! 다양한 맵에 낙하하여 무기와 보급품을 확보하고, 점점 줄어드는 블루존 속에서 끝까지 살아남아 승리를 쟁취하세요. ‖ [톰 클랜시의 레인보우식스 시즈] 톰 클랜시의 레인보우식스 시즈는 탁월한 계획과 기술이 승부를 좌우하는 전술적인 정예 팀 기반 슈팅 게임입니다.",Poly Squad,"액션, 어드벤처, 캐주얼, 대규모 멀티플레이어, 앞서 해보기","폴리 분대; 멀티 플레이어, 팀 기반으로, 다양한 무기를 사용하여 최대 16 ~ 32 명의 플레이어가 참여하는 대형 맵에서 팀으로 싸울 수있는 일종의 게임입니다.",2,,
B0188,A03,Balatro / Hades / Vampire Survivors,"캐주얼, 인디, 전략 / 액션, 인디, RPG / 액션, 캐주얼, 인디, RPG","[Balatro] 포커 로그라이크 게임. Balatro는 불법 포커 패로 게임을 하고, 판을 뒤엎는 조커를 발견하고, 아드레날린이 치솟는 강력한 콤보를 만드는 덱 빌딩 게임입니다. ‖ [Hades] Bastion, Transistor, Pyre의 제작사에서 선보이는 이 로그라이크 던전 탐색형 게임에서 핵 앤 슬래시로 지하 세계를 탈출하고 죽음의 신에게 도전하세요. ‖ [Vampire Survivors] 수많은 어둠의 피조물을 쓰러뜨리며 새벽이 올 때까지 생존하세요! Vampire Survivors는 로그라이트 요소를 갖춘 고딕 호러 케주얼 게임입니다. 당신의 선택으로 순식간에 수백 마리의 괴물이 눈덩이처럼 불어날 수 있죠.",BELOW,"액션, 어드벤처, 인디, RPG",BELOW is a solitary journey through the haunted depths of a forbidden isle. Explore. Survive. Discover.,2,,
B0189,A01,It Takes Two / Overcooked! 2 / What Remains of Edith Finch,"액션, 어드벤처 / 액션, 캐주얼, 인디 / 어드벤처, 인디","[It Takes Two] It Takes Two에서 생애 가장 정신없는 여정을 시작하세요. 친구가 무료로 참가할 수 있게 친구 패스*로 초대하고, 함께 힘을 합쳐서 수많은 유쾌하고 획기적인 게임 플레이 챌린지를 헤쳐나가세요. ‖ [Overcooked! 2] 혼란스러운 요리 액션으로 가득한 Overcooked가 돌아왔습니다! 양파 왕국으로 돌아가는 여행을 떠나세요. 클래식 협동 또는 온라인 플레이에서 셰프 팀을 만들어서 최대 4명까지 플레이하세요. 앞치마를 준비하세요... 다시 세상을 구할 때가 되었습니다! ‖ [What Remains of Edith Finch] What Remains of Edith Finch(워트 리메인스 오브 에디스 핀치)는 워싱턴 주에 있는 어느 가족에 대한 이상한 이야기의 모음입니다. 플레이어는 에디스가 되어 거대한 핀치 가택을 탐사하고, 가족사를 연구하며 이야기를 찾고, 왜 가족 중에서 그녀만 살아남았는지 알아내야 합니다. 각 이야기는 새로운 가족 구성",구조대작전: 라이브! / Rescue Party: Live!,"액션, 인디, 시뮬레이션","1~4명의 플레이어는 이 협동 모험을 혼자 플레이하거나 친구들과 함께 플레이할 수 있습니다. 올바른 조치를 취하고, 팀과 협력하여 위험에 처한 사람들을 구조해보세요. 플레이를 즐기며 빠르게 조치를 취하세요! 플레이어의 선택에 팀의 성공이 달려 있습니다. 분초를 다투는 급박한 레이스에서 최대한 많은 생명을 구해보세요!",2,,
B0190,A28,Dordogne / A YEAR OF SPRINGS / Botany Manor,"어드벤처, 인디 / 캐주얼, 인디, 시뮬레이션 / 어드벤처","[Dordogne] 이 유년 시절의 여정에서 특별한 내러티브에 몰입하며 도르도뉴의 수천 가지 여름의 색을 탐험하고, 추억을 떠올리며 가족의 비밀을 밝히세요. ‖ [A YEAR OF SPRINGS] 세 명의 여성, 세 개의 이야기, 세 개의 봄. 세 명의 친구들이 사랑, 공감, 그리고 단지 함께하고 싶어하는 감정에 대한 방향을 찾아나가는 3 부작 비주얼 노벨 A YEAR OF SPRINGS 에서 하루, 에리카, 마나미의 이야기를 체험하세요. ‖ [Botany Manor] Welcome to Botany Manor, a stately home in 19th century England. You play as inhabitant Arabella Greene, a retired botanist. Explore your house and gardens, filled with research, t",Forest Ranger Simulator,"어드벤처, 캐주얼, 인디, 시뮬레이션, 무료 플레이","잊혀진 자연의 보물을 돌보세요. Forest Ranger Simulator에서 숲을 만들고, 만들고, 먹이고, 청소하고, 관리하세요. 오래 지속되는 아름다움을 보장하고 완벽한 Forest Ranger가 되십시오!",2,,
B0191,A23,Vomitoreum / Tales of Kenzera™: ZAU / Shantae: Half-Genie Hero,"액션, 어드벤처, 인디 / 액션, 어드벤처, 인디 / 액션, 어드벤처, 인디","[Vomitoreum] Vomitoreum is an FPS Metroidvania with a focus on atmosphere and horror, inspired by the paintings of Zdzisław Beksiński. ‖ [Tales of Kenzera™: ZAU] 샤먼의 춤을 추세요. 아버지의 영혼을 되찾으세요. Surgent Studios가 제작한 메트로이드바니아 스타일의 어드벤처 게임 Tales of Kenzera™: ZAU에서 죽음의 신과 함께 아름답고 위험한 켄제라의 땅으로 용감하게 모험을 떠나세요. ‖ [Shantae: Half-Genie Hero] Shantae embarks on her first full HD adventure! When a mysterious crime wave sweeps Sequin Land, it’s up to Half-Genie Hero Shantae to save the day! Use Shantae’s devastating Hair-",Taimumari: Definitive Edition,"액션, 어드벤처, 인디","Retro-style platform game in keeping with the best traditions of games of our childhood! Take control of the Himari, the young female wizard travelling across various ages to settle the balance in time across the whole world!",2,,
B0192,A12,Baldur's Gate 3 / Mount & Blade II: Bannerlord / Kenshi,"어드벤처, RPG, 전략 / 액션, 인디, RPG, 시뮬레이션, 전략 / 액션, 인디, RPG, 시뮬레이션, 전략","[Baldur's Gate 3] Baldur’s Gate 3 is a story-rich, party-based RPG set in the universe of Dungeons & Dragons, where your choices shape a tale of fellowship and betrayal, survival and sacrifice, and  ‖ [Mount & Blade II: Bannerlord] 본 게임은 전략/액션 RPG입니다. 캐릭터를 생성하고, 외교에 참여하고, 제작, 거래를 하고, 방대한 중세풍의 샌드박스에서 새로운 땅을 정복하십시오. 군대를 일으켜 전쟁에 뛰어들고, 깊이가 있으나 직관적인 실력 기반의 전투 시스템을 채용한 대규모 실시간 전투에서 자신의 부대에 명령을 내리고 함께 싸우십시오. ‖ [Kenshi] 자유롭게 돌아다니는 분대 기반의 RPG. 스토리를 따라가는 대신 제한 없는 샌드박스식 게임플레이에 중점을 두었습니다. 무역상, 도둑, 반란군, 전쟁 군주, 모험가, 농부, 노예 등 다양한 삶을 체험할 수 있습니다. 운이 나쁘면 식인종의 먹잇감으로 전락할지도 모르죠. 새로운 장비를 연구하거나 제작해 보세요.",Caves of Qud,"어드벤처, 인디, RPG, 전략","Inhabit a deeply-simulated science fantasy world and chisel through layers of thousand-year-old civilizations. Build a character from over a hundred mutations and cybernetics. The award-winning sandbox roguelike & RPG full of robots, deep lore, and sentient plants.",3,,
B0193,A25,DOOMBLADE / Transiruby / Blast Brigade vs. the Evil Legion of Dr. Cread,"액션, 어드벤처, 인디 / 액션 / 액션, 어드벤처, 인디","[DOOMBLADE] Deep underground, Gloom Girl discovers DOOMBLADE, a sentient weapon hellbent on escape after eons in chains. Together, “Doom and Gloom” embark on a vengeful quest to unlock the pow ‖ [Transiruby] 차원 대륙의 의문을 풀어라! 는 사이보그 소녀 실비가 검과 엘리먼트 샷으로 적을 쓰러뜨리며 앞으로 나아가는 탐색형 액션 게임입니다! ‖ [Blast Brigade vs. the Evil Legion of Dr. Cread] 스릴 넘치는 플랫포밍과 깊이 있는 탐험 세계, 폭발적인 액션으로 가득한 2D 메트로이드배니아 어드벤처 게임을 즐겨보세요! Blast Brigade에서 영웅들로 팀을 구성해 세계를 구하세요!",The Witch & The 66 Mushrooms,액션,An all-new Metroidvania-style game developed using Pixel Game Maker MV! Make use of a variety of weapons as you traverse sprawling stages on a mission to take back your brother's body from the witch who stole it!,2,,
B0194,A02,Still Life / Jenny LeClue - Detectivu / Telling Lies,"어드벤처 / 액션, 어드벤처, 캐주얼, 인디 / 어드벤처, 인디, 시뮬레이션",[Still Life] Still Life 2 also now available! ‖ [Jenny LeClue - Detectivu] Jenny LeClue - Detectivu는 조사와 선택지로 가득한 스릴 넘치는 미스터리 어드벤처 게임입니다. ‖ [Telling Lies] 네 명의 삶. 그리고 하나의 큰 거짓말. 아무도 모르게 녹화된 은밀한 대화를 들으며 진실을 알아내십시오. 큰 호평을 받았던 Her Story의 계승작입니다.,迷雾审判,"어드벤처, 캐주얼, 인디, RPG, 전략","This is a suspense reasoning interactive work with real people. You will play the protagonist ""Qi Yi"", find evidence in a series of murders, piece together the truth, and find the ultimate murderer, all of which will lead you to an unpredictable future.",3,,
B0195,A24,Valheim / Grounded / My Time at Portia,"액션, 어드벤처, 인디, RPG, 앞서 해보기 / 액션, 어드벤처 / 어드벤처, 캐주얼, 인디, RPG, 시뮬레이션","[Valheim] 북구 신화와 바이킹 문화에 기반한 판타지 세계를 배경으로 펼쳐지는 생존 및 탐험 게임. ‖ [Grounded] The world is a vast, beautiful and dangerous place – especially when you have been shrunk to the size of an ant. Can you thrive alongside the hordes of giant insects, fighting to s ‖ [My Time at Portia] 아름다운 Portia 마을에서 새 삶을 시작하세요! 아버지가 방치한 작업장에서 제작을 부탁받고, 작물을 키우고, 가축을 기르고, 아름다운 세기말의 땅에서 특이한 친구들을 사귀며 작업장을 예전의 멋진 모습으로 복원하세요.",Nightingale: 나이팅게일,"액션, 어드벤처, RPG, 앞서 해보기",""" Nightingale: 나이팅게일""의 신비롭고 위험한 페이 렐름에 오신것을 환영합니다. 용감한 렐름 워커가 되어 혼자 혹은 친구들과 함께 모험을 떠나보세요! 빅토리아식 판타지 월드에서 탐험하면서 제작부터 건설 그리고 전투까지 모든 것을 즐길 수 있습니다.",3,,
B0196,A20,Counter-Strike 2 / PUBG: BATTLEGROUNDS / 톰 클랜시의 레인보우식스 시즈,"액션, 무료 플레이 / 액션, 어드벤처, 대규모 멀티플레이어, 무료 플레이 / 액션, 무료 플레이","[Counter-Strike 2] Counter-Strike는 20년이 넘는 시간 동안 전 세계 수백만 명의 플레이어가 모여 수준 높은 경쟁을 펼칠 수 있는 플랫폼을 제공해 왔습니다. 그리고 이제 곧 Counter-Strike 2와 함께 새로운 CS 시대의 막이 열립니다. ‖ [PUBG: BATTLEGROUNDS] 배틀로얄 유행의 시작이자, 그 정수를 보여준 PUBG: 배틀그라운드를 지금 무료로 플레이하세요! 다양한 맵에 낙하하여 무기와 보급품을 확보하고, 점점 줄어드는 블루존 속에서 끝까지 살아남아 승리를 쟁취하세요. ‖ [톰 클랜시의 레인보우식스 시즈] 톰 클랜시의 레인보우식스 시즈는 탁월한 계획과 기술이 승부를 좌우하는 전술적인 정예 팀 기반 슈팅 게임입니다.",Command & Conquer Renegade™,"액션, 어드벤처, 전략",가장 상징적인 프랜차이즈 중 하나인 Command & Conquer의 고전적인 1인칭 슈팅 게임으로 C&C를 더욱 밀접하게 체험하세요.,2,,
B0197,A13,Death's Door / Children of Morta / Roboquest / Spelunky 2 / Nuclear Throne / Streets of Rogue / Neon Abyss / Curse of the Dead Gods / Rogue Legacy 2 / Have a Nice Death,"액션, 어드벤처, 인디, RPG / 액션, 어드벤처, 인디, RPG / 액션, 인디 / 액션, 인디 / 액션, 인디, RPG / 액션, 어드벤처, 인디, RPG / 액션, 어드벤처, 인디, RPG / 액션, 어드벤처 / 액션, 어드벤처, 인디, RPG / 액션, 인디","[Death's Door] 죽은 자의 영혼을 수확하고 시간을 끝내는 것은 단조로울 수 있지만 까마귀에겐 평범한 일입니다. 하지만 주어진 영혼을 도둑맞게 되면 변화가 일어납니다. 영혼을 도난하고 죽음의 손길이 닿지 않는 영역으로 도망친 절망적인 도둑을 추적하십시오. ‖ [Children of Morta] Children of Morta는 비범한 가족 영웅에 대한 스토리 중심의 액션 RPG 게임입니다. 다가오는 부패에 맞서 모든 결함과 미덕을 갖춘 베르그송 가를 이끄세요. 여러분은 여러분이 아끼는 사람들을 구하기 위해 모든 것을 희생할 수 있으신가요? ‖ [Roboquest] 로보퀘스트는 멸망한 미래 세계의 빠른 FPS 로그라이트입니다. 당신은 재부팅된 수호자로, 강철 궁둥짝을 걷어 찰 준비를 하세요! 혼자서 혹은 친구와 함께 맞서거나 끊임없이 변화하는 환경에서 치명적인 로봇 군단을 섬멸하세요. ‖ [Spelunky 2] Spelunky 2 builds upon the unique, randomized challenges that made the original a roguelike classic, offering a huge adventure designed to satisfy players old and new. Meet the nex ‖ [Nuclear Throne] Nuclear Throne은 포스트 아포칼립스 세계관의 로그라이크 스타일 탑다운 슈터입니다. 여기서 말하는 포스트 아포칼립스는 '인류의 마지막 희망'이 남아 있는 세계가 아니라, '인류는 멸종했고 이제 돌연변이와 괴물들이 세상을 돌아다니는' 그런 세계입니다. 과연 당신은 뉴클리어 쓰론에 도달할 수 있을까요? ‖ [Streets of Rogue] 싸워서 몰래 들어가 임의 생성된 도시를 공격하세요. Nuclear Throne은 무법천지 GTA와 Deus Ex가 혼합된 형태입니다. Rogue-lite가 몰입도 높은 캐릭터를 만나 너무 재미있습니다. ‖ [Neon Abyss] Neon Abyss는 고속의 로그라이크 액션 플랫포머로, 하데스가 만든 '그림 스쿼드'의 일원이 되어 어비스로 총을 들고 뛰어드는 런 앤 건 게임입니다. 무한한 아이템 시너지와 던전 진화 시스템으로, 매번 게임을 할 때마다 다른 경험과 새로운 도전이 등장합니다. 진짜 지옥을 보여주세요! ‖ [Curse of the Dead Gods] 엄청난 부, 영원한 생명, 신성한 힘을 탐하는 마음이 당신을 끝없는 지옥 속의 미로, 치명적인 함정 및 몬스터가 우글거리는 이 저주받은 사원으로 이끌었습니다. ‖ [Rogue Legacy 2] 로그 레거시 2는 로그 레거시에 후속편을 끼얹은 작품입니다. 당신이 죽을 때마다 자식이 가업을 이어받습니다. 딸은 색맹 궁수이고 아들은 평화주의자 요리사일 수도 있죠. 어쨌거나 둘 중 한 명은 전장으로 나가야 합니다. ‖ [Have a Nice Death] Have a Nice Death는 과로에 고생하는 데스가 되어 플레이하는 2D 액션 로그라이크로, 통제 불능인 직원들 때문에 영혼의 균형과 데스의 휴가 계획이 틀어지고 말았습니다. 질서를 회복하려면 대낫을 들고 직원들과 서열 정리를 해야 합니다.",Mercenary Kings: Reloaded Edition,"액션, 어드벤처, 인디, RPG",Craft your arsenal to avenge your fallen comrades and save the world from the fearsome forces of CLAW!,2,,
B0198,A30,Stardew Valley / Slime Rancher / Raft,"인디, RPG, 시뮬레이션 / 액션, 어드벤처, 인디, 시뮬레이션 / 어드벤처, 인디, 시뮬레이션","[Stardew Valley] You've inherited your grandfather's old farm plot in Stardew Valley. Armed with hand-me-down tools and a few coins, you set out to begin your new life. Can you learn to live off th ‖ [Slime Rancher] 슬라임 랜쳐는 젊고 용감한 랜쳐, 베아트릭스 르뷰가 지구에서 1,000광년 떨어진 '머나먼 평야'에서 슬라임들과 씨름하며 생계를 꾸려나가는 이야기입니다. 긍정적인 마인드와 강인한 의지로 베아트릭스는 진공팩을 사용하여 끊임없이 말랑말랑하게 굴러나오는 슬라임들을 피하며 이름을 알리고, 부자가 되려 합니다. ‖ [Raft] Raft™ throws you and your friends into an epic oceanic adventure! Alone or together, players battle to survive a perilous voyage across a vast sea! Gather debris, scavenge reefs an",Bring Slime to Mommy,"어드벤처, 캐주얼, 인디",아기 슬라임이 우주에서 지구로 떨어졌습니다! 슬라임을 마우스로 조작해 엄마에게 돌려보내주세요! Bring Slime to Mommy! 정밀한 컨트롤이 요구되는 도전적인 2D 플랫폼 게임에서 귀여운 슬라임과 함께 모험을 떠나보세요.,0,KEYWORD_MATCH,
B0199,A35,Project Zomboid / Don't Starve / The Forest,"인디, RPG, 시뮬레이션, 앞서 해보기 / 어드벤처, 인디, 시뮬레이션 / 액션, 어드벤처, 인디, 시뮬레이션","[Project Zomboid] Project Zomboid is the ultimate in zombie survival. Alone or in MP: you loot, build, craft, fight, farm and fish in a struggle to survive. A hardcore RPG skillset, a vast map, mass ‖ [Don't Starve] Don’t Starve is an uncompromising wilderness survival game full of science and magic. Enter a strange and unexplored world full of strange creatures, dangers, and surprises. Gather ‖ [The Forest] As the lone survivor of a passenger jet crash, you find yourself in a mysterious forest battling to stay alive against a society of cannibalistic mutants. Build, explore, survive i",Investigator,"어드벤처, 인디, 시뮬레이션, 무료 플레이","Investigator is a first-person exploration game with horror elements, where the events take place in a world of extreme weather cataclysms.",1,IRRELEVANT,
B0200,A17,Lethal Company / Phasmophobia / Deep Rock Galactic,"액션, 어드벤처, 인디, 앞서 해보기 / 액션, 인디, 앞서 해보기 / 액션","[Lethal Company] A co-op horror about scavenging at abandoned moons to sell scrap to the Company. ‖ [Phasmophobia] Phasmophobia is a 4 player online co-op psychological horror. Paranormal activity is on the rise and it’s up to you and your team to use all the ghost-hunting equipment at your dis ‖ [Deep Rock Galactic] 딥 락 갤럭틱은 1-4인의 플레이어가 협동하는 FPS 게임으로, 상남자 우주 드워프, 100% 파괴 가능한 맵 환경, 절차적 생성 동굴 지형, 그리고 끊임없이 등장하는 외계 괴물 무리가 특징입니다.",Somewhere in the Shadow,"어드벤처, 인디, 대규모 멀티플레이어",Woke up in strange dark spot. Who has done it with you? And why? Try to get out from that scary place and stay alive...,2,,
B0201,A35,Project Zomboid / Don't Starve / The Forest,"인디, RPG, 시뮬레이션, 앞서 해보기 / 어드벤처, 인디, 시뮬레이션 / 액션, 어드벤처, 인디, 시뮬레이션","[Project Zomboid] Project Zomboid is the ultimate in zombie survival. Alone or in MP: you loot, build, craft, fight, farm and fish in a struggle to survive. A hardcore RPG skillset, a vast map, mass ‖ [Don't Starve] Don’t Starve is an uncompromising wilderness survival game full of science and magic. Enter a strange and unexplored world full of strange creatures, dangers, and surprises. Gather ‖ [The Forest] As the lone survivor of a passenger jet crash, you find yourself in a mysterious forest battling to stay alive against a society of cannibalistic mutants. Build, explore, survive i",Project Silverfish,"액션, 어드벤처, 인디, 앞서 해보기","Explore a hostile, living world: Uncover forgotten horrors, both man-made and supernatural, as you hunt for powerful weapons and exotic artifacts.",3,,
B0202,A09,Roots of Yggdrasil / Ancient Gods / Flick Shot Rogues,"인디, 전략 / RPG, 전략 / 인디, 전략","[Roots of Yggdrasil] Build settlements, explore the Nine Realms, collect artifacts and upgrade your deck to reach the top of Yggdrasil in this post-Ragnarok roguelike city-builder! Can you survive the  ‖ [Ancient Gods] Ancient Gods is a fusion of hero collector and deck-building rogue-lite where you collect your character, fight, and experience exciting events. Any character can use all the cards ‖ [Flick Shot Rogues] 계획하고, 조준하고, 쏘세요! FLICK SHOT ROGUES는 테이블 위에서 물건을 튕기는 촉각적 만족감과 사람들이 좋아하는 턴제 로그라이크의 전략적 깊이를 결합한 게임입니다. 말도 안되는 콤보를 연결하고, 캐릭터, 아이템, 스킬을 잠금 해제하면서, 섬을 정복하세요!",Rack and Slay,"인디, RPG, 전략",The roguelike dungeon crawler where you're a billiard ball! Push monster balls into holes or traps in randomly generated levels. Stack up countless game-changing items to create broken builds. Find combos to create your own synergies and customize your playstyle. Rack and Slay!,3,,
B0203,A25,DOOMBLADE / Transiruby / Blast Brigade vs. the Evil Legion of Dr. Cread,"액션, 어드벤처, 인디 / 액션 / 액션, 어드벤처, 인디","[DOOMBLADE] Deep underground, Gloom Girl discovers DOOMBLADE, a sentient weapon hellbent on escape after eons in chains. Together, “Doom and Gloom” embark on a vengeful quest to unlock the pow ‖ [Transiruby] 차원 대륙의 의문을 풀어라! 는 사이보그 소녀 실비가 검과 엘리먼트 샷으로 적을 쓰러뜨리며 앞으로 나아가는 탐색형 액션 게임입니다! ‖ [Blast Brigade vs. the Evil Legion of Dr. Cread] 스릴 넘치는 플랫포밍과 깊이 있는 탐험 세계, 폭발적인 액션으로 가득한 2D 메트로이드배니아 어드벤처 게임을 즐겨보세요! Blast Brigade에서 영웅들로 팀을 구성해 세계를 구하세요!",Lost Ruins,"액션, 어드벤처, 인디","Lost Ruins는 이상하고 낯선 곳에서 기억을 잃어버린 채 눈을 뜨게 된 소녀로 플레이하는 2D 횡스크롤 생존 액션 게임입니다. 어둡고 위험한 세계를 탐험하고, 소름 끼치는 적들을 상대하고, 강력한 보스를 쓰러뜨리세요.",3,,
B0204,A02,Still Life / Jenny LeClue - Detectivu / Telling Lies,"어드벤처 / 액션, 어드벤처, 캐주얼, 인디 / 어드벤처, 인디, 시뮬레이션",[Still Life] Still Life 2 also now available! ‖ [Jenny LeClue - Detectivu] Jenny LeClue - Detectivu는 조사와 선택지로 가득한 스릴 넘치는 미스터리 어드벤처 게임입니다. ‖ [Telling Lies] 네 명의 삶. 그리고 하나의 큰 거짓말. 아무도 모르게 녹화된 은밀한 대화를 들으며 진실을 알아내십시오. 큰 호평을 받았던 Her Story의 계승작입니다.,The Search,"어드벤처, 인디",Embark on a journey of discovery and inspiration in The Search - a story-driven puzzle-adventure set in a mysterious world where art comes to life!,2,,
B0205,A24,Valheim / Grounded / My Time at Portia,"액션, 어드벤처, 인디, RPG, 앞서 해보기 / 액션, 어드벤처 / 어드벤처, 캐주얼, 인디, RPG, 시뮬레이션","[Valheim] 북구 신화와 바이킹 문화에 기반한 판타지 세계를 배경으로 펼쳐지는 생존 및 탐험 게임. ‖ [Grounded] The world is a vast, beautiful and dangerous place – especially when you have been shrunk to the size of an ant. Can you thrive alongside the hordes of giant insects, fighting to s ‖ [My Time at Portia] 아름다운 Portia 마을에서 새 삶을 시작하세요! 아버지가 방치한 작업장에서 제작을 부탁받고, 작물을 키우고, 가축을 기르고, 아름다운 세기말의 땅에서 특이한 친구들을 사귀며 작업장을 예전의 멋진 모습으로 복원하세요.",How to Survive 2,"액션, 어드벤처, RPG","죽느냐 사느냐? 결정을 내려요, 낯선 친구. 여기 루이지애나에선 언데드처럼 어정쩡한 상태는 환영 받지 못한답니다. 혼자서든 친구들과 함께든 알아서 식량과 물과 주거지 같은 기본 필요를 채우고 직접 도구랑 무기를 만들어서 캠프를 지키고 굶주린 좀비에 맞서 싸우는 겁니다.",2,,
B0206,A03,Balatro / Hades / Vampire Survivors,"캐주얼, 인디, 전략 / 액션, 인디, RPG / 액션, 캐주얼, 인디, RPG","[Balatro] 포커 로그라이크 게임. Balatro는 불법 포커 패로 게임을 하고, 판을 뒤엎는 조커를 발견하고, 아드레날린이 치솟는 강력한 콤보를 만드는 덱 빌딩 게임입니다. ‖ [Hades] Bastion, Transistor, Pyre의 제작사에서 선보이는 이 로그라이크 던전 탐색형 게임에서 핵 앤 슬래시로 지하 세계를 탈출하고 죽음의 신에게 도전하세요. ‖ [Vampire Survivors] 수많은 어둠의 피조물을 쓰러뜨리며 새벽이 올 때까지 생존하세요! Vampire Survivors는 로그라이트 요소를 갖춘 고딕 호러 케주얼 게임입니다. 당신의 선택으로 순식간에 수백 마리의 괴물이 눈덩이처럼 불어날 수 있죠.",Vambrace: Cold Soul,"어드벤처, 인디, RPG","뱀브레이스: 차가운 영혼은 얼어붙은 도시를 탐험하는 로그라이트 어드벤처(Rogue-lite Adventure) 게임입니다. 지하도시에서 당신의 탐험을 준비하십시오. 저주받은 지상으로 올라가 맞서 싸울 뛰어난 생존 전문가들을 모집하세요. 위험한 함정들과 기이한 이벤트, 그리고 생사를 가르는 전투에서 살아남아야 합니다!",2,,
B0207,A27,The Raven Remastered / The Frostrune / Mad Experiments: Escape Room,"어드벤처 / 어드벤처 / 어드벤처, 캐주얼, 인디, 시뮬레이션, 전략","[The Raven Remastered] London, 1964. An ancient ruby is stolen from the British Museum. At the crime scene: a raven feather. Is somebody trying to follow in the footsteps of The Raven, the legendary mast ‖ [The Frostrune] Unravel a mystery inspired by Viking myth and legend in The Frostrune, a classic point-and-click adventure based on historically accurate Norse culture and environments. ‖ [Mad Experiments: Escape Room] 수상 후보에 오른 이스케이프 게임 1인 또는 최대 5인까지 플레이하며 3개의 독특한 방을 탐험하고, 두뇌를 자극하는 퍼즐을 풀며 체셔 교수와 그의 실험에 얽힌 어두운 비밀을 밝혀보세요.",Tested on Humans: Escape Room,"어드벤처, 인디","당신은 기니피그입니다. 이 어두운 환경의 탈출방에서, 당신은 갇힌 연구센터로부터 탈출하기 위해 다양한 퍼즐을 풀어야 합니다. 어떻게 거기에 들어왔는지 알아내고, 탈출할 수 있겠나요???",3,,
B0208,A07,Into the Breach / Monster Train / Mini Metro,"인디, RPG, 시뮬레이션, 전략 / 전략 / 인디, 시뮬레이션, 전략","[Into the Breach] 미래의 강력한 메크를 조종하여 외계 세력을 물리치세요. 이 턴제 전략 게임에서는 세계를 구하려 시도할 때마다 무작위로 새롭게 생성되는 도전이 여러분 앞에 나타납니다. ‖ [Monster Train] Monster Train is a strategic roguelike deck building game with a twist. Set on a train to hell, you’ll use tactical decision making to defend multiple vertical battlegrounds. With  ‖ [Mini Metro] 미니 메트로는 성장하는 도시를 위해 지하철 노선을 설계하는 게임입니다. 역과 역 사이에 노선을 그려서 열차 운행을 시작하세요. 새로운 역이 열리면 노선을 수정해서 노선도를 효율적으로 유지하세요. 한정된 자원을 어느 곳에 사용할 것인지 결정하세요. 도시를 얼마나 오래 유지할 수 있을까요?",Sweet Transit,"인디, 시뮬레이션, 전략",Sweet Transit은 철도가 곧 왕인 독특한 도시 건설 게임입니다. 시민들을 위한 꿈의 공급망을 구축하고 자동화하여 고풍스러운 마을을 번화한 도시로 확장하는 데 필요한 모든 걸 지원해 주세요. 증기 동력에서 디젤로 강화하면서 그 이상의 고품질 기차 세계까지 경험해 보세요.,3,,
B0209,A33,Garry's Mod / Team Fortress 2 / Left 4 Dead 2,"캐주얼, 인디, 시뮬레이션 / 액션, 무료 플레이 / 액션","[Garry's Mod] Garry's Mod is a physics sandbox. There aren't any predefined aims or goals. We give you the tools and leave you to play. ‖ [Team Fortress 2] 다양한 전술적 능력과 뚜렷한 개성을 갖춘 9가지 병과의 캐릭터를 플레이하세요. 끊임없이 업데이트되는 새로운 게임 모드, 맵, 장비 그리고 가장 중요한 모자까지 지금 바로 즐겨보세요! ‖ [Left 4 Dead 2] Set in the zombie apocalypse, Left 4 Dead 2 is a co-operative action horror FPS takes you and your friends through the cities, swamps and cemeteries of the Deep South, from Savanna",Strike.is: The Game,"액션, 대규모 멀티플레이어, 무료 플레이",Load your gun and dominate the best multiplayer mobile shooter game!,1,LOW_QUALITY,
B0210,A14,Iron Brigade / Ancient Planet Tower Defense / Creeper World IXE,"액션, 전략 / 캐주얼, 인디, 전략 / 액션, 캐주얼, 인디, 시뮬레이션, 전략","[Iron Brigade] Join The Mobile Trench Brigade and protect humanity from the evil Monovision menace! ‖ [Ancient Planet Tower Defense] 고대 행성 타워 디펜스는 정통 타워 디펜스 게임입니다. 고대 문명의 요새가 외계 침략자들로부터 침략당했습니다. 고대의 강력한 기술을 사용하여 적군의 공격을 물리치십시오! ‖ [Creeper World IXE] The unstoppable alien force known as The Creeper has returned, devouring thousands of worlds in its path, and yours is next. Battle against the Creeper fluid in a groundbreaking pi",Artisan TD,전략,Artisan TD는 미로를 건설하여 생존해야 하는 미로형 타워 디펜스 게임입니다.,3,,
B0211,A04,Hollow Knight / Dead Cells / Celeste,"액션, 어드벤처, 인디 / 액션, 어드벤처, 인디 / 액션, 어드벤처, 인디","[Hollow Knight] 할로우 나이트에서 자신만의 길을 구축하세요! 크게 파괴된 곤충과 영웅의 왕국을 통한 서사 액션 어드벤처입니다. 손으로 그린 클래식 2D 스타일로 구불구불한 동굴을 탐험하고 오염된 생물과 싸우고 이상한 곤충들과 친구가 되어 보세요. ‖ [Dead Cells] 데드 셀(Dead Cells)는 메트로배니아에서 영감을 받은 로그라이트 액션 플랫포머 게임입니다. 2D 소울 라이트 전투에서 성을 지키는 수호자들을 물리치고 끊임없이 변화하는 거대한 성을 탐험하게 됩니다. 세이브 포인트는 없습니다. 죽이고, 죽고, 배우고, 반복하세요. ‖ [Celeste] 타워폴(TowerFall) 시리즈의 개발자들이 만든 이 초밀착형 플랫폼 게임을 플레이하고, 매들린이 셀레스트 산 정상으로 향하는 여정에서 내면의 악마에게서 살아남을 수 있게 도와주세요. 한땀 한땀 손수 제작한 수백 가지의 도전 과제에 맞서고, 사악한 비밀을 밝혀내고, 산에 숨겨진 수수께끼를 풀어보세요.",七度荒域：混沌之树,"액션, 어드벤처, 인디, RPG",세상을 수습하고 부서진 세계의 진실을 찾는 데스티니 차일드를 플레이하게 됩니다. 전투의 수레바퀴 속에서 성장하면서 미지의 세계와 숨겨진 힘에 도전하세요.,2,,
B0212,A18,Euro Truck Simulator 2 / BeamNG.drive / 아세토 코르사 Assetto Corsa,"인디, 시뮬레이션 / 레이싱, 시뮬레이션, 앞서 해보기 / 인디, 레이싱, 시뮬레이션, 스포츠","[Euro Truck Simulator 2] 도로의 왕이 되어 인상적인 거리를 가로질러 중요한 화물을 배달하는 트럭 운전사가 되어 유럽을 여행하세요! 탐험할 도시가 수십 개나 되므로, 당신의 인내심, 기술, 속도가 모두 한계에 도달할 것입니다. ‖ [BeamNG.drive] 뭐든지 할 수 있는 동적 소프트 보디 물리 시뮬레이터입니다. ‖ [아세토 코르사 Assetto Corsa] 아세토 코르사(Assetto Corsa) v1.16은 새로운 레이저 스캔 트랙 ""라구나 세카(Laguna Seca)"" 및 기다리던 Alfa Romeo Giulia Quadrifoglio를 포함한 7개의 신차를 소개합니다! 체인지로그에서 더 자세한 내용을 확인하세요!",RENNSPORT,"레이싱, 시뮬레이션, 스포츠","RENNSPORT is the future of racing simulation, competition, and digital car culture. Live the thrill of driving high-performance race cars on laser-scanned circuits from around the world and breathtaking roads imagined by the community.",3,,
B0213,A08,Sid Meier’s Civilization® VI / XCOM® 2 / Stellaris,"전략 / 전략 / 시뮬레이션, 전략","[Sid Meier’s Civilization® VI] 문명 VI 에서는 새로운 방식으로 세상과 소통하고, 제국의 영토를 확장시키며, 문화를 발전시키고, 역사속 위대한 지도자들에 맞서 오래도록 지속될 나만의 문명을 건설해볼 수 있습니다. 클레오파트라를 비롯한 20명의 역사 속 지도자들 중 한명으로 플레이 해보세요. ‖ [XCOM® 2] XCOM 2는 수상 경력이 있는 전략 게임 XCOM: Enemy Unknown의 속편입니다. 인류가 외계인 침략군에게 항복한 지 20년, 이제 지구 상에는 새로운 세계 질서가 존재합니다. 수년간을 어둠 속에서 숨어 있었던 XCOM 부대는 반드시 일어나 외계인의 지배를 무너뜨릴 것입니다. ‖ [Stellaris] 항성간 여행을 통해 우주를 탐험하며 수많은 종족들도 만나보세요. 과학선을 보내 우주를 조사하고 탐험하면서 은하 제국을 건설하고, 건축선을 보내 새로 발견한 행성에 기지를 건설하세요. 소속 사회를 위한 탐험에 나서 매장된 보물과 은하계의 경이를 발견하고, 탐험가의 한계치와 진화 범위를 설정하세요. 동맹이 체결되고, 전쟁이 ",KAISERPUNK,"시뮬레이션, 전략","20세기 대체 역사 기반 전략 게임으로, 세계 정복과 생산 중심 도시 건설을 결합한 그랜드 시티 빌더인 카이저펑크에서 세계를 지배할 도시를 건설하세요. 도시를 관리하고 산업을 발전시키며 군대를 양성하여 경쟁자를 물리쳐 최고의 제국을 세우세요.",3,,
B0214,A19,ELDEN RING / Disco Elysium - The Final Cut / Outer Wilds,"액션, RPG / RPG / 액션, 어드벤처","[ELDEN RING] 본 게임은 본격적인 다크 판타지 세계를 무대로 한 액션 RPG입니다. 드넓은 필드와 던전 탐험을 통해 미지의 것들을 발견해 보세요. 앞길을 막아서는 난관과 그것을 극복했을 때의 달성감, 그리고 등장인물들의 의도가 교착하는 군상극도 즐기실 수 있습니다. ‖ [Disco Elysium - The Final Cut] 디스코 엘리시움 - 최종판은 획기적인 오픈 월드 롤플레잉 게임입니다. 당신은 독특한 스킬 시스템을 갖춘 형사로서 오롯한 도시 블록을 당신의 미래를 닦기 위해 다듬을 수 있습니다. 잊지 못할 등장인물들을 심문하거나, 살인 사건을 해결하거나, 뇌물을 받으세요. 영웅이 되거나 인류의 완전한 재앙이 되세요. ‖ [Outer Wilds] Giant Bomb, Polygon, Eurogamer, The Guardian에 의해 2019년 올해의 게임에 이름을 올리며 냉정한 호평과 수상 실적이 있는 Outer Wilds는 무한 시간 루프에 갇힌 태양계에 관한 공개된 세계의 미스터리 게임입니다.",Darksiders II Deathinitive Edition,"액션, 어드벤처, RPG","The ultimate DARKSIDERS II experience! 1080p native resolution. Reworked and tuned game balancing and loot distribution. Improved Graphic Render Engine for even higher visual quality, lighting and shadows. Improved and reworked level, character and environment graphics.",2,,
B0215,A02,Still Life / Jenny LeClue - Detectivu / Telling Lies,"어드벤처 / 액션, 어드벤처, 캐주얼, 인디 / 어드벤처, 인디, 시뮬레이션",[Still Life] Still Life 2 also now available! ‖ [Jenny LeClue - Detectivu] Jenny LeClue - Detectivu는 조사와 선택지로 가득한 스릴 넘치는 미스터리 어드벤처 게임입니다. ‖ [Telling Lies] 네 명의 삶. 그리고 하나의 큰 거짓말. 아무도 모르게 녹화된 은밀한 대화를 들으며 진실을 알아내십시오. 큰 호평을 받았던 Her Story의 계승작입니다.,Carto,"어드벤처, 캐주얼, 인디, RPG",Carto는 독특한 세계를 바꾸는 퍼즐 메커니즘을 가진 매력적인 어드벤처 게임입니다. 이 힘을 사용하여 신비한 땅을 탐험하고 매력적인 인물들을 돕고 카토가 가족에게 돌아갈 수 있도록 여정을 안내하세요.,2,,
B0216,A05,Opus Magnum,"인디, 시뮬레이션","[Opus Magnum] Opus Magnum은 SpaceChem, Infinifactory, SHENZHEN I/O를 제작한 Zachtronics의 신작 퍼즐게임입니다. 연금술사들의 최첨단 도구인 변성 기관을 이용해 물약과 독을 만들어내는 기계들을 설계하고 만들어 내세요!",Mechanica,"인디, 앞서 해보기","Mechanica is a multiplayer open-world survival game involving building and programming. Create your own bases, defenses, manufacturing systems and more. Explore the map and expand the scope and complexity of your creations.",2,,
B0217,A24,Valheim / Grounded / My Time at Portia,"액션, 어드벤처, 인디, RPG, 앞서 해보기 / 액션, 어드벤처 / 어드벤처, 캐주얼, 인디, RPG, 시뮬레이션","[Valheim] 북구 신화와 바이킹 문화에 기반한 판타지 세계를 배경으로 펼쳐지는 생존 및 탐험 게임. ‖ [Grounded] The world is a vast, beautiful and dangerous place – especially when you have been shrunk to the size of an ant. Can you thrive alongside the hordes of giant insects, fighting to s ‖ [My Time at Portia] 아름다운 Portia 마을에서 새 삶을 시작하세요! 아버지가 방치한 작업장에서 제작을 부탁받고, 작물을 키우고, 가축을 기르고, 아름다운 세기말의 땅에서 특이한 친구들을 사귀며 작업장을 예전의 멋진 모습으로 복원하세요.",Green Hell,"액션, 어드벤처, 인디, 시뮬레이션","미지의 아마존 정글 극한 환경을 배경으로 한 오픈 월드 서바이벌 시뮬레이션 게임에 참여해 보세요. 현실에서의 생존 기술을 사용하여 제작, 사냥, 전투, 자원을 수집하고, 임시 대피소를 짓거나 요새를 구축하세요. 혼자 생존하거나 친구들과 팀을 이루어 함께 정글에 도전하세요.",3,,
B0218,A20,Counter-Strike 2 / PUBG: BATTLEGROUNDS / 톰 클랜시의 레인보우식스 시즈,"액션, 무료 플레이 / 액션, 어드벤처, 대규모 멀티플레이어, 무료 플레이 / 액션, 무료 플레이","[Counter-Strike 2] Counter-Strike는 20년이 넘는 시간 동안 전 세계 수백만 명의 플레이어가 모여 수준 높은 경쟁을 펼칠 수 있는 플랫폼을 제공해 왔습니다. 그리고 이제 곧 Counter-Strike 2와 함께 새로운 CS 시대의 막이 열립니다. ‖ [PUBG: BATTLEGROUNDS] 배틀로얄 유행의 시작이자, 그 정수를 보여준 PUBG: 배틀그라운드를 지금 무료로 플레이하세요! 다양한 맵에 낙하하여 무기와 보급품을 확보하고, 점점 줄어드는 블루존 속에서 끝까지 살아남아 승리를 쟁취하세요. ‖ [톰 클랜시의 레인보우식스 시즈] 톰 클랜시의 레인보우식스 시즈는 탁월한 계획과 기술이 승부를 좌우하는 전술적인 정예 팀 기반 슈팅 게임입니다.",GROUND BRANCH,"액션, 인디, 시뮬레이션","Rainbow Six® 및 Ghost Recon® 게임의 개발자 중 한 명이 심도 있는 캐릭터와 무기 커스터마이제이션을 구현하는 생각하는 1인칭 슈팅 게임을 소개합니다. 시간을 가지고, 미리 생각하고, 일을 완수하십시오.",3,,
B0219,A21,DARK SOULS™ III / The Witcher 3: Wild Hunt / The Elder Scrolls V: Skyrim Special Edition,액션 / RPG / RPG,"[DARK SOULS™ III] 장르를 새로 개척했다는 평가를 들으며 많은 좋은 평가들을 얻고 있는 다크 소울 시리즈는 계속해서 한계를 넘어서, 더욱 야심찬 단계에 도전하고자 하고 있습니다. 준비를 하고 어둠을 밝히십시오! ‖ [The Witcher 3: Wild Hunt] 리비아의 게롤트가 되어 의뢰를 받고 괴물을 사냥하세요. 전쟁의 상처가 가득하고 괴물이 들끓는 대륙을 마음껏 탐험해 보세요. 지금 가장 중요한 일은 대륙의 판도를 뒤바꿀 수도 있는 살아 있는 무기이자 예언의 아이, 시리를 추적하는 것입니다. ‖ [The Elder Scrolls V: Skyrim Special Edition] 200회 이상 올해의 게임에 선정된 The Elder Scrolls V: Skyrim Special Edition이 놀라운 디테일로 판타지에 생명을 불어넣었습니다. Special Edition에는 비평가들의 극찬을 받은 게임 및 새로운 기능이 포함된 애드온이 들어 있습니다.","Yes, Your Grace 2: Snowfall","인디, RPG, 시뮬레이션, 전략","이 새로운 현실에서는 괴물들이 더 가까이서 도사리고, 적들은 한층 강해지고, 탄원자들은 그 어느 때보다 더욱 고통받고 있지만, 여러분은 왕으로서 의무를 다해야 합니다. 당신의 왕국에 대한 신뢰를 다시 쌓고 가족을 지키며 다가오는 겨울에서 살아남는 것은 여러분께 달렸습니다.",1,GENRE_ONLY,
B0220,A14,Iron Brigade / Ancient Planet Tower Defense / Creeper World IXE,"액션, 전략 / 캐주얼, 인디, 전략 / 액션, 캐주얼, 인디, 시뮬레이션, 전략","[Iron Brigade] Join The Mobile Trench Brigade and protect humanity from the evil Monovision menace! ‖ [Ancient Planet Tower Defense] 고대 행성 타워 디펜스는 정통 타워 디펜스 게임입니다. 고대 문명의 요새가 외계 침략자들로부터 침략당했습니다. 고대의 강력한 기술을 사용하여 적군의 공격을 물리치십시오! ‖ [Creeper World IXE] The unstoppable alien force known as The Creeper has returned, devouring thousands of worlds in its path, and yours is next. Battle against the Creeper fluid in a groundbreaking pi",Fire Commander,"액션, 인디, 시뮬레이션, 전략",진정한 영웅이 되어보세요! 매일 타인을 구하기 위해 목숨을 걸어보세요. 자연의 거대한 힘에 맞서는 격렬한 전술 게임에서 소방대를 이끌어보세요.,2,,
B0221,A09,Roots of Yggdrasil / Ancient Gods / Flick Shot Rogues,"인디, 전략 / RPG, 전략 / 인디, 전략","[Roots of Yggdrasil] Build settlements, explore the Nine Realms, collect artifacts and upgrade your deck to reach the top of Yggdrasil in this post-Ragnarok roguelike city-builder! Can you survive the  ‖ [Ancient Gods] Ancient Gods is a fusion of hero collector and deck-building rogue-lite where you collect your character, fight, and experience exciting events. Any character can use all the cards ‖ [Flick Shot Rogues] 계획하고, 조준하고, 쏘세요! FLICK SHOT ROGUES는 테이블 위에서 물건을 튕기는 촉각적 만족감과 사람들이 좋아하는 턴제 로그라이크의 전략적 깊이를 결합한 게임입니다. 말도 안되는 콤보를 연결하고, 캐릭터, 아이템, 스킬을 잠금 해제하면서, 섬을 정복하세요!",Crush the Industry,"인디, RPG, 전략",로그라이크 덱빌더 게임에서 목숨을 위협하는 게임 스튜디오의 정상에 오르세요! Crush the Industry에는 전략적인 전투에 약간의 변형과 다양한 반복 플레이 파고들기 요소가 준비되어 있습니다.,3,,
B0222,A06,Cities: Skylines / Factorio / Farming Simulator 22,"시뮬레이션, 전략 / 캐주얼, 인디, 시뮬레이션, 전략 / 시뮬레이션","[Cities: Skylines] Cities: Skylines is a modern take on the classic city simulation. The game introduces new game play elements to realize the thrill and hardships of creating and maintaining a real  ‖ [Factorio] Factorio는 무한한 2D 세상에서 복잡성이 증가하는 아이템을 생산하기 위해 자동화 공장을 만드는 게임입니다. - 당신의 상상력으로 공장을 설계, 독창적인 방법으로 간단한 요소를 결합하고 마지막엔 당신을 좋아하지 않는 생물들로 부터 공장을 지키세요. ‖ [Farming Simulator 22] 농장을 만들고 농사를 즐기세요! 작물을 수확하고, 동물을 돌보고, 생산을 관리하고, 계절에 따른 어려움을 이겨내세요.",Professional Farmer: Cattle and Crops,"캐주얼, 인디, 시뮬레이션",Professional Farmer: Cattle and Crops takes you out into the countryside and impresses with its depth and attention to detail! Experience how exciting the profession of a farmer can be. Work your fields with original machines or coordinate these tasks with your workers.,3,,
B0223,A30,Stardew Valley / Slime Rancher / Raft,"인디, RPG, 시뮬레이션 / 액션, 어드벤처, 인디, 시뮬레이션 / 어드벤처, 인디, 시뮬레이션","[Stardew Valley] You've inherited your grandfather's old farm plot in Stardew Valley. Armed with hand-me-down tools and a few coins, you set out to begin your new life. Can you learn to live off th ‖ [Slime Rancher] 슬라임 랜쳐는 젊고 용감한 랜쳐, 베아트릭스 르뷰가 지구에서 1,000광년 떨어진 '머나먼 평야'에서 슬라임들과 씨름하며 생계를 꾸려나가는 이야기입니다. 긍정적인 마인드와 강인한 의지로 베아트릭스는 진공팩을 사용하여 끊임없이 말랑말랑하게 굴러나오는 슬라임들을 피하며 이름을 알리고, 부자가 되려 합니다. ‖ [Raft] Raft™ throws you and your friends into an epic oceanic adventure! Alone or together, players battle to survive a perilous voyage across a vast sea! Gather debris, scavenge reefs an",SLUDGE LIFE 2,"어드벤처, 인디","SLUDGE LIFE 2는 첫 번째 SLUDGE LIFE 이후 가장 잔인한 1인칭 기물 파손 시뮬레이션 게임이지만, 그 밀도는 두 배나 더 높습니다. 비밀스럽고, 기이하고, 장난끼 넘치고, 태깅할 장소가 가득한 더 크고, 더 기괴하고, 더 험난한 오픈 월드를 탐험하세요.",1,IRRELEVANT,
B0224,A35,Project Zomboid / Don't Starve / The Forest,"인디, RPG, 시뮬레이션, 앞서 해보기 / 어드벤처, 인디, 시뮬레이션 / 액션, 어드벤처, 인디, 시뮬레이션","[Project Zomboid] Project Zomboid is the ultimate in zombie survival. Alone or in MP: you loot, build, craft, fight, farm and fish in a struggle to survive. A hardcore RPG skillset, a vast map, mass ‖ [Don't Starve] Don’t Starve is an uncompromising wilderness survival game full of science and magic. Enter a strange and unexplored world full of strange creatures, dangers, and surprises. Gather ‖ [The Forest] As the lone survivor of a passenger jet crash, you find yourself in a mysterious forest battling to stay alive against a society of cannibalistic mutants. Build, explore, survive i",Crafting Dead,"액션, 어드벤처, 인디, 앞서 해보기","Crafting Dead is a post-apocalyptic multiplayer-based zombie survival game with a voxel theme. Aim high and punch low, survive at all costs!",3,,
B0225,A13,Death's Door / Children of Morta / Roboquest / Spelunky 2 / Nuclear Throne / Streets of Rogue / Neon Abyss / Curse of the Dead Gods / Rogue Legacy 2 / Have a Nice Death,"액션, 어드벤처, 인디, RPG / 액션, 어드벤처, 인디, RPG / 액션, 인디 / 액션, 인디 / 액션, 인디, RPG / 액션, 어드벤처, 인디, RPG / 액션, 어드벤처, 인디, RPG / 액션, 어드벤처 / 액션, 어드벤처, 인디, RPG / 액션, 인디","[Death's Door] 죽은 자의 영혼을 수확하고 시간을 끝내는 것은 단조로울 수 있지만 까마귀에겐 평범한 일입니다. 하지만 주어진 영혼을 도둑맞게 되면 변화가 일어납니다. 영혼을 도난하고 죽음의 손길이 닿지 않는 영역으로 도망친 절망적인 도둑을 추적하십시오. ‖ [Children of Morta] Children of Morta는 비범한 가족 영웅에 대한 스토리 중심의 액션 RPG 게임입니다. 다가오는 부패에 맞서 모든 결함과 미덕을 갖춘 베르그송 가를 이끄세요. 여러분은 여러분이 아끼는 사람들을 구하기 위해 모든 것을 희생할 수 있으신가요? ‖ [Roboquest] 로보퀘스트는 멸망한 미래 세계의 빠른 FPS 로그라이트입니다. 당신은 재부팅된 수호자로, 강철 궁둥짝을 걷어 찰 준비를 하세요! 혼자서 혹은 친구와 함께 맞서거나 끊임없이 변화하는 환경에서 치명적인 로봇 군단을 섬멸하세요. ‖ [Spelunky 2] Spelunky 2 builds upon the unique, randomized challenges that made the original a roguelike classic, offering a huge adventure designed to satisfy players old and new. Meet the nex ‖ [Nuclear Throne] Nuclear Throne은 포스트 아포칼립스 세계관의 로그라이크 스타일 탑다운 슈터입니다. 여기서 말하는 포스트 아포칼립스는 '인류의 마지막 희망'이 남아 있는 세계가 아니라, '인류는 멸종했고 이제 돌연변이와 괴물들이 세상을 돌아다니는' 그런 세계입니다. 과연 당신은 뉴클리어 쓰론에 도달할 수 있을까요? ‖ [Streets of Rogue] 싸워서 몰래 들어가 임의 생성된 도시를 공격하세요. Nuclear Throne은 무법천지 GTA와 Deus Ex가 혼합된 형태입니다. Rogue-lite가 몰입도 높은 캐릭터를 만나 너무 재미있습니다. ‖ [Neon Abyss] Neon Abyss는 고속의 로그라이크 액션 플랫포머로, 하데스가 만든 '그림 스쿼드'의 일원이 되어 어비스로 총을 들고 뛰어드는 런 앤 건 게임입니다. 무한한 아이템 시너지와 던전 진화 시스템으로, 매번 게임을 할 때마다 다른 경험과 새로운 도전이 등장합니다. 진짜 지옥을 보여주세요! ‖ [Curse of the Dead Gods] 엄청난 부, 영원한 생명, 신성한 힘을 탐하는 마음이 당신을 끝없는 지옥 속의 미로, 치명적인 함정 및 몬스터가 우글거리는 이 저주받은 사원으로 이끌었습니다. ‖ [Rogue Legacy 2] 로그 레거시 2는 로그 레거시에 후속편을 끼얹은 작품입니다. 당신이 죽을 때마다 자식이 가업을 이어받습니다. 딸은 색맹 궁수이고 아들은 평화주의자 요리사일 수도 있죠. 어쨌거나 둘 중 한 명은 전장으로 나가야 합니다. ‖ [Have a Nice Death] Have a Nice Death는 과로에 고생하는 데스가 되어 플레이하는 2D 액션 로그라이크로, 통제 불능인 직원들 때문에 영혼의 균형과 데스의 휴가 계획이 틀어지고 말았습니다. 질서를 회복하려면 대낫을 들고 직원들과 서열 정리를 해야 합니다.",Plushie from the Sky,"액션, 어드벤처, 인디, RPG",우스꽝스러운 액션 RPG. 인형을 무장하고 귀엽게 혼란스럽게 악몽 같은 적을 물리치세요. 보스를 제치세요. 승리로 향하는 길을 굴러가세요!,2,,
B0226,A18,Euro Truck Simulator 2 / BeamNG.drive / 아세토 코르사 Assetto Corsa,"인디, 시뮬레이션 / 레이싱, 시뮬레이션, 앞서 해보기 / 인디, 레이싱, 시뮬레이션, 스포츠","[Euro Truck Simulator 2] 도로의 왕이 되어 인상적인 거리를 가로질러 중요한 화물을 배달하는 트럭 운전사가 되어 유럽을 여행하세요! 탐험할 도시가 수십 개나 되므로, 당신의 인내심, 기술, 속도가 모두 한계에 도달할 것입니다. ‖ [BeamNG.drive] 뭐든지 할 수 있는 동적 소프트 보디 물리 시뮬레이터입니다. ‖ [아세토 코르사 Assetto Corsa] 아세토 코르사(Assetto Corsa) v1.16은 새로운 레이저 스캔 트랙 ""라구나 세카(Laguna Seca)"" 및 기다리던 Alfa Romeo Giulia Quadrifoglio를 포함한 7개의 신차를 소개합니다! 체인지로그에서 더 자세한 내용을 확인하세요!",Xenon Racer,"액션, 인디, 레이싱, 스포츠",시대는 차량이 하늘을 날아다니는 2030년입니다. 이제 바퀴로 이동하는 제논 가스로 작동하는 최신 기술 전기차를 몰고 챔피언십에 도전하는 경기가 벌어집니다. 도쿄와 두바이 등의 도시에서 최대한 빠르게 드리프트를 펼치고 영원한 영광을 찾으세요!,2,,
B0227,A11,Forza Horizon 5 / Hi-Fi RUSH / Street Fighter 6,"액션, 어드벤처, 레이싱, 시뮬레이션, 스포츠 / 액션 / 액션, 어드벤처","[Forza Horizon 5] 세계 최고의 자동차를 타고 생동감 넘치는 멕시코의 대자연을 탐험하며 재미있는 드라이빙 액션을 마음껏 즐겨보세요. ‖ [Hi-Fi RUSH] 아케이드 챌린지! 업데이트!로 추가되는 두 개의 신규 게임 모드에서 여러분의 능력을 시험하고, 새로운 보상을 획득해 보세요. 몇 가지 비밀도 숨어 있답니다! 락 스타 지망생 차이가 되어 비트를 타고, 세상 모든 게 음악에 싱크되는 세계에서 오합지졸 팀과 함께 사악한 거대 기업에 맞서 싸우세요. ‖ [Street Fighter 6] 시리즈 최신작 『Street Fighter 6』, 2023년 6월 2일 발매 결정! RE ENGINE으로 개발된 본 작품은 대형 모드 「World Tour」, 「Fighting Ground」, 「Battle Hub」로 구성되어 있다. 새로운 「스트리트 파이터」에는 지금까지의 시리즈에는 없었던 새로운 체험이 기다리고 있다.",Dead as Disco,"액션, 인디, 앞서 해보기","네온 빛으로 가득한 비트 액션 게임 Dead as Disco에서 모든 펀치와 킥, 콤보가 음악과 완벽하게 동기화되며 무술과 뮤직비디오가 하나가 됩니다. 악당 아이돌에 맞서고 밴드를 재결합하기 위한 찰리 디스코의 모험에 함께하세요.",3,,
B0228,A20,Counter-Strike 2 / PUBG: BATTLEGROUNDS / 톰 클랜시의 레인보우식스 시즈,"액션, 무료 플레이 / 액션, 어드벤처, 대규모 멀티플레이어, 무료 플레이 / 액션, 무료 플레이","[Counter-Strike 2] Counter-Strike는 20년이 넘는 시간 동안 전 세계 수백만 명의 플레이어가 모여 수준 높은 경쟁을 펼칠 수 있는 플랫폼을 제공해 왔습니다. 그리고 이제 곧 Counter-Strike 2와 함께 새로운 CS 시대의 막이 열립니다. ‖ [PUBG: BATTLEGROUNDS] 배틀로얄 유행의 시작이자, 그 정수를 보여준 PUBG: 배틀그라운드를 지금 무료로 플레이하세요! 다양한 맵에 낙하하여 무기와 보급품을 확보하고, 점점 줄어드는 블루존 속에서 끝까지 살아남아 승리를 쟁취하세요. ‖ [톰 클랜시의 레인보우식스 시즈] 톰 클랜시의 레인보우식스 시즈는 탁월한 계획과 기술이 승부를 좌우하는 전술적인 정예 팀 기반 슈팅 게임입니다.",Liar Game,"캐주얼, 인디, RPG, 전략",누가 라이어인지 찾아내세요! 서로 속고 속이는 치열한 두뇌 싸움에서 승리할 수 있을까요?,1,IRRELEVANT,
B0229,A19,ELDEN RING / Disco Elysium - The Final Cut / Outer Wilds,"액션, RPG / RPG / 액션, 어드벤처","[ELDEN RING] 본 게임은 본격적인 다크 판타지 세계를 무대로 한 액션 RPG입니다. 드넓은 필드와 던전 탐험을 통해 미지의 것들을 발견해 보세요. 앞길을 막아서는 난관과 그것을 극복했을 때의 달성감, 그리고 등장인물들의 의도가 교착하는 군상극도 즐기실 수 있습니다. ‖ [Disco Elysium - The Final Cut] 디스코 엘리시움 - 최종판은 획기적인 오픈 월드 롤플레잉 게임입니다. 당신은 독특한 스킬 시스템을 갖춘 형사로서 오롯한 도시 블록을 당신의 미래를 닦기 위해 다듬을 수 있습니다. 잊지 못할 등장인물들을 심문하거나, 살인 사건을 해결하거나, 뇌물을 받으세요. 영웅이 되거나 인류의 완전한 재앙이 되세요. ‖ [Outer Wilds] Giant Bomb, Polygon, Eurogamer, The Guardian에 의해 2019년 올해의 게임에 이름을 올리며 냉정한 호평과 수상 실적이 있는 Outer Wilds는 무한 시간 루프에 갇힌 태양계에 관한 공개된 세계의 미스터리 게임입니다.",Doctor Who: The Edge of Reality,"어드벤처, 인디",닥터와 함께 걷잡을 수 없는 새로운 재앙으로부터 우주를 구하세요.,2,,
B0230,A17,Lethal Company / Phasmophobia / Deep Rock Galactic,"액션, 어드벤처, 인디, 앞서 해보기 / 액션, 인디, 앞서 해보기 / 액션","[Lethal Company] A co-op horror about scavenging at abandoned moons to sell scrap to the Company. ‖ [Phasmophobia] Phasmophobia is a 4 player online co-op psychological horror. Paranormal activity is on the rise and it’s up to you and your team to use all the ghost-hunting equipment at your dis ‖ [Deep Rock Galactic] 딥 락 갤럭틱은 1-4인의 플레이어가 협동하는 FPS 게임으로, 상남자 우주 드워프, 100% 파괴 가능한 맵 환경, 절차적 생성 동굴 지형, 그리고 끊임없이 등장하는 외계 괴물 무리가 특징입니다.",Craft The World,"인디, RPG, 시뮬레이션, 전략","Craft the World는 Dungeon Keeper, Terraria 및 Dwarf Fortress의 혼합으로 독특한 샌드박스 전략 게임입니다. 무작위로 생성된 세상을 탐험하고, 드워프 요새를 건설하며, 자원을 모으고 필요한 모든 아이템, 무기 및 갑옷을 제작하세요. 당신은 작은 드워프 부족을 이끌며, 그들에게 특정 장소에서 캐기, 적의 생물을 공격하기, 집과 다른 건물을 짓기와 같은 명령을 내립니다. 드워프들을 먹이와 옷으로 돌보고, 세계의 적대적인 존재들과 싸울 때 마법으로 그들을 도와야 합니다.",2,,
B0231,A20,Counter-Strike 2 / PUBG: BATTLEGROUNDS / 톰 클랜시의 레인보우식스 시즈,"액션, 무료 플레이 / 액션, 어드벤처, 대규모 멀티플레이어, 무료 플레이 / 액션, 무료 플레이","[Counter-Strike 2] Counter-Strike는 20년이 넘는 시간 동안 전 세계 수백만 명의 플레이어가 모여 수준 높은 경쟁을 펼칠 수 있는 플랫폼을 제공해 왔습니다. 그리고 이제 곧 Counter-Strike 2와 함께 새로운 CS 시대의 막이 열립니다. ‖ [PUBG: BATTLEGROUNDS] 배틀로얄 유행의 시작이자, 그 정수를 보여준 PUBG: 배틀그라운드를 지금 무료로 플레이하세요! 다양한 맵에 낙하하여 무기와 보급품을 확보하고, 점점 줄어드는 블루존 속에서 끝까지 살아남아 승리를 쟁취하세요. ‖ [톰 클랜시의 레인보우식스 시즈] 톰 클랜시의 레인보우식스 시즈는 탁월한 계획과 기술이 승부를 좌우하는 전술적인 정예 팀 기반 슈팅 게임입니다.",BLITZ ARENA,"액션, 인디, 대규모 멀티플레이어, 전략, 무료 플레이","FPS party game, 8 players compete in a tournament with a multitude of competitive gamemodes ! Solo, duo or team (4v4), prepare to fight in fast and tactical gamemodes. (Versus, Gungame, Battle royal, Dodegball, Runner ...)",2,,
B0232,A05,Opus Magnum,"인디, 시뮬레이션","[Opus Magnum] Opus Magnum은 SpaceChem, Infinifactory, SHENZHEN I/O를 제작한 Zachtronics의 신작 퍼즐게임입니다. 연금술사들의 최첨단 도구인 변성 기관을 이용해 물약과 독을 만들어내는 기계들을 설계하고 만들어 내세요!",.projekt,"캐주얼, 인디",Minimalistic puzzler about silhouettes from creator of Evo Explores,2,,
B0233,A34,Pid / ChromaGun / Deer & Boy,"어드벤처, 인디 / 액션, 어드벤처, 인디 / 액션, 어드벤처, 인디","[Pid] You are stranded on a strange and peculiar planet. It’s time to embark on your journey and find your way home! Explore a gravity defying and challenging platformer with striking vi ‖ [ChromaGun] Welcome to ChromaTec’s test lab! You’re here to test our state-of-the-art military-grade color-technology: The ChromaGun (patent pending)! Use it to solve our meticulously designed ‖ [Deer & Boy] 도망친 소년은 길 잃은 어린 사슴을 만나 고요하면서도 위태로운 세상을 함께 헤쳐 나갑니다. 퍼즐을 풀고, 높은 곳에 오르고, 위협을 피해 나아가며 당신의 동료는 연약한 아기 사슴에서 어엿한 사슴으로 성장하죠. 혼자서는 할 수 없었던 일을 함께 해내는 법을 배우게 됩니다.",BADLAND: Game of the Year Edition,"액션, 어드벤처, 인디","올해의 게임 상 수상에 빛나는 BADLAND에서 날고 생존하고, 무수히 펼쳐지는 함정, 퍼즐 및 장애물을 발견하십시오.",3,,
B0234,A20,Counter-Strike 2 / PUBG: BATTLEGROUNDS / 톰 클랜시의 레인보우식스 시즈,"액션, 무료 플레이 / 액션, 어드벤처, 대규모 멀티플레이어, 무료 플레이 / 액션, 무료 플레이","[Counter-Strike 2] Counter-Strike는 20년이 넘는 시간 동안 전 세계 수백만 명의 플레이어가 모여 수준 높은 경쟁을 펼칠 수 있는 플랫폼을 제공해 왔습니다. 그리고 이제 곧 Counter-Strike 2와 함께 새로운 CS 시대의 막이 열립니다. ‖ [PUBG: BATTLEGROUNDS] 배틀로얄 유행의 시작이자, 그 정수를 보여준 PUBG: 배틀그라운드를 지금 무료로 플레이하세요! 다양한 맵에 낙하하여 무기와 보급품을 확보하고, 점점 줄어드는 블루존 속에서 끝까지 살아남아 승리를 쟁취하세요. ‖ [톰 클랜시의 레인보우식스 시즈] 톰 클랜시의 레인보우식스 시즈는 탁월한 계획과 기술이 승부를 좌우하는 전술적인 정예 팀 기반 슈팅 게임입니다.",Battlerite Royale,"액션, 무료 플레이, 대규모 멀티플레이어","Explore the fantastical Talon Island in a thrilling fusion between a MOBA and Battle Royale game. Choose your Champion and master their unique abilities, loot for treasures alone or with a friend, and rise above the competition in a top-down action-fest. Only the best survive to the end!",2,,
B0235,A22,Deck of Ashes / Dicefolk / Cubic Cosmos,"어드벤처, 인디, RPG, 전략 / 캐주얼, 인디, 전략 / 전략","[Deck of Ashes] 덱 오브 애쉬즈(Deck of Ashes)는 전술 카드 전투를 벌이는 어드벤처 게임입니다. 한 번에 한 캐릭터씩 안티히어로 일행을 이끌어 속죄의 여행을 떠나보세요. 저주받은 판타지 세계를 탐험하며 강력한 카드를 찾아보세요. 독특한 전투 덱을 형성하여 적들을 무찌르세요! 잿빛 저주의 세계를 제거하실 수 있겠습니까? ‖ [Dicefolk] 마법 주사위의 힘을 휘두르고 강력한 키메라 팀을 구축해보세요! 수수께끼의 악을 멈추기 위한 택티컬 덱빌딩 로그라이트 모험이 다가오고 있습니다. 키메라 소환사로서, 신화적인 짐승들을 모집하고 완벽한 팀을 만들고, 다이스포크만의 독특한 주사위 메커니즘을 활용하여 승리로 이끌어주세요. ‖ [Cubic Cosmos] Cubic Cosmos is a thrilling fast-paced roguelike card game. You have been trapped in a deadly game. One wrong move could see you reduced to a plaything of the goddess. Can you free",Monster Slayers,"액션, 인디",Monster Slayers is a rogue-like deck-building RPG adventure. Create a hero and choose your path through the perilous Northern Valley as you battle to become a true Monster Slayer.,3,,
B0236,A17,Lethal Company / Phasmophobia / Deep Rock Galactic,"액션, 어드벤처, 인디, 앞서 해보기 / 액션, 인디, 앞서 해보기 / 액션","[Lethal Company] A co-op horror about scavenging at abandoned moons to sell scrap to the Company. ‖ [Phasmophobia] Phasmophobia is a 4 player online co-op psychological horror. Paranormal activity is on the rise and it’s up to you and your team to use all the ghost-hunting equipment at your dis ‖ [Deep Rock Galactic] 딥 락 갤럭틱은 1-4인의 플레이어가 협동하는 FPS 게임으로, 상남자 우주 드워프, 100% 파괴 가능한 맵 환경, 절차적 생성 동굴 지형, 그리고 끊임없이 등장하는 외계 괴물 무리가 특징입니다.",Tearscape,"액션, 어드벤처, 인디, RPG","사냥꾼이 되어 던전으로 가득한 어둡고 서로 연결된 세계를 탐험하세요. 정교한 전투 기술로 살아남고, 기괴한 괴물들과 싸우며, 무기를 확장하고, 비선형 구조 속 숨겨진 길을 발견하세요.",1,GENRE_ONLY,
B0237,A18,Euro Truck Simulator 2 / BeamNG.drive / 아세토 코르사 Assetto Corsa,"인디, 시뮬레이션 / 레이싱, 시뮬레이션, 앞서 해보기 / 인디, 레이싱, 시뮬레이션, 스포츠","[Euro Truck Simulator 2] 도로의 왕이 되어 인상적인 거리를 가로질러 중요한 화물을 배달하는 트럭 운전사가 되어 유럽을 여행하세요! 탐험할 도시가 수십 개나 되므로, 당신의 인내심, 기술, 속도가 모두 한계에 도달할 것입니다. ‖ [BeamNG.drive] 뭐든지 할 수 있는 동적 소프트 보디 물리 시뮬레이터입니다. ‖ [아세토 코르사 Assetto Corsa] 아세토 코르사(Assetto Corsa) v1.16은 새로운 레이저 스캔 트랙 ""라구나 세카(Laguna Seca)"" 및 기다리던 Alfa Romeo Giulia Quadrifoglio를 포함한 7개의 신차를 소개합니다! 체인지로그에서 더 자세한 내용을 확인하세요!",Offroad Mania,"어드벤처, 레이싱, 시뮬레이션","Offroad Mania — off-road 4x4 driving simulator based on realistic car physics. Modes: Classic (240 levels), Free Roam, Racing, Endless, Winter (rocks, mud, snow, water, logs, trees, bridges, ramps). Vehicles: 10+ amazing 4×4 cars for your driving fun. Free updates!",3,,
B0238,A15,서브노티카 / The Long Dark / No Man's Sky,"어드벤처, 인디 / 어드벤처, 인디, 시뮬레이션, 전략 / 액션, 어드벤처","[서브노티카] 위험과 경이로움이 가득한 외계의 바다 속으로 내려가세요. 장비를 제작하고, 잠수함을 조종하며 야생 생물보다 앞서가세요. 우거진 산호초, 화산, 동굴 같은 많은 장소들을 탐험하세요. 물론 살아남는 걸 잊으면 안 되겠죠. ‖ [The Long Dark] The Long Dark는 깊은 생각을 요구하는 탐험 생존 게임입니다. 플레이어는 지구 자기장 이상으로 인한 대재앙이 휩쓸고 간 세상에서 혼자 드넓은 설원 황무지를 탐험하며 살아남아야 합니다. 좀비는 등장하지 않으며 오직 플레이어와 추위, 그리고 자연 속의 위험들만 존재합니다. 고요한 종말의 세상에 오신 것을 환영합니다. ‖ [No Man's Sky] No Man's Sky는 무한히 펼쳐지는 우주에서의 탐험과 생존을 그린 SF 게임입니다.",Echoes of Elysium,"액션, 어드벤처, 인디, RPG, 시뮬레이션, 앞서 해보기",프로시저럴 하늘에서 펼쳐지는 비공선 생존 RPG. 친구들과 함께 건설하고 탐험하며 전투하는 거대한 오픈 월드.,3,,
B0239,A01,It Takes Two / Overcooked! 2 / What Remains of Edith Finch,"액션, 어드벤처 / 액션, 캐주얼, 인디 / 어드벤처, 인디","[It Takes Two] It Takes Two에서 생애 가장 정신없는 여정을 시작하세요. 친구가 무료로 참가할 수 있게 친구 패스*로 초대하고, 함께 힘을 합쳐서 수많은 유쾌하고 획기적인 게임 플레이 챌린지를 헤쳐나가세요. ‖ [Overcooked! 2] 혼란스러운 요리 액션으로 가득한 Overcooked가 돌아왔습니다! 양파 왕국으로 돌아가는 여행을 떠나세요. 클래식 협동 또는 온라인 플레이에서 셰프 팀을 만들어서 최대 4명까지 플레이하세요. 앞치마를 준비하세요... 다시 세상을 구할 때가 되었습니다! ‖ [What Remains of Edith Finch] What Remains of Edith Finch(워트 리메인스 오브 에디스 핀치)는 워싱턴 주에 있는 어느 가족에 대한 이상한 이야기의 모음입니다. 플레이어는 에디스가 되어 거대한 핀치 가택을 탐사하고, 가족사를 연구하며 이야기를 찾고, 왜 가족 중에서 그녀만 살아남았는지 알아내야 합니다. 각 이야기는 새로운 가족 구성",Log Riders,"어드벤처, 캐주얼, 인디",통나무를 함께 굴리며 즐거운 모험을 떠나세요. 이 2인 협동 플랫폼 게임에서 친구와 나무꾼이 되어 균형을 유지하세요. 장애물을 넘고 목표에 도달하며 절대 포기하지 마세요.,3,,
B0240,A28,Dordogne / A YEAR OF SPRINGS / Botany Manor,"어드벤처, 인디 / 캐주얼, 인디, 시뮬레이션 / 어드벤처","[Dordogne] 이 유년 시절의 여정에서 특별한 내러티브에 몰입하며 도르도뉴의 수천 가지 여름의 색을 탐험하고, 추억을 떠올리며 가족의 비밀을 밝히세요. ‖ [A YEAR OF SPRINGS] 세 명의 여성, 세 개의 이야기, 세 개의 봄. 세 명의 친구들이 사랑, 공감, 그리고 단지 함께하고 싶어하는 감정에 대한 방향을 찾아나가는 3 부작 비주얼 노벨 A YEAR OF SPRINGS 에서 하루, 에리카, 마나미의 이야기를 체험하세요. ‖ [Botany Manor] Welcome to Botany Manor, a stately home in 19th century England. You play as inhabitant Arabella Greene, a retired botanist. Explore your house and gardens, filled with research, t",April Grove,"어드벤처, 캐주얼","Undertake your new job as a forester in a mystic and peaceful wood. Chop, gather, level up and unravel the expansive forest and its splendor at your own pace, one log at a time!",3,,
B0241,A06,Cities: Skylines / Factorio / Farming Simulator 22,"시뮬레이션, 전략 / 캐주얼, 인디, 시뮬레이션, 전략 / 시뮬레이션","[Cities: Skylines] Cities: Skylines is a modern take on the classic city simulation. The game introduces new game play elements to realize the thrill and hardships of creating and maintaining a real  ‖ [Factorio] Factorio는 무한한 2D 세상에서 복잡성이 증가하는 아이템을 생산하기 위해 자동화 공장을 만드는 게임입니다. - 당신의 상상력으로 공장을 설계, 독창적인 방법으로 간단한 요소를 결합하고 마지막엔 당신을 좋아하지 않는 생물들로 부터 공장을 지키세요. ‖ [Farming Simulator 22] 농장을 만들고 농사를 즐기세요! 작물을 수확하고, 동물을 돌보고, 생산을 관리하고, 계절에 따른 어려움을 이겨내세요.",Urbek City Builder,"인디, 시뮬레이션, 전략",Urbek is a city building game where you can build your own neighbourhoods: from nightlife district to industrial district. Don't exhaust your natural resources before you have an educated population to build more efficient structures.,3,,
B0242,A27,The Raven Remastered / The Frostrune / Mad Experiments: Escape Room,"어드벤처 / 어드벤처 / 어드벤처, 캐주얼, 인디, 시뮬레이션, 전략","[The Raven Remastered] London, 1964. An ancient ruby is stolen from the British Museum. At the crime scene: a raven feather. Is somebody trying to follow in the footsteps of The Raven, the legendary mast ‖ [The Frostrune] Unravel a mystery inspired by Viking myth and legend in The Frostrune, a classic point-and-click adventure based on historically accurate Norse culture and environments. ‖ [Mad Experiments: Escape Room] 수상 후보에 오른 이스케이프 게임 1인 또는 최대 5인까지 플레이하며 3개의 독특한 방을 탐험하고, 두뇌를 자극하는 퍼즐을 풀며 체셔 교수와 그의 실험에 얽힌 어두운 비밀을 밝혀보세요.",Monolith,"어드벤처, 인디","A classical science fiction point and click adventure which takes you into a deep story and murky atmosphere, while solving logical puzzles. Accompany Tessa Carter and her talking robot as she finds out about herself and searches for a way to survive.",3,,
B0243,A34,Pid / ChromaGun / Deer & Boy,"어드벤처, 인디 / 액션, 어드벤처, 인디 / 액션, 어드벤처, 인디","[Pid] You are stranded on a strange and peculiar planet. It’s time to embark on your journey and find your way home! Explore a gravity defying and challenging platformer with striking vi ‖ [ChromaGun] Welcome to ChromaTec’s test lab! You’re here to test our state-of-the-art military-grade color-technology: The ChromaGun (patent pending)! Use it to solve our meticulously designed ‖ [Deer & Boy] 도망친 소년은 길 잃은 어린 사슴을 만나 고요하면서도 위태로운 세상을 함께 헤쳐 나갑니다. 퍼즐을 풀고, 높은 곳에 오르고, 위협을 피해 나아가며 당신의 동료는 연약한 아기 사슴에서 어엿한 사슴으로 성장하죠. 혼자서는 할 수 없었던 일을 함께 해내는 법을 배우게 됩니다.",Blanc 블랑,"어드벤처, 인디",블랑은 눈이 내리는 광활한 황야에서 가족과 떨어진 아기 늑대와 사슴의 여정을 따라가는 아름다우면서도 플레이어간 협동을 요구하는 어드벤처 게임입니다. 아기 늑대와 사슴은 떨어진 가족을 찾기 위해서 다소 어색한 동행을 시작합니다.,3,,
B0244,A22,Deck of Ashes / Dicefolk / Cubic Cosmos,"어드벤처, 인디, RPG, 전략 / 캐주얼, 인디, 전략 / 전략","[Deck of Ashes] 덱 오브 애쉬즈(Deck of Ashes)는 전술 카드 전투를 벌이는 어드벤처 게임입니다. 한 번에 한 캐릭터씩 안티히어로 일행을 이끌어 속죄의 여행을 떠나보세요. 저주받은 판타지 세계를 탐험하며 강력한 카드를 찾아보세요. 독특한 전투 덱을 형성하여 적들을 무찌르세요! 잿빛 저주의 세계를 제거하실 수 있겠습니까? ‖ [Dicefolk] 마법 주사위의 힘을 휘두르고 강력한 키메라 팀을 구축해보세요! 수수께끼의 악을 멈추기 위한 택티컬 덱빌딩 로그라이트 모험이 다가오고 있습니다. 키메라 소환사로서, 신화적인 짐승들을 모집하고 완벽한 팀을 만들고, 다이스포크만의 독특한 주사위 메커니즘을 활용하여 승리로 이끌어주세요. ‖ [Cubic Cosmos] Cubic Cosmos is a thrilling fast-paced roguelike card game. You have been trapped in a deadly game. One wrong move could see you reduced to a plaything of the goddess. Can you free",Trizon,"인디, 전략","Trizon is a roguelike deck-building game. Fuse any two cards together to play crazy combos. The game combines auto-battler mechanics, where creatures attack on their own, with instant-effect spell cards. Battles are fast-paced and dynamic, set against a simple and restrained art style.",3,,
B0245,A35,Project Zomboid / Don't Starve / The Forest,"인디, RPG, 시뮬레이션, 앞서 해보기 / 어드벤처, 인디, 시뮬레이션 / 액션, 어드벤처, 인디, 시뮬레이션","[Project Zomboid] Project Zomboid is the ultimate in zombie survival. Alone or in MP: you loot, build, craft, fight, farm and fish in a struggle to survive. A hardcore RPG skillset, a vast map, mass ‖ [Don't Starve] Don’t Starve is an uncompromising wilderness survival game full of science and magic. Enter a strange and unexplored world full of strange creatures, dangers, and surprises. Gather ‖ [The Forest] As the lone survivor of a passenger jet crash, you find yourself in a mysterious forest battling to stay alive against a society of cannibalistic mutants. Build, explore, survive i",Rem Survival,"액션, 어드벤처, 인디, 대규모 멀티플레이어, RPG, 시뮬레이션, 앞서 해보기","Scavenge abandoned ruins, craft gear from scrap and salvaged materials, and fight the environment itself as hunger, exposure, and exhaustion push you to your limits. There are no second chances—only adaptation or death.",3,,
B0246,A06,Cities: Skylines / Factorio / Farming Simulator 22,"시뮬레이션, 전략 / 캐주얼, 인디, 시뮬레이션, 전략 / 시뮬레이션","[Cities: Skylines] Cities: Skylines is a modern take on the classic city simulation. The game introduces new game play elements to realize the thrill and hardships of creating and maintaining a real  ‖ [Factorio] Factorio는 무한한 2D 세상에서 복잡성이 증가하는 아이템을 생산하기 위해 자동화 공장을 만드는 게임입니다. - 당신의 상상력으로 공장을 설계, 독창적인 방법으로 간단한 요소를 결합하고 마지막엔 당신을 좋아하지 않는 생물들로 부터 공장을 지키세요. ‖ [Farming Simulator 22] 농장을 만들고 농사를 즐기세요! 작물을 수확하고, 동물을 돌보고, 생산을 관리하고, 계절에 따른 어려움을 이겨내세요.",Doodle Factory,"캐주얼, 인디, 시뮬레이션, 전략","Welcome to Doodle Factory - your ticket to the world of factory fun! Dive into building and designing with ever-changing boards. Get creative, boost your efficiency with cool upgrades, and make each factory uniquely yours!",2,,
B0247,A01,It Takes Two / Overcooked! 2 / What Remains of Edith Finch,"액션, 어드벤처 / 액션, 캐주얼, 인디 / 어드벤처, 인디","[It Takes Two] It Takes Two에서 생애 가장 정신없는 여정을 시작하세요. 친구가 무료로 참가할 수 있게 친구 패스*로 초대하고, 함께 힘을 합쳐서 수많은 유쾌하고 획기적인 게임 플레이 챌린지를 헤쳐나가세요. ‖ [Overcooked! 2] 혼란스러운 요리 액션으로 가득한 Overcooked가 돌아왔습니다! 양파 왕국으로 돌아가는 여행을 떠나세요. 클래식 협동 또는 온라인 플레이에서 셰프 팀을 만들어서 최대 4명까지 플레이하세요. 앞치마를 준비하세요... 다시 세상을 구할 때가 되었습니다! ‖ [What Remains of Edith Finch] What Remains of Edith Finch(워트 리메인스 오브 에디스 핀치)는 워싱턴 주에 있는 어느 가족에 대한 이상한 이야기의 모음입니다. 플레이어는 에디스가 되어 거대한 핀치 가택을 탐사하고, 가족사를 연구하며 이야기를 찾고, 왜 가족 중에서 그녀만 살아남았는지 알아내야 합니다. 각 이야기는 새로운 가족 구성",Sandwich Simulator,"캐주얼, 인디, 시뮬레이션","자신만의 맛의 세계를 만들 준비가 되었나요? 혼자 또는 최대 8명의 플레이어와 함께 협동 모드로 플레이하며 친구들과 샌드위치를 만들고, 온라인 주문을 배달원에게 전달하며 자신의 샌드위치 가게를 운영하세요. 청소하고, 가게를 확장하며, 손님들을 행복하게 만들어 보세요!",2,,
B0248,A26,RimWorld / Oxygen Not Included / Unpacking 언패킹,"인디, 시뮬레이션, 전략 / 인디, 시뮬레이션 / 캐주얼, 인디, 시뮬레이션","[RimWorld] 지능형 AI 이야기꾼이 주도하는 공상과학 정착지 시뮬레이터입니다. 심리, 생태, 총격전과 근접전, 날씨, 기후, 외교, 사람 사이의 관계, 예술, 의학, 무역, 그 외 많은 것들을 시뮬레이션하여 이야기를 생성합니다. ‖ [Oxygen Not Included] Oxygen Not Included는 우주 콜로니 시뮬레이션 게임입니다. 외계의 우주 암석 깊은 곳에서 근면한 일꾼들은 생존하고 나아가 번영하기 위해 과학을 마스터하고, 낯선 새로운 생명체에 맞서며, 경이로운 우주 테크놀로지를 활용해야 합니다. ‖ [Unpacking 언패킹] Unpacking은 상자에서 짐을 꺼내 새집에 맞게 배치하는 친숙한 체험에 대한 명상적 퍼즐 게임입니다. 게임의 일부인 블록 맞추기 게임과 집 꾸미기를 하는 동안, 푸는 짐에 닮긴 삶의 실마리를 찾아가며 만족할 만한 생활 공간을 만들어 보세요.",우리동네 중고상회,"캐주얼, 시뮬레이션","느긋한 경영 시뮬레이션 게임에서 나만의 중고 상점을 운영하세요! 상자를 뒤져 숨겨진 보물을 찾고, 옷과 골동품, 장난감 등 다양한 물건을 찾아 손님들의 추억을 되살리는 방식으로 전시해 보세요. 단골손님과 친구가 되어 요청을 들어주고 매장을 확장해서 우리 지역의 중심지로 거듭나세요!",2,,
B0249,A25,DOOMBLADE / Transiruby / Blast Brigade vs. the Evil Legion of Dr. Cread,"액션, 어드벤처, 인디 / 액션 / 액션, 어드벤처, 인디","[DOOMBLADE] Deep underground, Gloom Girl discovers DOOMBLADE, a sentient weapon hellbent on escape after eons in chains. Together, “Doom and Gloom” embark on a vengeful quest to unlock the pow ‖ [Transiruby] 차원 대륙의 의문을 풀어라! 는 사이보그 소녀 실비가 검과 엘리먼트 샷으로 적을 쓰러뜨리며 앞으로 나아가는 탐색형 액션 게임입니다! ‖ [Blast Brigade vs. the Evil Legion of Dr. Cread] 스릴 넘치는 플랫포밍과 깊이 있는 탐험 세계, 폭발적인 액션으로 가득한 2D 메트로이드배니아 어드벤처 게임을 즐겨보세요! Blast Brigade에서 영웅들로 팀을 구성해 세계를 구하세요!",KAMIKO,"액션, 어드벤처",신이 부여한 무기를 휘두르고 세계 사이의 문을 열어보세요!,2,,
B0250,A07,Into the Breach / Monster Train / Mini Metro,"인디, RPG, 시뮬레이션, 전략 / 전략 / 인디, 시뮬레이션, 전략","[Into the Breach] 미래의 강력한 메크를 조종하여 외계 세력을 물리치세요. 이 턴제 전략 게임에서는 세계를 구하려 시도할 때마다 무작위로 새롭게 생성되는 도전이 여러분 앞에 나타납니다. ‖ [Monster Train] Monster Train is a strategic roguelike deck building game with a twist. Set on a train to hell, you’ll use tactical decision making to defend multiple vertical battlegrounds. With  ‖ [Mini Metro] 미니 메트로는 성장하는 도시를 위해 지하철 노선을 설계하는 게임입니다. 역과 역 사이에 노선을 그려서 열차 운행을 시작하세요. 새로운 역이 열리면 노선을 수정해서 노선도를 효율적으로 유지하세요. 한정된 자원을 어느 곳에 사용할 것인지 결정하세요. 도시를 얼마나 오래 유지할 수 있을까요?",Pyrene,"인디, 전략","Defeat hellish monsters and rebuild your home in Pyrene, a fast paced roguelike dungeon-crawler. Play with different heroes & spells, collect powerful relics to upgrade your deck while uncovering the mysteries behind your village’s destruction.",2,,
B0251,A23,Vomitoreum / Tales of Kenzera™: ZAU / Shantae: Half-Genie Hero,"액션, 어드벤처, 인디 / 액션, 어드벤처, 인디 / 액션, 어드벤처, 인디","[Vomitoreum] Vomitoreum is an FPS Metroidvania with a focus on atmosphere and horror, inspired by the paintings of Zdzisław Beksiński. ‖ [Tales of Kenzera™: ZAU] 샤먼의 춤을 추세요. 아버지의 영혼을 되찾으세요. Surgent Studios가 제작한 메트로이드바니아 스타일의 어드벤처 게임 Tales of Kenzera™: ZAU에서 죽음의 신과 함께 아름답고 위험한 켄제라의 땅으로 용감하게 모험을 떠나세요. ‖ [Shantae: Half-Genie Hero] Shantae embarks on her first full HD adventure! When a mysterious crime wave sweeps Sequin Land, it’s up to Half-Genie Hero Shantae to save the day! Use Shantae’s devastating Hair-",咸鱼喵喵,"액션, 어드벤처, 인디, RPG","This game is a Metroidvania game with intense battle. Explore the world and collection power-ups with your cute cat girl! When magic curse suddenly occurred in a small town and all the residents grew cat ears, the real cat girl Nyaruru started her way to uncover the truth...",2,,
B0252,A10,A Short Hike / ISLANDERS / Gorogoa,"어드벤처, 인디 / 캐주얼, 인디, 전략 / 어드벤처, 캐주얼, 인디","[A Short Hike] Hike, climb, and soar through the peaceful mountainside landscapes of Hawk Peak Provincial Park as you make your way to the summit. ‖ [ISLANDERS] ISLANDERS is a minimalist strategy game about building cities on colorful islands. ‖ [Gorogoa] Gorogoa(고로고아)는 Jason Roberts가 디자인하고 일러스트레이션을 손으로 그린 아름다운 차세대 퍼즐 게임입니다.",Lil' Guardsman,"어드벤처, 캐주얼, 인디","여러분이 갑자기 성문의 경비 초소를 맡게 된 12세 청소년이라고 상상해 보세요. 이곳에서 엘프, 고블린, 100명이 넘는 기타 캐릭터의 입장을 허가할지 결정해야 합니다. 추리와 내러티브, 퍼즐 게임의 환상적인 조합을 만나보세요.",2,,
B0253,A25,DOOMBLADE / Transiruby / Blast Brigade vs. the Evil Legion of Dr. Cread,"액션, 어드벤처, 인디 / 액션 / 액션, 어드벤처, 인디","[DOOMBLADE] Deep underground, Gloom Girl discovers DOOMBLADE, a sentient weapon hellbent on escape after eons in chains. Together, “Doom and Gloom” embark on a vengeful quest to unlock the pow ‖ [Transiruby] 차원 대륙의 의문을 풀어라! 는 사이보그 소녀 실비가 검과 엘리먼트 샷으로 적을 쓰러뜨리며 앞으로 나아가는 탐색형 액션 게임입니다! ‖ [Blast Brigade vs. the Evil Legion of Dr. Cread] 스릴 넘치는 플랫포밍과 깊이 있는 탐험 세계, 폭발적인 액션으로 가득한 2D 메트로이드배니아 어드벤처 게임을 즐겨보세요! Blast Brigade에서 영웅들로 팀을 구성해 세계를 구하세요!",Death Moon,"액션, 어드벤처, 캐주얼, 인디, 전략",Action Adventure single player platformr with puzzles..,1,LOW_QUALITY,
B0254,A27,The Raven Remastered / The Frostrune / Mad Experiments: Escape Room,"어드벤처 / 어드벤처 / 어드벤처, 캐주얼, 인디, 시뮬레이션, 전략","[The Raven Remastered] London, 1964. An ancient ruby is stolen from the British Museum. At the crime scene: a raven feather. Is somebody trying to follow in the footsteps of The Raven, the legendary mast ‖ [The Frostrune] Unravel a mystery inspired by Viking myth and legend in The Frostrune, a classic point-and-click adventure based on historically accurate Norse culture and environments. ‖ [Mad Experiments: Escape Room] 수상 후보에 오른 이스케이프 게임 1인 또는 최대 5인까지 플레이하며 3개의 독특한 방을 탐험하고, 두뇌를 자극하는 퍼즐을 풀며 체셔 교수와 그의 실험에 얽힌 어두운 비밀을 밝혀보세요.",Year Walk,"어드벤처, 인디","Venture out into the dark woods where strange creatures roam, on a vision quest set in 19th century Sweden. Solve and decipher cryptic puzzles, listen for clues, and learn about mysterious folklore creatures in the built-in encyclopedia as you seek to foresee your future.",3,,
B0255,A29,Salt and Sanctuary,"액션, 인디, RPG","[Salt and Sanctuary] 두렵고도 잔혹한 섬의 탐험을 시작합니다… Salt and Sanctuary는 신속하고, 잔인하며, 복잡한 전투 시스템을 지닌 2D RPG입니다. 저주받은 도시의 잊힌 영역이나, 피에 물든 던전이나, 오염된 기념비와 같은 장소를 돌아다니며, 한때 축복을 받았지만 지금은 타락하고 만 영주들을 조우하세요.",3000th Duel,"액션, 어드벤처, 인디",3000th Duel은 스피디하고 호쾌한 전투가 매력적인 액션어드벤처입니다. 자신만의 스타일로 마물을 물리치고 깊이를 알수 없는 세계를 탐험하여 거대한 비밀을 파헤치세요.,3,,
B0256,A15,서브노티카 / The Long Dark / No Man's Sky,"어드벤처, 인디 / 어드벤처, 인디, 시뮬레이션, 전략 / 액션, 어드벤처","[서브노티카] 위험과 경이로움이 가득한 외계의 바다 속으로 내려가세요. 장비를 제작하고, 잠수함을 조종하며 야생 생물보다 앞서가세요. 우거진 산호초, 화산, 동굴 같은 많은 장소들을 탐험하세요. 물론 살아남는 걸 잊으면 안 되겠죠. ‖ [The Long Dark] The Long Dark는 깊은 생각을 요구하는 탐험 생존 게임입니다. 플레이어는 지구 자기장 이상으로 인한 대재앙이 휩쓸고 간 세상에서 혼자 드넓은 설원 황무지를 탐험하며 살아남아야 합니다. 좀비는 등장하지 않으며 오직 플레이어와 추위, 그리고 자연 속의 위험들만 존재합니다. 고요한 종말의 세상에 오신 것을 환영합니다. ‖ [No Man's Sky] No Man's Sky는 무한히 펼쳐지는 우주에서의 탐험과 생존을 그린 SF 게임입니다.",Ancestors: The Humankind Odyssey,"액션, 어드벤처, 인디, RPG","앤세스터: 인류의 여정에서 인류가 태동한 1천만 년 전 아프리카의 무리를 이끌어 탐험, 확장, 진화해 생존하십시오.",3,,
B0257,A06,Cities: Skylines / Factorio / Farming Simulator 22,"시뮬레이션, 전략 / 캐주얼, 인디, 시뮬레이션, 전략 / 시뮬레이션","[Cities: Skylines] Cities: Skylines is a modern take on the classic city simulation. The game introduces new game play elements to realize the thrill and hardships of creating and maintaining a real  ‖ [Factorio] Factorio는 무한한 2D 세상에서 복잡성이 증가하는 아이템을 생산하기 위해 자동화 공장을 만드는 게임입니다. - 당신의 상상력으로 공장을 설계, 독창적인 방법으로 간단한 요소를 결합하고 마지막엔 당신을 좋아하지 않는 생물들로 부터 공장을 지키세요. ‖ [Farming Simulator 22] 농장을 만들고 농사를 즐기세요! 작물을 수확하고, 동물을 돌보고, 생산을 관리하고, 계절에 따른 어려움을 이겨내세요.",Eden Crafters,"어드벤처, 인디, 시뮬레이션, 전략","Eden Crafters is a solo or co-op open-world survival, crafting, and factory-building game where you transform a hostile planet into a habitable haven for humanity. Build, automate, and terraform. Control the climate, create a breathable atmosphere, and turn toxic lakes into water: shape a new world!",3,,
B0258,A17,Lethal Company / Phasmophobia / Deep Rock Galactic,"액션, 어드벤처, 인디, 앞서 해보기 / 액션, 인디, 앞서 해보기 / 액션","[Lethal Company] A co-op horror about scavenging at abandoned moons to sell scrap to the Company. ‖ [Phasmophobia] Phasmophobia is a 4 player online co-op psychological horror. Paranormal activity is on the rise and it’s up to you and your team to use all the ghost-hunting equipment at your dis ‖ [Deep Rock Galactic] 딥 락 갤럭틱은 1-4인의 플레이어가 협동하는 FPS 게임으로, 상남자 우주 드워프, 100% 파괴 가능한 맵 환경, 절차적 생성 동굴 지형, 그리고 끊임없이 등장하는 외계 괴물 무리가 특징입니다.",Ghost Janitors,"액션, 어드벤처, 인디",Ghost Janitors는 1~4인이 즐길 수 있는 멀티플레이 심리 공포 게임입니다. 당신의 임무는 무엇일까요? 무시무시한 몬스터를 피하면서 유령이 나오는 집을 청소하는 것입니다. 팀과 함께 이 오싹한 도전에 맞설 준비가 되셨나요?,3,,
B0259,A24,Valheim / Grounded / My Time at Portia,"액션, 어드벤처, 인디, RPG, 앞서 해보기 / 액션, 어드벤처 / 어드벤처, 캐주얼, 인디, RPG, 시뮬레이션","[Valheim] 북구 신화와 바이킹 문화에 기반한 판타지 세계를 배경으로 펼쳐지는 생존 및 탐험 게임. ‖ [Grounded] The world is a vast, beautiful and dangerous place – especially when you have been shrunk to the size of an ant. Can you thrive alongside the hordes of giant insects, fighting to s ‖ [My Time at Portia] 아름다운 Portia 마을에서 새 삶을 시작하세요! 아버지가 방치한 작업장에서 제작을 부탁받고, 작물을 키우고, 가축을 기르고, 아름다운 세기말의 땅에서 특이한 친구들을 사귀며 작업장을 예전의 멋진 모습으로 복원하세요.",세이큐 이야기,"어드벤처, RPG, 시뮬레이션","세이큐 섬을 배경으로 한 평화로운 농장 생활 시뮬레이션입니다. 농장을 가꾸고, 선조의 집을 복원하고, 마을 사람들과 진심 어린 유대감을 쌓으세요. 다양한 영혼 형태로 변신하며 계절의 흐름에 따라 잔잔하게 바뀌어 가는 세계를 탐험해 보세요.",3,,
B0260,A31,Hearts of Iron IV / Europa Universalis IV / Sid Meier's Civilization® V,"시뮬레이션, 전략 / 시뮬레이션, 전략 / 전략","[Hearts of Iron IV] Victory is at your fingertips! Your ability to lead your nation is your supreme weapon, the strategy game Hearts of Iron IV lets you take command of any nation in World War II; the ‖ [Europa Universalis IV] 비교할 수 없는 자유도, 깊이 있는 스토리, 정확한 역사적 고증을 즐기며 국토를 다스리고 세계를 정복하세요. 세계 역사를 새롭게 쓰며 시대를 풍미할 제국을 만드세요. ‖ [Sid Meier's Civilization® V] Create, discover, and download new player-created maps, scenarios, interfaces, and more!",모래판 전쟁：삼국,"인디, 시뮬레이션, 전략","“모래판 전쟁: 삼국”은 삼국 시대를 배경으로 한 전략 시뮬레이션 게임입니다. 여기서는 삼국지 역사의 다양한 세력을 플레이하여 성과 땅을 점령하고 천하를 통일할 수 있습니다. 풍부한 역사 무장과 시나리오, 보드게임 같은 경험으로 한 왕조를 재건하세요!",2,,
B0261,A26,RimWorld / Oxygen Not Included / Unpacking 언패킹,"인디, 시뮬레이션, 전략 / 인디, 시뮬레이션 / 캐주얼, 인디, 시뮬레이션","[RimWorld] 지능형 AI 이야기꾼이 주도하는 공상과학 정착지 시뮬레이터입니다. 심리, 생태, 총격전과 근접전, 날씨, 기후, 외교, 사람 사이의 관계, 예술, 의학, 무역, 그 외 많은 것들을 시뮬레이션하여 이야기를 생성합니다. ‖ [Oxygen Not Included] Oxygen Not Included는 우주 콜로니 시뮬레이션 게임입니다. 외계의 우주 암석 깊은 곳에서 근면한 일꾼들은 생존하고 나아가 번영하기 위해 과학을 마스터하고, 낯선 새로운 생명체에 맞서며, 경이로운 우주 테크놀로지를 활용해야 합니다. ‖ [Unpacking 언패킹] Unpacking은 상자에서 짐을 꺼내 새집에 맞게 배치하는 친숙한 체험에 대한 명상적 퍼즐 게임입니다. 게임의 일부인 블록 맞추기 게임과 집 꾸미기를 하는 동안, 푸는 짐에 닮긴 삶의 실마리를 찾아가며 만족할 만한 생활 공간을 만들어 보세요.",Cozy Home,캐주얼,"Cozy Home은 일상의 스트레스를 잊고, 물건을 정리하고 쌓으며 정돈하는 과정에서 평온함을 찾을 수 있는 차분하고 편안한 정리 게임입니다.",3,,
B0262,A28,Dordogne / A YEAR OF SPRINGS / Botany Manor,"어드벤처, 인디 / 캐주얼, 인디, 시뮬레이션 / 어드벤처","[Dordogne] 이 유년 시절의 여정에서 특별한 내러티브에 몰입하며 도르도뉴의 수천 가지 여름의 색을 탐험하고, 추억을 떠올리며 가족의 비밀을 밝히세요. ‖ [A YEAR OF SPRINGS] 세 명의 여성, 세 개의 이야기, 세 개의 봄. 세 명의 친구들이 사랑, 공감, 그리고 단지 함께하고 싶어하는 감정에 대한 방향을 찾아나가는 3 부작 비주얼 노벨 A YEAR OF SPRINGS 에서 하루, 에리카, 마나미의 이야기를 체험하세요. ‖ [Botany Manor] Welcome to Botany Manor, a stately home in 19th century England. You play as inhabitant Arabella Greene, a retired botanist. Explore your house and gardens, filled with research, t",Heart of the Woods,"캐주얼, 인디","A fantasy yuri visual novel filled with magic, fairies, and a ghost girl. When Maddie and her best friend, Tara, journey to a remote forest village to investigate rumors of the supernatural, they find a whole lot more than they bargained for.",3,,
B0263,A17,Lethal Company / Phasmophobia / Deep Rock Galactic,"액션, 어드벤처, 인디, 앞서 해보기 / 액션, 인디, 앞서 해보기 / 액션","[Lethal Company] A co-op horror about scavenging at abandoned moons to sell scrap to the Company. ‖ [Phasmophobia] Phasmophobia is a 4 player online co-op psychological horror. Paranormal activity is on the rise and it’s up to you and your team to use all the ghost-hunting equipment at your dis ‖ [Deep Rock Galactic] 딥 락 갤럭틱은 1-4인의 플레이어가 협동하는 FPS 게임으로, 상남자 우주 드워프, 100% 파괴 가능한 맵 환경, 절차적 생성 동굴 지형, 그리고 끊임없이 등장하는 외계 괴물 무리가 특징입니다.",PIT OF GOBLIN,"액션, 어드벤처, 인디, 앞서 해보기","In this online horror co-op, you play as a scrappy goblin, scavenging dungeons, dodging traps, and fleeing monsters to feed the Goblin King-Queen. Team up with goblin pals, or go rogue, as you dive deep and cause chaos! Fail to feed them, and you might be the next meal!",3,,
B0264,A23,Vomitoreum / Tales of Kenzera™: ZAU / Shantae: Half-Genie Hero,"액션, 어드벤처, 인디 / 액션, 어드벤처, 인디 / 액션, 어드벤처, 인디","[Vomitoreum] Vomitoreum is an FPS Metroidvania with a focus on atmosphere and horror, inspired by the paintings of Zdzisław Beksiński. ‖ [Tales of Kenzera™: ZAU] 샤먼의 춤을 추세요. 아버지의 영혼을 되찾으세요. Surgent Studios가 제작한 메트로이드바니아 스타일의 어드벤처 게임 Tales of Kenzera™: ZAU에서 죽음의 신과 함께 아름답고 위험한 켄제라의 땅으로 용감하게 모험을 떠나세요. ‖ [Shantae: Half-Genie Hero] Shantae embarks on her first full HD adventure! When a mysterious crime wave sweeps Sequin Land, it’s up to Half-Genie Hero Shantae to save the day! Use Shantae’s devastating Hair-",DERE EVIL EXE,"액션, 어드벤처, 캐주얼, 인디",DERE EVIL EXE is both a terrifying thriller with a gripping meta horror story and a retro 16-bit pixel platformer with unique puzzles and obstacles.,1,GENRE_ONLY,
B0265,A07,Into the Breach / Monster Train / Mini Metro,"인디, RPG, 시뮬레이션, 전략 / 전략 / 인디, 시뮬레이션, 전략","[Into the Breach] 미래의 강력한 메크를 조종하여 외계 세력을 물리치세요. 이 턴제 전략 게임에서는 세계를 구하려 시도할 때마다 무작위로 새롭게 생성되는 도전이 여러분 앞에 나타납니다. ‖ [Monster Train] Monster Train is a strategic roguelike deck building game with a twist. Set on a train to hell, you’ll use tactical decision making to defend multiple vertical battlegrounds. With  ‖ [Mini Metro] 미니 메트로는 성장하는 도시를 위해 지하철 노선을 설계하는 게임입니다. 역과 역 사이에 노선을 그려서 열차 운행을 시작하세요. 새로운 역이 열리면 노선을 수정해서 노선도를 효율적으로 유지하세요. 한정된 자원을 어느 곳에 사용할 것인지 결정하세요. 도시를 얼마나 오래 유지할 수 있을까요?",Frozen Cortex,"인디, 스포츠, 전략",A hard-hitting simultaneous-turn-based tactical game from the creators of Frozen Synapse. Defeat your opponent’s plans on a randomly-generated playfield in this brutal futuresport.,3,,
B0266,A07,Into the Breach / Monster Train / Mini Metro,"인디, RPG, 시뮬레이션, 전략 / 전략 / 인디, 시뮬레이션, 전략","[Into the Breach] 미래의 강력한 메크를 조종하여 외계 세력을 물리치세요. 이 턴제 전략 게임에서는 세계를 구하려 시도할 때마다 무작위로 새롭게 생성되는 도전이 여러분 앞에 나타납니다. ‖ [Monster Train] Monster Train is a strategic roguelike deck building game with a twist. Set on a train to hell, you’ll use tactical decision making to defend multiple vertical battlegrounds. With  ‖ [Mini Metro] 미니 메트로는 성장하는 도시를 위해 지하철 노선을 설계하는 게임입니다. 역과 역 사이에 노선을 그려서 열차 운행을 시작하세요. 새로운 역이 열리면 노선을 수정해서 노선도를 효율적으로 유지하세요. 한정된 자원을 어느 곳에 사용할 것인지 결정하세요. 도시를 얼마나 오래 유지할 수 있을까요?",Banners of Ruin,"RPG, 전략","Assemble your party. Answer the call. Win the war. Build a deck and fight a series of turn-based combats with up to 6 party characters through the city of Dawn's Point. Each character can unlock a set of unique cards and abilities that can augment your deck in powerful, exciting ways.",3,,
B0267,A34,Pid / ChromaGun / Deer & Boy,"어드벤처, 인디 / 액션, 어드벤처, 인디 / 액션, 어드벤처, 인디","[Pid] You are stranded on a strange and peculiar planet. It’s time to embark on your journey and find your way home! Explore a gravity defying and challenging platformer with striking vi ‖ [ChromaGun] Welcome to ChromaTec’s test lab! You’re here to test our state-of-the-art military-grade color-technology: The ChromaGun (patent pending)! Use it to solve our meticulously designed ‖ [Deer & Boy] 도망친 소년은 길 잃은 어린 사슴을 만나 고요하면서도 위태로운 세상을 함께 헤쳐 나갑니다. 퍼즐을 풀고, 높은 곳에 오르고, 위협을 피해 나아가며 당신의 동료는 연약한 아기 사슴에서 어엿한 사슴으로 성장하죠. 혼자서는 할 수 없었던 일을 함께 해내는 법을 배우게 됩니다.",Seen,"액션, 어드벤처, 인디, 앞서 해보기",A lonely kid desperately tries to escape his dark world.,2,,
B0268,A27,The Raven Remastered / The Frostrune / Mad Experiments: Escape Room,"어드벤처 / 어드벤처 / 어드벤처, 캐주얼, 인디, 시뮬레이션, 전략","[The Raven Remastered] London, 1964. An ancient ruby is stolen from the British Museum. At the crime scene: a raven feather. Is somebody trying to follow in the footsteps of The Raven, the legendary mast ‖ [The Frostrune] Unravel a mystery inspired by Viking myth and legend in The Frostrune, a classic point-and-click adventure based on historically accurate Norse culture and environments. ‖ [Mad Experiments: Escape Room] 수상 후보에 오른 이스케이프 게임 1인 또는 최대 5인까지 플레이하며 3개의 독특한 방을 탐험하고, 두뇌를 자극하는 퍼즐을 풀며 체셔 교수와 그의 실험에 얽힌 어두운 비밀을 밝혀보세요.",Ancient Saga: Vikings Journey,"어드벤처, 캐주얼, 전략, 무료 플레이","Thor and the Vikings are on a mission to save Midgard from Fenrir. To achieve their aim, they take a daring journey to Ancient Greece in search of a remedy. However, they soon realize that the task ahead of them will be harder than they imagined.",1,GENRE_ONLY,
B0269,A35,Project Zomboid / Don't Starve / The Forest,"인디, RPG, 시뮬레이션, 앞서 해보기 / 어드벤처, 인디, 시뮬레이션 / 액션, 어드벤처, 인디, 시뮬레이션","[Project Zomboid] Project Zomboid is the ultimate in zombie survival. Alone or in MP: you loot, build, craft, fight, farm and fish in a struggle to survive. A hardcore RPG skillset, a vast map, mass ‖ [Don't Starve] Don’t Starve is an uncompromising wilderness survival game full of science and magic. Enter a strange and unexplored world full of strange creatures, dangers, and surprises. Gather ‖ [The Forest] As the lone survivor of a passenger jet crash, you find yourself in a mysterious forest battling to stay alive against a society of cannibalistic mutants. Build, explore, survive i",City 20,"어드벤처, 인디, 시뮬레이션, 앞서 해보기","Survive in a living post-apocalyptic city. Build trust or spark conflict with NPCs and factions, uncover mysteries, and watch the world change with your every choice.",3,,
B0270,A28,Dordogne / A YEAR OF SPRINGS / Botany Manor,"어드벤처, 인디 / 캐주얼, 인디, 시뮬레이션 / 어드벤처","[Dordogne] 이 유년 시절의 여정에서 특별한 내러티브에 몰입하며 도르도뉴의 수천 가지 여름의 색을 탐험하고, 추억을 떠올리며 가족의 비밀을 밝히세요. ‖ [A YEAR OF SPRINGS] 세 명의 여성, 세 개의 이야기, 세 개의 봄. 세 명의 친구들이 사랑, 공감, 그리고 단지 함께하고 싶어하는 감정에 대한 방향을 찾아나가는 3 부작 비주얼 노벨 A YEAR OF SPRINGS 에서 하루, 에리카, 마나미의 이야기를 체험하세요. ‖ [Botany Manor] Welcome to Botany Manor, a stately home in 19th century England. You play as inhabitant Arabella Greene, a retired botanist. Explore your house and gardens, filled with research, t",Beside Myself,"어드벤처, 인디, 시뮬레이션","You have to play as the historian-journalist Michael, plunge into the atmosphere of darkness of an abandoned hospital, where you will need to unravel the secrets of the past and try to get out in order to tell the whole world about those terrible events.",1,IRRELEVANT,
B0271,A03,Balatro / Hades / Vampire Survivors,"캐주얼, 인디, 전략 / 액션, 인디, RPG / 액션, 캐주얼, 인디, RPG","[Balatro] 포커 로그라이크 게임. Balatro는 불법 포커 패로 게임을 하고, 판을 뒤엎는 조커를 발견하고, 아드레날린이 치솟는 강력한 콤보를 만드는 덱 빌딩 게임입니다. ‖ [Hades] Bastion, Transistor, Pyre의 제작사에서 선보이는 이 로그라이크 던전 탐색형 게임에서 핵 앤 슬래시로 지하 세계를 탈출하고 죽음의 신에게 도전하세요. ‖ [Vampire Survivors] 수많은 어둠의 피조물을 쓰러뜨리며 새벽이 올 때까지 생존하세요! Vampire Survivors는 로그라이트 요소를 갖춘 고딕 호러 케주얼 게임입니다. 당신의 선택으로 순식간에 수백 마리의 괴물이 눈덩이처럼 불어날 수 있죠.",Cataclysm: Dark Days Ahead,"어드벤처, RPG","카타클리즘: 다크 데이즈 어헤드는 모던 로그라이크를 대표하는 좀비 생존 게임입니다. 턴제 방식의 게임 플레이와 RPG 스킬 시스템으로 로그라이크 장르를 새로운 방식으로 개척했습니다. 자원을 수집하고, 적들과 싸우고, 차량을 구해 세상을 탐험하거나, 은신처를 만들어 살아남으세요.",1,MODE_MISMATCH,
B0272,A22,Deck of Ashes / Dicefolk / Cubic Cosmos,"어드벤처, 인디, RPG, 전략 / 캐주얼, 인디, 전략 / 전략","[Deck of Ashes] 덱 오브 애쉬즈(Deck of Ashes)는 전술 카드 전투를 벌이는 어드벤처 게임입니다. 한 번에 한 캐릭터씩 안티히어로 일행을 이끌어 속죄의 여행을 떠나보세요. 저주받은 판타지 세계를 탐험하며 강력한 카드를 찾아보세요. 독특한 전투 덱을 형성하여 적들을 무찌르세요! 잿빛 저주의 세계를 제거하실 수 있겠습니까? ‖ [Dicefolk] 마법 주사위의 힘을 휘두르고 강력한 키메라 팀을 구축해보세요! 수수께끼의 악을 멈추기 위한 택티컬 덱빌딩 로그라이트 모험이 다가오고 있습니다. 키메라 소환사로서, 신화적인 짐승들을 모집하고 완벽한 팀을 만들고, 다이스포크만의 독특한 주사위 메커니즘을 활용하여 승리로 이끌어주세요. ‖ [Cubic Cosmos] Cubic Cosmos is a thrilling fast-paced roguelike card game. You have been trapped in a deadly game. One wrong move could see you reduced to a plaything of the goddess. Can you free",As We Descend: 심연 속으로,"인디, RPG, 전략, 앞서 해보기",전략성이 풍부한 로그 라이크 덱빌딩 게임. 병력을 모아 강화하고 카드 배틀을 통해 괴물들과 싸우세요. 위험이 도사리는 도시를 신중히 탐색하세요. 모든 역경에 맞서 인류의 등불을 짊어질 준비는 되셨습니까?,3,,
B0273,A26,RimWorld / Oxygen Not Included / Unpacking 언패킹,"인디, 시뮬레이션, 전략 / 인디, 시뮬레이션 / 캐주얼, 인디, 시뮬레이션","[RimWorld] 지능형 AI 이야기꾼이 주도하는 공상과학 정착지 시뮬레이터입니다. 심리, 생태, 총격전과 근접전, 날씨, 기후, 외교, 사람 사이의 관계, 예술, 의학, 무역, 그 외 많은 것들을 시뮬레이션하여 이야기를 생성합니다. ‖ [Oxygen Not Included] Oxygen Not Included는 우주 콜로니 시뮬레이션 게임입니다. 외계의 우주 암석 깊은 곳에서 근면한 일꾼들은 생존하고 나아가 번영하기 위해 과학을 마스터하고, 낯선 새로운 생명체에 맞서며, 경이로운 우주 테크놀로지를 활용해야 합니다. ‖ [Unpacking 언패킹] Unpacking은 상자에서 짐을 꺼내 새집에 맞게 배치하는 친숙한 체험에 대한 명상적 퍼즐 게임입니다. 게임의 일부인 블록 맞추기 게임과 집 꾸미기를 하는 동안, 푸는 짐에 닮긴 삶의 실마리를 찾아가며 만족할 만한 생활 공간을 만들어 보세요.",ROD: Revolt Of Defense,"액션, 인디, 시뮬레이션, 전략",Explore a random generated space. Find artifacts and treasure maps. Build and develop your base on a flying platform. Attack or defend against enemies and save the universe!,1,GENRE_ONLY,
B0274,A06,Cities: Skylines / Factorio / Farming Simulator 22,"시뮬레이션, 전략 / 캐주얼, 인디, 시뮬레이션, 전략 / 시뮬레이션","[Cities: Skylines] Cities: Skylines is a modern take on the classic city simulation. The game introduces new game play elements to realize the thrill and hardships of creating and maintaining a real  ‖ [Factorio] Factorio는 무한한 2D 세상에서 복잡성이 증가하는 아이템을 생산하기 위해 자동화 공장을 만드는 게임입니다. - 당신의 상상력으로 공장을 설계, 독창적인 방법으로 간단한 요소를 결합하고 마지막엔 당신을 좋아하지 않는 생물들로 부터 공장을 지키세요. ‖ [Farming Simulator 22] 농장을 만들고 농사를 즐기세요! 작물을 수확하고, 동물을 돌보고, 생산을 관리하고, 계절에 따른 어려움을 이겨내세요.",Block Factory,"캐주얼, 인디, 시뮬레이션, 전략",Block Factory is a relaxing and creative building game where you craft delightful 3D figurines from blocks. Shape your designs and build flowing production lines in a peaceful factory world.,2,,
B0275,A29,Salt and Sanctuary,"액션, 인디, RPG","[Salt and Sanctuary] 두렵고도 잔혹한 섬의 탐험을 시작합니다… Salt and Sanctuary는 신속하고, 잔인하며, 복잡한 전투 시스템을 지닌 2D RPG입니다. 저주받은 도시의 잊힌 영역이나, 피에 물든 던전이나, 오염된 기념비와 같은 장소를 돌아다니며, 한때 축복을 받았지만 지금은 타락하고 만 영주들을 조우하세요.",King Arthur's Gold,"액션, 인디, 무료 플레이","Would you enjoy building CASTLES, traps and siege machines in MULTIPLAYER? And then undermine your opponents castle and collapse it with 2D PHYSICS & DESTRUCTION?",0,MODE_MISMATCH,
B0276,A01,It Takes Two / Overcooked! 2 / What Remains of Edith Finch,"액션, 어드벤처 / 액션, 캐주얼, 인디 / 어드벤처, 인디","[It Takes Two] It Takes Two에서 생애 가장 정신없는 여정을 시작하세요. 친구가 무료로 참가할 수 있게 친구 패스*로 초대하고, 함께 힘을 합쳐서 수많은 유쾌하고 획기적인 게임 플레이 챌린지를 헤쳐나가세요. ‖ [Overcooked! 2] 혼란스러운 요리 액션으로 가득한 Overcooked가 돌아왔습니다! 양파 왕국으로 돌아가는 여행을 떠나세요. 클래식 협동 또는 온라인 플레이에서 셰프 팀을 만들어서 최대 4명까지 플레이하세요. 앞치마를 준비하세요... 다시 세상을 구할 때가 되었습니다! ‖ [What Remains of Edith Finch] What Remains of Edith Finch(워트 리메인스 오브 에디스 핀치)는 워싱턴 주에 있는 어느 가족에 대한 이상한 이야기의 모음입니다. 플레이어는 에디스가 되어 거대한 핀치 가택을 탐사하고, 가족사를 연구하며 이야기를 찾고, 왜 가족 중에서 그녀만 살아남았는지 알아내야 합니다. 각 이야기는 새로운 가족 구성",Before I Forget,"어드벤처, 캐주얼, 인디","A woman alone in a house. A mystery and a love story. Explore the present to uncover the past, in a short story of love and loss and a life well-lived. A narrative exploration game that examines a world where memories are constantly fading and jumbled.",3,,
B0277,A29,Salt and Sanctuary,"액션, 인디, RPG","[Salt and Sanctuary] 두렵고도 잔혹한 섬의 탐험을 시작합니다… Salt and Sanctuary는 신속하고, 잔인하며, 복잡한 전투 시스템을 지닌 2D RPG입니다. 저주받은 도시의 잊힌 영역이나, 피에 물든 던전이나, 오염된 기념비와 같은 장소를 돌아다니며, 한때 축복을 받았지만 지금은 타락하고 만 영주들을 조우하세요.",FussyCraft Survival: Sandbox,"액션, 어드벤처, 인디, RPG, 앞서 해보기","Dig, build, cook, cast spells and survive royal levies in a darkly funny 2D pixel sandbox. Explore dangerous locations, manage resources, fight strange creatures and grow strong enough to challenge the king.",1,GENRE_ONLY,
B0278,A07,Into the Breach / Monster Train / Mini Metro,"인디, RPG, 시뮬레이션, 전략 / 전략 / 인디, 시뮬레이션, 전략","[Into the Breach] 미래의 강력한 메크를 조종하여 외계 세력을 물리치세요. 이 턴제 전략 게임에서는 세계를 구하려 시도할 때마다 무작위로 새롭게 생성되는 도전이 여러분 앞에 나타납니다. ‖ [Monster Train] Monster Train is a strategic roguelike deck building game with a twist. Set on a train to hell, you’ll use tactical decision making to defend multiple vertical battlegrounds. With  ‖ [Mini Metro] 미니 메트로는 성장하는 도시를 위해 지하철 노선을 설계하는 게임입니다. 역과 역 사이에 노선을 그려서 열차 운행을 시작하세요. 새로운 역이 열리면 노선을 수정해서 노선도를 효율적으로 유지하세요. 한정된 자원을 어느 곳에 사용할 것인지 결정하세요. 도시를 얼마나 오래 유지할 수 있을까요?",Metro Architect,"시뮬레이션, 앞서 해보기","Metro Architect에서 실제 교통 시스템에서 영감을 받은 현실적인 지하철 및 도시철도 네트워크를 설계하고, 확장하고, 최적화하세요. 역을 짓고, 열차를 관리하고, 혼잡을 줄여 도시가 계속 움직이게 하세요.",3,,
B0279,A35,Project Zomboid / Don't Starve / The Forest,"인디, RPG, 시뮬레이션, 앞서 해보기 / 어드벤처, 인디, 시뮬레이션 / 액션, 어드벤처, 인디, 시뮬레이션","[Project Zomboid] Project Zomboid is the ultimate in zombie survival. Alone or in MP: you loot, build, craft, fight, farm and fish in a struggle to survive. A hardcore RPG skillset, a vast map, mass ‖ [Don't Starve] Don’t Starve is an uncompromising wilderness survival game full of science and magic. Enter a strange and unexplored world full of strange creatures, dangers, and surprises. Gather ‖ [The Forest] As the lone survivor of a passenger jet crash, you find yourself in a mysterious forest battling to stay alive against a society of cannibalistic mutants. Build, explore, survive i",Eco,"어드벤처, 인디, 시뮬레이션, 앞서 해보기","Build a civilization of real people, working together to advance society and stop a meteor, all without destroying the ecosystem in the process.",1,MODE_MISMATCH,
B0280,A10,A Short Hike / ISLANDERS / Gorogoa,"어드벤처, 인디 / 캐주얼, 인디, 전략 / 어드벤처, 캐주얼, 인디","[A Short Hike] Hike, climb, and soar through the peaceful mountainside landscapes of Hawk Peak Provincial Park as you make your way to the summit. ‖ [ISLANDERS] ISLANDERS is a minimalist strategy game about building cities on colorful islands. ‖ [Gorogoa] Gorogoa(고로고아)는 Jason Roberts가 디자인하고 일러스트레이션을 손으로 그린 아름다운 차세대 퍼즐 게임입니다.",Rob Riches,"어드벤처, 캐주얼, 인디, 전략",당신은 용감한 모험가이자 보물 사냥꾼인 Rob Riches입니다. 위험한 함정과 신비한 퍼즐로 가득 찬 고대 사원을 횡단할 때 신중하게 단계를 계획하십시오.,2,,
B0281,A11,Forza Horizon 5 / Hi-Fi RUSH / Street Fighter 6,"액션, 어드벤처, 레이싱, 시뮬레이션, 스포츠 / 액션 / 액션, 어드벤처","[Forza Horizon 5] 세계 최고의 자동차를 타고 생동감 넘치는 멕시코의 대자연을 탐험하며 재미있는 드라이빙 액션을 마음껏 즐겨보세요. ‖ [Hi-Fi RUSH] 아케이드 챌린지! 업데이트!로 추가되는 두 개의 신규 게임 모드에서 여러분의 능력을 시험하고, 새로운 보상을 획득해 보세요. 몇 가지 비밀도 숨어 있답니다! 락 스타 지망생 차이가 되어 비트를 타고, 세상 모든 게 음악에 싱크되는 세계에서 오합지졸 팀과 함께 사악한 거대 기업에 맞서 싸우세요. ‖ [Street Fighter 6] 시리즈 최신작 『Street Fighter 6』, 2023년 6월 2일 발매 결정! RE ENGINE으로 개발된 본 작품은 대형 모드 「World Tour」, 「Fighting Ground」, 「Battle Hub」로 구성되어 있다. 새로운 「스트리트 파이터」에는 지금까지의 시리즈에는 없었던 새로운 체험이 기다리고 있다.",OverDrift Festival,"대규모 멀티플레이어, 레이싱, 시뮬레이션, 스포츠","Become the star on festival of car culture and sports. Drift races and Free Style Drift tours on public roads with traffic. Huge game world, iconic tracks. Unique collection of cars. Wide range of tuning and styling options. Accurate physics: a sense of speed and lateral g-forces.",2,,
B0282,A06,Cities: Skylines / Factorio / Farming Simulator 22,"시뮬레이션, 전략 / 캐주얼, 인디, 시뮬레이션, 전략 / 시뮬레이션","[Cities: Skylines] Cities: Skylines is a modern take on the classic city simulation. The game introduces new game play elements to realize the thrill and hardships of creating and maintaining a real  ‖ [Factorio] Factorio는 무한한 2D 세상에서 복잡성이 증가하는 아이템을 생산하기 위해 자동화 공장을 만드는 게임입니다. - 당신의 상상력으로 공장을 설계, 독창적인 방법으로 간단한 요소를 결합하고 마지막엔 당신을 좋아하지 않는 생물들로 부터 공장을 지키세요. ‖ [Farming Simulator 22] 농장을 만들고 농사를 즐기세요! 작물을 수확하고, 동물을 돌보고, 생산을 관리하고, 계절에 따른 어려움을 이겨내세요.",Little Big Workshop,"시뮬레이션, 전략","직원, 작업대, 기계를 관리하고 멋진 물건을 만들어서 작은 규모의 작업장을 꿈의 공장으로 성장시키세요!",3,,
B0283,A23,Vomitoreum / Tales of Kenzera™: ZAU / Shantae: Half-Genie Hero,"액션, 어드벤처, 인디 / 액션, 어드벤처, 인디 / 액션, 어드벤처, 인디","[Vomitoreum] Vomitoreum is an FPS Metroidvania with a focus on atmosphere and horror, inspired by the paintings of Zdzisław Beksiński. ‖ [Tales of Kenzera™: ZAU] 샤먼의 춤을 추세요. 아버지의 영혼을 되찾으세요. Surgent Studios가 제작한 메트로이드바니아 스타일의 어드벤처 게임 Tales of Kenzera™: ZAU에서 죽음의 신과 함께 아름답고 위험한 켄제라의 땅으로 용감하게 모험을 떠나세요. ‖ [Shantae: Half-Genie Hero] Shantae embarks on her first full HD adventure! When a mysterious crime wave sweeps Sequin Land, it’s up to Half-Genie Hero Shantae to save the day! Use Shantae’s devastating Hair-",사망여각 (8Doors: Arum's Afterlife Adventure),"액션, 어드벤처, 인디","사망여각은 동양의 저승세계관을 바탕으로 한 메트로베니아 스타일의 2D 액션 플랫포머 게임입니다. 저승 여행을 하는 주인공이 되어 각기 다른 8개의 지역으로 이루어진 저승세계를 탐험합니다. 변질된 망령을 처치하며, 도망치는 영혼을 구출하고 저승에 일어나는 미스터리 한 일을 해결해야 합니다.",3,,
B0284,A20,Counter-Strike 2 / PUBG: BATTLEGROUNDS / 톰 클랜시의 레인보우식스 시즈,"액션, 무료 플레이 / 액션, 어드벤처, 대규모 멀티플레이어, 무료 플레이 / 액션, 무료 플레이","[Counter-Strike 2] Counter-Strike는 20년이 넘는 시간 동안 전 세계 수백만 명의 플레이어가 모여 수준 높은 경쟁을 펼칠 수 있는 플랫폼을 제공해 왔습니다. 그리고 이제 곧 Counter-Strike 2와 함께 새로운 CS 시대의 막이 열립니다. ‖ [PUBG: BATTLEGROUNDS] 배틀로얄 유행의 시작이자, 그 정수를 보여준 PUBG: 배틀그라운드를 지금 무료로 플레이하세요! 다양한 맵에 낙하하여 무기와 보급품을 확보하고, 점점 줄어드는 블루존 속에서 끝까지 살아남아 승리를 쟁취하세요. ‖ [톰 클랜시의 레인보우식스 시즈] 톰 클랜시의 레인보우식스 시즈는 탁월한 계획과 기술이 승부를 좌우하는 전술적인 정예 팀 기반 슈팅 게임입니다.",Halo Infinite,"액션, 무료 플레이",게임 역사상 가장 상징적인 시리즈 중 하나인 Halo가 그 어느 때보다 더 거대해졌습니다. 방대한 오픈 월드 캠페인과 역동적인 무료 멀티플레이어 경험이 특징입니다.,3,,
B0285,A24,Valheim / Grounded / My Time at Portia,"액션, 어드벤처, 인디, RPG, 앞서 해보기 / 액션, 어드벤처 / 어드벤처, 캐주얼, 인디, RPG, 시뮬레이션","[Valheim] 북구 신화와 바이킹 문화에 기반한 판타지 세계를 배경으로 펼쳐지는 생존 및 탐험 게임. ‖ [Grounded] The world is a vast, beautiful and dangerous place – especially when you have been shrunk to the size of an ant. Can you thrive alongside the hordes of giant insects, fighting to s ‖ [My Time at Portia] 아름다운 Portia 마을에서 새 삶을 시작하세요! 아버지가 방치한 작업장에서 제작을 부탁받고, 작물을 키우고, 가축을 기르고, 아름다운 세기말의 땅에서 특이한 친구들을 사귀며 작업장을 예전의 멋진 모습으로 복원하세요.",Fields of Mistria,"인디, RPG, 시뮬레이션, 앞서 해보기","새로운 삶을 꾸려보세요! 꿈의 농장을 짓고 가능성으로 가득 찬 세상을 발견하세요. 향수를 불러일으키는 농장 / 라이프 시뮬레이션 RPG에서 마법, 로맨스, 모험이 여러분을 기다리고 있습니다!",3,,
B0286,A26,RimWorld / Oxygen Not Included / Unpacking 언패킹,"인디, 시뮬레이션, 전략 / 인디, 시뮬레이션 / 캐주얼, 인디, 시뮬레이션","[RimWorld] 지능형 AI 이야기꾼이 주도하는 공상과학 정착지 시뮬레이터입니다. 심리, 생태, 총격전과 근접전, 날씨, 기후, 외교, 사람 사이의 관계, 예술, 의학, 무역, 그 외 많은 것들을 시뮬레이션하여 이야기를 생성합니다. ‖ [Oxygen Not Included] Oxygen Not Included는 우주 콜로니 시뮬레이션 게임입니다. 외계의 우주 암석 깊은 곳에서 근면한 일꾼들은 생존하고 나아가 번영하기 위해 과학을 마스터하고, 낯선 새로운 생명체에 맞서며, 경이로운 우주 테크놀로지를 활용해야 합니다. ‖ [Unpacking 언패킹] Unpacking은 상자에서 짐을 꺼내 새집에 맞게 배치하는 친숙한 체험에 대한 명상적 퍼즐 게임입니다. 게임의 일부인 블록 맞추기 게임과 집 꾸미기를 하는 동안, 푸는 짐에 닮긴 삶의 실마리를 찾아가며 만족할 만한 생활 공간을 만들어 보세요.",Organized Inside,"캐주얼, 인디, 시뮬레이션","Organized Inside 은 고양이와 사랑, 변화와 성장을 담은 슬로 라이프 감성의 수납·정리 게임이에요. 어지럽게 흩어진 집안의 물건들을 하나하나 정리하고 분류하면서, 끊임없이 변하는 일상에 대응하는 동시에 체계적인 공간 수납을 통해 삶의 즐거움과 의미를 조금씩 찾아가 보세요.",3,,
B0287,A16,The Talos Principle / Rust / Inscryption,"액션, 어드벤처, 인디 / 액션, 어드벤처, 인디, 대규모 멀티플레이어, RPG / 어드벤처, 인디, 전략","[The Talos Principle] 탈로스 법칙은 철학적 SF 소설의 전통을 따른 1인칭 퍼즐 게임입니다. 시리어스 샘을 개발한 크로팀에서 만들었으며, 톰 주버트(FTL, 더 스와퍼)와 조나스 카이라츠(바다는 모든 것을 요구한다.)가 스토리를 작성했습니다. ‖ [Rust] Rust에서의 목표는 오직 하나, 바로 살아남는 것입니다. 섬의 야생 동물, 다른 주민, 환경, 다른 생존자 모두가 여러분의 목숨을 노립니다. 하루 더 살아남을 수 있다면 수단과 방법을 가리지 마세요. ‖ [Inscryption] Inscryption은 검은 잉크로 그려진 카드를 기반으로 한 덱빌딩 로그라이크, 방탈출 퍼즐, 피가 흐르는 심리적 공포 등의 요소가 섞인 여정을 다룹니다. 카드에는 더 어두운 비밀이 새겨져 있습니다…",DUCKSIDE,"액션, 인디, 대규모 멀티플레이어, 시뮬레이션, 앞서 해보기","DayZ와 Rust의 환경에서 오리가 되어 활약하는 모습을 상상해 보세요. PVP, PVE, 제작, 기지 건설, 모자를 쓰고 무기를 휘두르는 오리를 선보이는 지속형 월드 서바이벌 게임입니다.",2,,
B0288,A17,Lethal Company / Phasmophobia / Deep Rock Galactic,"액션, 어드벤처, 인디, 앞서 해보기 / 액션, 인디, 앞서 해보기 / 액션","[Lethal Company] A co-op horror about scavenging at abandoned moons to sell scrap to the Company. ‖ [Phasmophobia] Phasmophobia is a 4 player online co-op psychological horror. Paranormal activity is on the rise and it’s up to you and your team to use all the ghost-hunting equipment at your dis ‖ [Deep Rock Galactic] 딥 락 갤럭틱은 1-4인의 플레이어가 협동하는 FPS 게임으로, 상남자 우주 드워프, 100% 파괴 가능한 맵 환경, 절차적 생성 동굴 지형, 그리고 끊임없이 등장하는 외계 괴물 무리가 특징입니다.",We Are The Dwarves,"액션, 어드벤처, 인디, 대규모 멀티플레이어, RPG, 전략",We Are The Dwarves is a real-time tactical adventure where you take control of three Dwarven astronauts and lead them through the hordes of enemies in the depths of their Universe. Tactical Adventure Sci-Fi Space Dwarves,1,GENRE_ONLY,
B0289,A34,Pid / ChromaGun / Deer & Boy,"어드벤처, 인디 / 액션, 어드벤처, 인디 / 액션, 어드벤처, 인디","[Pid] You are stranded on a strange and peculiar planet. It’s time to embark on your journey and find your way home! Explore a gravity defying and challenging platformer with striking vi ‖ [ChromaGun] Welcome to ChromaTec’s test lab! You’re here to test our state-of-the-art military-grade color-technology: The ChromaGun (patent pending)! Use it to solve our meticulously designed ‖ [Deer & Boy] 도망친 소년은 길 잃은 어린 사슴을 만나 고요하면서도 위태로운 세상을 함께 헤쳐 나갑니다. 퍼즐을 풀고, 높은 곳에 오르고, 위협을 피해 나아가며 당신의 동료는 연약한 아기 사슴에서 어엿한 사슴으로 성장하죠. 혼자서는 할 수 없었던 일을 함께 해내는 법을 배우게 됩니다.",Indirection,"어드벤처, 캐주얼, 인디",A challenging puzzle platformer where you can only move in one direction.,3,,
B0290,A23,Vomitoreum / Tales of Kenzera™: ZAU / Shantae: Half-Genie Hero,"액션, 어드벤처, 인디 / 액션, 어드벤처, 인디 / 액션, 어드벤처, 인디","[Vomitoreum] Vomitoreum is an FPS Metroidvania with a focus on atmosphere and horror, inspired by the paintings of Zdzisław Beksiński. ‖ [Tales of Kenzera™: ZAU] 샤먼의 춤을 추세요. 아버지의 영혼을 되찾으세요. Surgent Studios가 제작한 메트로이드바니아 스타일의 어드벤처 게임 Tales of Kenzera™: ZAU에서 죽음의 신과 함께 아름답고 위험한 켄제라의 땅으로 용감하게 모험을 떠나세요. ‖ [Shantae: Half-Genie Hero] Shantae embarks on her first full HD adventure! When a mysterious crime wave sweeps Sequin Land, it’s up to Half-Genie Hero Shantae to save the day! Use Shantae’s devastating Hair-",Axiom Verge 2,"액션, 어드벤처, 인디",수많은 상을 수상했다 Axiom Verge의 속편. 광대 한이 세계를 탐험하라.,3,,
B0291,A23,Vomitoreum / Tales of Kenzera™: ZAU / Shantae: Half-Genie Hero,"액션, 어드벤처, 인디 / 액션, 어드벤처, 인디 / 액션, 어드벤처, 인디","[Vomitoreum] Vomitoreum is an FPS Metroidvania with a focus on atmosphere and horror, inspired by the paintings of Zdzisław Beksiński. ‖ [Tales of Kenzera™: ZAU] 샤먼의 춤을 추세요. 아버지의 영혼을 되찾으세요. Surgent Studios가 제작한 메트로이드바니아 스타일의 어드벤처 게임 Tales of Kenzera™: ZAU에서 죽음의 신과 함께 아름답고 위험한 켄제라의 땅으로 용감하게 모험을 떠나세요. ‖ [Shantae: Half-Genie Hero] Shantae embarks on her first full HD adventure! When a mysterious crime wave sweeps Sequin Land, it’s up to Half-Genie Hero Shantae to save the day! Use Shantae’s devastating Hair-",Hell Yeah! Wrath of the Dead Rabbit,액션,A crazy action-adventure platformer... In Hell.,2,,
B0292,A01,It Takes Two / Overcooked! 2 / What Remains of Edith Finch,"액션, 어드벤처 / 액션, 캐주얼, 인디 / 어드벤처, 인디","[It Takes Two] It Takes Two에서 생애 가장 정신없는 여정을 시작하세요. 친구가 무료로 참가할 수 있게 친구 패스*로 초대하고, 함께 힘을 합쳐서 수많은 유쾌하고 획기적인 게임 플레이 챌린지를 헤쳐나가세요. ‖ [Overcooked! 2] 혼란스러운 요리 액션으로 가득한 Overcooked가 돌아왔습니다! 양파 왕국으로 돌아가는 여행을 떠나세요. 클래식 협동 또는 온라인 플레이에서 셰프 팀을 만들어서 최대 4명까지 플레이하세요. 앞치마를 준비하세요... 다시 세상을 구할 때가 되었습니다! ‖ [What Remains of Edith Finch] What Remains of Edith Finch(워트 리메인스 오브 에디스 핀치)는 워싱턴 주에 있는 어느 가족에 대한 이상한 이야기의 모음입니다. 플레이어는 에디스가 되어 거대한 핀치 가택을 탐사하고, 가족사를 연구하며 이야기를 찾고, 왜 가족 중에서 그녀만 살아남았는지 알아내야 합니다. 각 이야기는 새로운 가족 구성",Hide and Seek,"액션, 캐주얼, 인디, 대규모 멀티플레이어, RPG","It is a very funny, fast and easy game which can be played by adults as well as children. This game has two teams that try to prevent each other from winning.",1,LOW_QUALITY,
B0293,A28,Dordogne / A YEAR OF SPRINGS / Botany Manor,"어드벤처, 인디 / 캐주얼, 인디, 시뮬레이션 / 어드벤처","[Dordogne] 이 유년 시절의 여정에서 특별한 내러티브에 몰입하며 도르도뉴의 수천 가지 여름의 색을 탐험하고, 추억을 떠올리며 가족의 비밀을 밝히세요. ‖ [A YEAR OF SPRINGS] 세 명의 여성, 세 개의 이야기, 세 개의 봄. 세 명의 친구들이 사랑, 공감, 그리고 단지 함께하고 싶어하는 감정에 대한 방향을 찾아나가는 3 부작 비주얼 노벨 A YEAR OF SPRINGS 에서 하루, 에리카, 마나미의 이야기를 체험하세요. ‖ [Botany Manor] Welcome to Botany Manor, a stately home in 19th century England. You play as inhabitant Arabella Greene, a retired botanist. Explore your house and gardens, filled with research, t",Sumire,"어드벤처, 캐주얼, 인디","소녀 스미레의 한나절 대모험. 유쾌한 주민들, 동물들과 함께 하늘이 노을로 물들 때까지의 제한된 시간 안에 잃어버린 것을 발견하는 신기한 여행을 떠나보자.",3,,
B0294,A09,Roots of Yggdrasil / Ancient Gods / Flick Shot Rogues,"인디, 전략 / RPG, 전략 / 인디, 전략","[Roots of Yggdrasil] Build settlements, explore the Nine Realms, collect artifacts and upgrade your deck to reach the top of Yggdrasil in this post-Ragnarok roguelike city-builder! Can you survive the  ‖ [Ancient Gods] Ancient Gods is a fusion of hero collector and deck-building rogue-lite where you collect your character, fight, and experience exciting events. Any character can use all the cards ‖ [Flick Shot Rogues] 계획하고, 조준하고, 쏘세요! FLICK SHOT ROGUES는 테이블 위에서 물건을 튕기는 촉각적 만족감과 사람들이 좋아하는 턴제 로그라이크의 전략적 깊이를 결합한 게임입니다. 말도 안되는 콤보를 연결하고, 캐릭터, 아이템, 스킬을 잠금 해제하면서, 섬을 정복하세요!",Monster Slayers,"액션, 인디",Monster Slayers is a rogue-like deck-building RPG adventure. Create a hero and choose your path through the perilous Northern Valley as you battle to become a true Monster Slayer.,3,,
B0295,A30,Stardew Valley / Slime Rancher / Raft,"인디, RPG, 시뮬레이션 / 액션, 어드벤처, 인디, 시뮬레이션 / 어드벤처, 인디, 시뮬레이션","[Stardew Valley] You've inherited your grandfather's old farm plot in Stardew Valley. Armed with hand-me-down tools and a few coins, you set out to begin your new life. Can you learn to live off th ‖ [Slime Rancher] 슬라임 랜쳐는 젊고 용감한 랜쳐, 베아트릭스 르뷰가 지구에서 1,000광년 떨어진 '머나먼 평야'에서 슬라임들과 씨름하며 생계를 꾸려나가는 이야기입니다. 긍정적인 마인드와 강인한 의지로 베아트릭스는 진공팩을 사용하여 끊임없이 말랑말랑하게 굴러나오는 슬라임들을 피하며 이름을 알리고, 부자가 되려 합니다. ‖ [Raft] Raft™ throws you and your friends into an epic oceanic adventure! Alone or together, players battle to survive a perilous voyage across a vast sea! Gather debris, scavenge reefs an",Rust,"액션, 어드벤처, 인디, 대규모 멀티플레이어, RPG","Rust에서의 목표는 오직 하나, 바로 살아남는 것입니다. 섬의 야생 동물, 다른 주민, 환경, 다른 생존자 모두가 여러분의 목숨을 노립니다. 하루 더 살아남을 수 있다면 수단과 방법을 가리지 마세요.",2,,
B0296,A25,DOOMBLADE / Transiruby / Blast Brigade vs. the Evil Legion of Dr. Cread,"액션, 어드벤처, 인디 / 액션 / 액션, 어드벤처, 인디","[DOOMBLADE] Deep underground, Gloom Girl discovers DOOMBLADE, a sentient weapon hellbent on escape after eons in chains. Together, “Doom and Gloom” embark on a vengeful quest to unlock the pow ‖ [Transiruby] 차원 대륙의 의문을 풀어라! 는 사이보그 소녀 실비가 검과 엘리먼트 샷으로 적을 쓰러뜨리며 앞으로 나아가는 탐색형 액션 게임입니다! ‖ [Blast Brigade vs. the Evil Legion of Dr. Cread] 스릴 넘치는 플랫포밍과 깊이 있는 탐험 세계, 폭발적인 액션으로 가득한 2D 메트로이드배니아 어드벤처 게임을 즐겨보세요! Blast Brigade에서 영웅들로 팀을 구성해 세계를 구하세요!",신역 추락,"액션, 어드벤처, 인디, RPG","에서 진실을 되찾기 위한 모험을 시작하십시오! 신들이 몰락한 붕괴된 대지를 누비며, 버려진 신역을 탐험하고 왜곡된 변이 괴물들에 맞서 싸우십시오. 흩어진 신력을 모아 힘을 각성하고, 신들의 몰락 뒤에 숨겨진 진실을 밝혀내십시오.",3,,
B0297,A33,Garry's Mod / Team Fortress 2 / Left 4 Dead 2,"캐주얼, 인디, 시뮬레이션 / 액션, 무료 플레이 / 액션","[Garry's Mod] Garry's Mod is a physics sandbox. There aren't any predefined aims or goals. We give you the tools and leave you to play. ‖ [Team Fortress 2] 다양한 전술적 능력과 뚜렷한 개성을 갖춘 9가지 병과의 캐릭터를 플레이하세요. 끊임없이 업데이트되는 새로운 게임 모드, 맵, 장비 그리고 가장 중요한 모자까지 지금 바로 즐겨보세요! ‖ [Left 4 Dead 2] Set in the zombie apocalypse, Left 4 Dead 2 is a co-operative action horror FPS takes you and your friends through the cities, swamps and cemeteries of the Deep South, from Savanna",Line of Sight,"액션, 무료 플레이, 인디, 대규모 멀티플레이어","Fast paced FPS with high customizational freedom. From game mode customization to an in depth weapon tuning and attachment system up to detailed character customizations, while it was developed so you can choose to either go for high performance or graphical fidelity without an high end PC.",2,,
B0298,A13,Death's Door / Children of Morta / Roboquest / Spelunky 2 / Nuclear Throne / Streets of Rogue / Neon Abyss / Curse of the Dead Gods / Rogue Legacy 2 / Have a Nice Death,"액션, 어드벤처, 인디, RPG / 액션, 어드벤처, 인디, RPG / 액션, 인디 / 액션, 인디 / 액션, 인디, RPG / 액션, 어드벤처, 인디, RPG / 액션, 어드벤처, 인디, RPG / 액션, 어드벤처 / 액션, 어드벤처, 인디, RPG / 액션, 인디","[Death's Door] 죽은 자의 영혼을 수확하고 시간을 끝내는 것은 단조로울 수 있지만 까마귀에겐 평범한 일입니다. 하지만 주어진 영혼을 도둑맞게 되면 변화가 일어납니다. 영혼을 도난하고 죽음의 손길이 닿지 않는 영역으로 도망친 절망적인 도둑을 추적하십시오. ‖ [Children of Morta] Children of Morta는 비범한 가족 영웅에 대한 스토리 중심의 액션 RPG 게임입니다. 다가오는 부패에 맞서 모든 결함과 미덕을 갖춘 베르그송 가를 이끄세요. 여러분은 여러분이 아끼는 사람들을 구하기 위해 모든 것을 희생할 수 있으신가요? ‖ [Roboquest] 로보퀘스트는 멸망한 미래 세계의 빠른 FPS 로그라이트입니다. 당신은 재부팅된 수호자로, 강철 궁둥짝을 걷어 찰 준비를 하세요! 혼자서 혹은 친구와 함께 맞서거나 끊임없이 변화하는 환경에서 치명적인 로봇 군단을 섬멸하세요. ‖ [Spelunky 2] Spelunky 2 builds upon the unique, randomized challenges that made the original a roguelike classic, offering a huge adventure designed to satisfy players old and new. Meet the nex ‖ [Nuclear Throne] Nuclear Throne은 포스트 아포칼립스 세계관의 로그라이크 스타일 탑다운 슈터입니다. 여기서 말하는 포스트 아포칼립스는 '인류의 마지막 희망'이 남아 있는 세계가 아니라, '인류는 멸종했고 이제 돌연변이와 괴물들이 세상을 돌아다니는' 그런 세계입니다. 과연 당신은 뉴클리어 쓰론에 도달할 수 있을까요? ‖ [Streets of Rogue] 싸워서 몰래 들어가 임의 생성된 도시를 공격하세요. Nuclear Throne은 무법천지 GTA와 Deus Ex가 혼합된 형태입니다. Rogue-lite가 몰입도 높은 캐릭터를 만나 너무 재미있습니다. ‖ [Neon Abyss] Neon Abyss는 고속의 로그라이크 액션 플랫포머로, 하데스가 만든 '그림 스쿼드'의 일원이 되어 어비스로 총을 들고 뛰어드는 런 앤 건 게임입니다. 무한한 아이템 시너지와 던전 진화 시스템으로, 매번 게임을 할 때마다 다른 경험과 새로운 도전이 등장합니다. 진짜 지옥을 보여주세요! ‖ [Curse of the Dead Gods] 엄청난 부, 영원한 생명, 신성한 힘을 탐하는 마음이 당신을 끝없는 지옥 속의 미로, 치명적인 함정 및 몬스터가 우글거리는 이 저주받은 사원으로 이끌었습니다. ‖ [Rogue Legacy 2] 로그 레거시 2는 로그 레거시에 후속편을 끼얹은 작품입니다. 당신이 죽을 때마다 자식이 가업을 이어받습니다. 딸은 색맹 궁수이고 아들은 평화주의자 요리사일 수도 있죠. 어쨌거나 둘 중 한 명은 전장으로 나가야 합니다. ‖ [Have a Nice Death] Have a Nice Death는 과로에 고생하는 데스가 되어 플레이하는 2D 액션 로그라이크로, 통제 불능인 직원들 때문에 영혼의 균형과 데스의 휴가 계획이 틀어지고 말았습니다. 질서를 회복하려면 대낫을 들고 직원들과 서열 정리를 해야 합니다.",Dungeon Defenders: Going Rogue,"액션, 어드벤처, 인디, RPG","Combining Roguelite, Action RPG, and Tower Defense gameplay into a crazy free-for-all, where it’s you and up to three friends versus hordes of enemies. Select your hero, survive the waves of foes, unlock new weapons and runes, and take on the bosses that await you!",2,,
B0299,A02,Still Life / Jenny LeClue - Detectivu / Telling Lies,"어드벤처 / 액션, 어드벤처, 캐주얼, 인디 / 어드벤처, 인디, 시뮬레이션",[Still Life] Still Life 2 also now available! ‖ [Jenny LeClue - Detectivu] Jenny LeClue - Detectivu는 조사와 선택지로 가득한 스릴 넘치는 미스터리 어드벤처 게임입니다. ‖ [Telling Lies] 네 명의 삶. 그리고 하나의 큰 거짓말. 아무도 모르게 녹화된 은밀한 대화를 들으며 진실을 알아내십시오. 큰 호평을 받았던 Her Story의 계승작입니다.,The Stepfather Remake,"어드벤처, 인디","유머, 미스터리, 그리고 어설픈 마피아들이 등장하는 고전적인 탐정 그래픽 어드벤처. 퍼즐을 풀고, 잊을 수 없는 캐릭터들과 대화하며, 리마스터된 이 범죄 미스터리에 숨겨진 진실을 파헤쳐보세요.",3,,
B0300,A03,Balatro / Hades / Vampire Survivors,"캐주얼, 인디, 전략 / 액션, 인디, RPG / 액션, 캐주얼, 인디, RPG","[Balatro] 포커 로그라이크 게임. Balatro는 불법 포커 패로 게임을 하고, 판을 뒤엎는 조커를 발견하고, 아드레날린이 치솟는 강력한 콤보를 만드는 덱 빌딩 게임입니다. ‖ [Hades] Bastion, Transistor, Pyre의 제작사에서 선보이는 이 로그라이크 던전 탐색형 게임에서 핵 앤 슬래시로 지하 세계를 탈출하고 죽음의 신에게 도전하세요. ‖ [Vampire Survivors] 수많은 어둠의 피조물을 쓰러뜨리며 새벽이 올 때까지 생존하세요! Vampire Survivors는 로그라이트 요소를 갖춘 고딕 호러 케주얼 게임입니다. 당신의 선택으로 순식간에 수백 마리의 괴물이 눈덩이처럼 불어날 수 있죠.",Tribes of Midgard,"액션, 어드벤처, 인디, RPG","혼자 또는 10명까지 같이 즐길 수 있는 활기찬 생존 및 액션 RPG 게임입니다! 전설 아이템을 제작하고, 기지를 발전시키고, 절차적으로 생성되는 게임 내 세계 속에서 라그나로크를 불러오려는 거대한 괴물들과 맞서는 영웅적인 여정을 떠나세요. 발할라는 좀 미뤄도 좋습니다, 에인헤리!",2,,
B0301,A32,Hardspace: Shipbreaker / Hacknet / The Case of the Golden Idol / 방 탈출 시뮬레이터 / shapez 2 - Factory,"시뮬레이션 / 인디, 시뮬레이션 / 어드벤처, 인디 / 어드벤처, 캐주얼, 인디, 시뮬레이션 / 캐주얼, 인디, 시뮬레이션, 전략","[Hardspace: Shipbreaker] Equipped with cutting-edge salvaging tech, carve & slice spaceships to recover valuable materials. Upgrade your gear to take on more lucrative contracts and pay your billion credit ‖ [Hacknet] Hacknet은 터미널 기반의 몰입형 해킹 시뮬레이터입니다. 최근에 사망한, 그러나 언론 보도와는 달리 사고로 사망하지 않은 해커의 지시에 따라 진실을 추척하십시오. ‖ [The Case of the Golden Idol] A new kind of detective game that allows you to think and investigate freely. Discover clues surrounding 12 strange and gruesome deaths and build your own theory. Pick your suspect ‖ [방 탈출 시뮬레이터] Escape Simulator는 단독 또는 온라인 협동 플레이가 가능한 1인칭 퍼즐 게임입니다. 점점 더 많아지는, 고도의 상호 작용이 가능한 방탈출 세트를 탐험하세요. 가구를 옮기고, 모든 것을 집어 들고 검사하고, 냄비를 부수고 자물쇠를 부수세요! 레벨 편집기를 통해 커뮤니티가 만든 방을 지원합니다. ‖ [shapez 2 - Factory] 공장 건설 게임에 빠져들어 보세요. 단 한 가지에 집중하세요. 대규모 우주 공장을 건설하는 것! 방대하게 펼쳐지는 다층 공장과 만족스러운 생산 라인을 무제한으로 설계하세요. 계속해서 어려워지는 자동화 목표를 적의 위협 없이 자신만의 속도로 달성하세요.",The Silver Crow,"어드벤처, 인디","Play as Conrad, the town's executioner. Investigate a mysterious death, gather clues, question suspects and solve puzzles in this classic point-and-click mystery where witchcraft and superstition conceal a far darker truth.",3,,
B0302,A04,Hollow Knight / Dead Cells / Celeste,"액션, 어드벤처, 인디 / 액션, 어드벤처, 인디 / 액션, 어드벤처, 인디","[Hollow Knight] 할로우 나이트에서 자신만의 길을 구축하세요! 크게 파괴된 곤충과 영웅의 왕국을 통한 서사 액션 어드벤처입니다. 손으로 그린 클래식 2D 스타일로 구불구불한 동굴을 탐험하고 오염된 생물과 싸우고 이상한 곤충들과 친구가 되어 보세요. ‖ [Dead Cells] 데드 셀(Dead Cells)는 메트로배니아에서 영감을 받은 로그라이트 액션 플랫포머 게임입니다. 2D 소울 라이트 전투에서 성을 지키는 수호자들을 물리치고 끊임없이 변화하는 거대한 성을 탐험하게 됩니다. 세이브 포인트는 없습니다. 죽이고, 죽고, 배우고, 반복하세요. ‖ [Celeste] 타워폴(TowerFall) 시리즈의 개발자들이 만든 이 초밀착형 플랫폼 게임을 플레이하고, 매들린이 셀레스트 산 정상으로 향하는 여정에서 내면의 악마에게서 살아남을 수 있게 도와주세요. 한땀 한땀 손수 제작한 수백 가지의 도전 과제에 맞서고, 사악한 비밀을 밝혀내고, 산에 숨겨진 수수께끼를 풀어보세요.",Teslagrad Remastered,"액션, 어드벤처, 인디","자기장처럼 짜릿한 최고의 경험을 선사하는 인디 고전 게임 테슬라그라드가 재단장해서 돌아왔습니다! 퍼즐 플랫폼 게임에서 폭군 왕에게서 도망치고, 테슬라맨시 기술을 익히고, 테슬라 타워 깊은 곳에 묻혀 있는 비밀을 파헤치는 모험을 떠나보세요!",3,,
B0303,A33,Garry's Mod / Team Fortress 2 / Left 4 Dead 2,"캐주얼, 인디, 시뮬레이션 / 액션, 무료 플레이 / 액션","[Garry's Mod] Garry's Mod is a physics sandbox. There aren't any predefined aims or goals. We give you the tools and leave you to play. ‖ [Team Fortress 2] 다양한 전술적 능력과 뚜렷한 개성을 갖춘 9가지 병과의 캐릭터를 플레이하세요. 끊임없이 업데이트되는 새로운 게임 모드, 맵, 장비 그리고 가장 중요한 모자까지 지금 바로 즐겨보세요! ‖ [Left 4 Dead 2] Set in the zombie apocalypse, Left 4 Dead 2 is a co-operative action horror FPS takes you and your friends through the cities, swamps and cemeteries of the Deep South, from Savanna",Cortex Command,"액션, 인디, 전략","Choose between different factions, with their own set of expendable soldiers, mechas, and weapons. Protect your brain, mine gold, and destroy the enemy cortex in his bunker complex!",2,,
B0304,A10,A Short Hike / ISLANDERS / Gorogoa,"어드벤처, 인디 / 캐주얼, 인디, 전략 / 어드벤처, 캐주얼, 인디","[A Short Hike] Hike, climb, and soar through the peaceful mountainside landscapes of Hawk Peak Provincial Park as you make your way to the summit. ‖ [ISLANDERS] ISLANDERS is a minimalist strategy game about building cities on colorful islands. ‖ [Gorogoa] Gorogoa(고로고아)는 Jason Roberts가 디자인하고 일러스트레이션을 손으로 그린 아름다운 차세대 퍼즐 게임입니다.",First Days of Atlantis,"캐주얼, 인디, 전략",Quickly build beautiful cities on colorful islands in the ancient Mediterranean Sea. The perfect game to play and relax for half an hour.,3,,
B0305,A04,Hollow Knight / Dead Cells / Celeste,"액션, 어드벤처, 인디 / 액션, 어드벤처, 인디 / 액션, 어드벤처, 인디","[Hollow Knight] 할로우 나이트에서 자신만의 길을 구축하세요! 크게 파괴된 곤충과 영웅의 왕국을 통한 서사 액션 어드벤처입니다. 손으로 그린 클래식 2D 스타일로 구불구불한 동굴을 탐험하고 오염된 생물과 싸우고 이상한 곤충들과 친구가 되어 보세요. ‖ [Dead Cells] 데드 셀(Dead Cells)는 메트로배니아에서 영감을 받은 로그라이트 액션 플랫포머 게임입니다. 2D 소울 라이트 전투에서 성을 지키는 수호자들을 물리치고 끊임없이 변화하는 거대한 성을 탐험하게 됩니다. 세이브 포인트는 없습니다. 죽이고, 죽고, 배우고, 반복하세요. ‖ [Celeste] 타워폴(TowerFall) 시리즈의 개발자들이 만든 이 초밀착형 플랫폼 게임을 플레이하고, 매들린이 셀레스트 산 정상으로 향하는 여정에서 내면의 악마에게서 살아남을 수 있게 도와주세요. 한땀 한땀 손수 제작한 수백 가지의 도전 과제에 맞서고, 사악한 비밀을 밝혀내고, 산에 숨겨진 수수께끼를 풀어보세요.",Big Tower Tiny Square,"액션, 어드벤처, 인디","No Princess, only Pineapple! Dodge bullets, leap lava pits, and wall-jump your way up the Big Tower in this precision platformer. Quick deaths, generous respawns, and a whole lot of jumping.",3,,
B0306,A13,Death's Door / Children of Morta / Roboquest / Spelunky 2 / Nuclear Throne / Streets of Rogue / Neon Abyss / Curse of the Dead Gods / Rogue Legacy 2 / Have a Nice Death,"액션, 어드벤처, 인디, RPG / 액션, 어드벤처, 인디, RPG / 액션, 인디 / 액션, 인디 / 액션, 인디, RPG / 액션, 어드벤처, 인디, RPG / 액션, 어드벤처, 인디, RPG / 액션, 어드벤처 / 액션, 어드벤처, 인디, RPG / 액션, 인디","[Death's Door] 죽은 자의 영혼을 수확하고 시간을 끝내는 것은 단조로울 수 있지만 까마귀에겐 평범한 일입니다. 하지만 주어진 영혼을 도둑맞게 되면 변화가 일어납니다. 영혼을 도난하고 죽음의 손길이 닿지 않는 영역으로 도망친 절망적인 도둑을 추적하십시오. ‖ [Children of Morta] Children of Morta는 비범한 가족 영웅에 대한 스토리 중심의 액션 RPG 게임입니다. 다가오는 부패에 맞서 모든 결함과 미덕을 갖춘 베르그송 가를 이끄세요. 여러분은 여러분이 아끼는 사람들을 구하기 위해 모든 것을 희생할 수 있으신가요? ‖ [Roboquest] 로보퀘스트는 멸망한 미래 세계의 빠른 FPS 로그라이트입니다. 당신은 재부팅된 수호자로, 강철 궁둥짝을 걷어 찰 준비를 하세요! 혼자서 혹은 친구와 함께 맞서거나 끊임없이 변화하는 환경에서 치명적인 로봇 군단을 섬멸하세요. ‖ [Spelunky 2] Spelunky 2 builds upon the unique, randomized challenges that made the original a roguelike classic, offering a huge adventure designed to satisfy players old and new. Meet the nex ‖ [Nuclear Throne] Nuclear Throne은 포스트 아포칼립스 세계관의 로그라이크 스타일 탑다운 슈터입니다. 여기서 말하는 포스트 아포칼립스는 '인류의 마지막 희망'이 남아 있는 세계가 아니라, '인류는 멸종했고 이제 돌연변이와 괴물들이 세상을 돌아다니는' 그런 세계입니다. 과연 당신은 뉴클리어 쓰론에 도달할 수 있을까요? ‖ [Streets of Rogue] 싸워서 몰래 들어가 임의 생성된 도시를 공격하세요. Nuclear Throne은 무법천지 GTA와 Deus Ex가 혼합된 형태입니다. Rogue-lite가 몰입도 높은 캐릭터를 만나 너무 재미있습니다. ‖ [Neon Abyss] Neon Abyss는 고속의 로그라이크 액션 플랫포머로, 하데스가 만든 '그림 스쿼드'의 일원이 되어 어비스로 총을 들고 뛰어드는 런 앤 건 게임입니다. 무한한 아이템 시너지와 던전 진화 시스템으로, 매번 게임을 할 때마다 다른 경험과 새로운 도전이 등장합니다. 진짜 지옥을 보여주세요! ‖ [Curse of the Dead Gods] 엄청난 부, 영원한 생명, 신성한 힘을 탐하는 마음이 당신을 끝없는 지옥 속의 미로, 치명적인 함정 및 몬스터가 우글거리는 이 저주받은 사원으로 이끌었습니다. ‖ [Rogue Legacy 2] 로그 레거시 2는 로그 레거시에 후속편을 끼얹은 작품입니다. 당신이 죽을 때마다 자식이 가업을 이어받습니다. 딸은 색맹 궁수이고 아들은 평화주의자 요리사일 수도 있죠. 어쨌거나 둘 중 한 명은 전장으로 나가야 합니다. ‖ [Have a Nice Death] Have a Nice Death는 과로에 고생하는 데스가 되어 플레이하는 2D 액션 로그라이크로, 통제 불능인 직원들 때문에 영혼의 균형과 데스의 휴가 계획이 틀어지고 말았습니다. 질서를 회복하려면 대낫을 들고 직원들과 서열 정리를 해야 합니다.",Zombiehood,"액션, 인디","독특하면서도 강렬한 런 앤 건 로그라이크: 무기, 장비, 유물을 수집하고, 강력한 업그레이드를 해금하며, 재치 넘치는 대사와 폭발적인 쾌감을 주는 전투로 절차적으로 생성된 생물군계를 뚫고 나아가세요.",3,,
B0307,A32,Hardspace: Shipbreaker / Hacknet / The Case of the Golden Idol / 방 탈출 시뮬레이터 / shapez 2 - Factory,"시뮬레이션 / 인디, 시뮬레이션 / 어드벤처, 인디 / 어드벤처, 캐주얼, 인디, 시뮬레이션 / 캐주얼, 인디, 시뮬레이션, 전략","[Hardspace: Shipbreaker] Equipped with cutting-edge salvaging tech, carve & slice spaceships to recover valuable materials. Upgrade your gear to take on more lucrative contracts and pay your billion credit ‖ [Hacknet] Hacknet은 터미널 기반의 몰입형 해킹 시뮬레이터입니다. 최근에 사망한, 그러나 언론 보도와는 달리 사고로 사망하지 않은 해커의 지시에 따라 진실을 추척하십시오. ‖ [The Case of the Golden Idol] A new kind of detective game that allows you to think and investigate freely. Discover clues surrounding 12 strange and gruesome deaths and build your own theory. Pick your suspect ‖ [방 탈출 시뮬레이터] Escape Simulator는 단독 또는 온라인 협동 플레이가 가능한 1인칭 퍼즐 게임입니다. 점점 더 많아지는, 고도의 상호 작용이 가능한 방탈출 세트를 탐험하세요. 가구를 옮기고, 모든 것을 집어 들고 검사하고, 냄비를 부수고 자물쇠를 부수세요! 레벨 편집기를 통해 커뮤니티가 만든 방을 지원합니다. ‖ [shapez 2 - Factory] 공장 건설 게임에 빠져들어 보세요. 단 한 가지에 집중하세요. 대규모 우주 공장을 건설하는 것! 방대하게 펼쳐지는 다층 공장과 만족스러운 생산 라인을 무제한으로 설계하세요. 계속해서 어려워지는 자동화 목표를 적의 위협 없이 자신만의 속도로 달성하세요.",shapez,"캐주얼, 인디, 시뮬레이션, 전략","shapez는 도형을 추출하고 만족스러운 생산 라인을 구축하며 도형의 자동화를 다루는 여유롭고 미니멀한 공장 건설 게임입니다. 점점 더 복잡해지는 도형에 적응하고, 무한히 확장되는 맵에 걸쳐 공장을 성장시켜 나가세요. 유일한 한계라고는 여러분의 창의력뿐입니다!",3,,
B0308,A21,DARK SOULS™ III / The Witcher 3: Wild Hunt / The Elder Scrolls V: Skyrim Special Edition,액션 / RPG / RPG,"[DARK SOULS™ III] 장르를 새로 개척했다는 평가를 들으며 많은 좋은 평가들을 얻고 있는 다크 소울 시리즈는 계속해서 한계를 넘어서, 더욱 야심찬 단계에 도전하고자 하고 있습니다. 준비를 하고 어둠을 밝히십시오! ‖ [The Witcher 3: Wild Hunt] 리비아의 게롤트가 되어 의뢰를 받고 괴물을 사냥하세요. 전쟁의 상처가 가득하고 괴물이 들끓는 대륙을 마음껏 탐험해 보세요. 지금 가장 중요한 일은 대륙의 판도를 뒤바꿀 수도 있는 살아 있는 무기이자 예언의 아이, 시리를 추적하는 것입니다. ‖ [The Elder Scrolls V: Skyrim Special Edition] 200회 이상 올해의 게임에 선정된 The Elder Scrolls V: Skyrim Special Edition이 놀라운 디테일로 판타지에 생명을 불어넣었습니다. Special Edition에는 비평가들의 극찬을 받은 게임 및 새로운 기능이 포함된 애드온이 들어 있습니다.",Eternal Edge +,"액션, 어드벤처, 캐주얼, 인디, RPG","Eternal Edge + is a casual Action-Adventure role-playing game following Cross, an Age-old warrior who is trying to wake his lost Wife from an Eternal slumber. Only together can they defeat the Skeleton King.",2,,
B0309,A35,Project Zomboid / Don't Starve / The Forest,"인디, RPG, 시뮬레이션, 앞서 해보기 / 어드벤처, 인디, 시뮬레이션 / 액션, 어드벤처, 인디, 시뮬레이션","[Project Zomboid] Project Zomboid is the ultimate in zombie survival. Alone or in MP: you loot, build, craft, fight, farm and fish in a struggle to survive. A hardcore RPG skillset, a vast map, mass ‖ [Don't Starve] Don’t Starve is an uncompromising wilderness survival game full of science and magic. Enter a strange and unexplored world full of strange creatures, dangers, and surprises. Gather ‖ [The Forest] As the lone survivor of a passenger jet crash, you find yourself in a mysterious forest battling to stay alive against a society of cannibalistic mutants. Build, explore, survive i",ZED ZONE,"액션, 인디, RPG, 시뮬레이션, 앞서 해보기","A great catastrophe has come, and you, who are on duty, crash and trapped in a Zed Zone. There are zombies and monsters everywhere, In order to escape, by collecting materials, upgrading skills, building shelters, defeating zombie waves and mysterious mechs, chasing a glimmer of hope.",3,,
B0310,A31,Hearts of Iron IV / Europa Universalis IV / Sid Meier's Civilization® V,"시뮬레이션, 전략 / 시뮬레이션, 전략 / 전략","[Hearts of Iron IV] Victory is at your fingertips! Your ability to lead your nation is your supreme weapon, the strategy game Hearts of Iron IV lets you take command of any nation in World War II; the ‖ [Europa Universalis IV] 비교할 수 없는 자유도, 깊이 있는 스토리, 정확한 역사적 고증을 즐기며 국토를 다스리고 세계를 정복하세요. 세계 역사를 새롭게 쓰며 시대를 풍미할 제국을 만드세요. ‖ [Sid Meier's Civilization® V] Create, discover, and download new player-created maps, scenarios, interfaces, and more!",Animal Fight Club,"액션, 어드벤처, 인디, 대규모 멀티플레이어, 시뮬레이션, 전략","Invent new creatures by mixing real or legendary animals in thousands of possible combinations, create an army and fight in the singleplayer campaign or in online multiplayer against friends or random challengers!",0,IRRELEVANT,
B0311,A35,Project Zomboid / Don't Starve / The Forest,"인디, RPG, 시뮬레이션, 앞서 해보기 / 어드벤처, 인디, 시뮬레이션 / 액션, 어드벤처, 인디, 시뮬레이션","[Project Zomboid] Project Zomboid is the ultimate in zombie survival. Alone or in MP: you loot, build, craft, fight, farm and fish in a struggle to survive. A hardcore RPG skillset, a vast map, mass ‖ [Don't Starve] Don’t Starve is an uncompromising wilderness survival game full of science and magic. Enter a strange and unexplored world full of strange creatures, dangers, and surprises. Gather ‖ [The Forest] As the lone survivor of a passenger jet crash, you find yourself in a mysterious forest battling to stay alive against a society of cannibalistic mutants. Build, explore, survive i",Another Try,"액션, 어드벤처, 인디, 대규모 멀티플레이어","The virus has devastated cities and lands, you are one of the last survivors! You will have to survive in a harsh post-apocalyptic world populated by the living dead.",2,,
B0312,A06,Cities: Skylines / Factorio / Farming Simulator 22,"시뮬레이션, 전략 / 캐주얼, 인디, 시뮬레이션, 전략 / 시뮬레이션","[Cities: Skylines] Cities: Skylines is a modern take on the classic city simulation. The game introduces new game play elements to realize the thrill and hardships of creating and maintaining a real  ‖ [Factorio] Factorio는 무한한 2D 세상에서 복잡성이 증가하는 아이템을 생산하기 위해 자동화 공장을 만드는 게임입니다. - 당신의 상상력으로 공장을 설계, 독창적인 방법으로 간단한 요소를 결합하고 마지막엔 당신을 좋아하지 않는 생물들로 부터 공장을 지키세요. ‖ [Farming Simulator 22] 농장을 만들고 농사를 즐기세요! 작물을 수확하고, 동물을 돌보고, 생산을 관리하고, 계절에 따른 어려움을 이겨내세요.",Mindustry,전략,RTS와 타워 디펜스 요소를 갖춘 개방형 공장 관리 게임입니다.,3,,
B0313,A01,It Takes Two / Overcooked! 2 / What Remains of Edith Finch,"액션, 어드벤처 / 액션, 캐주얼, 인디 / 어드벤처, 인디","[It Takes Two] It Takes Two에서 생애 가장 정신없는 여정을 시작하세요. 친구가 무료로 참가할 수 있게 친구 패스*로 초대하고, 함께 힘을 합쳐서 수많은 유쾌하고 획기적인 게임 플레이 챌린지를 헤쳐나가세요. ‖ [Overcooked! 2] 혼란스러운 요리 액션으로 가득한 Overcooked가 돌아왔습니다! 양파 왕국으로 돌아가는 여행을 떠나세요. 클래식 협동 또는 온라인 플레이에서 셰프 팀을 만들어서 최대 4명까지 플레이하세요. 앞치마를 준비하세요... 다시 세상을 구할 때가 되었습니다! ‖ [What Remains of Edith Finch] What Remains of Edith Finch(워트 리메인스 오브 에디스 핀치)는 워싱턴 주에 있는 어느 가족에 대한 이상한 이야기의 모음입니다. 플레이어는 에디스가 되어 거대한 핀치 가택을 탐사하고, 가족사를 연구하며 이야기를 찾고, 왜 가족 중에서 그녀만 살아남았는지 알아내야 합니다. 각 이야기는 새로운 가족 구성",Spacelines from the Far Out,"액션, 어드벤처, 캐주얼, 인디, 시뮬레이션, 전략",무작위로 만들어진 이 혼란스러운 1~4인용 지역 및 온라인 협동 게임에서는 60년대 영감을 받은 외계 항공사를 운영해 보십시오!,3,,
B0314,A20,Counter-Strike 2 / PUBG: BATTLEGROUNDS / 톰 클랜시의 레인보우식스 시즈,"액션, 무료 플레이 / 액션, 어드벤처, 대규모 멀티플레이어, 무료 플레이 / 액션, 무료 플레이","[Counter-Strike 2] Counter-Strike는 20년이 넘는 시간 동안 전 세계 수백만 명의 플레이어가 모여 수준 높은 경쟁을 펼칠 수 있는 플랫폼을 제공해 왔습니다. 그리고 이제 곧 Counter-Strike 2와 함께 새로운 CS 시대의 막이 열립니다. ‖ [PUBG: BATTLEGROUNDS] 배틀로얄 유행의 시작이자, 그 정수를 보여준 PUBG: 배틀그라운드를 지금 무료로 플레이하세요! 다양한 맵에 낙하하여 무기와 보급품을 확보하고, 점점 줄어드는 블루존 속에서 끝까지 살아남아 승리를 쟁취하세요. ‖ [톰 클랜시의 레인보우식스 시즈] 톰 클랜시의 레인보우식스 시즈는 탁월한 계획과 기술이 승부를 좌우하는 전술적인 정예 팀 기반 슈팅 게임입니다.",PlanetSide 2,"액션, 대규모 멀티플레이어, 무료 플레이","PlanetSide 2 is an all-out planetary war, where thousands of players battle as one across enormous continents. Utilize infantry, ground and air vehicles, and teamwork to destroy your enemies in this revolutionary first-person shooter on a massive scale.",3,,
B0315,A34,Pid / ChromaGun / Deer & Boy,"어드벤처, 인디 / 액션, 어드벤처, 인디 / 액션, 어드벤처, 인디","[Pid] You are stranded on a strange and peculiar planet. It’s time to embark on your journey and find your way home! Explore a gravity defying and challenging platformer with striking vi ‖ [ChromaGun] Welcome to ChromaTec’s test lab! You’re here to test our state-of-the-art military-grade color-technology: The ChromaGun (patent pending)! Use it to solve our meticulously designed ‖ [Deer & Boy] 도망친 소년은 길 잃은 어린 사슴을 만나 고요하면서도 위태로운 세상을 함께 헤쳐 나갑니다. 퍼즐을 풀고, 높은 곳에 오르고, 위협을 피해 나아가며 당신의 동료는 연약한 아기 사슴에서 어엿한 사슴으로 성장하죠. 혼자서는 할 수 없었던 일을 함께 해내는 법을 배우게 됩니다.",Mercenary Kings: Reloaded Edition,"액션, 어드벤처, 인디, RPG",Craft your arsenal to avenge your fallen comrades and save the world from the fearsome forces of CLAW!,1,GENRE_ONLY,
B0316,A27,The Raven Remastered / The Frostrune / Mad Experiments: Escape Room,"어드벤처 / 어드벤처 / 어드벤처, 캐주얼, 인디, 시뮬레이션, 전략","[The Raven Remastered] London, 1964. An ancient ruby is stolen from the British Museum. At the crime scene: a raven feather. Is somebody trying to follow in the footsteps of The Raven, the legendary mast ‖ [The Frostrune] Unravel a mystery inspired by Viking myth and legend in The Frostrune, a classic point-and-click adventure based on historically accurate Norse culture and environments. ‖ [Mad Experiments: Escape Room] 수상 후보에 오른 이스케이프 게임 1인 또는 최대 5인까지 플레이하며 3개의 독특한 방을 탐험하고, 두뇌를 자극하는 퍼즐을 풀며 체셔 교수와 그의 실험에 얽힌 어두운 비밀을 밝혀보세요.",Mountain Crime: Requital,"어드벤처, 캐주얼",Solve the mystery at the heart of this chilling thriller!,2,,
B0317,A09,Roots of Yggdrasil / Ancient Gods / Flick Shot Rogues,"인디, 전략 / RPG, 전략 / 인디, 전략","[Roots of Yggdrasil] Build settlements, explore the Nine Realms, collect artifacts and upgrade your deck to reach the top of Yggdrasil in this post-Ragnarok roguelike city-builder! Can you survive the  ‖ [Ancient Gods] Ancient Gods is a fusion of hero collector and deck-building rogue-lite where you collect your character, fight, and experience exciting events. Any character can use all the cards ‖ [Flick Shot Rogues] 계획하고, 조준하고, 쏘세요! FLICK SHOT ROGUES는 테이블 위에서 물건을 튕기는 촉각적 만족감과 사람들이 좋아하는 턴제 로그라이크의 전략적 깊이를 결합한 게임입니다. 말도 안되는 콤보를 연결하고, 캐릭터, 아이템, 스킬을 잠금 해제하면서, 섬을 정복하세요!",Lost in Random: The Eternal Die,"액션, 어드벤처, RPG","주사위 굴리기 기회 하나하나가 중요한, 살아있는 악몽 속으로 뛰어드세요. 주사위를 통해 진행되는 공격으로 유려한 전투를 이어가고, 유물을 중첩해 맹렬한 시너지를 만들고, 멈출 수 없는 기세를 보여주세요. 보드게임에서 영감을 받은 이 로그라이트 던전 크롤러 게임에서 운명을 헤쳐 나가고, 확률을 원하는 대로 뒤틀며 블랙 다이를 쓰러뜨리세요.",3,,
B0318,A14,Iron Brigade / Ancient Planet Tower Defense / Creeper World IXE,"액션, 전략 / 캐주얼, 인디, 전략 / 액션, 캐주얼, 인디, 시뮬레이션, 전략","[Iron Brigade] Join The Mobile Trench Brigade and protect humanity from the evil Monovision menace! ‖ [Ancient Planet Tower Defense] 고대 행성 타워 디펜스는 정통 타워 디펜스 게임입니다. 고대 문명의 요새가 외계 침략자들로부터 침략당했습니다. 고대의 강력한 기술을 사용하여 적군의 공격을 물리치십시오! ‖ [Creeper World IXE] The unstoppable alien force known as The Creeper has returned, devouring thousands of worlds in its path, and yours is next. Battle against the Creeper fluid in a groundbreaking pi",Warstone TD,"인디, 전략","""Warstone은 RPG, 전략, 그리고 도시 건설의 요소가 어우러진 타워 디펜스 게임입니다. 고화질의 그래픽, 아름다운 일러스트와 심도 있는 스토리가 어우러져, 당신을 Warstone의 세계로 안내합니다.""",3,,
B0319,A27,The Raven Remastered / The Frostrune / Mad Experiments: Escape Room,"어드벤처 / 어드벤처 / 어드벤처, 캐주얼, 인디, 시뮬레이션, 전략","[The Raven Remastered] London, 1964. An ancient ruby is stolen from the British Museum. At the crime scene: a raven feather. Is somebody trying to follow in the footsteps of The Raven, the legendary mast ‖ [The Frostrune] Unravel a mystery inspired by Viking myth and legend in The Frostrune, a classic point-and-click adventure based on historically accurate Norse culture and environments. ‖ [Mad Experiments: Escape Room] 수상 후보에 오른 이스케이프 게임 1인 또는 최대 5인까지 플레이하며 3개의 독특한 방을 탐험하고, 두뇌를 자극하는 퍼즐을 풀며 체셔 교수와 그의 실험에 얽힌 어두운 비밀을 밝혀보세요.",Tick Tock: A Tale for Two,"어드벤처, 캐주얼, 인디","당신과 당신의 친구는 신비로운 세상에 갇혔습니다. 점점 복잡해지는 퍼즐 세상에서, 시간이 다 되기 전에 탈출하세요. 각 플레이어는 혼자서 모든 걸 볼 수 없으므로, 협력해야만 합니다! 로컬 또는 원격으로 두 개 장치에서 플레이할 수 있습니다. 서로 목소리만 이어져있으면 됩니다.",2,,
B0320,A08,Sid Meier’s Civilization® VI / XCOM® 2 / Stellaris,"전략 / 전략 / 시뮬레이션, 전략","[Sid Meier’s Civilization® VI] 문명 VI 에서는 새로운 방식으로 세상과 소통하고, 제국의 영토를 확장시키며, 문화를 발전시키고, 역사속 위대한 지도자들에 맞서 오래도록 지속될 나만의 문명을 건설해볼 수 있습니다. 클레오파트라를 비롯한 20명의 역사 속 지도자들 중 한명으로 플레이 해보세요. ‖ [XCOM® 2] XCOM 2는 수상 경력이 있는 전략 게임 XCOM: Enemy Unknown의 속편입니다. 인류가 외계인 침략군에게 항복한 지 20년, 이제 지구 상에는 새로운 세계 질서가 존재합니다. 수년간을 어둠 속에서 숨어 있었던 XCOM 부대는 반드시 일어나 외계인의 지배를 무너뜨릴 것입니다. ‖ [Stellaris] 항성간 여행을 통해 우주를 탐험하며 수많은 종족들도 만나보세요. 과학선을 보내 우주를 조사하고 탐험하면서 은하 제국을 건설하고, 건축선을 보내 새로 발견한 행성에 기지를 건설하세요. 소속 사회를 위한 탐험에 나서 매장된 보물과 은하계의 경이를 발견하고, 탐험가의 한계치와 진화 범위를 설정하세요. 동맹이 체결되고, 전쟁이 ",Warnament,"인디, 시뮬레이션, 전략","턴제 대전략 게임으로, 초보자도 쉽게 플레이할 수 있지만 고수에게는 도전적인 게임입니다. 국가의 지도자가 되어 영토를 정복하고 군사·기술·문화·정치 분야에서 발전하세요. 역사적 시나리오를 선택하거나 게임 내 편집기로 나만의 시나리오를 만들어 보세요.",3,,
B0321,A03,Balatro / Hades / Vampire Survivors,"캐주얼, 인디, 전략 / 액션, 인디, RPG / 액션, 캐주얼, 인디, RPG","[Balatro] 포커 로그라이크 게임. Balatro는 불법 포커 패로 게임을 하고, 판을 뒤엎는 조커를 발견하고, 아드레날린이 치솟는 강력한 콤보를 만드는 덱 빌딩 게임입니다. ‖ [Hades] Bastion, Transistor, Pyre의 제작사에서 선보이는 이 로그라이크 던전 탐색형 게임에서 핵 앤 슬래시로 지하 세계를 탈출하고 죽음의 신에게 도전하세요. ‖ [Vampire Survivors] 수많은 어둠의 피조물을 쓰러뜨리며 새벽이 올 때까지 생존하세요! Vampire Survivors는 로그라이트 요소를 갖춘 고딕 호러 케주얼 게임입니다. 당신의 선택으로 순식간에 수백 마리의 괴물이 눈덩이처럼 불어날 수 있죠.",Breach Wanderers,"인디, RPG, 전략","로그라이크 덱 빌더에 대한 신선한 해석이 돋보이는 게임으로, 새 게임을 시작하기 전에 덱을 세심하게 조정하여 승리로 향하는 전략을 갈고 닦을 수 있습니다. 1,200장이 넘는 카드, 고유한 스킬을 가진 10명의 캐릭터, 수십 가지 아이템과 임무를 통해 전술을 발전시켜보세요.",3,,
B0322,A03,Balatro / Hades / Vampire Survivors,"캐주얼, 인디, 전략 / 액션, 인디, RPG / 액션, 캐주얼, 인디, RPG","[Balatro] 포커 로그라이크 게임. Balatro는 불법 포커 패로 게임을 하고, 판을 뒤엎는 조커를 발견하고, 아드레날린이 치솟는 강력한 콤보를 만드는 덱 빌딩 게임입니다. ‖ [Hades] Bastion, Transistor, Pyre의 제작사에서 선보이는 이 로그라이크 던전 탐색형 게임에서 핵 앤 슬래시로 지하 세계를 탈출하고 죽음의 신에게 도전하세요. ‖ [Vampire Survivors] 수많은 어둠의 피조물을 쓰러뜨리며 새벽이 올 때까지 생존하세요! Vampire Survivors는 로그라이트 요소를 갖춘 고딕 호러 케주얼 게임입니다. 당신의 선택으로 순식간에 수백 마리의 괴물이 눈덩이처럼 불어날 수 있죠.",Dungeons & Degenerate Gamblers,"캐주얼, 인디, RPG, 전략","이 블랙잭 로그라이크 어드벤처 게임에서 도박에 중독된 마을 주민들이 가득 있는 지저분한 선술집을 싸우며 헤쳐 나가세요. 에이스 카드와 그림 카드부터 타로 카드, 명함까지 여러 카드로 자신만의 덱을 만들어 도박판을 정복하세요.",3,,
B0323,A31,Hearts of Iron IV / Europa Universalis IV / Sid Meier's Civilization® V,"시뮬레이션, 전략 / 시뮬레이션, 전략 / 전략","[Hearts of Iron IV] Victory is at your fingertips! Your ability to lead your nation is your supreme weapon, the strategy game Hearts of Iron IV lets you take command of any nation in World War II; the ‖ [Europa Universalis IV] 비교할 수 없는 자유도, 깊이 있는 스토리, 정확한 역사적 고증을 즐기며 국토를 다스리고 세계를 정복하세요. 세계 역사를 새롭게 쓰며 시대를 풍미할 제국을 만드세요. ‖ [Sid Meier's Civilization® V] Create, discover, and download new player-created maps, scenarios, interfaces, and more!",Broadcast Empire,"시뮬레이션, 전략",A text UI based TV channel simulation game. Out manoeuvre the competition to be the broadcast number one,1,IRRELEVANT,
B0324,A13,Death's Door / Children of Morta / Roboquest / Spelunky 2 / Nuclear Throne / Streets of Rogue / Neon Abyss / Curse of the Dead Gods / Rogue Legacy 2 / Have a Nice Death,"액션, 어드벤처, 인디, RPG / 액션, 어드벤처, 인디, RPG / 액션, 인디 / 액션, 인디 / 액션, 인디, RPG / 액션, 어드벤처, 인디, RPG / 액션, 어드벤처, 인디, RPG / 액션, 어드벤처 / 액션, 어드벤처, 인디, RPG / 액션, 인디","[Death's Door] 죽은 자의 영혼을 수확하고 시간을 끝내는 것은 단조로울 수 있지만 까마귀에겐 평범한 일입니다. 하지만 주어진 영혼을 도둑맞게 되면 변화가 일어납니다. 영혼을 도난하고 죽음의 손길이 닿지 않는 영역으로 도망친 절망적인 도둑을 추적하십시오. ‖ [Children of Morta] Children of Morta는 비범한 가족 영웅에 대한 스토리 중심의 액션 RPG 게임입니다. 다가오는 부패에 맞서 모든 결함과 미덕을 갖춘 베르그송 가를 이끄세요. 여러분은 여러분이 아끼는 사람들을 구하기 위해 모든 것을 희생할 수 있으신가요? ‖ [Roboquest] 로보퀘스트는 멸망한 미래 세계의 빠른 FPS 로그라이트입니다. 당신은 재부팅된 수호자로, 강철 궁둥짝을 걷어 찰 준비를 하세요! 혼자서 혹은 친구와 함께 맞서거나 끊임없이 변화하는 환경에서 치명적인 로봇 군단을 섬멸하세요. ‖ [Spelunky 2] Spelunky 2 builds upon the unique, randomized challenges that made the original a roguelike classic, offering a huge adventure designed to satisfy players old and new. Meet the nex ‖ [Nuclear Throne] Nuclear Throne은 포스트 아포칼립스 세계관의 로그라이크 스타일 탑다운 슈터입니다. 여기서 말하는 포스트 아포칼립스는 '인류의 마지막 희망'이 남아 있는 세계가 아니라, '인류는 멸종했고 이제 돌연변이와 괴물들이 세상을 돌아다니는' 그런 세계입니다. 과연 당신은 뉴클리어 쓰론에 도달할 수 있을까요? ‖ [Streets of Rogue] 싸워서 몰래 들어가 임의 생성된 도시를 공격하세요. Nuclear Throne은 무법천지 GTA와 Deus Ex가 혼합된 형태입니다. Rogue-lite가 몰입도 높은 캐릭터를 만나 너무 재미있습니다. ‖ [Neon Abyss] Neon Abyss는 고속의 로그라이크 액션 플랫포머로, 하데스가 만든 '그림 스쿼드'의 일원이 되어 어비스로 총을 들고 뛰어드는 런 앤 건 게임입니다. 무한한 아이템 시너지와 던전 진화 시스템으로, 매번 게임을 할 때마다 다른 경험과 새로운 도전이 등장합니다. 진짜 지옥을 보여주세요! ‖ [Curse of the Dead Gods] 엄청난 부, 영원한 생명, 신성한 힘을 탐하는 마음이 당신을 끝없는 지옥 속의 미로, 치명적인 함정 및 몬스터가 우글거리는 이 저주받은 사원으로 이끌었습니다. ‖ [Rogue Legacy 2] 로그 레거시 2는 로그 레거시에 후속편을 끼얹은 작품입니다. 당신이 죽을 때마다 자식이 가업을 이어받습니다. 딸은 색맹 궁수이고 아들은 평화주의자 요리사일 수도 있죠. 어쨌거나 둘 중 한 명은 전장으로 나가야 합니다. ‖ [Have a Nice Death] Have a Nice Death는 과로에 고생하는 데스가 되어 플레이하는 2D 액션 로그라이크로, 통제 불능인 직원들 때문에 영혼의 균형과 데스의 휴가 계획이 틀어지고 말았습니다. 질서를 회복하려면 대낫을 들고 직원들과 서열 정리를 해야 합니다.",RAD,액션,RAD는 인류가 종말의 위기를 두 번이나 마주한 포스트 포스트 아포칼립스 세계관 속에서 펼쳐지는 3D 로그라이크 액션 게임입니다.,3,,
B0325,A30,Stardew Valley / Slime Rancher / Raft,"인디, RPG, 시뮬레이션 / 액션, 어드벤처, 인디, 시뮬레이션 / 어드벤처, 인디, 시뮬레이션","[Stardew Valley] You've inherited your grandfather's old farm plot in Stardew Valley. Armed with hand-me-down tools and a few coins, you set out to begin your new life. Can you learn to live off th ‖ [Slime Rancher] 슬라임 랜쳐는 젊고 용감한 랜쳐, 베아트릭스 르뷰가 지구에서 1,000광년 떨어진 '머나먼 평야'에서 슬라임들과 씨름하며 생계를 꾸려나가는 이야기입니다. 긍정적인 마인드와 강인한 의지로 베아트릭스는 진공팩을 사용하여 끊임없이 말랑말랑하게 굴러나오는 슬라임들을 피하며 이름을 알리고, 부자가 되려 합니다. ‖ [Raft] Raft™ throws you and your friends into an epic oceanic adventure! Alone or together, players battle to survive a perilous voyage across a vast sea! Gather debris, scavenge reefs an",Slime Farm,"캐주얼, 인디, 시뮬레이션","슬라임 농장 시뮬레이터에 뛰어들어 세상에서 가장 귀여운 마법의 슬라임과 놀고 돌보세요! 기발한 방식으로 진화하고, 원소와 기분을 전략적으로 관리하며, 매혹적이고 귀여운 슬라임 농장을 확장하는 모습을 지켜보세요.",2,,
B0326,A29,Salt and Sanctuary,"액션, 인디, RPG","[Salt and Sanctuary] 두렵고도 잔혹한 섬의 탐험을 시작합니다… Salt and Sanctuary는 신속하고, 잔인하며, 복잡한 전투 시스템을 지닌 2D RPG입니다. 저주받은 도시의 잊힌 영역이나, 피에 물든 던전이나, 오염된 기념비와 같은 장소를 돌아다니며, 한때 축복을 받았지만 지금은 타락하고 만 영주들을 조우하세요.",불가사의의 던전,"액션, 어드벤처, 인디, 전략","당신이 움직일 때만 세상이 움직이는 신비한 섬에서 펼쳐지는 매력적인 모험, ""불가사의의 던전""! 독특한 적들과 싸우고, 영리한 퍼즐을 풀며, 섬 주민들과 유대를 쌓고, 어둠의 군주의 끔찍한 비밀을 밝혀내어 여동생을 구하세요.",1,MODE_MISMATCH,
B0327,A23,Vomitoreum / Tales of Kenzera™: ZAU / Shantae: Half-Genie Hero,"액션, 어드벤처, 인디 / 액션, 어드벤처, 인디 / 액션, 어드벤처, 인디","[Vomitoreum] Vomitoreum is an FPS Metroidvania with a focus on atmosphere and horror, inspired by the paintings of Zdzisław Beksiński. ‖ [Tales of Kenzera™: ZAU] 샤먼의 춤을 추세요. 아버지의 영혼을 되찾으세요. Surgent Studios가 제작한 메트로이드바니아 스타일의 어드벤처 게임 Tales of Kenzera™: ZAU에서 죽음의 신과 함께 아름답고 위험한 켄제라의 땅으로 용감하게 모험을 떠나세요. ‖ [Shantae: Half-Genie Hero] Shantae embarks on her first full HD adventure! When a mysterious crime wave sweeps Sequin Land, it’s up to Half-Genie Hero Shantae to save the day! Use Shantae’s devastating Hair-",Mystik Belle,"액션, 어드벤처, 인디, RPG","A colorful pixel-art metroidvania/point-and-click adventure hybrid about magic, cute witches and joys of vandalism.",3,,
B0328,A18,Euro Truck Simulator 2 / BeamNG.drive / 아세토 코르사 Assetto Corsa,"인디, 시뮬레이션 / 레이싱, 시뮬레이션, 앞서 해보기 / 인디, 레이싱, 시뮬레이션, 스포츠","[Euro Truck Simulator 2] 도로의 왕이 되어 인상적인 거리를 가로질러 중요한 화물을 배달하는 트럭 운전사가 되어 유럽을 여행하세요! 탐험할 도시가 수십 개나 되므로, 당신의 인내심, 기술, 속도가 모두 한계에 도달할 것입니다. ‖ [BeamNG.drive] 뭐든지 할 수 있는 동적 소프트 보디 물리 시뮬레이터입니다. ‖ [아세토 코르사 Assetto Corsa] 아세토 코르사(Assetto Corsa) v1.16은 새로운 레이저 스캔 트랙 ""라구나 세카(Laguna Seca)"" 및 기다리던 Alfa Romeo Giulia Quadrifoglio를 포함한 7개의 신차를 소개합니다! 체인지로그에서 더 자세한 내용을 확인하세요!",NHRA Championship Drag Racing: Speed For All,레이싱,"NHRA™가 그 어느 때보다도 더 크고 더 멋지게 돌아왔습니다! 팀, 트랙, 튜닝 및 전략에 몰입하여 진정한 Beasts of the Strip™챔피언이 되기 위한 궁극의 퀘스트에서 운전대를 잡아보세요.",2,,
B0329,A32,Hardspace: Shipbreaker / Hacknet / The Case of the Golden Idol / 방 탈출 시뮬레이터 / shapez 2 - Factory,"시뮬레이션 / 인디, 시뮬레이션 / 어드벤처, 인디 / 어드벤처, 캐주얼, 인디, 시뮬레이션 / 캐주얼, 인디, 시뮬레이션, 전략","[Hardspace: Shipbreaker] Equipped with cutting-edge salvaging tech, carve & slice spaceships to recover valuable materials. Upgrade your gear to take on more lucrative contracts and pay your billion credit ‖ [Hacknet] Hacknet은 터미널 기반의 몰입형 해킹 시뮬레이터입니다. 최근에 사망한, 그러나 언론 보도와는 달리 사고로 사망하지 않은 해커의 지시에 따라 진실을 추척하십시오. ‖ [The Case of the Golden Idol] A new kind of detective game that allows you to think and investigate freely. Discover clues surrounding 12 strange and gruesome deaths and build your own theory. Pick your suspect ‖ [방 탈출 시뮬레이터] Escape Simulator는 단독 또는 온라인 협동 플레이가 가능한 1인칭 퍼즐 게임입니다. 점점 더 많아지는, 고도의 상호 작용이 가능한 방탈출 세트를 탐험하세요. 가구를 옮기고, 모든 것을 집어 들고 검사하고, 냄비를 부수고 자물쇠를 부수세요! 레벨 편집기를 통해 커뮤니티가 만든 방을 지원합니다. ‖ [shapez 2 - Factory] 공장 건설 게임에 빠져들어 보세요. 단 한 가지에 집중하세요. 대규모 우주 공장을 건설하는 것! 방대하게 펼쳐지는 다층 공장과 만족스러운 생산 라인을 무제한으로 설계하세요. 계속해서 어려워지는 자동화 목표를 적의 위협 없이 자신만의 속도로 달성하세요.",Factory Engineer,"인디, 시뮬레이션, 전략","Factory Engineer is a factory simulation game which is about creating a huge automated factory by building production lines to create products and make money. Start with simple products,make money,unlock technologies then create the most sophisticated products.",3,,
B0330,A33,Garry's Mod / Team Fortress 2 / Left 4 Dead 2,"캐주얼, 인디, 시뮬레이션 / 액션, 무료 플레이 / 액션","[Garry's Mod] Garry's Mod is a physics sandbox. There aren't any predefined aims or goals. We give you the tools and leave you to play. ‖ [Team Fortress 2] 다양한 전술적 능력과 뚜렷한 개성을 갖춘 9가지 병과의 캐릭터를 플레이하세요. 끊임없이 업데이트되는 새로운 게임 모드, 맵, 장비 그리고 가장 중요한 모자까지 지금 바로 즐겨보세요! ‖ [Left 4 Dead 2] Set in the zombie apocalypse, Left 4 Dead 2 is a co-operative action horror FPS takes you and your friends through the cities, swamps and cemeteries of the Deep South, from Savanna",얼티밋 좀비 디펜스 2,"액션, 어드벤처, 캐주얼, 인디, 전략","4 플레이어 코옵, 좀비 학살, 기지 건설, 보스 배틀 난투극! 얼티밋 좀비 디펜스 2 의 함정과 방어막으로 감염자들의 웨이브를 물리치고 기지를 업그레이드하세요!",3,,
B0331,A30,Stardew Valley / Slime Rancher / Raft,"인디, RPG, 시뮬레이션 / 액션, 어드벤처, 인디, 시뮬레이션 / 어드벤처, 인디, 시뮬레이션","[Stardew Valley] You've inherited your grandfather's old farm plot in Stardew Valley. Armed with hand-me-down tools and a few coins, you set out to begin your new life. Can you learn to live off th ‖ [Slime Rancher] 슬라임 랜쳐는 젊고 용감한 랜쳐, 베아트릭스 르뷰가 지구에서 1,000광년 떨어진 '머나먼 평야'에서 슬라임들과 씨름하며 생계를 꾸려나가는 이야기입니다. 긍정적인 마인드와 강인한 의지로 베아트릭스는 진공팩을 사용하여 끊임없이 말랑말랑하게 굴러나오는 슬라임들을 피하며 이름을 알리고, 부자가 되려 합니다. ‖ [Raft] Raft™ throws you and your friends into an epic oceanic adventure! Alone or together, players battle to survive a perilous voyage across a vast sea! Gather debris, scavenge reefs an",Beyond Contact,"액션, 어드벤처, 인디","A fiercely formidable sci-fi survival game, set on a hostile alien world that wants you dead! Alone, or with a crew, do you have what it takes to survive?",1,GENRE_ONLY,
B0332,A23,Vomitoreum / Tales of Kenzera™: ZAU / Shantae: Half-Genie Hero,"액션, 어드벤처, 인디 / 액션, 어드벤처, 인디 / 액션, 어드벤처, 인디","[Vomitoreum] Vomitoreum is an FPS Metroidvania with a focus on atmosphere and horror, inspired by the paintings of Zdzisław Beksiński. ‖ [Tales of Kenzera™: ZAU] 샤먼의 춤을 추세요. 아버지의 영혼을 되찾으세요. Surgent Studios가 제작한 메트로이드바니아 스타일의 어드벤처 게임 Tales of Kenzera™: ZAU에서 죽음의 신과 함께 아름답고 위험한 켄제라의 땅으로 용감하게 모험을 떠나세요. ‖ [Shantae: Half-Genie Hero] Shantae embarks on her first full HD adventure! When a mysterious crime wave sweeps Sequin Land, it’s up to Half-Genie Hero Shantae to save the day! Use Shantae’s devastating Hair-",MIO: Memories in Orbit,"액션, 어드벤처, 인디","이 매혹적인 메트로배니아에서 안드로이드 MIO가 되어 제멋대로인 기계가 가득한 거대한 최첨단 방주인 Vessel을 탐험하세요. Vessel의 비밀을 밝혀내고, MIO의 능력을 강화하고, 우주선과 주민을 망각으로부터 구하세요.",3,,
B0333,A29,Salt and Sanctuary,"액션, 인디, RPG","[Salt and Sanctuary] 두렵고도 잔혹한 섬의 탐험을 시작합니다… Salt and Sanctuary는 신속하고, 잔인하며, 복잡한 전투 시스템을 지닌 2D RPG입니다. 저주받은 도시의 잊힌 영역이나, 피에 물든 던전이나, 오염된 기념비와 같은 장소를 돌아다니며, 한때 축복을 받았지만 지금은 타락하고 만 영주들을 조우하세요.",Salt and Sacrifice,"액션, RPG","강력하고 비틀린 힘을 지닌 마법사가 횡행하는 땅에서 표식을 받은 사형수 인퀴지터가 사냥을 시작합니다. 인퀴지터로서의 의무는 있겠지만, 그대는 선택할 수 있습니다.",3,,
B0334,A26,RimWorld / Oxygen Not Included / Unpacking 언패킹,"인디, 시뮬레이션, 전략 / 인디, 시뮬레이션 / 캐주얼, 인디, 시뮬레이션","[RimWorld] 지능형 AI 이야기꾼이 주도하는 공상과학 정착지 시뮬레이터입니다. 심리, 생태, 총격전과 근접전, 날씨, 기후, 외교, 사람 사이의 관계, 예술, 의학, 무역, 그 외 많은 것들을 시뮬레이션하여 이야기를 생성합니다. ‖ [Oxygen Not Included] Oxygen Not Included는 우주 콜로니 시뮬레이션 게임입니다. 외계의 우주 암석 깊은 곳에서 근면한 일꾼들은 생존하고 나아가 번영하기 위해 과학을 마스터하고, 낯선 새로운 생명체에 맞서며, 경이로운 우주 테크놀로지를 활용해야 합니다. ‖ [Unpacking 언패킹] Unpacking은 상자에서 짐을 꺼내 새집에 맞게 배치하는 친숙한 체험에 대한 명상적 퍼즐 게임입니다. 게임의 일부인 블록 맞추기 게임과 집 꾸미기를 하는 동안, 푸는 짐에 닮긴 삶의 실마리를 찾아가며 만족할 만한 생활 공간을 만들어 보세요.",The Final Earth 2,"인디, 시뮬레이션, 전략","The Final Earth 2 is a vertical sci-fi city builder. Earth is unlivable, so you decide to create a space colony. Gather resources, then build and research your way to a better future! Grow your city from an exploration ship to a huge metropolis, full of advanced technology. What will you build?",3,,
B0335,A07,Into the Breach / Monster Train / Mini Metro,"인디, RPG, 시뮬레이션, 전략 / 전략 / 인디, 시뮬레이션, 전략","[Into the Breach] 미래의 강력한 메크를 조종하여 외계 세력을 물리치세요. 이 턴제 전략 게임에서는 세계를 구하려 시도할 때마다 무작위로 새롭게 생성되는 도전이 여러분 앞에 나타납니다. ‖ [Monster Train] Monster Train is a strategic roguelike deck building game with a twist. Set on a train to hell, you’ll use tactical decision making to defend multiple vertical battlegrounds. With  ‖ [Mini Metro] 미니 메트로는 성장하는 도시를 위해 지하철 노선을 설계하는 게임입니다. 역과 역 사이에 노선을 그려서 열차 운행을 시작하세요. 새로운 역이 열리면 노선을 수정해서 노선도를 효율적으로 유지하세요. 한정된 자원을 어느 곳에 사용할 것인지 결정하세요. 도시를 얼마나 오래 유지할 수 있을까요?",Subway Builder,"인디, 시뮬레이션, 전략",『Subway Builder』는 초현실적인 대중교통 시뮬레이션 게임입니다. 현실의 제약과 비용을 다루면서 완전히 새로운 지하철 시스템을 바닥부터 건설하세요. 당신의 도시가 누려 마땅한 지하철 시스템을 만들어 보세요.,3,,
B0336,A16,The Talos Principle / Rust / Inscryption,"액션, 어드벤처, 인디 / 액션, 어드벤처, 인디, 대규모 멀티플레이어, RPG / 어드벤처, 인디, 전략","[The Talos Principle] 탈로스 법칙은 철학적 SF 소설의 전통을 따른 1인칭 퍼즐 게임입니다. 시리어스 샘을 개발한 크로팀에서 만들었으며, 톰 주버트(FTL, 더 스와퍼)와 조나스 카이라츠(바다는 모든 것을 요구한다.)가 스토리를 작성했습니다. ‖ [Rust] Rust에서의 목표는 오직 하나, 바로 살아남는 것입니다. 섬의 야생 동물, 다른 주민, 환경, 다른 생존자 모두가 여러분의 목숨을 노립니다. 하루 더 살아남을 수 있다면 수단과 방법을 가리지 마세요. ‖ [Inscryption] Inscryption은 검은 잉크로 그려진 카드를 기반으로 한 덱빌딩 로그라이크, 방탈출 퍼즐, 피가 흐르는 심리적 공포 등의 요소가 섞인 여정을 다룹니다. 카드에는 더 어두운 비밀이 새겨져 있습니다…",Dead District: Survival,"액션, 어드벤처, 인디, 대규모 멀티플레이어, 시뮬레이션","오픈 월드 생존 샌드박스. 기지 건설, 제작, 농사, 멀티플레이 지원. 위험한 섬을 탐험하고, 싸우고, 구축하고, 살아남으세요.",2,,
B0337,A20,Counter-Strike 2 / PUBG: BATTLEGROUNDS / 톰 클랜시의 레인보우식스 시즈,"액션, 무료 플레이 / 액션, 어드벤처, 대규모 멀티플레이어, 무료 플레이 / 액션, 무료 플레이","[Counter-Strike 2] Counter-Strike는 20년이 넘는 시간 동안 전 세계 수백만 명의 플레이어가 모여 수준 높은 경쟁을 펼칠 수 있는 플랫폼을 제공해 왔습니다. 그리고 이제 곧 Counter-Strike 2와 함께 새로운 CS 시대의 막이 열립니다. ‖ [PUBG: BATTLEGROUNDS] 배틀로얄 유행의 시작이자, 그 정수를 보여준 PUBG: 배틀그라운드를 지금 무료로 플레이하세요! 다양한 맵에 낙하하여 무기와 보급품을 확보하고, 점점 줄어드는 블루존 속에서 끝까지 살아남아 승리를 쟁취하세요. ‖ [톰 클랜시의 레인보우식스 시즈] 톰 클랜시의 레인보우식스 시즈는 탁월한 계획과 기술이 승부를 좌우하는 전술적인 정예 팀 기반 슈팅 게임입니다.",TRIBES 3: Rivals,"액션, 앞서 해보기","TRIBES 3: Rivals는 팀 기반 1인칭 슈팅 게임으로 제트팩, 스키, 클래스 기반 전투로 해당 장르를 한 단계 격상했습니다. 협동력, 전술, 빠른 속도가 결합된 강렬한 전투야말로 다시 태어난 세계에서 제일 빠른 본 슈팅 게임의 최대 강점입니다.",2,,
B0338,A22,Deck of Ashes / Dicefolk / Cubic Cosmos,"어드벤처, 인디, RPG, 전략 / 캐주얼, 인디, 전략 / 전략","[Deck of Ashes] 덱 오브 애쉬즈(Deck of Ashes)는 전술 카드 전투를 벌이는 어드벤처 게임입니다. 한 번에 한 캐릭터씩 안티히어로 일행을 이끌어 속죄의 여행을 떠나보세요. 저주받은 판타지 세계를 탐험하며 강력한 카드를 찾아보세요. 독특한 전투 덱을 형성하여 적들을 무찌르세요! 잿빛 저주의 세계를 제거하실 수 있겠습니까? ‖ [Dicefolk] 마법 주사위의 힘을 휘두르고 강력한 키메라 팀을 구축해보세요! 수수께끼의 악을 멈추기 위한 택티컬 덱빌딩 로그라이트 모험이 다가오고 있습니다. 키메라 소환사로서, 신화적인 짐승들을 모집하고 완벽한 팀을 만들고, 다이스포크만의 독특한 주사위 메커니즘을 활용하여 승리로 이끌어주세요. ‖ [Cubic Cosmos] Cubic Cosmos is a thrilling fast-paced roguelike card game. You have been trapped in a deadly game. One wrong move could see you reduced to a plaything of the goddess. Can you free",Cube Chaos,전략,"Cube Chaos is a complex strategy roguelike about placing units to create giant armies, factories, combos, or self replicating murder crabs, overwhelming and outsmarting your opponents. Build and adapt new strategies each run using a ludicrous variety of units, perks and more.",2,,
B0339,A33,Garry's Mod / Team Fortress 2 / Left 4 Dead 2,"캐주얼, 인디, 시뮬레이션 / 액션, 무료 플레이 / 액션","[Garry's Mod] Garry's Mod is a physics sandbox. There aren't any predefined aims or goals. We give you the tools and leave you to play. ‖ [Team Fortress 2] 다양한 전술적 능력과 뚜렷한 개성을 갖춘 9가지 병과의 캐릭터를 플레이하세요. 끊임없이 업데이트되는 새로운 게임 모드, 맵, 장비 그리고 가장 중요한 모자까지 지금 바로 즐겨보세요! ‖ [Left 4 Dead 2] Set in the zombie apocalypse, Left 4 Dead 2 is a co-operative action horror FPS takes you and your friends through the cities, swamps and cemeteries of the Deep South, from Savanna",Arcadegeddon,"액션, 어드벤처, 무료 플레이","이제 이 변화무쌍한 멀티플레이어 슈터에서 최대 3명의 친구들과 함께 플레이할 수 있습니다. 다양한 생물군계와 미니 게임을 탐험하고, 숨겨진 상자를 발견하고, 셀 수 없는 적과 보스를 처치해보세요.",2,,
B0340,A22,Deck of Ashes / Dicefolk / Cubic Cosmos,"어드벤처, 인디, RPG, 전략 / 캐주얼, 인디, 전략 / 전략","[Deck of Ashes] 덱 오브 애쉬즈(Deck of Ashes)는 전술 카드 전투를 벌이는 어드벤처 게임입니다. 한 번에 한 캐릭터씩 안티히어로 일행을 이끌어 속죄의 여행을 떠나보세요. 저주받은 판타지 세계를 탐험하며 강력한 카드를 찾아보세요. 독특한 전투 덱을 형성하여 적들을 무찌르세요! 잿빛 저주의 세계를 제거하실 수 있겠습니까? ‖ [Dicefolk] 마법 주사위의 힘을 휘두르고 강력한 키메라 팀을 구축해보세요! 수수께끼의 악을 멈추기 위한 택티컬 덱빌딩 로그라이트 모험이 다가오고 있습니다. 키메라 소환사로서, 신화적인 짐승들을 모집하고 완벽한 팀을 만들고, 다이스포크만의 독특한 주사위 메커니즘을 활용하여 승리로 이끌어주세요. ‖ [Cubic Cosmos] Cubic Cosmos is a thrilling fast-paced roguelike card game. You have been trapped in a deadly game. One wrong move could see you reduced to a plaything of the goddess. Can you free",Relapse,전략,"이 게임은 3D 덱빌딩 로그라이크 게임입니다! 240가지 이상의 능력들을 모으며 레벨업 시키고, 마법을 부여하고 100가지가 넘는 장신구들과 조합하세요! 당신의 적들을 무찌르기 위해 위 능력들과 동반자와 함께 시너지를 일으켜 끝없는 조합들을 만드세요!",3,,
B0341,A19,ELDEN RING / Disco Elysium - The Final Cut / Outer Wilds,"액션, RPG / RPG / 액션, 어드벤처","[ELDEN RING] 본 게임은 본격적인 다크 판타지 세계를 무대로 한 액션 RPG입니다. 드넓은 필드와 던전 탐험을 통해 미지의 것들을 발견해 보세요. 앞길을 막아서는 난관과 그것을 극복했을 때의 달성감, 그리고 등장인물들의 의도가 교착하는 군상극도 즐기실 수 있습니다. ‖ [Disco Elysium - The Final Cut] 디스코 엘리시움 - 최종판은 획기적인 오픈 월드 롤플레잉 게임입니다. 당신은 독특한 스킬 시스템을 갖춘 형사로서 오롯한 도시 블록을 당신의 미래를 닦기 위해 다듬을 수 있습니다. 잊지 못할 등장인물들을 심문하거나, 살인 사건을 해결하거나, 뇌물을 받으세요. 영웅이 되거나 인류의 완전한 재앙이 되세요. ‖ [Outer Wilds] Giant Bomb, Polygon, Eurogamer, The Guardian에 의해 2019년 올해의 게임에 이름을 올리며 냉정한 호평과 수상 실적이 있는 Outer Wilds는 무한 시간 루프에 갇힌 태양계에 관한 공개된 세계의 미스터리 게임입니다.",Coridden,"액션, 어드벤처, 인디, RPG",액션으로 가득한 RPG에서 야수가 되어 승리하세요! 인간과 야수 형태를 모두 업그레이드하며 언제든 변신하세요. 홀로 모험하거나 협동 모드로 함께 떠나 전설적인 도시 안에 봉인된 어두운 비밀을 밝혀내세요.,1,GENRE_ONLY,
B0342,A24,Valheim / Grounded / My Time at Portia,"액션, 어드벤처, 인디, RPG, 앞서 해보기 / 액션, 어드벤처 / 어드벤처, 캐주얼, 인디, RPG, 시뮬레이션","[Valheim] 북구 신화와 바이킹 문화에 기반한 판타지 세계를 배경으로 펼쳐지는 생존 및 탐험 게임. ‖ [Grounded] The world is a vast, beautiful and dangerous place – especially when you have been shrunk to the size of an ant. Can you thrive alongside the hordes of giant insects, fighting to s ‖ [My Time at Portia] 아름다운 Portia 마을에서 새 삶을 시작하세요! 아버지가 방치한 작업장에서 제작을 부탁받고, 작물을 키우고, 가축을 기르고, 아름다운 세기말의 땅에서 특이한 친구들을 사귀며 작업장을 예전의 멋진 모습으로 복원하세요.",Whisper of the Swallows,"액션, 어드벤처, 인디, RPG, 앞서 해보기","Brave a savage, unforgiving procedurally generated world where extreme weather and the nightmares of the dark will hunt you down. Alone or in co-op, survive, build, and explore to turn a cursed hellscape into your sanctuary of light.",2,,
B0343,A14,Iron Brigade / Ancient Planet Tower Defense / Creeper World IXE,"액션, 전략 / 캐주얼, 인디, 전략 / 액션, 캐주얼, 인디, 시뮬레이션, 전략","[Iron Brigade] Join The Mobile Trench Brigade and protect humanity from the evil Monovision menace! ‖ [Ancient Planet Tower Defense] 고대 행성 타워 디펜스는 정통 타워 디펜스 게임입니다. 고대 문명의 요새가 외계 침략자들로부터 침략당했습니다. 고대의 강력한 기술을 사용하여 적군의 공격을 물리치십시오! ‖ [Creeper World IXE] The unstoppable alien force known as The Creeper has returned, devouring thousands of worlds in its path, and yours is next. Battle against the Creeper fluid in a groundbreaking pi",Worms Ultimate Mayhem,전략,Load your weapons and experience a whole new dimension in destructive turn-based cartoon action!,1,MODE_MISMATCH,
B0344,A21,DARK SOULS™ III / The Witcher 3: Wild Hunt / The Elder Scrolls V: Skyrim Special Edition,액션 / RPG / RPG,"[DARK SOULS™ III] 장르를 새로 개척했다는 평가를 들으며 많은 좋은 평가들을 얻고 있는 다크 소울 시리즈는 계속해서 한계를 넘어서, 더욱 야심찬 단계에 도전하고자 하고 있습니다. 준비를 하고 어둠을 밝히십시오! ‖ [The Witcher 3: Wild Hunt] 리비아의 게롤트가 되어 의뢰를 받고 괴물을 사냥하세요. 전쟁의 상처가 가득하고 괴물이 들끓는 대륙을 마음껏 탐험해 보세요. 지금 가장 중요한 일은 대륙의 판도를 뒤바꿀 수도 있는 살아 있는 무기이자 예언의 아이, 시리를 추적하는 것입니다. ‖ [The Elder Scrolls V: Skyrim Special Edition] 200회 이상 올해의 게임에 선정된 The Elder Scrolls V: Skyrim Special Edition이 놀라운 디테일로 판타지에 생명을 불어넣었습니다. Special Edition에는 비평가들의 극찬을 받은 게임 및 새로운 기능이 포함된 애드온이 들어 있습니다.",Talisman: Digital 5th Edition,"어드벤처, RPG, 전략","The definitive, most customisable version of Talisman, ever. Discover a world where every journey is a fresh experience in the ultimate digital sandbox for this iconic fantasy adventure board game. This is your Talisman, your rules.",1,MODE_MISMATCH,
B0345,A08,Sid Meier’s Civilization® VI / XCOM® 2 / Stellaris,"전략 / 전략 / 시뮬레이션, 전략","[Sid Meier’s Civilization® VI] 문명 VI 에서는 새로운 방식으로 세상과 소통하고, 제국의 영토를 확장시키며, 문화를 발전시키고, 역사속 위대한 지도자들에 맞서 오래도록 지속될 나만의 문명을 건설해볼 수 있습니다. 클레오파트라를 비롯한 20명의 역사 속 지도자들 중 한명으로 플레이 해보세요. ‖ [XCOM® 2] XCOM 2는 수상 경력이 있는 전략 게임 XCOM: Enemy Unknown의 속편입니다. 인류가 외계인 침략군에게 항복한 지 20년, 이제 지구 상에는 새로운 세계 질서가 존재합니다. 수년간을 어둠 속에서 숨어 있었던 XCOM 부대는 반드시 일어나 외계인의 지배를 무너뜨릴 것입니다. ‖ [Stellaris] 항성간 여행을 통해 우주를 탐험하며 수많은 종족들도 만나보세요. 과학선을 보내 우주를 조사하고 탐험하면서 은하 제국을 건설하고, 건축선을 보내 새로 발견한 행성에 기지를 건설하세요. 소속 사회를 위한 탐험에 나서 매장된 보물과 은하계의 경이를 발견하고, 탐험가의 한계치와 진화 범위를 설정하세요. 동맹이 체결되고, 전쟁이 ",Anomaly Collapse,"인디, 전략","Command a squad of adorably fierce warriors in Anomaly Collapse, a turn-based Roguelite strategy game that offers a fresh twist to an old formula! Face off against otherworldly beings and uncover the dark secrets of supernatural calamities. Immerse yourself in a story where every move counts!",2,,
B0346,A10,A Short Hike / ISLANDERS / Gorogoa,"어드벤처, 인디 / 캐주얼, 인디, 전략 / 어드벤처, 캐주얼, 인디","[A Short Hike] Hike, climb, and soar through the peaceful mountainside landscapes of Hawk Peak Provincial Park as you make your way to the summit. ‖ [ISLANDERS] ISLANDERS is a minimalist strategy game about building cities on colorful islands. ‖ [Gorogoa] Gorogoa(고로고아)는 Jason Roberts가 디자인하고 일러스트레이션을 손으로 그린 아름다운 차세대 퍼즐 게임입니다.",Biomisland,"캐주얼, 인디, 전략",BIOmISLAND is a relaxing minimalist nature builder game. Visit randomly generated islands and restore nature at your own pace using diverse plants at your disposal.,3,,
B0347,A10,A Short Hike / ISLANDERS / Gorogoa,"어드벤처, 인디 / 캐주얼, 인디, 전략 / 어드벤처, 캐주얼, 인디","[A Short Hike] Hike, climb, and soar through the peaceful mountainside landscapes of Hawk Peak Provincial Park as you make your way to the summit. ‖ [ISLANDERS] ISLANDERS is a minimalist strategy game about building cities on colorful islands. ‖ [Gorogoa] Gorogoa(고로고아)는 Jason Roberts가 디자인하고 일러스트레이션을 손으로 그린 아름다운 차세대 퍼즐 게임입니다.",INMOST,"어드벤처, 인디","영화 같은 퍼즐 플랫폼 게임에서 다른 세계의 미궁 깊은 곳으로부터 탈출하세요. 세 명의 캐릭터와 함께 스산하면서도 아름다운 픽셀아트 세계를 탐험하며, 모든 것이 하나로 연결되는 암울한 이야기를 직접 체험해 보세요...",2,,
B0348,A16,The Talos Principle / Rust / Inscryption,"액션, 어드벤처, 인디 / 액션, 어드벤처, 인디, 대규모 멀티플레이어, RPG / 어드벤처, 인디, 전략","[The Talos Principle] 탈로스 법칙은 철학적 SF 소설의 전통을 따른 1인칭 퍼즐 게임입니다. 시리어스 샘을 개발한 크로팀에서 만들었으며, 톰 주버트(FTL, 더 스와퍼)와 조나스 카이라츠(바다는 모든 것을 요구한다.)가 스토리를 작성했습니다. ‖ [Rust] Rust에서의 목표는 오직 하나, 바로 살아남는 것입니다. 섬의 야생 동물, 다른 주민, 환경, 다른 생존자 모두가 여러분의 목숨을 노립니다. 하루 더 살아남을 수 있다면 수단과 방법을 가리지 마세요. ‖ [Inscryption] Inscryption은 검은 잉크로 그려진 카드를 기반으로 한 덱빌딩 로그라이크, 방탈출 퍼즐, 피가 흐르는 심리적 공포 등의 요소가 섞인 여정을 다룹니다. 카드에는 더 어두운 비밀이 새겨져 있습니다…",Truberbrook / Trüberbrook,"어드벤처, 인디",1960년대 독일 배경의 SF »트뤼버브룩«은 스릴 넘치는 미스터리 SF 어드벤처 게임입니다. 1960년대 평행 우주에서 모험이 가득한 휴가를 떠나보세요! 게임 배경을 손으로 직접 제작한 SF 미스터리 어드벤처 게임입니다.,2,,
B0349,A17,Lethal Company / Phasmophobia / Deep Rock Galactic,"액션, 어드벤처, 인디, 앞서 해보기 / 액션, 인디, 앞서 해보기 / 액션","[Lethal Company] A co-op horror about scavenging at abandoned moons to sell scrap to the Company. ‖ [Phasmophobia] Phasmophobia is a 4 player online co-op psychological horror. Paranormal activity is on the rise and it’s up to you and your team to use all the ghost-hunting equipment at your dis ‖ [Deep Rock Galactic] 딥 락 갤럭틱은 1-4인의 플레이어가 협동하는 FPS 게임으로, 상남자 우주 드워프, 100% 파괴 가능한 맵 환경, 절차적 생성 동굴 지형, 그리고 끊임없이 등장하는 외계 괴물 무리가 특징입니다.",Folklore Hunter,"액션, 인디","You’re a world-renowned hunter of supernatural beasts. Track down urban legends from all over the world, set traps, solve disturbing puzzles, and defeat the beasts before you succumb to their otherworldly presence.",3,,
B0350,A08,Sid Meier’s Civilization® VI / XCOM® 2 / Stellaris,"전략 / 전략 / 시뮬레이션, 전략","[Sid Meier’s Civilization® VI] 문명 VI 에서는 새로운 방식으로 세상과 소통하고, 제국의 영토를 확장시키며, 문화를 발전시키고, 역사속 위대한 지도자들에 맞서 오래도록 지속될 나만의 문명을 건설해볼 수 있습니다. 클레오파트라를 비롯한 20명의 역사 속 지도자들 중 한명으로 플레이 해보세요. ‖ [XCOM® 2] XCOM 2는 수상 경력이 있는 전략 게임 XCOM: Enemy Unknown의 속편입니다. 인류가 외계인 침략군에게 항복한 지 20년, 이제 지구 상에는 새로운 세계 질서가 존재합니다. 수년간을 어둠 속에서 숨어 있었던 XCOM 부대는 반드시 일어나 외계인의 지배를 무너뜨릴 것입니다. ‖ [Stellaris] 항성간 여행을 통해 우주를 탐험하며 수많은 종족들도 만나보세요. 과학선을 보내 우주를 조사하고 탐험하면서 은하 제국을 건설하고, 건축선을 보내 새로 발견한 행성에 기지를 건설하세요. 소속 사회를 위한 탐험에 나서 매장된 보물과 은하계의 경이를 발견하고, 탐험가의 한계치와 진화 범위를 설정하세요. 동맹이 체결되고, 전쟁이 ",Wasteland 2: Director's Cut,"어드벤처, 인디, RPG, 전략","From the producer of the original Fallout comes Wasteland 2. With over 80 hours of gameplay, deck out your Ranger squad with devastating weaponry, test the limits of your strategy skills, and bring justice to the Wasteland! The choices are yours…but so are the consequences.",3,,
B0351,A12,Baldur's Gate 3 / Mount & Blade II: Bannerlord / Kenshi,"어드벤처, RPG, 전략 / 액션, 인디, RPG, 시뮬레이션, 전략 / 액션, 인디, RPG, 시뮬레이션, 전략","[Baldur's Gate 3] Baldur’s Gate 3 is a story-rich, party-based RPG set in the universe of Dungeons & Dragons, where your choices shape a tale of fellowship and betrayal, survival and sacrifice, and  ‖ [Mount & Blade II: Bannerlord] 본 게임은 전략/액션 RPG입니다. 캐릭터를 생성하고, 외교에 참여하고, 제작, 거래를 하고, 방대한 중세풍의 샌드박스에서 새로운 땅을 정복하십시오. 군대를 일으켜 전쟁에 뛰어들고, 깊이가 있으나 직관적인 실력 기반의 전투 시스템을 채용한 대규모 실시간 전투에서 자신의 부대에 명령을 내리고 함께 싸우십시오. ‖ [Kenshi] 자유롭게 돌아다니는 분대 기반의 RPG. 스토리를 따라가는 대신 제한 없는 샌드박스식 게임플레이에 중점을 두었습니다. 무역상, 도둑, 반란군, 전쟁 군주, 모험가, 농부, 노예 등 다양한 삶을 체험할 수 있습니다. 운이 나쁘면 식인종의 먹잇감으로 전락할지도 모르죠. 새로운 장비를 연구하거나 제작해 보세요.",The End of History,"인디, RPG, 시뮬레이션, 앞서 해보기","A medieval sandbox. Serve a king, rule your own fief, or raise a claimant to the throne. Marry, scheme, rebel, claim a crown, or just watch. Every NPC in this world lives by the same rules you do, driving it toward collapse. Stopping it is your task; the higher you rise, the more ways you have.",3,,
B0352,A09,Roots of Yggdrasil / Ancient Gods / Flick Shot Rogues,"인디, 전략 / RPG, 전략 / 인디, 전략","[Roots of Yggdrasil] Build settlements, explore the Nine Realms, collect artifacts and upgrade your deck to reach the top of Yggdrasil in this post-Ragnarok roguelike city-builder! Can you survive the  ‖ [Ancient Gods] Ancient Gods is a fusion of hero collector and deck-building rogue-lite where you collect your character, fight, and experience exciting events. Any character can use all the cards ‖ [Flick Shot Rogues] 계획하고, 조준하고, 쏘세요! FLICK SHOT ROGUES는 테이블 위에서 물건을 튕기는 촉각적 만족감과 사람들이 좋아하는 턴제 로그라이크의 전략적 깊이를 결합한 게임입니다. 말도 안되는 콤보를 연결하고, 캐릭터, 아이템, 스킬을 잠금 해제하면서, 섬을 정복하세요!",Peglin,"캐주얼, 인디, RPG, 전략",페글린은 파칭코 로그라이크 게임입니다. 특별한 오브를 모으고 페그를 터뜨려 데미지를 딜하면서 적을 쓰러뜨려 보세요. 게임을 완전히 바꿔놓을 수 있는 특별한 유물들을 모으시고 매번 다른 런을 경험해 보세요. 조준을 잘 해서 이 독특한 턴베이스 RPG에서 살아남아 보세요!,3,,
B0353,A28,Dordogne / A YEAR OF SPRINGS / Botany Manor,"어드벤처, 인디 / 캐주얼, 인디, 시뮬레이션 / 어드벤처","[Dordogne] 이 유년 시절의 여정에서 특별한 내러티브에 몰입하며 도르도뉴의 수천 가지 여름의 색을 탐험하고, 추억을 떠올리며 가족의 비밀을 밝히세요. ‖ [A YEAR OF SPRINGS] 세 명의 여성, 세 개의 이야기, 세 개의 봄. 세 명의 친구들이 사랑, 공감, 그리고 단지 함께하고 싶어하는 감정에 대한 방향을 찾아나가는 3 부작 비주얼 노벨 A YEAR OF SPRINGS 에서 하루, 에리카, 마나미의 이야기를 체험하세요. ‖ [Botany Manor] Welcome to Botany Manor, a stately home in 19th century England. You play as inhabitant Arabella Greene, a retired botanist. Explore your house and gardens, filled with research, t",Dinosaur Fossil Hunter,"액션, 어드벤처, 인디, 시뮬레이션",진정한 고생물학자가 되어 여러 환경을 탐험하고 공룡 화석을 찾으세요. 이 거대한 생물체의 잔해를 발굴하고 연구하여 진화에 대해 알아보세요. 당신만의 박물관을 건설하고 실감있는 배경 스토리를 경험해 보세요.,1,IRRELEVANT,
B0354,A16,The Talos Principle / Rust / Inscryption,"액션, 어드벤처, 인디 / 액션, 어드벤처, 인디, 대규모 멀티플레이어, RPG / 어드벤처, 인디, 전략","[The Talos Principle] 탈로스 법칙은 철학적 SF 소설의 전통을 따른 1인칭 퍼즐 게임입니다. 시리어스 샘을 개발한 크로팀에서 만들었으며, 톰 주버트(FTL, 더 스와퍼)와 조나스 카이라츠(바다는 모든 것을 요구한다.)가 스토리를 작성했습니다. ‖ [Rust] Rust에서의 목표는 오직 하나, 바로 살아남는 것입니다. 섬의 야생 동물, 다른 주민, 환경, 다른 생존자 모두가 여러분의 목숨을 노립니다. 하루 더 살아남을 수 있다면 수단과 방법을 가리지 마세요. ‖ [Inscryption] Inscryption은 검은 잉크로 그려진 카드를 기반으로 한 덱빌딩 로그라이크, 방탈출 퍼즐, 피가 흐르는 심리적 공포 등의 요소가 섞인 여정을 다룹니다. 카드에는 더 어두운 비밀이 새겨져 있습니다…",Au Revoir,어드벤처,"2071년, 트리스탄이 되어 퍼즐을 풀고 인간의 의식을 회수하세요. 주변 환경을 조사하고, 숨겨진 비밀을 밝혀내며, 결말에 영향을 주는 선택을 하세요. 90년대에서 영감을 받은 로우 폴리 미학의 네온 느와르 세계를 탐험해 보세요.",3,,
B0355,A09,Roots of Yggdrasil / Ancient Gods / Flick Shot Rogues,"인디, 전략 / RPG, 전략 / 인디, 전략","[Roots of Yggdrasil] Build settlements, explore the Nine Realms, collect artifacts and upgrade your deck to reach the top of Yggdrasil in this post-Ragnarok roguelike city-builder! Can you survive the  ‖ [Ancient Gods] Ancient Gods is a fusion of hero collector and deck-building rogue-lite where you collect your character, fight, and experience exciting events. Any character can use all the cards ‖ [Flick Shot Rogues] 계획하고, 조준하고, 쏘세요! FLICK SHOT ROGUES는 테이블 위에서 물건을 튕기는 촉각적 만족감과 사람들이 좋아하는 턴제 로그라이크의 전략적 깊이를 결합한 게임입니다. 말도 안되는 콤보를 연결하고, 캐릭터, 아이템, 스킬을 잠금 해제하면서, 섬을 정복하세요!",Rogue 'n' Roll: Dice of Fate,"액션, 캐주얼, 인디, RPG, 전략",모든 주사위 굴림이 운명을 결정하는 어두운 로그라이크. 강력한 시너지를 만들고 유물을 모아 가혹한 턴제 전투에서 살아남으세요.,3,,
B0356,A12,Baldur's Gate 3 / Mount & Blade II: Bannerlord / Kenshi,"어드벤처, RPG, 전략 / 액션, 인디, RPG, 시뮬레이션, 전략 / 액션, 인디, RPG, 시뮬레이션, 전략","[Baldur's Gate 3] Baldur’s Gate 3 is a story-rich, party-based RPG set in the universe of Dungeons & Dragons, where your choices shape a tale of fellowship and betrayal, survival and sacrifice, and  ‖ [Mount & Blade II: Bannerlord] 본 게임은 전략/액션 RPG입니다. 캐릭터를 생성하고, 외교에 참여하고, 제작, 거래를 하고, 방대한 중세풍의 샌드박스에서 새로운 땅을 정복하십시오. 군대를 일으켜 전쟁에 뛰어들고, 깊이가 있으나 직관적인 실력 기반의 전투 시스템을 채용한 대규모 실시간 전투에서 자신의 부대에 명령을 내리고 함께 싸우십시오. ‖ [Kenshi] 자유롭게 돌아다니는 분대 기반의 RPG. 스토리를 따라가는 대신 제한 없는 샌드박스식 게임플레이에 중점을 두었습니다. 무역상, 도둑, 반란군, 전쟁 군주, 모험가, 농부, 노예 등 다양한 삶을 체험할 수 있습니다. 운이 나쁘면 식인종의 먹잇감으로 전락할지도 모르죠. 새로운 장비를 연구하거나 제작해 보세요.",Valorborn,"액션, 어드벤처, 인디, RPG, 전략, 앞서 해보기","Dive into a living medieval fantasy sandbox RPG where the world moves with or without you and factions rise and fall. Become a thief, hunter, or sellsword, survive alone or with a party, and shape your story in a fully enterable world where every building, cave, and road hides opportunity or danger.",3,,
B0357,A18,Euro Truck Simulator 2 / BeamNG.drive / 아세토 코르사 Assetto Corsa,"인디, 시뮬레이션 / 레이싱, 시뮬레이션, 앞서 해보기 / 인디, 레이싱, 시뮬레이션, 스포츠","[Euro Truck Simulator 2] 도로의 왕이 되어 인상적인 거리를 가로질러 중요한 화물을 배달하는 트럭 운전사가 되어 유럽을 여행하세요! 탐험할 도시가 수십 개나 되므로, 당신의 인내심, 기술, 속도가 모두 한계에 도달할 것입니다. ‖ [BeamNG.drive] 뭐든지 할 수 있는 동적 소프트 보디 물리 시뮬레이터입니다. ‖ [아세토 코르사 Assetto Corsa] 아세토 코르사(Assetto Corsa) v1.16은 새로운 레이저 스캔 트랙 ""라구나 세카(Laguna Seca)"" 및 기다리던 Alfa Romeo Giulia Quadrifoglio를 포함한 7개의 신차를 소개합니다! 체인지로그에서 더 자세한 내용을 확인하세요!",Sayonara Wild Hearts,"액션, 캐주얼","Sayonara Wild Hearts는 200mph의 속도로 전개되는 오토바이 질주, 스케이트보딩, 댄스 배틀, 레이저 발사, 검술, 하트의 격파를 전부 즐길 수 있는 꿈결 같은 아케이드 게임입니다.",1,GENRE_ONLY,
B0358,A35,Project Zomboid / Don't Starve / The Forest,"인디, RPG, 시뮬레이션, 앞서 해보기 / 어드벤처, 인디, 시뮬레이션 / 액션, 어드벤처, 인디, 시뮬레이션","[Project Zomboid] Project Zomboid is the ultimate in zombie survival. Alone or in MP: you loot, build, craft, fight, farm and fish in a struggle to survive. A hardcore RPG skillset, a vast map, mass ‖ [Don't Starve] Don’t Starve is an uncompromising wilderness survival game full of science and magic. Enter a strange and unexplored world full of strange creatures, dangers, and surprises. Gather ‖ [The Forest] As the lone survivor of a passenger jet crash, you find yourself in a mysterious forest battling to stay alive against a society of cannibalistic mutants. Build, explore, survive i",Feel The Snow,"액션, 어드벤처, 인디, 대규모 멀티플레이어, RPG, 시뮬레이션","Choose one of the characters and start your journey. The game has many interesting things in store: building, crafting, puzzles, bosses, mystery, laughs, quests etc.",2,,
B0359,A02,Still Life / Jenny LeClue - Detectivu / Telling Lies,"어드벤처 / 액션, 어드벤처, 캐주얼, 인디 / 어드벤처, 인디, 시뮬레이션",[Still Life] Still Life 2 also now available! ‖ [Jenny LeClue - Detectivu] Jenny LeClue - Detectivu는 조사와 선택지로 가득한 스릴 넘치는 미스터리 어드벤처 게임입니다. ‖ [Telling Lies] 네 명의 삶. 그리고 하나의 큰 거짓말. 아무도 모르게 녹화된 은밀한 대화를 들으며 진실을 알아내십시오. 큰 호평을 받았던 Her Story의 계승작입니다.,SIMULACRA 2,"인디, 시뮬레이션","사망한 인플루언서. 사건을 파고드는 탐정. 세 명의 용의자. 비평가들의 극찬을 받은 시뮬라크라의 후속작에서 희생자의 휴대폰 메시지, 동영상, 소셜 미디어를 통해 진실의 조각을 찾아 보세요.",3,,
B0360,A26,RimWorld / Oxygen Not Included / Unpacking 언패킹,"인디, 시뮬레이션, 전략 / 인디, 시뮬레이션 / 캐주얼, 인디, 시뮬레이션","[RimWorld] 지능형 AI 이야기꾼이 주도하는 공상과학 정착지 시뮬레이터입니다. 심리, 생태, 총격전과 근접전, 날씨, 기후, 외교, 사람 사이의 관계, 예술, 의학, 무역, 그 외 많은 것들을 시뮬레이션하여 이야기를 생성합니다. ‖ [Oxygen Not Included] Oxygen Not Included는 우주 콜로니 시뮬레이션 게임입니다. 외계의 우주 암석 깊은 곳에서 근면한 일꾼들은 생존하고 나아가 번영하기 위해 과학을 마스터하고, 낯선 새로운 생명체에 맞서며, 경이로운 우주 테크놀로지를 활용해야 합니다. ‖ [Unpacking 언패킹] Unpacking은 상자에서 짐을 꺼내 새집에 맞게 배치하는 친숙한 체험에 대한 명상적 퍼즐 게임입니다. 게임의 일부인 블록 맞추기 게임과 집 꾸미기를 하는 동안, 푸는 짐에 닮긴 삶의 실마리를 찾아가며 만족할 만한 생활 공간을 만들어 보세요.",AI Society,시뮬레이션,"Build your society powered by AI characters. Give your townsfolk unique personalities, hobbies, and traits; then watch them work, argue, form friendships, fight on their own, and more. Complete dungeons & play mini-games with your characters to win artifacts. Runs 100% locally on your machine.",3,,
B0361,A13,Death's Door / Children of Morta / Roboquest / Spelunky 2 / Nuclear Throne / Streets of Rogue / Neon Abyss / Curse of the Dead Gods / Rogue Legacy 2 / Have a Nice Death,"액션, 어드벤처, 인디, RPG / 액션, 어드벤처, 인디, RPG / 액션, 인디 / 액션, 인디 / 액션, 인디, RPG / 액션, 어드벤처, 인디, RPG / 액션, 어드벤처, 인디, RPG / 액션, 어드벤처 / 액션, 어드벤처, 인디, RPG / 액션, 인디","[Death's Door] 죽은 자의 영혼을 수확하고 시간을 끝내는 것은 단조로울 수 있지만 까마귀에겐 평범한 일입니다. 하지만 주어진 영혼을 도둑맞게 되면 변화가 일어납니다. 영혼을 도난하고 죽음의 손길이 닿지 않는 영역으로 도망친 절망적인 도둑을 추적하십시오. ‖ [Children of Morta] Children of Morta는 비범한 가족 영웅에 대한 스토리 중심의 액션 RPG 게임입니다. 다가오는 부패에 맞서 모든 결함과 미덕을 갖춘 베르그송 가를 이끄세요. 여러분은 여러분이 아끼는 사람들을 구하기 위해 모든 것을 희생할 수 있으신가요? ‖ [Roboquest] 로보퀘스트는 멸망한 미래 세계의 빠른 FPS 로그라이트입니다. 당신은 재부팅된 수호자로, 강철 궁둥짝을 걷어 찰 준비를 하세요! 혼자서 혹은 친구와 함께 맞서거나 끊임없이 변화하는 환경에서 치명적인 로봇 군단을 섬멸하세요. ‖ [Spelunky 2] Spelunky 2 builds upon the unique, randomized challenges that made the original a roguelike classic, offering a huge adventure designed to satisfy players old and new. Meet the nex ‖ [Nuclear Throne] Nuclear Throne은 포스트 아포칼립스 세계관의 로그라이크 스타일 탑다운 슈터입니다. 여기서 말하는 포스트 아포칼립스는 '인류의 마지막 희망'이 남아 있는 세계가 아니라, '인류는 멸종했고 이제 돌연변이와 괴물들이 세상을 돌아다니는' 그런 세계입니다. 과연 당신은 뉴클리어 쓰론에 도달할 수 있을까요? ‖ [Streets of Rogue] 싸워서 몰래 들어가 임의 생성된 도시를 공격하세요. Nuclear Throne은 무법천지 GTA와 Deus Ex가 혼합된 형태입니다. Rogue-lite가 몰입도 높은 캐릭터를 만나 너무 재미있습니다. ‖ [Neon Abyss] Neon Abyss는 고속의 로그라이크 액션 플랫포머로, 하데스가 만든 '그림 스쿼드'의 일원이 되어 어비스로 총을 들고 뛰어드는 런 앤 건 게임입니다. 무한한 아이템 시너지와 던전 진화 시스템으로, 매번 게임을 할 때마다 다른 경험과 새로운 도전이 등장합니다. 진짜 지옥을 보여주세요! ‖ [Curse of the Dead Gods] 엄청난 부, 영원한 생명, 신성한 힘을 탐하는 마음이 당신을 끝없는 지옥 속의 미로, 치명적인 함정 및 몬스터가 우글거리는 이 저주받은 사원으로 이끌었습니다. ‖ [Rogue Legacy 2] 로그 레거시 2는 로그 레거시에 후속편을 끼얹은 작품입니다. 당신이 죽을 때마다 자식이 가업을 이어받습니다. 딸은 색맹 궁수이고 아들은 평화주의자 요리사일 수도 있죠. 어쨌거나 둘 중 한 명은 전장으로 나가야 합니다. ‖ [Have a Nice Death] Have a Nice Death는 과로에 고생하는 데스가 되어 플레이하는 2D 액션 로그라이크로, 통제 불능인 직원들 때문에 영혼의 균형과 데스의 휴가 계획이 틀어지고 말았습니다. 질서를 회복하려면 대낫을 들고 직원들과 서열 정리를 해야 합니다.",Earl vs. the Mutants,"액션, 어드벤처, RPG","Earl vs. the Mutants는 포스트 아포칼립스 스타일의 현란한 탑다운 방식 슈팅 게임으로, 플레이어는 돌연변이의 파도로부터 인류를 구하는 임무를 수행해야 합니다!",2,,
B0362,A02,Still Life / Jenny LeClue - Detectivu / Telling Lies,"어드벤처 / 액션, 어드벤처, 캐주얼, 인디 / 어드벤처, 인디, 시뮬레이션",[Still Life] Still Life 2 also now available! ‖ [Jenny LeClue - Detectivu] Jenny LeClue - Detectivu는 조사와 선택지로 가득한 스릴 넘치는 미스터리 어드벤처 게임입니다. ‖ [Telling Lies] 네 명의 삶. 그리고 하나의 큰 거짓말. 아무도 모르게 녹화된 은밀한 대화를 들으며 진실을 알아내십시오. 큰 호평을 받았던 Her Story의 계승작입니다.,CARIMARA: Beneath the forlorn limbs,"어드벤처, 캐주얼, 인디","외래의 마법을 품은 말 없는 작은 이여. 집은 되려 속삭여온다. 물음을 그르치면, 그대의 이름을 기억하는 이가 깨어날지니.",1,GENRE_ONLY,
B0363,A35,Project Zomboid / Don't Starve / The Forest,"인디, RPG, 시뮬레이션, 앞서 해보기 / 어드벤처, 인디, 시뮬레이션 / 액션, 어드벤처, 인디, 시뮬레이션","[Project Zomboid] Project Zomboid is the ultimate in zombie survival. Alone or in MP: you loot, build, craft, fight, farm and fish in a struggle to survive. A hardcore RPG skillset, a vast map, mass ‖ [Don't Starve] Don’t Starve is an uncompromising wilderness survival game full of science and magic. Enter a strange and unexplored world full of strange creatures, dangers, and surprises. Gather ‖ [The Forest] As the lone survivor of a passenger jet crash, you find yourself in a mysterious forest battling to stay alive against a society of cannibalistic mutants. Build, explore, survive i",Crea,"액션, 어드벤처, 인디, RPG","Progress with every slain monster, learn over 80 skills through talents, craft hundreds of items, and explore vast procedurally-generated worlds in this ever-expanding sandbox RPG!",2,,
B0364,A14,Iron Brigade / Ancient Planet Tower Defense / Creeper World IXE,"액션, 전략 / 캐주얼, 인디, 전략 / 액션, 캐주얼, 인디, 시뮬레이션, 전략","[Iron Brigade] Join The Mobile Trench Brigade and protect humanity from the evil Monovision menace! ‖ [Ancient Planet Tower Defense] 고대 행성 타워 디펜스는 정통 타워 디펜스 게임입니다. 고대 문명의 요새가 외계 침략자들로부터 침략당했습니다. 고대의 강력한 기술을 사용하여 적군의 공격을 물리치십시오! ‖ [Creeper World IXE] The unstoppable alien force known as The Creeper has returned, devouring thousands of worlds in its path, and yours is next. Battle against the Creeper fluid in a groundbreaking pi",iBomber Defense,"인디, 전략","iBomber Defense는 클래식 타워 디펜스 게임 플레이에 강렬한 액션과 전략을 함께 결합하였습니다. 끝내주는 기관총, 폭발적인 아틸러리 그리고 기막히게 좋은 고사포대를 사용하여 전세계의 다양한 무기와 전략들을 사용하는 적들로부터 만을 수비하십시오!북미를 지나 유럽, 러시아에서 연합군뿐만 아니라 추축군으로 빠른 시작과 캠페인 모드 중 선택하여 플레이 하십시오. 수비군을 배치하시고 공격 할 준비를 하십시오.iBomber Defense는 액션으로 가득 찬 시간을 보내실 수 있으며, 풍부한 전략적인 게임 플레이를 포함한 완벽한 엔터",3,,
B0365,A25,DOOMBLADE / Transiruby / Blast Brigade vs. the Evil Legion of Dr. Cread,"액션, 어드벤처, 인디 / 액션 / 액션, 어드벤처, 인디","[DOOMBLADE] Deep underground, Gloom Girl discovers DOOMBLADE, a sentient weapon hellbent on escape after eons in chains. Together, “Doom and Gloom” embark on a vengeful quest to unlock the pow ‖ [Transiruby] 차원 대륙의 의문을 풀어라! 는 사이보그 소녀 실비가 검과 엘리먼트 샷으로 적을 쓰러뜨리며 앞으로 나아가는 탐색형 액션 게임입니다! ‖ [Blast Brigade vs. the Evil Legion of Dr. Cread] 스릴 넘치는 플랫포밍과 깊이 있는 탐험 세계, 폭발적인 액션으로 가득한 2D 메트로이드배니아 어드벤처 게임을 즐겨보세요! Blast Brigade에서 영웅들로 팀을 구성해 세계를 구하세요!",The Messenger,"액션, 인디","악마의 군단이 에워싼 마을의 젊은 닌자가 일족의 생존을 위해 두루마리를 전달하는 임무를 부여받고 이 저주받은 세계를 모험합니다. 짜릿함과 놀라움, 그리고 공포로 가득 찬 시간여행 액션 플랫포머 어드벤처를 경험해보세요.",3,,
B0366,A09,Roots of Yggdrasil / Ancient Gods / Flick Shot Rogues,"인디, 전략 / RPG, 전략 / 인디, 전략","[Roots of Yggdrasil] Build settlements, explore the Nine Realms, collect artifacts and upgrade your deck to reach the top of Yggdrasil in this post-Ragnarok roguelike city-builder! Can you survive the  ‖ [Ancient Gods] Ancient Gods is a fusion of hero collector and deck-building rogue-lite where you collect your character, fight, and experience exciting events. Any character can use all the cards ‖ [Flick Shot Rogues] 계획하고, 조준하고, 쏘세요! FLICK SHOT ROGUES는 테이블 위에서 물건을 튕기는 촉각적 만족감과 사람들이 좋아하는 턴제 로그라이크의 전략적 깊이를 결합한 게임입니다. 말도 안되는 콤보를 연결하고, 캐릭터, 아이템, 스킬을 잠금 해제하면서, 섬을 정복하세요!",Towns,"인디, RPG, 시뮬레이션, 전략","The game brings a fresh new take on the city building/management genre by introducing many RPG features. In Towns you manage a settlement on top of an active dungeon. Instead of playing the hero who delves deep into the dungeon, how about playing the town that houses and caters to the hero's needs?",1,GENRE_ONLY,
B0367,A16,The Talos Principle / Rust / Inscryption,"액션, 어드벤처, 인디 / 액션, 어드벤처, 인디, 대규모 멀티플레이어, RPG / 어드벤처, 인디, 전략","[The Talos Principle] 탈로스 법칙은 철학적 SF 소설의 전통을 따른 1인칭 퍼즐 게임입니다. 시리어스 샘을 개발한 크로팀에서 만들었으며, 톰 주버트(FTL, 더 스와퍼)와 조나스 카이라츠(바다는 모든 것을 요구한다.)가 스토리를 작성했습니다. ‖ [Rust] Rust에서의 목표는 오직 하나, 바로 살아남는 것입니다. 섬의 야생 동물, 다른 주민, 환경, 다른 생존자 모두가 여러분의 목숨을 노립니다. 하루 더 살아남을 수 있다면 수단과 방법을 가리지 마세요. ‖ [Inscryption] Inscryption은 검은 잉크로 그려진 카드를 기반으로 한 덱빌딩 로그라이크, 방탈출 퍼즐, 피가 흐르는 심리적 공포 등의 요소가 섞인 여정을 다룹니다. 카드에는 더 어두운 비밀이 새겨져 있습니다…",Toren,"어드벤처, 인디","Experience the mysterious, timeless world of Toren, the first adventure game from Brazilian indie developer Swordtales. You are Moonchild, destined to climb the tower (known as Toren) on a hauntingly solitary journey to find your purpose.",1,GENRE_ONLY,
B0368,A05,Opus Magnum,"인디, 시뮬레이션","[Opus Magnum] Opus Magnum은 SpaceChem, Infinifactory, SHENZHEN I/O를 제작한 Zachtronics의 신작 퍼즐게임입니다. 연금술사들의 최첨단 도구인 변성 기관을 이용해 물약과 독을 만들어내는 기계들을 설계하고 만들어 내세요!",화성 전력 회사 디럭스,"캐주얼, 인디","스페이스 오디세이 와 솔라리스에서 영감을 얻은 미스터리 퍼즐 게임. 전기 기사의 직업은 무엇입니까? 어둠이 다스리는 곳에 빛을 가져 오십시오. 해마다, 이상한 일들이 식민지를 괴롭 힙니다. 자원을 관리하고, 도전적인 퍼즐을 풀고, 표면 아래에 무엇이 있는지 알아냅니다.",2,,
B0369,A17,Lethal Company / Phasmophobia / Deep Rock Galactic,"액션, 어드벤처, 인디, 앞서 해보기 / 액션, 인디, 앞서 해보기 / 액션","[Lethal Company] A co-op horror about scavenging at abandoned moons to sell scrap to the Company. ‖ [Phasmophobia] Phasmophobia is a 4 player online co-op psychological horror. Paranormal activity is on the rise and it’s up to you and your team to use all the ghost-hunting equipment at your dis ‖ [Deep Rock Galactic] 딥 락 갤럭틱은 1-4인의 플레이어가 협동하는 FPS 게임으로, 상남자 우주 드워프, 100% 파괴 가능한 맵 환경, 절차적 생성 동굴 지형, 그리고 끊임없이 등장하는 외계 괴물 무리가 특징입니다.",Outbreak: The New Nightmare,"액션, 어드벤처, 인디, RPG","Return to the roots of co-op survival horror as you face monstrous hordes, scrounge for supplies and attempt to survive the nightmare. You have one life. Make it count!",3,,
B0370,A19,ELDEN RING / Disco Elysium - The Final Cut / Outer Wilds,"액션, RPG / RPG / 액션, 어드벤처","[ELDEN RING] 본 게임은 본격적인 다크 판타지 세계를 무대로 한 액션 RPG입니다. 드넓은 필드와 던전 탐험을 통해 미지의 것들을 발견해 보세요. 앞길을 막아서는 난관과 그것을 극복했을 때의 달성감, 그리고 등장인물들의 의도가 교착하는 군상극도 즐기실 수 있습니다. ‖ [Disco Elysium - The Final Cut] 디스코 엘리시움 - 최종판은 획기적인 오픈 월드 롤플레잉 게임입니다. 당신은 독특한 스킬 시스템을 갖춘 형사로서 오롯한 도시 블록을 당신의 미래를 닦기 위해 다듬을 수 있습니다. 잊지 못할 등장인물들을 심문하거나, 살인 사건을 해결하거나, 뇌물을 받으세요. 영웅이 되거나 인류의 완전한 재앙이 되세요. ‖ [Outer Wilds] Giant Bomb, Polygon, Eurogamer, The Guardian에 의해 2019년 올해의 게임에 이름을 올리며 냉정한 호평과 수상 실적이 있는 Outer Wilds는 무한 시간 루프에 갇힌 태양계에 관한 공개된 세계의 미스터리 게임입니다.",Lords of the Fallen,"액션, 어드벤처, RPG",중세 시대 배경의 다크 판타지 액션 RPG인 Lords of the Fallen의 광대한 세계가 여러분을 기다리고 있습니다. 전설의 다크 크루세이더가 되어 마신 아디르를 타도하는 장대한 여정을 시작하세요. 지금 출시된 최종 버전 2.5에는 진행 상황 공유 협동 모드 및 무료 친구 패스 기능이 포함되어 있습니다.,3,,
B0371,A07,Into the Breach / Monster Train / Mini Metro,"인디, RPG, 시뮬레이션, 전략 / 전략 / 인디, 시뮬레이션, 전략","[Into the Breach] 미래의 강력한 메크를 조종하여 외계 세력을 물리치세요. 이 턴제 전략 게임에서는 세계를 구하려 시도할 때마다 무작위로 새롭게 생성되는 도전이 여러분 앞에 나타납니다. ‖ [Monster Train] Monster Train is a strategic roguelike deck building game with a twist. Set on a train to hell, you’ll use tactical decision making to defend multiple vertical battlegrounds. With  ‖ [Mini Metro] 미니 메트로는 성장하는 도시를 위해 지하철 노선을 설계하는 게임입니다. 역과 역 사이에 노선을 그려서 열차 운행을 시작하세요. 새로운 역이 열리면 노선을 수정해서 노선도를 효율적으로 유지하세요. 한정된 자원을 어느 곳에 사용할 것인지 결정하세요. 도시를 얼마나 오래 유지할 수 있을까요?",Simple Trains,"인디, 시뮬레이션, 전략, 앞서 해보기",Simple Trains is a transit simulation game where you build efficient railroad networks and manage trains and routes. Streamline complex passenger flow utilizing eight unique upgrades!,3,,
B0372,A22,Deck of Ashes / Dicefolk / Cubic Cosmos,"어드벤처, 인디, RPG, 전략 / 캐주얼, 인디, 전략 / 전략","[Deck of Ashes] 덱 오브 애쉬즈(Deck of Ashes)는 전술 카드 전투를 벌이는 어드벤처 게임입니다. 한 번에 한 캐릭터씩 안티히어로 일행을 이끌어 속죄의 여행을 떠나보세요. 저주받은 판타지 세계를 탐험하며 강력한 카드를 찾아보세요. 독특한 전투 덱을 형성하여 적들을 무찌르세요! 잿빛 저주의 세계를 제거하실 수 있겠습니까? ‖ [Dicefolk] 마법 주사위의 힘을 휘두르고 강력한 키메라 팀을 구축해보세요! 수수께끼의 악을 멈추기 위한 택티컬 덱빌딩 로그라이트 모험이 다가오고 있습니다. 키메라 소환사로서, 신화적인 짐승들을 모집하고 완벽한 팀을 만들고, 다이스포크만의 독특한 주사위 메커니즘을 활용하여 승리로 이끌어주세요. ‖ [Cubic Cosmos] Cubic Cosmos is a thrilling fast-paced roguelike card game. You have been trapped in a deadly game. One wrong move could see you reduced to a plaything of the goddess. Can you free",Beneath Oresa,"인디, RPG, 전략","전투 로그라이크 덱 빌딩 Beneath Oresa. 적들과 마주하기 위해 도시의 깊숙한 곳으로 내려가세요. 전략가로서 카드, 업그레이드, 아티팩트를 현명하게 선택하세요. 투사로서는 적들의 위치를 여러분의 이점으로 삼으세요.",3,,
B0373,A04,Hollow Knight / Dead Cells / Celeste,"액션, 어드벤처, 인디 / 액션, 어드벤처, 인디 / 액션, 어드벤처, 인디","[Hollow Knight] 할로우 나이트에서 자신만의 길을 구축하세요! 크게 파괴된 곤충과 영웅의 왕국을 통한 서사 액션 어드벤처입니다. 손으로 그린 클래식 2D 스타일로 구불구불한 동굴을 탐험하고 오염된 생물과 싸우고 이상한 곤충들과 친구가 되어 보세요. ‖ [Dead Cells] 데드 셀(Dead Cells)는 메트로배니아에서 영감을 받은 로그라이트 액션 플랫포머 게임입니다. 2D 소울 라이트 전투에서 성을 지키는 수호자들을 물리치고 끊임없이 변화하는 거대한 성을 탐험하게 됩니다. 세이브 포인트는 없습니다. 죽이고, 죽고, 배우고, 반복하세요. ‖ [Celeste] 타워폴(TowerFall) 시리즈의 개발자들이 만든 이 초밀착형 플랫폼 게임을 플레이하고, 매들린이 셀레스트 산 정상으로 향하는 여정에서 내면의 악마에게서 살아남을 수 있게 도와주세요. 한땀 한땀 손수 제작한 수백 가지의 도전 과제에 맞서고, 사악한 비밀을 밝혀내고, 산에 숨겨진 수수께끼를 풀어보세요.",Infinitevania,"액션, 어드벤처, 인디","다양한 세계를 탐험하고, 적들과 도전적인 보스를 물리쳐 Infinitevania의 핵을 파괴할 힘을 찾아보세요.",3,,
B0374,A31,Hearts of Iron IV / Europa Universalis IV / Sid Meier's Civilization® V,"시뮬레이션, 전략 / 시뮬레이션, 전략 / 전략","[Hearts of Iron IV] Victory is at your fingertips! Your ability to lead your nation is your supreme weapon, the strategy game Hearts of Iron IV lets you take command of any nation in World War II; the ‖ [Europa Universalis IV] 비교할 수 없는 자유도, 깊이 있는 스토리, 정확한 역사적 고증을 즐기며 국토를 다스리고 세계를 정복하세요. 세계 역사를 새롭게 쓰며 시대를 풍미할 제국을 만드세요. ‖ [Sid Meier's Civilization® V] Create, discover, and download new player-created maps, scenarios, interfaces, and more!",Paladin's Oath,"RPG, 전략","Complex Strategy Fantasy card game RPG inspired by board games like Mage Knight or Gloomhaven. Combines elements of RPG, light deck-building, puzzle and strategy. Absolutely no micro-transactions, virtual currencies or any of that, ever. Text to speech support for visually impaired on Windows",2,,
B0375,A18,Euro Truck Simulator 2 / BeamNG.drive / 아세토 코르사 Assetto Corsa,"인디, 시뮬레이션 / 레이싱, 시뮬레이션, 앞서 해보기 / 인디, 레이싱, 시뮬레이션, 스포츠","[Euro Truck Simulator 2] 도로의 왕이 되어 인상적인 거리를 가로질러 중요한 화물을 배달하는 트럭 운전사가 되어 유럽을 여행하세요! 탐험할 도시가 수십 개나 되므로, 당신의 인내심, 기술, 속도가 모두 한계에 도달할 것입니다. ‖ [BeamNG.drive] 뭐든지 할 수 있는 동적 소프트 보디 물리 시뮬레이터입니다. ‖ [아세토 코르사 Assetto Corsa] 아세토 코르사(Assetto Corsa) v1.16은 새로운 레이저 스캔 트랙 ""라구나 세카(Laguna Seca)"" 및 기다리던 Alfa Romeo Giulia Quadrifoglio를 포함한 7개의 신차를 소개합니다! 체인지로그에서 더 자세한 내용을 확인하세요!",Fernbus Simulator,"캐주얼, 시뮬레이션","The world of coach drivers awaits you! Drive along motorways and country roads to the bus stations in over 40 cities in Germany. Thanks to the cooperation with FlixBus and true-to-the-original MAN buses, you will experience the game world in a realistic way.",3,,
B0376,A15,서브노티카 / The Long Dark / No Man's Sky,"어드벤처, 인디 / 어드벤처, 인디, 시뮬레이션, 전략 / 액션, 어드벤처","[서브노티카] 위험과 경이로움이 가득한 외계의 바다 속으로 내려가세요. 장비를 제작하고, 잠수함을 조종하며 야생 생물보다 앞서가세요. 우거진 산호초, 화산, 동굴 같은 많은 장소들을 탐험하세요. 물론 살아남는 걸 잊으면 안 되겠죠. ‖ [The Long Dark] The Long Dark는 깊은 생각을 요구하는 탐험 생존 게임입니다. 플레이어는 지구 자기장 이상으로 인한 대재앙이 휩쓸고 간 세상에서 혼자 드넓은 설원 황무지를 탐험하며 살아남아야 합니다. 좀비는 등장하지 않으며 오직 플레이어와 추위, 그리고 자연 속의 위험들만 존재합니다. 고요한 종말의 세상에 오신 것을 환영합니다. ‖ [No Man's Sky] No Man's Sky는 무한히 펼쳐지는 우주에서의 탐험과 생존을 그린 SF 게임입니다.",The Land of Pain,"어드벤처, 인디","숲에서 이상한 것이 나타난다. 어둡고 미지의 장소에서 길을 잃은 채, 무자비한 적을 피해 살아남고 퍼즐을 풀며 이 땅을 뒤덮은 고대의 비밀을 밝혀내는 러브크래프트식 코스믹 호러 어드벤처.",2,,
B0377,A07,Into the Breach / Monster Train / Mini Metro,"인디, RPG, 시뮬레이션, 전략 / 전략 / 인디, 시뮬레이션, 전략","[Into the Breach] 미래의 강력한 메크를 조종하여 외계 세력을 물리치세요. 이 턴제 전략 게임에서는 세계를 구하려 시도할 때마다 무작위로 새롭게 생성되는 도전이 여러분 앞에 나타납니다. ‖ [Monster Train] Monster Train is a strategic roguelike deck building game with a twist. Set on a train to hell, you’ll use tactical decision making to defend multiple vertical battlegrounds. With  ‖ [Mini Metro] 미니 메트로는 성장하는 도시를 위해 지하철 노선을 설계하는 게임입니다. 역과 역 사이에 노선을 그려서 열차 운행을 시작하세요. 새로운 역이 열리면 노선을 수정해서 노선도를 효율적으로 유지하세요. 한정된 자원을 어느 곳에 사용할 것인지 결정하세요. 도시를 얼마나 오래 유지할 수 있을까요?",Interstellar Space: Genesis,"인디, 전략","Interstellar Space: Genesis is a turn-based space 4X strategy game in which you attempt to build a thriving galactic empire. Discover mysteries among the stars, colonize worlds, and engage enemies in tactical turn-based combat on your journey to becoming the ruler of the galaxy!",2,,
B0378,A15,서브노티카 / The Long Dark / No Man's Sky,"어드벤처, 인디 / 어드벤처, 인디, 시뮬레이션, 전략 / 액션, 어드벤처","[서브노티카] 위험과 경이로움이 가득한 외계의 바다 속으로 내려가세요. 장비를 제작하고, 잠수함을 조종하며 야생 생물보다 앞서가세요. 우거진 산호초, 화산, 동굴 같은 많은 장소들을 탐험하세요. 물론 살아남는 걸 잊으면 안 되겠죠. ‖ [The Long Dark] The Long Dark는 깊은 생각을 요구하는 탐험 생존 게임입니다. 플레이어는 지구 자기장 이상으로 인한 대재앙이 휩쓸고 간 세상에서 혼자 드넓은 설원 황무지를 탐험하며 살아남아야 합니다. 좀비는 등장하지 않으며 오직 플레이어와 추위, 그리고 자연 속의 위험들만 존재합니다. 고요한 종말의 세상에 오신 것을 환영합니다. ‖ [No Man's Sky] No Man's Sky는 무한히 펼쳐지는 우주에서의 탐험과 생존을 그린 SF 게임입니다.",Subterrain,인디,"Uncompromising Sci-Fi survival on Mars! Manage the entire colony single-handed! Craft, Research, Explore and Fight against evolving mutants. Vast open world and randomly generated levels to explore! Can you survive long enough to escape the horror?",3,,
B0379,A05,Opus Magnum,"인디, 시뮬레이션","[Opus Magnum] Opus Magnum은 SpaceChem, Infinifactory, SHENZHEN I/O를 제작한 Zachtronics의 신작 퍼즐게임입니다. 연금술사들의 최첨단 도구인 변성 기관을 이용해 물약과 독을 만들어내는 기계들을 설계하고 만들어 내세요!",Plasma,"인디, 시뮬레이션, 무료 플레이",Plasma is a pure engineering sandbox. Use advanced visual programming and robotics tools to create anything you can imagine.,3,,
B0380,A27,The Raven Remastered / The Frostrune / Mad Experiments: Escape Room,"어드벤처 / 어드벤처 / 어드벤처, 캐주얼, 인디, 시뮬레이션, 전략","[The Raven Remastered] London, 1964. An ancient ruby is stolen from the British Museum. At the crime scene: a raven feather. Is somebody trying to follow in the footsteps of The Raven, the legendary mast ‖ [The Frostrune] Unravel a mystery inspired by Viking myth and legend in The Frostrune, a classic point-and-click adventure based on historically accurate Norse culture and environments. ‖ [Mad Experiments: Escape Room] 수상 후보에 오른 이스케이프 게임 1인 또는 최대 5인까지 플레이하며 3개의 독특한 방을 탐험하고, 두뇌를 자극하는 퍼즐을 풀며 체셔 교수와 그의 실험에 얽힌 어두운 비밀을 밝혀보세요.",Viking: Battle for Asgard,"액션, 어드벤처","A fierce struggle is taking place within Asgard, the realm of the Norse Gods.",0,IRRELEVANT,
B0381,A28,Dordogne / A YEAR OF SPRINGS / Botany Manor,"어드벤처, 인디 / 캐주얼, 인디, 시뮬레이션 / 어드벤처","[Dordogne] 이 유년 시절의 여정에서 특별한 내러티브에 몰입하며 도르도뉴의 수천 가지 여름의 색을 탐험하고, 추억을 떠올리며 가족의 비밀을 밝히세요. ‖ [A YEAR OF SPRINGS] 세 명의 여성, 세 개의 이야기, 세 개의 봄. 세 명의 친구들이 사랑, 공감, 그리고 단지 함께하고 싶어하는 감정에 대한 방향을 찾아나가는 3 부작 비주얼 노벨 A YEAR OF SPRINGS 에서 하루, 에리카, 마나미의 이야기를 체험하세요. ‖ [Botany Manor] Welcome to Botany Manor, a stately home in 19th century England. You play as inhabitant Arabella Greene, a retired botanist. Explore your house and gardens, filled with research, t",Out and About,"캐주얼, 인디, 시뮬레이션, 앞서 해보기","A cozy foraging adventure for anyone who loves the outdoors or wishes they knew it better. Every plant is real: learn to identify 100+ wild plants and fungi and cook 200+ real recipes, while helping a storm-struck town find its feet again.",3,,
B0382,A14,Iron Brigade / Ancient Planet Tower Defense / Creeper World IXE,"액션, 전략 / 캐주얼, 인디, 전략 / 액션, 캐주얼, 인디, 시뮬레이션, 전략","[Iron Brigade] Join The Mobile Trench Brigade and protect humanity from the evil Monovision menace! ‖ [Ancient Planet Tower Defense] 고대 행성 타워 디펜스는 정통 타워 디펜스 게임입니다. 고대 문명의 요새가 외계 침략자들로부터 침략당했습니다. 고대의 강력한 기술을 사용하여 적군의 공격을 물리치십시오! ‖ [Creeper World IXE] The unstoppable alien force known as The Creeper has returned, devouring thousands of worlds in its path, and yours is next. Battle against the Creeper fluid in a groundbreaking pi",Beware Planet Earth,"캐주얼, 인디, 전략","Beware Planet Earth!은 PC Steam으로 처음 출시되는 묘한 매력이 있는 클래식 타워 디펜스/시간 관리 게임입니다. 타워, 함정 등의 물체를 건설해 효과적인 방어망을 구축하거나 직접 재퍼를 발사해 지구를 침공한 화성인에게서 소를 구하세요!",3,,
B0383,A30,Stardew Valley / Slime Rancher / Raft,"인디, RPG, 시뮬레이션 / 액션, 어드벤처, 인디, 시뮬레이션 / 어드벤처, 인디, 시뮬레이션","[Stardew Valley] You've inherited your grandfather's old farm plot in Stardew Valley. Armed with hand-me-down tools and a few coins, you set out to begin your new life. Can you learn to live off th ‖ [Slime Rancher] 슬라임 랜쳐는 젊고 용감한 랜쳐, 베아트릭스 르뷰가 지구에서 1,000광년 떨어진 '머나먼 평야'에서 슬라임들과 씨름하며 생계를 꾸려나가는 이야기입니다. 긍정적인 마인드와 강인한 의지로 베아트릭스는 진공팩을 사용하여 끊임없이 말랑말랑하게 굴러나오는 슬라임들을 피하며 이름을 알리고, 부자가 되려 합니다. ‖ [Raft] Raft™ throws you and your friends into an epic oceanic adventure! Alone or together, players battle to survive a perilous voyage across a vast sea! Gather debris, scavenge reefs an",Farmer's Life,"캐주얼, 인디, 시뮬레이션","🌾내면에 있는 농부를 풀어보세요. 🚜 활기 넘치는 농장에서의 삶의 기쁨과 도전을 경험할 수 있는 ""농부의 삶""에서 농촌 생활의 소박한 매력에 빠져보세요. 광활한 오픈 월드에 사는 나라를 심고, 키우고, 포용하세요. 다양한 메커니즘과 끝없는 가능성 중에서 선택하세요.",2,,
B0384,A09,Roots of Yggdrasil / Ancient Gods / Flick Shot Rogues,"인디, 전략 / RPG, 전략 / 인디, 전략","[Roots of Yggdrasil] Build settlements, explore the Nine Realms, collect artifacts and upgrade your deck to reach the top of Yggdrasil in this post-Ragnarok roguelike city-builder! Can you survive the  ‖ [Ancient Gods] Ancient Gods is a fusion of hero collector and deck-building rogue-lite where you collect your character, fight, and experience exciting events. Any character can use all the cards ‖ [Flick Shot Rogues] 계획하고, 조준하고, 쏘세요! FLICK SHOT ROGUES는 테이블 위에서 물건을 튕기는 촉각적 만족감과 사람들이 좋아하는 턴제 로그라이크의 전략적 깊이를 결합한 게임입니다. 말도 안되는 콤보를 연결하고, 캐릭터, 아이템, 스킬을 잠금 해제하면서, 섬을 정복하세요!",As We Descend: 심연 속으로,"인디, RPG, 전략, 앞서 해보기",전략성이 풍부한 로그 라이크 덱빌딩 게임. 병력을 모아 강화하고 카드 배틀을 통해 괴물들과 싸우세요. 위험이 도사리는 도시를 신중히 탐색하세요. 모든 역경에 맞서 인류의 등불을 짊어질 준비는 되셨습니까?,3,,
B0385,A15,서브노티카 / The Long Dark / No Man's Sky,"어드벤처, 인디 / 어드벤처, 인디, 시뮬레이션, 전략 / 액션, 어드벤처","[서브노티카] 위험과 경이로움이 가득한 외계의 바다 속으로 내려가세요. 장비를 제작하고, 잠수함을 조종하며 야생 생물보다 앞서가세요. 우거진 산호초, 화산, 동굴 같은 많은 장소들을 탐험하세요. 물론 살아남는 걸 잊으면 안 되겠죠. ‖ [The Long Dark] The Long Dark는 깊은 생각을 요구하는 탐험 생존 게임입니다. 플레이어는 지구 자기장 이상으로 인한 대재앙이 휩쓸고 간 세상에서 혼자 드넓은 설원 황무지를 탐험하며 살아남아야 합니다. 좀비는 등장하지 않으며 오직 플레이어와 추위, 그리고 자연 속의 위험들만 존재합니다. 고요한 종말의 세상에 오신 것을 환영합니다. ‖ [No Man's Sky] No Man's Sky는 무한히 펼쳐지는 우주에서의 탐험과 생존을 그린 SF 게임입니다.",Survival: Fountain of Youth,"액션, 어드벤처, 인디, 시뮬레이션",Survival: Fountain of Youth는 카리브해의 섬을 배경으로 펼쳐지는 짜릿한 1인 오픈 월드 어드벤처 게임입니다. 이제 여러분은 난파된 후 고립된 16세기 탐험가가 되어 생존해야 합니다. 그렇게 도구를 제작하고 피난처를 지어나가며 고대 문명과 자신의 운명에 얽힌 비밀을 밝혀내세요.,3,,
B0386,A10,A Short Hike / ISLANDERS / Gorogoa,"어드벤처, 인디 / 캐주얼, 인디, 전략 / 어드벤처, 캐주얼, 인디","[A Short Hike] Hike, climb, and soar through the peaceful mountainside landscapes of Hawk Peak Provincial Park as you make your way to the summit. ‖ [ISLANDERS] ISLANDERS is a minimalist strategy game about building cities on colorful islands. ‖ [Gorogoa] Gorogoa(고로고아)는 Jason Roberts가 디자인하고 일러스트레이션을 손으로 그린 아름다운 차세대 퍼즐 게임입니다.",URBO,"캐주얼, 인디",URBO는 떠 있는 섬 위에 아름다운 마을을 건설하는 편안하고 아늑한 도시 건설 퍼즐 게임입니다. 빈 격자 무늬 풍경으로 시작하여 건축 양식을 선택하고 건설하세요. 인구가 증가하고 도시가 번성하는 모습을 지켜보세요.,3,,
B0387,A33,Garry's Mod / Team Fortress 2 / Left 4 Dead 2,"캐주얼, 인디, 시뮬레이션 / 액션, 무료 플레이 / 액션","[Garry's Mod] Garry's Mod is a physics sandbox. There aren't any predefined aims or goals. We give you the tools and leave you to play. ‖ [Team Fortress 2] 다양한 전술적 능력과 뚜렷한 개성을 갖춘 9가지 병과의 캐릭터를 플레이하세요. 끊임없이 업데이트되는 새로운 게임 모드, 맵, 장비 그리고 가장 중요한 모자까지 지금 바로 즐겨보세요! ‖ [Left 4 Dead 2] Set in the zombie apocalypse, Left 4 Dead 2 is a co-operative action horror FPS takes you and your friends through the cities, swamps and cemeteries of the Deep South, from Savanna",Yet Another Zombie Defense,"액션, 캐주얼, 인디, 전략","Darkness is coming. How long can YOU survive? Build your base by day, defend it by night. Play in online or local co-op. Stay alive as long as you can.",3,,
B0388,A09,Roots of Yggdrasil / Ancient Gods / Flick Shot Rogues,"인디, 전략 / RPG, 전략 / 인디, 전략","[Roots of Yggdrasil] Build settlements, explore the Nine Realms, collect artifacts and upgrade your deck to reach the top of Yggdrasil in this post-Ragnarok roguelike city-builder! Can you survive the  ‖ [Ancient Gods] Ancient Gods is a fusion of hero collector and deck-building rogue-lite where you collect your character, fight, and experience exciting events. Any character can use all the cards ‖ [Flick Shot Rogues] 계획하고, 조준하고, 쏘세요! FLICK SHOT ROGUES는 테이블 위에서 물건을 튕기는 촉각적 만족감과 사람들이 좋아하는 턴제 로그라이크의 전략적 깊이를 결합한 게임입니다. 말도 안되는 콤보를 연결하고, 캐릭터, 아이템, 스킬을 잠금 해제하면서, 섬을 정복하세요!",Deepest Chamber: Resurrection,"인디, RPG, 전략","Delve into the depths of Deepest Chamber: Resurrection, where card boosting is your key to survival. Employ this unique mechanic to augment your abilities, strategize your next moves and endure a series of increasingly perilous descents in this gripping rogue-lite, card-battling adventure!",3,,
B0389,A29,Salt and Sanctuary,"액션, 인디, RPG","[Salt and Sanctuary] 두렵고도 잔혹한 섬의 탐험을 시작합니다… Salt and Sanctuary는 신속하고, 잔인하며, 복잡한 전투 시스템을 지닌 2D RPG입니다. 저주받은 도시의 잊힌 영역이나, 피에 물든 던전이나, 오염된 기념비와 같은 장소를 돌아다니며, 한때 축복을 받았지만 지금은 타락하고 만 영주들을 조우하세요.",Trinity Fusion,"액션, 인디, RPG","세 개의 갈라진 현실. 붕괴하는 멀티버스. 어두운 SF 세계를 배경으로 한 빠르고 부드러운 전투를 경험하세요. 매번 다른 우주에서 시작해 평행한 자신과 능력, 세계를 융합하며 잔혹하고 끊임없이 진화하는 빌드를 만들어갑니다.",3,,
B0390,A34,Pid / ChromaGun / Deer & Boy,"어드벤처, 인디 / 액션, 어드벤처, 인디 / 액션, 어드벤처, 인디","[Pid] You are stranded on a strange and peculiar planet. It’s time to embark on your journey and find your way home! Explore a gravity defying and challenging platformer with striking vi ‖ [ChromaGun] Welcome to ChromaTec’s test lab! You’re here to test our state-of-the-art military-grade color-technology: The ChromaGun (patent pending)! Use it to solve our meticulously designed ‖ [Deer & Boy] 도망친 소년은 길 잃은 어린 사슴을 만나 고요하면서도 위태로운 세상을 함께 헤쳐 나갑니다. 퍼즐을 풀고, 높은 곳에 오르고, 위협을 피해 나아가며 당신의 동료는 연약한 아기 사슴에서 어엿한 사슴으로 성장하죠. 혼자서는 할 수 없었던 일을 함께 해내는 법을 배우게 됩니다.",INMOST,"어드벤처, 인디","영화 같은 퍼즐 플랫폼 게임에서 다른 세계의 미궁 깊은 곳으로부터 탈출하세요. 세 명의 캐릭터와 함께 스산하면서도 아름다운 픽셀아트 세계를 탐험하며, 모든 것이 하나로 연결되는 암울한 이야기를 직접 체험해 보세요...",3,,
B0391,A04,Hollow Knight / Dead Cells / Celeste,"액션, 어드벤처, 인디 / 액션, 어드벤처, 인디 / 액션, 어드벤처, 인디","[Hollow Knight] 할로우 나이트에서 자신만의 길을 구축하세요! 크게 파괴된 곤충과 영웅의 왕국을 통한 서사 액션 어드벤처입니다. 손으로 그린 클래식 2D 스타일로 구불구불한 동굴을 탐험하고 오염된 생물과 싸우고 이상한 곤충들과 친구가 되어 보세요. ‖ [Dead Cells] 데드 셀(Dead Cells)는 메트로배니아에서 영감을 받은 로그라이트 액션 플랫포머 게임입니다. 2D 소울 라이트 전투에서 성을 지키는 수호자들을 물리치고 끊임없이 변화하는 거대한 성을 탐험하게 됩니다. 세이브 포인트는 없습니다. 죽이고, 죽고, 배우고, 반복하세요. ‖ [Celeste] 타워폴(TowerFall) 시리즈의 개발자들이 만든 이 초밀착형 플랫폼 게임을 플레이하고, 매들린이 셀레스트 산 정상으로 향하는 여정에서 내면의 악마에게서 살아남을 수 있게 도와주세요. 한땀 한땀 손수 제작한 수백 가지의 도전 과제에 맞서고, 사악한 비밀을 밝혀내고, 산에 숨겨진 수수께끼를 풀어보세요.",Aeterna Noctis,"액션, 어드벤처, 인디","도전 의식을 북돋우는 수공예 2D 메트로이드바니아 게임으로, 치열한 전투 및 기술을 요하는 플랫폼 부분으로 이루어졌습니다. 독창적이고 서사적인 이야기에서 16가지 연결 구역을 거치며 King of Darkness가 힘을 되찾게 도와주어야 합니다. 16개의 연결된 지역의 엄청난 여정 속 암흑의 제왕이 되어보세요.",3,,
B0392,A14,Iron Brigade / Ancient Planet Tower Defense / Creeper World IXE,"액션, 전략 / 캐주얼, 인디, 전략 / 액션, 캐주얼, 인디, 시뮬레이션, 전략","[Iron Brigade] Join The Mobile Trench Brigade and protect humanity from the evil Monovision menace! ‖ [Ancient Planet Tower Defense] 고대 행성 타워 디펜스는 정통 타워 디펜스 게임입니다. 고대 문명의 요새가 외계 침략자들로부터 침략당했습니다. 고대의 강력한 기술을 사용하여 적군의 공격을 물리치십시오! ‖ [Creeper World IXE] The unstoppable alien force known as The Creeper has returned, devouring thousands of worlds in its path, and yours is next. Battle against the Creeper fluid in a groundbreaking pi",Dungeon Defenders II,"액션, 인디, RPG, 전략, 무료 플레이","Dungeon Defenders II is a cooperative Action Tower Defense game packed with roleplaying elements like loot, leveling, and pets.",3,,
B0393,A21,DARK SOULS™ III / The Witcher 3: Wild Hunt / The Elder Scrolls V: Skyrim Special Edition,액션 / RPG / RPG,"[DARK SOULS™ III] 장르를 새로 개척했다는 평가를 들으며 많은 좋은 평가들을 얻고 있는 다크 소울 시리즈는 계속해서 한계를 넘어서, 더욱 야심찬 단계에 도전하고자 하고 있습니다. 준비를 하고 어둠을 밝히십시오! ‖ [The Witcher 3: Wild Hunt] 리비아의 게롤트가 되어 의뢰를 받고 괴물을 사냥하세요. 전쟁의 상처가 가득하고 괴물이 들끓는 대륙을 마음껏 탐험해 보세요. 지금 가장 중요한 일은 대륙의 판도를 뒤바꿀 수도 있는 살아 있는 무기이자 예언의 아이, 시리를 추적하는 것입니다. ‖ [The Elder Scrolls V: Skyrim Special Edition] 200회 이상 올해의 게임에 선정된 The Elder Scrolls V: Skyrim Special Edition이 놀라운 디테일로 판타지에 생명을 불어넣었습니다. Special Edition에는 비평가들의 극찬을 받은 게임 및 새로운 기능이 포함된 애드온이 들어 있습니다.",Remnant: From the Ashes,"액션, 어드벤처, RPG","The world has been thrown into chaos by an ancient evil from another dimension. As one of the last remnants of humanity, you must set out alone or alongside up to two other survivors to face down hordes of deadly enemies to try to carve a foothold, rebuild, and retake what was lost.",3,,
B0394,A20,Counter-Strike 2 / PUBG: BATTLEGROUNDS / 톰 클랜시의 레인보우식스 시즈,"액션, 무료 플레이 / 액션, 어드벤처, 대규모 멀티플레이어, 무료 플레이 / 액션, 무료 플레이","[Counter-Strike 2] Counter-Strike는 20년이 넘는 시간 동안 전 세계 수백만 명의 플레이어가 모여 수준 높은 경쟁을 펼칠 수 있는 플랫폼을 제공해 왔습니다. 그리고 이제 곧 Counter-Strike 2와 함께 새로운 CS 시대의 막이 열립니다. ‖ [PUBG: BATTLEGROUNDS] 배틀로얄 유행의 시작이자, 그 정수를 보여준 PUBG: 배틀그라운드를 지금 무료로 플레이하세요! 다양한 맵에 낙하하여 무기와 보급품을 확보하고, 점점 줄어드는 블루존 속에서 끝까지 살아남아 승리를 쟁취하세요. ‖ [톰 클랜시의 레인보우식스 시즈] 톰 클랜시의 레인보우식스 시즈는 탁월한 계획과 기술이 승부를 좌우하는 전술적인 정예 팀 기반 슈팅 게임입니다.",Off The Grid,"액션, 대규모 멀티플레이어, 무료 플레이","Off The Grid에 오신 것을 환영합니다. 비전 있는 감독 Neill Blomkamp(District 9, Elysium)가 선보이는 차세대 무료 플레이 배틀로얄 게임입니다. 가까운 미래의 세계를 배경으로, 참가자들은 사이버네틱으로 강화되어 방송되는 혈투에 투하됩니다. 죽음은 일시적이지만, 명성은 영원합니다.",3,,
B0395,A09,Roots of Yggdrasil / Ancient Gods / Flick Shot Rogues,"인디, 전략 / RPG, 전략 / 인디, 전략","[Roots of Yggdrasil] Build settlements, explore the Nine Realms, collect artifacts and upgrade your deck to reach the top of Yggdrasil in this post-Ragnarok roguelike city-builder! Can you survive the  ‖ [Ancient Gods] Ancient Gods is a fusion of hero collector and deck-building rogue-lite where you collect your character, fight, and experience exciting events. Any character can use all the cards ‖ [Flick Shot Rogues] 계획하고, 조준하고, 쏘세요! FLICK SHOT ROGUES는 테이블 위에서 물건을 튕기는 촉각적 만족감과 사람들이 좋아하는 턴제 로그라이크의 전략적 깊이를 결합한 게임입니다. 말도 안되는 콤보를 연결하고, 캐릭터, 아이템, 스킬을 잠금 해제하면서, 섬을 정복하세요!",Nordhold,"인디, 전략",로그라이트 역학과 턴제 기반 건축 전략을 혼합한 타워 디펜스 게임에서 도시를 건설하고 방어하세요. 히어로를 선택하고 시너지 효과가 가득한 타워 업그레이드를 활용하며 절차적으로 생성된 풍경에서 장대한 전투에 맞서세요.,2,,
B0396,A33,Garry's Mod / Team Fortress 2 / Left 4 Dead 2,"캐주얼, 인디, 시뮬레이션 / 액션, 무료 플레이 / 액션","[Garry's Mod] Garry's Mod is a physics sandbox. There aren't any predefined aims or goals. We give you the tools and leave you to play. ‖ [Team Fortress 2] 다양한 전술적 능력과 뚜렷한 개성을 갖춘 9가지 병과의 캐릭터를 플레이하세요. 끊임없이 업데이트되는 새로운 게임 모드, 맵, 장비 그리고 가장 중요한 모자까지 지금 바로 즐겨보세요! ‖ [Left 4 Dead 2] Set in the zombie apocalypse, Left 4 Dead 2 is a co-operative action horror FPS takes you and your friends through the cities, swamps and cemeteries of the Deep South, from Savanna",Heroes of Valor,"액션, 캐주얼, 앞서 해보기","이것은 전쟁입니다. 병과를 고르고 장비를 갖추고 전선으로 나아가세요. 해변을 습격하든 전투기를 조종하든 전선을 사수하든 명령은 분명합니다. 열심히, 똑똑하게 싸우고 절대로 물러서지 마세요. 지금 입대하세요! 용맹한 영웅이 되어보세요!",2,,
B0397,A34,Pid / ChromaGun / Deer & Boy,"어드벤처, 인디 / 액션, 어드벤처, 인디 / 액션, 어드벤처, 인디","[Pid] You are stranded on a strange and peculiar planet. It’s time to embark on your journey and find your way home! Explore a gravity defying and challenging platformer with striking vi ‖ [ChromaGun] Welcome to ChromaTec’s test lab! You’re here to test our state-of-the-art military-grade color-technology: The ChromaGun (patent pending)! Use it to solve our meticulously designed ‖ [Deer & Boy] 도망친 소년은 길 잃은 어린 사슴을 만나 고요하면서도 위태로운 세상을 함께 헤쳐 나갑니다. 퍼즐을 풀고, 높은 곳에 오르고, 위협을 피해 나아가며 당신의 동료는 연약한 아기 사슴에서 어엿한 사슴으로 성장하죠. 혼자서는 할 수 없었던 일을 함께 해내는 법을 배우게 됩니다.",Little Guardians: The Last Hope,"어드벤처, 캐주얼, 인디","Join Liam, a boy with newfound strength, on a cinematic 3D puzzle platformer adventure. Solve unique environmental puzzles, overcome platforming challenges, and team up with two companions to uncover a mysterious story.",3,,
B0398,A12,Baldur's Gate 3 / Mount & Blade II: Bannerlord / Kenshi,"어드벤처, RPG, 전략 / 액션, 인디, RPG, 시뮬레이션, 전략 / 액션, 인디, RPG, 시뮬레이션, 전략","[Baldur's Gate 3] Baldur’s Gate 3 is a story-rich, party-based RPG set in the universe of Dungeons & Dragons, where your choices shape a tale of fellowship and betrayal, survival and sacrifice, and  ‖ [Mount & Blade II: Bannerlord] 본 게임은 전략/액션 RPG입니다. 캐릭터를 생성하고, 외교에 참여하고, 제작, 거래를 하고, 방대한 중세풍의 샌드박스에서 새로운 땅을 정복하십시오. 군대를 일으켜 전쟁에 뛰어들고, 깊이가 있으나 직관적인 실력 기반의 전투 시스템을 채용한 대규모 실시간 전투에서 자신의 부대에 명령을 내리고 함께 싸우십시오. ‖ [Kenshi] 자유롭게 돌아다니는 분대 기반의 RPG. 스토리를 따라가는 대신 제한 없는 샌드박스식 게임플레이에 중점을 두었습니다. 무역상, 도둑, 반란군, 전쟁 군주, 모험가, 농부, 노예 등 다양한 삶을 체험할 수 있습니다. 운이 나쁘면 식인종의 먹잇감으로 전락할지도 모르죠. 새로운 장비를 연구하거나 제작해 보세요.",Border Town,"액션, 어드벤처, 캐주얼, 인디, RPG, 시뮬레이션","Restore the former glory of Border Town in an open-world sandbox RPG set in a fantastical realm. Explore the world, craft tools and weapons, cultivate fields, and socialise with your neighbours while dealing with dark forces that threaten to destroy everything you have built.",2,,
B0399,A03,Balatro / Hades / Vampire Survivors,"캐주얼, 인디, 전략 / 액션, 인디, RPG / 액션, 캐주얼, 인디, RPG","[Balatro] 포커 로그라이크 게임. Balatro는 불법 포커 패로 게임을 하고, 판을 뒤엎는 조커를 발견하고, 아드레날린이 치솟는 강력한 콤보를 만드는 덱 빌딩 게임입니다. ‖ [Hades] Bastion, Transistor, Pyre의 제작사에서 선보이는 이 로그라이크 던전 탐색형 게임에서 핵 앤 슬래시로 지하 세계를 탈출하고 죽음의 신에게 도전하세요. ‖ [Vampire Survivors] 수많은 어둠의 피조물을 쓰러뜨리며 새벽이 올 때까지 생존하세요! Vampire Survivors는 로그라이트 요소를 갖춘 고딕 호러 케주얼 게임입니다. 당신의 선택으로 순식간에 수백 마리의 괴물이 눈덩이처럼 불어날 수 있죠.",Die in the Dungeon,"인디, RPG, 전략","카드가 아닌 주사위를 쓰는 덱 빌딩 턴제 기반 로그라이크 게임에서 전투를 하며 수수께끼로 가득한 던전을 탐험하세요! 보드 위에서 강력한 주사위를 조합하고, 마력이 담긴 유물로 주사위 효과를 증폭하여 적과 맞서세요. 예상치 못한 적과의 조우에서 좋은 눈이 나오기를 기대하며 운을 하늘에 맡겨보세요.",3,,
B0400,A15,서브노티카 / The Long Dark / No Man's Sky,"어드벤처, 인디 / 어드벤처, 인디, 시뮬레이션, 전략 / 액션, 어드벤처","[서브노티카] 위험과 경이로움이 가득한 외계의 바다 속으로 내려가세요. 장비를 제작하고, 잠수함을 조종하며 야생 생물보다 앞서가세요. 우거진 산호초, 화산, 동굴 같은 많은 장소들을 탐험하세요. 물론 살아남는 걸 잊으면 안 되겠죠. ‖ [The Long Dark] The Long Dark는 깊은 생각을 요구하는 탐험 생존 게임입니다. 플레이어는 지구 자기장 이상으로 인한 대재앙이 휩쓸고 간 세상에서 혼자 드넓은 설원 황무지를 탐험하며 살아남아야 합니다. 좀비는 등장하지 않으며 오직 플레이어와 추위, 그리고 자연 속의 위험들만 존재합니다. 고요한 종말의 세상에 오신 것을 환영합니다. ‖ [No Man's Sky] No Man's Sky는 무한히 펼쳐지는 우주에서의 탐험과 생존을 그린 SF 게임입니다.",Forest Doesn’t Care,"어드벤처, 인디, 시뮬레이션","자연 속 평화로운 삶을 선택하시겠습니까, 아니면 생존을 위한 싸움을 선택하시겠습니까? 사실적인 숲을 탐험하고, 살아남으며, 버려진 장소를 발견하고, 숲이 왜 당신을 떠나보내려 하지 않는지 그 비밀을 밝혀내세요.",2,,
B0401,A03,Balatro / Hades / Vampire Survivors,"캐주얼, 인디, 전략 / 액션, 인디, RPG / 액션, 캐주얼, 인디, RPG","[Balatro] 포커 로그라이크 게임. Balatro는 불법 포커 패로 게임을 하고, 판을 뒤엎는 조커를 발견하고, 아드레날린이 치솟는 강력한 콤보를 만드는 덱 빌딩 게임입니다. ‖ [Hades] Bastion, Transistor, Pyre의 제작사에서 선보이는 이 로그라이크 던전 탐색형 게임에서 핵 앤 슬래시로 지하 세계를 탈출하고 죽음의 신에게 도전하세요. ‖ [Vampire Survivors] 수많은 어둠의 피조물을 쓰러뜨리며 새벽이 올 때까지 생존하세요! Vampire Survivors는 로그라이트 요소를 갖춘 고딕 호러 케주얼 게임입니다. 당신의 선택으로 순식간에 수백 마리의 괴물이 눈덩이처럼 불어날 수 있죠.",Royal Revolt Survivors,"액션, 어드벤처, 캐주얼, 인디, RPG",1~4명이 함께 플레이할 수 있는 생존과 액션 로그라이크가 충돌하여 벌어지는 협동 게임에서 혼돈을 불러오세요! 근접전과 원거리전을 오가는 박력 넘치는 난전 속에서 다양하고 역동적인 환경을 탐색하며 끝없이 몰려오는 적을 헤치고 나아가세요.,2,,
B0402,A12,Baldur's Gate 3 / Mount & Blade II: Bannerlord / Kenshi,"어드벤처, RPG, 전략 / 액션, 인디, RPG, 시뮬레이션, 전략 / 액션, 인디, RPG, 시뮬레이션, 전략","[Baldur's Gate 3] Baldur’s Gate 3 is a story-rich, party-based RPG set in the universe of Dungeons & Dragons, where your choices shape a tale of fellowship and betrayal, survival and sacrifice, and  ‖ [Mount & Blade II: Bannerlord] 본 게임은 전략/액션 RPG입니다. 캐릭터를 생성하고, 외교에 참여하고, 제작, 거래를 하고, 방대한 중세풍의 샌드박스에서 새로운 땅을 정복하십시오. 군대를 일으켜 전쟁에 뛰어들고, 깊이가 있으나 직관적인 실력 기반의 전투 시스템을 채용한 대규모 실시간 전투에서 자신의 부대에 명령을 내리고 함께 싸우십시오. ‖ [Kenshi] 자유롭게 돌아다니는 분대 기반의 RPG. 스토리를 따라가는 대신 제한 없는 샌드박스식 게임플레이에 중점을 두었습니다. 무역상, 도둑, 반란군, 전쟁 군주, 모험가, 농부, 노예 등 다양한 삶을 체험할 수 있습니다. 운이 나쁘면 식인종의 먹잇감으로 전락할지도 모르죠. 새로운 장비를 연구하거나 제작해 보세요.",Wild Terra 2: New Lands,"액션, 인디, 대규모 멀티플레이어, RPG",MMORPG full of details that create a unique immersion and the spirit of adventure! Play your role in the life-filled medieval world controlled by players.,2,,
B0403,A23,Vomitoreum / Tales of Kenzera™: ZAU / Shantae: Half-Genie Hero,"액션, 어드벤처, 인디 / 액션, 어드벤처, 인디 / 액션, 어드벤처, 인디","[Vomitoreum] Vomitoreum is an FPS Metroidvania with a focus on atmosphere and horror, inspired by the paintings of Zdzisław Beksiński. ‖ [Tales of Kenzera™: ZAU] 샤먼의 춤을 추세요. 아버지의 영혼을 되찾으세요. Surgent Studios가 제작한 메트로이드바니아 스타일의 어드벤처 게임 Tales of Kenzera™: ZAU에서 죽음의 신과 함께 아름답고 위험한 켄제라의 땅으로 용감하게 모험을 떠나세요. ‖ [Shantae: Half-Genie Hero] Shantae embarks on her first full HD adventure! When a mysterious crime wave sweeps Sequin Land, it’s up to Half-Genie Hero Shantae to save the day! Use Shantae’s devastating Hair-",Dead Effect,"액션, 인디",Fight for your life in the INDIE SCI-FI FPS game fit for both casual and hard-core gamers with a passion for hunting down hordes of zombies. Prepare yourselves for the incoming nightmare!,1,GENRE_ONLY,
B0404,A01,It Takes Two / Overcooked! 2 / What Remains of Edith Finch,"액션, 어드벤처 / 액션, 캐주얼, 인디 / 어드벤처, 인디","[It Takes Two] It Takes Two에서 생애 가장 정신없는 여정을 시작하세요. 친구가 무료로 참가할 수 있게 친구 패스*로 초대하고, 함께 힘을 합쳐서 수많은 유쾌하고 획기적인 게임 플레이 챌린지를 헤쳐나가세요. ‖ [Overcooked! 2] 혼란스러운 요리 액션으로 가득한 Overcooked가 돌아왔습니다! 양파 왕국으로 돌아가는 여행을 떠나세요. 클래식 협동 또는 온라인 플레이에서 셰프 팀을 만들어서 최대 4명까지 플레이하세요. 앞치마를 준비하세요... 다시 세상을 구할 때가 되었습니다! ‖ [What Remains of Edith Finch] What Remains of Edith Finch(워트 리메인스 오브 에디스 핀치)는 워싱턴 주에 있는 어느 가족에 대한 이상한 이야기의 모음입니다. 플레이어는 에디스가 되어 거대한 핀치 가택을 탐사하고, 가족사를 연구하며 이야기를 찾고, 왜 가족 중에서 그녀만 살아남았는지 알아내야 합니다. 각 이야기는 새로운 가족 구성",침묵의 땅,"어드벤처, 인디","폐허가 된 종말의 세계를 가로지르며, 사라진 문명과 생존자의 실종 미스터리를 밝혀라! 《침묵의 땅》에서 당신은 생존자가 되어 버려진 도시를 탐험하고, 인류 멸망의 진실을 추적하게 된다. 이 고요한 세계에서 생존은 가장 큰 도전이며, 진실은 마치 블랙홀처럼 깊고 어두운 수수께끼로 남아 있다.",2,,
B0405,A20,Counter-Strike 2 / PUBG: BATTLEGROUNDS / 톰 클랜시의 레인보우식스 시즈,"액션, 무료 플레이 / 액션, 어드벤처, 대규모 멀티플레이어, 무료 플레이 / 액션, 무료 플레이","[Counter-Strike 2] Counter-Strike는 20년이 넘는 시간 동안 전 세계 수백만 명의 플레이어가 모여 수준 높은 경쟁을 펼칠 수 있는 플랫폼을 제공해 왔습니다. 그리고 이제 곧 Counter-Strike 2와 함께 새로운 CS 시대의 막이 열립니다. ‖ [PUBG: BATTLEGROUNDS] 배틀로얄 유행의 시작이자, 그 정수를 보여준 PUBG: 배틀그라운드를 지금 무료로 플레이하세요! 다양한 맵에 낙하하여 무기와 보급품을 확보하고, 점점 줄어드는 블루존 속에서 끝까지 살아남아 승리를 쟁취하세요. ‖ [톰 클랜시의 레인보우식스 시즈] 톰 클랜시의 레인보우식스 시즈는 탁월한 계획과 기술이 승부를 좌우하는 전술적인 정예 팀 기반 슈팅 게임입니다.",PAYDAY™ The Heist,액션,"Take on the role of a hardened career criminal executing intense, dynamic heists in constant pursuit of the next “big score”",2,,
B0406,A27,The Raven Remastered / The Frostrune / Mad Experiments: Escape Room,"어드벤처 / 어드벤처 / 어드벤처, 캐주얼, 인디, 시뮬레이션, 전략","[The Raven Remastered] London, 1964. An ancient ruby is stolen from the British Museum. At the crime scene: a raven feather. Is somebody trying to follow in the footsteps of The Raven, the legendary mast ‖ [The Frostrune] Unravel a mystery inspired by Viking myth and legend in The Frostrune, a classic point-and-click adventure based on historically accurate Norse culture and environments. ‖ [Mad Experiments: Escape Room] 수상 후보에 오른 이스케이프 게임 1인 또는 최대 5인까지 플레이하며 3개의 독특한 방을 탐험하고, 두뇌를 자극하는 퍼즐을 풀며 체셔 교수와 그의 실험에 얽힌 어두운 비밀을 밝혀보세요.",We Were Here Too,"어드벤처, 캐주얼, 인디","죽음 직전, 끝도 없는 폭풍 위로 거대한 건물이 불쑥 그 모습을 드러냅니다. 통신 기반 협동 어드벤처 게임에서 이 어둠의 성에 감추어진 진실을 밝혀보세요.",3,,
B0407,A29,Salt and Sanctuary,"액션, 인디, RPG","[Salt and Sanctuary] 두렵고도 잔혹한 섬의 탐험을 시작합니다… Salt and Sanctuary는 신속하고, 잔인하며, 복잡한 전투 시스템을 지닌 2D RPG입니다. 저주받은 도시의 잊힌 영역이나, 피에 물든 던전이나, 오염된 기념비와 같은 장소를 돌아다니며, 한때 축복을 받았지만 지금은 타락하고 만 영주들을 조우하세요.",Fallen Tear: The Ascension,"액션, 어드벤처, 인디, RPG, 앞서 해보기","A story-driven Metroidvania where the allies you choose to bond with change how you fight and explore. Journey through the high-fantasy world of Raoah, uncover lost civilizations, and forge bonds that shape your path through a land on the brink of collapse.",3,,
B0408,A18,Euro Truck Simulator 2 / BeamNG.drive / 아세토 코르사 Assetto Corsa,"인디, 시뮬레이션 / 레이싱, 시뮬레이션, 앞서 해보기 / 인디, 레이싱, 시뮬레이션, 스포츠","[Euro Truck Simulator 2] 도로의 왕이 되어 인상적인 거리를 가로질러 중요한 화물을 배달하는 트럭 운전사가 되어 유럽을 여행하세요! 탐험할 도시가 수십 개나 되므로, 당신의 인내심, 기술, 속도가 모두 한계에 도달할 것입니다. ‖ [BeamNG.drive] 뭐든지 할 수 있는 동적 소프트 보디 물리 시뮬레이터입니다. ‖ [아세토 코르사 Assetto Corsa] 아세토 코르사(Assetto Corsa) v1.16은 새로운 레이저 스캔 트랙 ""라구나 세카(Laguna Seca)"" 및 기다리던 Alfa Romeo Giulia Quadrifoglio를 포함한 7개의 신차를 소개합니다! 체인지로그에서 더 자세한 내용을 확인하세요!",Victory Heat Rally,"레이싱, 스포츠",Welcome to VHR! Unlock the secrets of speed in this turbocharged neo super scaler arcade racing experience. Dominate the track & drift your way to the finish line on the road to becoming the VHRC champion.,2,,
B0409,A12,Baldur's Gate 3 / Mount & Blade II: Bannerlord / Kenshi,"어드벤처, RPG, 전략 / 액션, 인디, RPG, 시뮬레이션, 전략 / 액션, 인디, RPG, 시뮬레이션, 전략","[Baldur's Gate 3] Baldur’s Gate 3 is a story-rich, party-based RPG set in the universe of Dungeons & Dragons, where your choices shape a tale of fellowship and betrayal, survival and sacrifice, and  ‖ [Mount & Blade II: Bannerlord] 본 게임은 전략/액션 RPG입니다. 캐릭터를 생성하고, 외교에 참여하고, 제작, 거래를 하고, 방대한 중세풍의 샌드박스에서 새로운 땅을 정복하십시오. 군대를 일으켜 전쟁에 뛰어들고, 깊이가 있으나 직관적인 실력 기반의 전투 시스템을 채용한 대규모 실시간 전투에서 자신의 부대에 명령을 내리고 함께 싸우십시오. ‖ [Kenshi] 자유롭게 돌아다니는 분대 기반의 RPG. 스토리를 따라가는 대신 제한 없는 샌드박스식 게임플레이에 중점을 두었습니다. 무역상, 도둑, 반란군, 전쟁 군주, 모험가, 농부, 노예 등 다양한 삶을 체험할 수 있습니다. 운이 나쁘면 식인종의 먹잇감으로 전락할지도 모르죠. 새로운 장비를 연구하거나 제작해 보세요.",Star Nomad 2,"인디, RPG, 시뮬레이션, 전략","A space trader & combat sim meets squad-RPG, large scale conquest, choice driven gameplay with fluid & punchy tactical real-time combat set in a dynamic open-world sandbox.",2,,
B0410,A26,RimWorld / Oxygen Not Included / Unpacking 언패킹,"인디, 시뮬레이션, 전략 / 인디, 시뮬레이션 / 캐주얼, 인디, 시뮬레이션","[RimWorld] 지능형 AI 이야기꾼이 주도하는 공상과학 정착지 시뮬레이터입니다. 심리, 생태, 총격전과 근접전, 날씨, 기후, 외교, 사람 사이의 관계, 예술, 의학, 무역, 그 외 많은 것들을 시뮬레이션하여 이야기를 생성합니다. ‖ [Oxygen Not Included] Oxygen Not Included는 우주 콜로니 시뮬레이션 게임입니다. 외계의 우주 암석 깊은 곳에서 근면한 일꾼들은 생존하고 나아가 번영하기 위해 과학을 마스터하고, 낯선 새로운 생명체에 맞서며, 경이로운 우주 테크놀로지를 활용해야 합니다. ‖ [Unpacking 언패킹] Unpacking은 상자에서 짐을 꺼내 새집에 맞게 배치하는 친숙한 체험에 대한 명상적 퍼즐 게임입니다. 게임의 일부인 블록 맞추기 게임과 집 꾸미기를 하는 동안, 푸는 짐에 닮긴 삶의 실마리를 찾아가며 만족할 만한 생활 공간을 만들어 보세요.",Sizeable,"캐주얼, 인디",Sizeable is a relaxing and peacefull puzzle/exploration game! Shrink and grow your way through small dioramas in search of hidden objects!,2,,
B0411,A32,Hardspace: Shipbreaker / Hacknet / The Case of the Golden Idol / 방 탈출 시뮬레이터 / shapez 2 - Factory,"시뮬레이션 / 인디, 시뮬레이션 / 어드벤처, 인디 / 어드벤처, 캐주얼, 인디, 시뮬레이션 / 캐주얼, 인디, 시뮬레이션, 전략","[Hardspace: Shipbreaker] Equipped with cutting-edge salvaging tech, carve & slice spaceships to recover valuable materials. Upgrade your gear to take on more lucrative contracts and pay your billion credit ‖ [Hacknet] Hacknet은 터미널 기반의 몰입형 해킹 시뮬레이터입니다. 최근에 사망한, 그러나 언론 보도와는 달리 사고로 사망하지 않은 해커의 지시에 따라 진실을 추척하십시오. ‖ [The Case of the Golden Idol] A new kind of detective game that allows you to think and investigate freely. Discover clues surrounding 12 strange and gruesome deaths and build your own theory. Pick your suspect ‖ [방 탈출 시뮬레이터] Escape Simulator는 단독 또는 온라인 협동 플레이가 가능한 1인칭 퍼즐 게임입니다. 점점 더 많아지는, 고도의 상호 작용이 가능한 방탈출 세트를 탐험하세요. 가구를 옮기고, 모든 것을 집어 들고 검사하고, 냄비를 부수고 자물쇠를 부수세요! 레벨 편집기를 통해 커뮤니티가 만든 방을 지원합니다. ‖ [shapez 2 - Factory] 공장 건설 게임에 빠져들어 보세요. 단 한 가지에 집중하세요. 대규모 우주 공장을 건설하는 것! 방대하게 펼쳐지는 다층 공장과 만족스러운 생산 라인을 무제한으로 설계하세요. 계속해서 어려워지는 자동화 목표를 적의 위협 없이 자신만의 속도로 달성하세요.",The Escape: Together,"액션, 인디, 앞서 해보기",The Escape: Together is a 1-3 player Online CO-OP escape horror. The paranormal creature has taken over the house. You must use everything you find to survive and make your runaway.,2,,
B0412,A23,Vomitoreum / Tales of Kenzera™: ZAU / Shantae: Half-Genie Hero,"액션, 어드벤처, 인디 / 액션, 어드벤처, 인디 / 액션, 어드벤처, 인디","[Vomitoreum] Vomitoreum is an FPS Metroidvania with a focus on atmosphere and horror, inspired by the paintings of Zdzisław Beksiński. ‖ [Tales of Kenzera™: ZAU] 샤먼의 춤을 추세요. 아버지의 영혼을 되찾으세요. Surgent Studios가 제작한 메트로이드바니아 스타일의 어드벤처 게임 Tales of Kenzera™: ZAU에서 죽음의 신과 함께 아름답고 위험한 켄제라의 땅으로 용감하게 모험을 떠나세요. ‖ [Shantae: Half-Genie Hero] Shantae embarks on her first full HD adventure! When a mysterious crime wave sweeps Sequin Land, it’s up to Half-Genie Hero Shantae to save the day! Use Shantae’s devastating Hair-",METAGAL,"액션, 인디","Help the young cyborg-girl Meta , in her battle against the evil ""General Creeper"" who kidnap her creator and her sisters! Collect new powers in order to face the advanced levels, in this fun and furious , platformer-shooter",3,,
B0413,A31,Hearts of Iron IV / Europa Universalis IV / Sid Meier's Civilization® V,"시뮬레이션, 전략 / 시뮬레이션, 전략 / 전략","[Hearts of Iron IV] Victory is at your fingertips! Your ability to lead your nation is your supreme weapon, the strategy game Hearts of Iron IV lets you take command of any nation in World War II; the ‖ [Europa Universalis IV] 비교할 수 없는 자유도, 깊이 있는 스토리, 정확한 역사적 고증을 즐기며 국토를 다스리고 세계를 정복하세요. 세계 역사를 새롭게 쓰며 시대를 풍미할 제국을 만드세요. ‖ [Sid Meier's Civilization® V] Create, discover, and download new player-created maps, scenarios, interfaces, and more!",Faces of War,"액션, 시뮬레이션, 전략","Faces of War는 당신을 제2차 세계대전의 한가운데로 데려갑니다 – 멀리서 지휘하는 사령관이 아니라, 전장 최전선의 지휘관으로서. 실시간 전략의 전술적 깊이와 직접 조작의 즉각성을 결합해, 정교한 명령을 내리거나 병사로 직접 전투에 참여할 수 있습니다.",2,,
B0414,A20,Counter-Strike 2 / PUBG: BATTLEGROUNDS / 톰 클랜시의 레인보우식스 시즈,"액션, 무료 플레이 / 액션, 어드벤처, 대규모 멀티플레이어, 무료 플레이 / 액션, 무료 플레이","[Counter-Strike 2] Counter-Strike는 20년이 넘는 시간 동안 전 세계 수백만 명의 플레이어가 모여 수준 높은 경쟁을 펼칠 수 있는 플랫폼을 제공해 왔습니다. 그리고 이제 곧 Counter-Strike 2와 함께 새로운 CS 시대의 막이 열립니다. ‖ [PUBG: BATTLEGROUNDS] 배틀로얄 유행의 시작이자, 그 정수를 보여준 PUBG: 배틀그라운드를 지금 무료로 플레이하세요! 다양한 맵에 낙하하여 무기와 보급품을 확보하고, 점점 줄어드는 블루존 속에서 끝까지 살아남아 승리를 쟁취하세요. ‖ [톰 클랜시의 레인보우식스 시즈] 톰 클랜시의 레인보우식스 시즈는 탁월한 계획과 기술이 승부를 좌우하는 전술적인 정예 팀 기반 슈팅 게임입니다.",Street Warriors Online,"액션, 대규모 멀티플레이어, 시뮬레이션, 스포츠","First, realistic PvP brawling game for up to 8 vs 8 players with original, dynamic combat system and fast, round based battles. Create and develop Your character. Earn new skills and items that helps You beat Your opponents. Gather Your friends and fight together in a clan.",1,LOW_QUALITY,
B0415,A34,Pid / ChromaGun / Deer & Boy,"어드벤처, 인디 / 액션, 어드벤처, 인디 / 액션, 어드벤처, 인디","[Pid] You are stranded on a strange and peculiar planet. It’s time to embark on your journey and find your way home! Explore a gravity defying and challenging platformer with striking vi ‖ [ChromaGun] Welcome to ChromaTec’s test lab! You’re here to test our state-of-the-art military-grade color-technology: The ChromaGun (patent pending)! Use it to solve our meticulously designed ‖ [Deer & Boy] 도망친 소년은 길 잃은 어린 사슴을 만나 고요하면서도 위태로운 세상을 함께 헤쳐 나갑니다. 퍼즐을 풀고, 높은 곳에 오르고, 위협을 피해 나아가며 당신의 동료는 연약한 아기 사슴에서 어엿한 사슴으로 성장하죠. 혼자서는 할 수 없었던 일을 함께 해내는 법을 배우게 됩니다.",Colorful Colore,"캐주얼, 인디, 전략","Colorful Colore is a Puzzle Labyrinth game, where your objective is to get in the exit matching the correct colors in the way.",2,,
B0416,A01,It Takes Two / Overcooked! 2 / What Remains of Edith Finch,"액션, 어드벤처 / 액션, 캐주얼, 인디 / 어드벤처, 인디","[It Takes Two] It Takes Two에서 생애 가장 정신없는 여정을 시작하세요. 친구가 무료로 참가할 수 있게 친구 패스*로 초대하고, 함께 힘을 합쳐서 수많은 유쾌하고 획기적인 게임 플레이 챌린지를 헤쳐나가세요. ‖ [Overcooked! 2] 혼란스러운 요리 액션으로 가득한 Overcooked가 돌아왔습니다! 양파 왕국으로 돌아가는 여행을 떠나세요. 클래식 협동 또는 온라인 플레이에서 셰프 팀을 만들어서 최대 4명까지 플레이하세요. 앞치마를 준비하세요... 다시 세상을 구할 때가 되었습니다! ‖ [What Remains of Edith Finch] What Remains of Edith Finch(워트 리메인스 오브 에디스 핀치)는 워싱턴 주에 있는 어느 가족에 대한 이상한 이야기의 모음입니다. 플레이어는 에디스가 되어 거대한 핀치 가택을 탐사하고, 가족사를 연구하며 이야기를 찾고, 왜 가족 중에서 그녀만 살아남았는지 알아내야 합니다. 각 이야기는 새로운 가족 구성",All That Remains,"어드벤처, 캐주얼, 인디",All That Remains is a 90's inspired eerily atmospheric adventure narrative that lets you experience one man’s life as he comes to terms with his final moments on an abandoned Earth.,3,,
B0417,A04,Hollow Knight / Dead Cells / Celeste,"액션, 어드벤처, 인디 / 액션, 어드벤처, 인디 / 액션, 어드벤처, 인디","[Hollow Knight] 할로우 나이트에서 자신만의 길을 구축하세요! 크게 파괴된 곤충과 영웅의 왕국을 통한 서사 액션 어드벤처입니다. 손으로 그린 클래식 2D 스타일로 구불구불한 동굴을 탐험하고 오염된 생물과 싸우고 이상한 곤충들과 친구가 되어 보세요. ‖ [Dead Cells] 데드 셀(Dead Cells)는 메트로배니아에서 영감을 받은 로그라이트 액션 플랫포머 게임입니다. 2D 소울 라이트 전투에서 성을 지키는 수호자들을 물리치고 끊임없이 변화하는 거대한 성을 탐험하게 됩니다. 세이브 포인트는 없습니다. 죽이고, 죽고, 배우고, 반복하세요. ‖ [Celeste] 타워폴(TowerFall) 시리즈의 개발자들이 만든 이 초밀착형 플랫폼 게임을 플레이하고, 매들린이 셀레스트 산 정상으로 향하는 여정에서 내면의 악마에게서 살아남을 수 있게 도와주세요. 한땀 한땀 손수 제작한 수백 가지의 도전 과제에 맞서고, 사악한 비밀을 밝혀내고, 산에 숨겨진 수수께끼를 풀어보세요.",Secrets of Rætikon,"액션, 어드벤처, 인디",Ruthless bird versus bird action. Wild animals and the artefacts of a mysterious ancient culture. A game full of challenge and discovery – unlike anything you've played before.,1,LOW_QUALITY,
B0418,A17,Lethal Company / Phasmophobia / Deep Rock Galactic,"액션, 어드벤처, 인디, 앞서 해보기 / 액션, 인디, 앞서 해보기 / 액션","[Lethal Company] A co-op horror about scavenging at abandoned moons to sell scrap to the Company. ‖ [Phasmophobia] Phasmophobia is a 4 player online co-op psychological horror. Paranormal activity is on the rise and it’s up to you and your team to use all the ghost-hunting equipment at your dis ‖ [Deep Rock Galactic] 딥 락 갤럭틱은 1-4인의 플레이어가 협동하는 FPS 게임으로, 상남자 우주 드워프, 100% 파괴 가능한 맵 환경, 절차적 생성 동굴 지형, 그리고 끊임없이 등장하는 외계 괴물 무리가 특징입니다.",Mother Machine,"액션, 인디","1-4인용 협동 액션 RPG 플랫포머에서 절차적으로 생성되는 외계 동굴을 등반하고, 점프하고, 탐험하세요. 귀여운 카오스 그렘린을 커스텀하고, 대혼란을 받아들이고, 나만의 플레이스타일과 그룹 내 역할에 맞는 다양한 변이를 잠금 해제학세요!",2,,
B0419,A30,Stardew Valley / Slime Rancher / Raft,"인디, RPG, 시뮬레이션 / 액션, 어드벤처, 인디, 시뮬레이션 / 어드벤처, 인디, 시뮬레이션","[Stardew Valley] You've inherited your grandfather's old farm plot in Stardew Valley. Armed with hand-me-down tools and a few coins, you set out to begin your new life. Can you learn to live off th ‖ [Slime Rancher] 슬라임 랜쳐는 젊고 용감한 랜쳐, 베아트릭스 르뷰가 지구에서 1,000광년 떨어진 '머나먼 평야'에서 슬라임들과 씨름하며 생계를 꾸려나가는 이야기입니다. 긍정적인 마인드와 강인한 의지로 베아트릭스는 진공팩을 사용하여 끊임없이 말랑말랑하게 굴러나오는 슬라임들을 피하며 이름을 알리고, 부자가 되려 합니다. ‖ [Raft] Raft™ throws you and your friends into an epic oceanic adventure! Alone or together, players battle to survive a perilous voyage across a vast sea! Gather debris, scavenge reefs an",Peaceful Days,"캐주얼, 인디, RPG, 시뮬레이션","Take over a cozy local farm in the charming seaside town of Aurora, meet friendly locals, reveal the secrets and enjoy your new peaceful life!",3,,
B0420,A26,RimWorld / Oxygen Not Included / Unpacking 언패킹,"인디, 시뮬레이션, 전략 / 인디, 시뮬레이션 / 캐주얼, 인디, 시뮬레이션","[RimWorld] 지능형 AI 이야기꾼이 주도하는 공상과학 정착지 시뮬레이터입니다. 심리, 생태, 총격전과 근접전, 날씨, 기후, 외교, 사람 사이의 관계, 예술, 의학, 무역, 그 외 많은 것들을 시뮬레이션하여 이야기를 생성합니다. ‖ [Oxygen Not Included] Oxygen Not Included는 우주 콜로니 시뮬레이션 게임입니다. 외계의 우주 암석 깊은 곳에서 근면한 일꾼들은 생존하고 나아가 번영하기 위해 과학을 마스터하고, 낯선 새로운 생명체에 맞서며, 경이로운 우주 테크놀로지를 활용해야 합니다. ‖ [Unpacking 언패킹] Unpacking은 상자에서 짐을 꺼내 새집에 맞게 배치하는 친숙한 체험에 대한 명상적 퍼즐 게임입니다. 게임의 일부인 블록 맞추기 게임과 집 꾸미기를 하는 동안, 푸는 짐에 닮긴 삶의 실마리를 찾아가며 만족할 만한 생활 공간을 만들어 보세요.",Ecopunk,"인디, 시뮬레이션, 앞서 해보기","Ecopunk is a survival and colony management simulation game set in a post-apocalyptic world. Balance survival, resource management, and hope as you guide your colony through the ruins of civilization.",3,,
B0421,A33,Garry's Mod / Team Fortress 2 / Left 4 Dead 2,"캐주얼, 인디, 시뮬레이션 / 액션, 무료 플레이 / 액션","[Garry's Mod] Garry's Mod is a physics sandbox. There aren't any predefined aims or goals. We give you the tools and leave you to play. ‖ [Team Fortress 2] 다양한 전술적 능력과 뚜렷한 개성을 갖춘 9가지 병과의 캐릭터를 플레이하세요. 끊임없이 업데이트되는 새로운 게임 모드, 맵, 장비 그리고 가장 중요한 모자까지 지금 바로 즐겨보세요! ‖ [Left 4 Dead 2] Set in the zombie apocalypse, Left 4 Dead 2 is a co-operative action horror FPS takes you and your friends through the cities, swamps and cemeteries of the Deep South, from Savanna",John Carpenter's Toxic Commando,"액션, 어드벤처","캐릭터를 선택하고 친구 3명과 함께 팀을 구성하세요. 세상을 구할 시간이 다가왔습니다. 무시무시한 괴물 무리를 물리치며 강렬한 FPS 액션을 경험하세요! 최고의 용병 팀은 아닐지 몰라도, 당신은... 톡식 코만도입니다!",3,,
B0422,A01,It Takes Two / Overcooked! 2 / What Remains of Edith Finch,"액션, 어드벤처 / 액션, 캐주얼, 인디 / 어드벤처, 인디","[It Takes Two] It Takes Two에서 생애 가장 정신없는 여정을 시작하세요. 친구가 무료로 참가할 수 있게 친구 패스*로 초대하고, 함께 힘을 합쳐서 수많은 유쾌하고 획기적인 게임 플레이 챌린지를 헤쳐나가세요. ‖ [Overcooked! 2] 혼란스러운 요리 액션으로 가득한 Overcooked가 돌아왔습니다! 양파 왕국으로 돌아가는 여행을 떠나세요. 클래식 협동 또는 온라인 플레이에서 셰프 팀을 만들어서 최대 4명까지 플레이하세요. 앞치마를 준비하세요... 다시 세상을 구할 때가 되었습니다! ‖ [What Remains of Edith Finch] What Remains of Edith Finch(워트 리메인스 오브 에디스 핀치)는 워싱턴 주에 있는 어느 가족에 대한 이상한 이야기의 모음입니다. 플레이어는 에디스가 되어 거대한 핀치 가택을 탐사하고, 가족사를 연구하며 이야기를 찾고, 왜 가족 중에서 그녀만 살아남았는지 알아내야 합니다. 각 이야기는 새로운 가족 구성",Firewatch,"어드벤처, 인디","Firewatch is a single-player first-person mystery set in the Wyoming wilderness, where your only emotional lifeline is the person on the other end of a handheld radio.",3,,
B0423,A18,Euro Truck Simulator 2 / BeamNG.drive / 아세토 코르사 Assetto Corsa,"인디, 시뮬레이션 / 레이싱, 시뮬레이션, 앞서 해보기 / 인디, 레이싱, 시뮬레이션, 스포츠","[Euro Truck Simulator 2] 도로의 왕이 되어 인상적인 거리를 가로질러 중요한 화물을 배달하는 트럭 운전사가 되어 유럽을 여행하세요! 탐험할 도시가 수십 개나 되므로, 당신의 인내심, 기술, 속도가 모두 한계에 도달할 것입니다. ‖ [BeamNG.drive] 뭐든지 할 수 있는 동적 소프트 보디 물리 시뮬레이터입니다. ‖ [아세토 코르사 Assetto Corsa] 아세토 코르사(Assetto Corsa) v1.16은 새로운 레이저 스캔 트랙 ""라구나 세카(Laguna Seca)"" 및 기다리던 Alfa Romeo Giulia Quadrifoglio를 포함한 7개의 신차를 소개합니다! 체인지로그에서 더 자세한 내용을 확인하세요!",Gran Carismo,"레이싱, 시뮬레이션","""Gran Carismo"" immerses players in an intense and competitive racing environment, combining the excitement of illegal underground races with a compelling narrative. Get ready to navigate challenging tracks, outmaneuver rivals, and claim the grand prize – the Rosso 50",2,,
B0424,A27,The Raven Remastered / The Frostrune / Mad Experiments: Escape Room,"어드벤처 / 어드벤처 / 어드벤처, 캐주얼, 인디, 시뮬레이션, 전략","[The Raven Remastered] London, 1964. An ancient ruby is stolen from the British Museum. At the crime scene: a raven feather. Is somebody trying to follow in the footsteps of The Raven, the legendary mast ‖ [The Frostrune] Unravel a mystery inspired by Viking myth and legend in The Frostrune, a classic point-and-click adventure based on historically accurate Norse culture and environments. ‖ [Mad Experiments: Escape Room] 수상 후보에 오른 이스케이프 게임 1인 또는 최대 5인까지 플레이하며 3개의 독특한 방을 탐험하고, 두뇌를 자극하는 퍼즐을 풀며 체셔 교수와 그의 실험에 얽힌 어두운 비밀을 밝혀보세요.",Dr Voss’ Escape Room,"어드벤처, 인디, 전략","보스 박사의 방 탈출은 최대 4명의 친구를 위한 편안한 멀티플레이어 퍼즐 게임입니다. 신비한 연구실을 탐험하고, 도전적인 퍼즐을 풀고, 불멸의 물약을 만들기 위한 비밀을 밝혀내세요. 팀워크, 창의성, 그리고 편안한 방 탈출 경험을 좋아하는 분들에게 완벽합니다!",3,,
B0425,A22,Deck of Ashes / Dicefolk / Cubic Cosmos,"어드벤처, 인디, RPG, 전략 / 캐주얼, 인디, 전략 / 전략","[Deck of Ashes] 덱 오브 애쉬즈(Deck of Ashes)는 전술 카드 전투를 벌이는 어드벤처 게임입니다. 한 번에 한 캐릭터씩 안티히어로 일행을 이끌어 속죄의 여행을 떠나보세요. 저주받은 판타지 세계를 탐험하며 강력한 카드를 찾아보세요. 독특한 전투 덱을 형성하여 적들을 무찌르세요! 잿빛 저주의 세계를 제거하실 수 있겠습니까? ‖ [Dicefolk] 마법 주사위의 힘을 휘두르고 강력한 키메라 팀을 구축해보세요! 수수께끼의 악을 멈추기 위한 택티컬 덱빌딩 로그라이트 모험이 다가오고 있습니다. 키메라 소환사로서, 신화적인 짐승들을 모집하고 완벽한 팀을 만들고, 다이스포크만의 독특한 주사위 메커니즘을 활용하여 승리로 이끌어주세요. ‖ [Cubic Cosmos] Cubic Cosmos is a thrilling fast-paced roguelike card game. You have been trapped in a deadly game. One wrong move could see you reduced to a plaything of the goddess. Can you free",Right and Down,"인디, 전략","두 번튼만을 사용하여 플레이하는 심오한 로그라이크 카드게임: Right and Down! 당신의 영웅을 선택하고 랜덤하게 생성되는 카드 던전을 탐험하여, 새 능력들을 얻기 위해 유물들을 모으고, 강력한 적들을 상대로 싸우세요! 당신이 50레벨에 도달할 수 있을까요?",3,,
B0426,A17,Lethal Company / Phasmophobia / Deep Rock Galactic,"액션, 어드벤처, 인디, 앞서 해보기 / 액션, 인디, 앞서 해보기 / 액션","[Lethal Company] A co-op horror about scavenging at abandoned moons to sell scrap to the Company. ‖ [Phasmophobia] Phasmophobia is a 4 player online co-op psychological horror. Paranormal activity is on the rise and it’s up to you and your team to use all the ghost-hunting equipment at your dis ‖ [Deep Rock Galactic] 딥 락 갤럭틱은 1-4인의 플레이어가 협동하는 FPS 게임으로, 상남자 우주 드워프, 100% 파괴 가능한 맵 환경, 절차적 생성 동굴 지형, 그리고 끊임없이 등장하는 외계 괴물 무리가 특징입니다.",MIND BIOTICS,"액션, 어드벤처, 인디, 앞서 해보기",A co-op horror game for up to 4 players where you explore abandoned facilities. Your mind can be plugged into random electric devices. Can you survive as a fridge? A vacuum cleaner? Scavenge valuable hardware and escape the terror.,3,,
