pair_key,프로필,좋아하는_게임,좋아하는_게임_장르,좋아하는_게임_설명,추천_게임,추천_게임_장르,추천_게임_설명,적합도,이유태그,메모
B0001,A28,Dordogne / A YEAR OF SPRINGS / Botany Manor,"어드벤처, 인디 / 캐주얼, 인디, 시뮬레이션 / 어드벤처","[Dordogne] 이 유년 시절의 여정에서 특별한 내러티브에 몰입하며 도르도뉴의 수천 가지 여름의 색을 탐험하고, 추억을 떠올리며 가족의 비밀을 밝히세요. ‖ [A YEAR OF SPRINGS] 세 명의 여성, 세 개의 이야기, 세 개의 봄. 세 명의 친구들이 사랑, 공감, 그리고 단지 함께하고 싶어하는 감정에 대한 방향을 찾아나가는 3 부작 비주얼 노벨 A YEAR OF SPRINGS 에서 하루, 에리카, 마나미의 이야기를 체험하세요. ‖ [Botany Manor] Welcome to Botany Manor, a stately home in 19th century England. You play as inhabitant Arabella Greene, a retired botanist. Explore your house and gardens, filled with research, t",Call of the Sea,"어드벤처, 캐주얼, 인디",푸르른 낙원 같은 섬을 배경으로 펼쳐지는 어드벤처 퍼즐 게임에서 수수께끼의 질병에 시달리며 사라진 남편을 찾는 여성 노라를 따라가세요. 수수께끼와 사랑이 뒤섞인 감동적인 이야기 속에서 아름다운 배경에 흠뻑 빠져들어 금지된 비밀을 파헤쳐 보세요.,,,
B0002,A26,RimWorld / Oxygen Not Included / Unpacking 언패킹,"인디, 시뮬레이션, 전략 / 인디, 시뮬레이션 / 캐주얼, 인디, 시뮬레이션","[RimWorld] 지능형 AI 이야기꾼이 주도하는 공상과학 정착지 시뮬레이터입니다. 심리, 생태, 총격전과 근접전, 날씨, 기후, 외교, 사람 사이의 관계, 예술, 의학, 무역, 그 외 많은 것들을 시뮬레이션하여 이야기를 생성합니다. ‖ [Oxygen Not Included] Oxygen Not Included는 우주 콜로니 시뮬레이션 게임입니다. 외계의 우주 암석 깊은 곳에서 근면한 일꾼들은 생존하고 나아가 번영하기 위해 과학을 마스터하고, 낯선 새로운 생명체에 맞서며, 경이로운 우주 테크놀로지를 활용해야 합니다. ‖ [Unpacking 언패킹] Unpacking은 상자에서 짐을 꺼내 새집에 맞게 배치하는 친숙한 체험에 대한 명상적 퍼즐 게임입니다. 게임의 일부인 블록 맞추기 게임과 집 꾸미기를 하는 동안, 푸는 짐에 닮긴 삶의 실마리를 찾아가며 만족할 만한 생활 공간을 만들어 보세요.",Interstellar Transport Company,시뮬레이션,"Build a galactic transportation empire and supply humanity with everything it needs to colonize the stars. In this sci-fi logistics simulator, grow your company from a local transport agency into an interstellar logistics behemoth! Singleplayer, vs AI, and online multiplayer.",,,
B0003,A04,Hollow Knight / Dead Cells / Celeste,"액션, 어드벤처, 인디 / 액션, 어드벤처, 인디 / 액션, 어드벤처, 인디","[Hollow Knight] 할로우 나이트에서 자신만의 길을 구축하세요! 크게 파괴된 곤충과 영웅의 왕국을 통한 서사 액션 어드벤처입니다. 손으로 그린 클래식 2D 스타일로 구불구불한 동굴을 탐험하고 오염된 생물과 싸우고 이상한 곤충들과 친구가 되어 보세요. ‖ [Dead Cells] 데드 셀(Dead Cells)는 메트로배니아에서 영감을 받은 로그라이트 액션 플랫포머 게임입니다. 2D 소울 라이트 전투에서 성을 지키는 수호자들을 물리치고 끊임없이 변화하는 거대한 성을 탐험하게 됩니다. 세이브 포인트는 없습니다. 죽이고, 죽고, 배우고, 반복하세요. ‖ [Celeste] 타워폴(TowerFall) 시리즈의 개발자들이 만든 이 초밀착형 플랫폼 게임을 플레이하고, 매들린이 셀레스트 산 정상으로 향하는 여정에서 내면의 악마에게서 살아남을 수 있게 도와주세요. 한땀 한땀 손수 제작한 수백 가지의 도전 과제에 맞서고, 사악한 비밀을 밝혀내고, 산에 숨겨진 수수께끼를 풀어보세요.",Shadow of the Depth,"액션, 어드벤처, 인디",탑다운 뷰 스타일의 로그라이트(Roguelite) 게임 《쉐도우 오브 뎁스》. 워리어/어쌔신/메이지 등 다양한 캐릭터가 되어 빛과 어둠이 교차하는 언더월드에서 평화를 무너뜨린 몬스터를 해치워야 합니다. 어둠 속으로 당신을 초대합니다!,,,
B0004,A10,A Short Hike / ISLANDERS / Gorogoa,"어드벤처, 인디 / 캐주얼, 인디, 전략 / 어드벤처, 캐주얼, 인디","[A Short Hike] Hike, climb, and soar through the peaceful mountainside landscapes of Hawk Peak Provincial Park as you make your way to the summit. ‖ [ISLANDERS] ISLANDERS is a minimalist strategy game about building cities on colorful islands. ‖ [Gorogoa] Gorogoa(고로고아)는 Jason Roberts가 디자인하고 일러스트레이션을 손으로 그린 아름다운 차세대 퍼즐 게임입니다.",Lil Gator Game,"액션, 어드벤처, 캐주얼, 인디","Embark on an adorable adventure, discover new friends and uncover everything the island has to offer. Climb, Swim, Glide and slide your way into the hearts of the many different characters you meet on your travels!",,,
B0005,A27,The Raven Remastered / The Frostrune / Mad Experiments: Escape Room,"어드벤처 / 어드벤처 / 어드벤처, 캐주얼, 인디, 시뮬레이션, 전략","[The Raven Remastered] London, 1964. An ancient ruby is stolen from the British Museum. At the crime scene: a raven feather. Is somebody trying to follow in the footsteps of The Raven, the legendary mast ‖ [The Frostrune] Unravel a mystery inspired by Viking myth and legend in The Frostrune, a classic point-and-click adventure based on historically accurate Norse culture and environments. ‖ [Mad Experiments: Escape Room] 수상 후보에 오른 이스케이프 게임 1인 또는 최대 5인까지 플레이하며 3개의 독특한 방을 탐험하고, 두뇌를 자극하는 퍼즐을 풀며 체셔 교수와 그의 실험에 얽힌 어두운 비밀을 밝혀보세요.",Adventures of Bertram Fiddle 1: A Dreadly Business,"어드벤처, 캐주얼, 인디","A classic point and click adventure game, featuring weird and wonderful characters, beautiful animation and a fantastic soundtrack. ""It is quite possibly one of the finest point-and-click comedy murder mystery adventure games set in Victorian London you will play today"" - Bertram Fiddle",,,
B0006,A34,Pid / ChromaGun / Deer & Boy,"어드벤처, 인디 / 액션, 어드벤처, 인디 / 액션, 어드벤처, 인디","[Pid] You are stranded on a strange and peculiar planet. It’s time to embark on your journey and find your way home! Explore a gravity defying and challenging platformer with striking vi ‖ [ChromaGun] Welcome to ChromaTec’s test lab! You’re here to test our state-of-the-art military-grade color-technology: The ChromaGun (patent pending)! Use it to solve our meticulously designed ‖ [Deer & Boy] 도망친 소년은 길 잃은 어린 사슴을 만나 고요하면서도 위태로운 세상을 함께 헤쳐 나갑니다. 퍼즐을 풀고, 높은 곳에 오르고, 위협을 피해 나아가며 당신의 동료는 연약한 아기 사슴에서 어엿한 사슴으로 성장하죠. 혼자서는 할 수 없었던 일을 함께 해내는 법을 배우게 됩니다.",Kotenok,"어드벤처, 캐주얼, 인디, 시뮬레이션, 전략","위험한 숲에서 길을 잃은 아기 고양이가 되어 모험을 떠나세요! 달리고, 점프하고, 물건을 옮기며 가시와 적, 퍼즐로 가득한 50개의 기발한 레벨을 돌파하세요.",,,
B0007,A34,Pid / ChromaGun / Deer & Boy,"어드벤처, 인디 / 액션, 어드벤처, 인디 / 액션, 어드벤처, 인디","[Pid] You are stranded on a strange and peculiar planet. It’s time to embark on your journey and find your way home! Explore a gravity defying and challenging platformer with striking vi ‖ [ChromaGun] Welcome to ChromaTec’s test lab! You’re here to test our state-of-the-art military-grade color-technology: The ChromaGun (patent pending)! Use it to solve our meticulously designed ‖ [Deer & Boy] 도망친 소년은 길 잃은 어린 사슴을 만나 고요하면서도 위태로운 세상을 함께 헤쳐 나갑니다. 퍼즐을 풀고, 높은 곳에 오르고, 위협을 피해 나아가며 당신의 동료는 연약한 아기 사슴에서 어엿한 사슴으로 성장하죠. 혼자서는 할 수 없었던 일을 함께 해내는 법을 배우게 됩니다.",Shenmue III,"액션, 어드벤처","아버지를 죽인 원수를 애타게 찾고 있는 10대 일본인 소년 '료 하즈키'가 되어 중국의 시골을 여행하세요. 모험, 미스터리, 우정, 무술, 그리고 최종적으로, 복수를 다루는 이야기가 펼쳐집니다!",,,
B0008,A11,Forza Horizon 5 / Hi-Fi RUSH / Street Fighter 6,"액션, 어드벤처, 레이싱, 시뮬레이션, 스포츠 / 액션 / 액션, 어드벤처","[Forza Horizon 5] 세계 최고의 자동차를 타고 생동감 넘치는 멕시코의 대자연을 탐험하며 재미있는 드라이빙 액션을 마음껏 즐겨보세요. ‖ [Hi-Fi RUSH] 아케이드 챌린지! 업데이트!로 추가되는 두 개의 신규 게임 모드에서 여러분의 능력을 시험하고, 새로운 보상을 획득해 보세요. 몇 가지 비밀도 숨어 있답니다! 락 스타 지망생 차이가 되어 비트를 타고, 세상 모든 게 음악에 싱크되는 세계에서 오합지졸 팀과 함께 사악한 거대 기업에 맞서 싸우세요. ‖ [Street Fighter 6] 시리즈 최신작 『Street Fighter 6』, 2023년 6월 2일 발매 결정! RE ENGINE으로 개발된 본 작품은 대형 모드 「World Tour」, 「Fighting Ground」, 「Battle Hub」로 구성되어 있다. 새로운 「스트리트 파이터」에는 지금까지의 시리즈에는 없었던 새로운 체험이 기다리고 있다.",HYPERBEAT,"액션, 인디","Embark as a knight alone or with friends in an order chasing their potential. Experience a rhythm game with an original soundtrack, in-depth character customization, and a story following an ensemble cast in a tranquil hub world. What will you find at the peak of what you're chasing?",,,
B0009,A28,Dordogne / A YEAR OF SPRINGS / Botany Manor,"어드벤처, 인디 / 캐주얼, 인디, 시뮬레이션 / 어드벤처","[Dordogne] 이 유년 시절의 여정에서 특별한 내러티브에 몰입하며 도르도뉴의 수천 가지 여름의 색을 탐험하고, 추억을 떠올리며 가족의 비밀을 밝히세요. ‖ [A YEAR OF SPRINGS] 세 명의 여성, 세 개의 이야기, 세 개의 봄. 세 명의 친구들이 사랑, 공감, 그리고 단지 함께하고 싶어하는 감정에 대한 방향을 찾아나가는 3 부작 비주얼 노벨 A YEAR OF SPRINGS 에서 하루, 에리카, 마나미의 이야기를 체험하세요. ‖ [Botany Manor] Welcome to Botany Manor, a stately home in 19th century England. You play as inhabitant Arabella Greene, a retired botanist. Explore your house and gardens, filled with research, t",Quern - Undying Thoughts,어드벤처,"Discover the truth about Quern’s past, unfold the mysteries of its present, and be the explorer who shapes its future. Quern introduces reusable puzzle mechanics to the classic genre, making the player think about the game as a whole, and not just as a series of individual challenges.",,,
B0010,A01,It Takes Two / Overcooked! 2 / What Remains of Edith Finch,"액션, 어드벤처 / 액션, 캐주얼, 인디 / 어드벤처, 인디","[It Takes Two] It Takes Two에서 생애 가장 정신없는 여정을 시작하세요. 친구가 무료로 참가할 수 있게 친구 패스*로 초대하고, 함께 힘을 합쳐서 수많은 유쾌하고 획기적인 게임 플레이 챌린지를 헤쳐나가세요. ‖ [Overcooked! 2] 혼란스러운 요리 액션으로 가득한 Overcooked가 돌아왔습니다! 양파 왕국으로 돌아가는 여행을 떠나세요. 클래식 협동 또는 온라인 플레이에서 셰프 팀을 만들어서 최대 4명까지 플레이하세요. 앞치마를 준비하세요... 다시 세상을 구할 때가 되었습니다! ‖ [What Remains of Edith Finch] What Remains of Edith Finch(워트 리메인스 오브 에디스 핀치)는 워싱턴 주에 있는 어느 가족에 대한 이상한 이야기의 모음입니다. 플레이어는 에디스가 되어 거대한 핀치 가택을 탐사하고, 가족사를 연구하며 이야기를 찾고, 왜 가족 중에서 그녀만 살아남았는지 알아내야 합니다. 각 이야기는 새로운 가족 구성",Gone In November,"어드벤처, 인디","Coming home after visiting your doctor for the last time, you are told that you only have three more days to live. A sequence of short memory fragments flashing through as you try to run away from what you have done.",,,
B0011,A25,DOOMBLADE / Transiruby / Blast Brigade vs. the Evil Legion of Dr. Cread,"액션, 어드벤처, 인디 / 액션 / 액션, 어드벤처, 인디","[DOOMBLADE] Deep underground, Gloom Girl discovers DOOMBLADE, a sentient weapon hellbent on escape after eons in chains. Together, “Doom and Gloom” embark on a vengeful quest to unlock the pow ‖ [Transiruby] 차원 대륙의 의문을 풀어라! 는 사이보그 소녀 실비가 검과 엘리먼트 샷으로 적을 쓰러뜨리며 앞으로 나아가는 탐색형 액션 게임입니다! ‖ [Blast Brigade vs. the Evil Legion of Dr. Cread] 스릴 넘치는 플랫포밍과 깊이 있는 탐험 세계, 폭발적인 액션으로 가득한 2D 메트로이드배니아 어드벤처 게임을 즐겨보세요! Blast Brigade에서 영웅들로 팀을 구성해 세계를 구하세요!",Anodyne 2: Return to Dust,"어드벤처, 인디","A 3D-2D adventure where you travel a 3D world and explore 2D dungeons inside of its characters' bodies and minds! In an unforgettable, surreal story, travel the world, meet whimsical denizens, and save the world from the dangerous Nano Dust.",,,
B0012,A01,It Takes Two / Overcooked! 2 / What Remains of Edith Finch,"액션, 어드벤처 / 액션, 캐주얼, 인디 / 어드벤처, 인디","[It Takes Two] It Takes Two에서 생애 가장 정신없는 여정을 시작하세요. 친구가 무료로 참가할 수 있게 친구 패스*로 초대하고, 함께 힘을 합쳐서 수많은 유쾌하고 획기적인 게임 플레이 챌린지를 헤쳐나가세요. ‖ [Overcooked! 2] 혼란스러운 요리 액션으로 가득한 Overcooked가 돌아왔습니다! 양파 왕국으로 돌아가는 여행을 떠나세요. 클래식 협동 또는 온라인 플레이에서 셰프 팀을 만들어서 최대 4명까지 플레이하세요. 앞치마를 준비하세요... 다시 세상을 구할 때가 되었습니다! ‖ [What Remains of Edith Finch] What Remains of Edith Finch(워트 리메인스 오브 에디스 핀치)는 워싱턴 주에 있는 어느 가족에 대한 이상한 이야기의 모음입니다. 플레이어는 에디스가 되어 거대한 핀치 가택을 탐사하고, 가족사를 연구하며 이야기를 찾고, 왜 가족 중에서 그녀만 살아남았는지 알아내야 합니다. 각 이야기는 새로운 가족 구성",Two the Top,어드벤처,A precision co-op platformer where the only obstacle is falling. Bring a friend along and work together as you face the brutal challenges that await you both on this climb! Can you both make it Two the Top?,,,
B0013,A23,Vomitoreum / Tales of Kenzera™: ZAU / Shantae: Half-Genie Hero,"액션, 어드벤처, 인디 / 액션, 어드벤처, 인디 / 액션, 어드벤처, 인디","[Vomitoreum] Vomitoreum is an FPS Metroidvania with a focus on atmosphere and horror, inspired by the paintings of Zdzisław Beksiński. ‖ [Tales of Kenzera™: ZAU] 샤먼의 춤을 추세요. 아버지의 영혼을 되찾으세요. Surgent Studios가 제작한 메트로이드바니아 스타일의 어드벤처 게임 Tales of Kenzera™: ZAU에서 죽음의 신과 함께 아름답고 위험한 켄제라의 땅으로 용감하게 모험을 떠나세요. ‖ [Shantae: Half-Genie Hero] Shantae embarks on her first full HD adventure! When a mysterious crime wave sweeps Sequin Land, it’s up to Half-Genie Hero Shantae to save the day! Use Shantae’s devastating Hair-",Inexistence,"액션, 어드벤처, 인디, RPG",Discover a vast world full of mysteries and action in this Metroidvania-style game inspired by the classics of the 16-bit era.,,,
B0014,A35,Project Zomboid / Don't Starve / The Forest,"인디, RPG, 시뮬레이션, 앞서 해보기 / 어드벤처, 인디, 시뮬레이션 / 액션, 어드벤처, 인디, 시뮬레이션","[Project Zomboid] Project Zomboid is the ultimate in zombie survival. Alone or in MP: you loot, build, craft, fight, farm and fish in a struggle to survive. A hardcore RPG skillset, a vast map, mass ‖ [Don't Starve] Don’t Starve is an uncompromising wilderness survival game full of science and magic. Enter a strange and unexplored world full of strange creatures, dangers, and surprises. Gather ‖ [The Forest] As the lone survivor of a passenger jet crash, you find yourself in a mysterious forest battling to stay alive against a society of cannibalistic mutants. Build, explore, survive i",Green Hell,"액션, 어드벤처, 인디, 시뮬레이션","미지의 아마존 정글 극한 환경을 배경으로 한 오픈 월드 서바이벌 시뮬레이션 게임에 참여해 보세요. 현실에서의 생존 기술을 사용하여 제작, 사냥, 전투, 자원을 수집하고, 임시 대피소를 짓거나 요새를 구축하세요. 혼자 생존하거나 친구들과 팀을 이루어 함께 정글에 도전하세요.",,,
B0015,A26,RimWorld / Oxygen Not Included / Unpacking 언패킹,"인디, 시뮬레이션, 전략 / 인디, 시뮬레이션 / 캐주얼, 인디, 시뮬레이션","[RimWorld] 지능형 AI 이야기꾼이 주도하는 공상과학 정착지 시뮬레이터입니다. 심리, 생태, 총격전과 근접전, 날씨, 기후, 외교, 사람 사이의 관계, 예술, 의학, 무역, 그 외 많은 것들을 시뮬레이션하여 이야기를 생성합니다. ‖ [Oxygen Not Included] Oxygen Not Included는 우주 콜로니 시뮬레이션 게임입니다. 외계의 우주 암석 깊은 곳에서 근면한 일꾼들은 생존하고 나아가 번영하기 위해 과학을 마스터하고, 낯선 새로운 생명체에 맞서며, 경이로운 우주 테크놀로지를 활용해야 합니다. ‖ [Unpacking 언패킹] Unpacking은 상자에서 짐을 꺼내 새집에 맞게 배치하는 친숙한 체험에 대한 명상적 퍼즐 게임입니다. 게임의 일부인 블록 맞추기 게임과 집 꾸미기를 하는 동안, 푸는 짐에 닮긴 삶의 실마리를 찾아가며 만족할 만한 생활 공간을 만들어 보세요.",Prospector,"어드벤처, 캐주얼, 인디, 시뮬레이션, 전략","이 느긋한 자원 관리 게임을 통해 머나먼 행성에 착륙하세요. 외계의 자원을 수확하고, 기계를 제작 및 자동화하고, 별의 비밀을 밝혀내고, 먼 식민지와 운송 계약을 체결하여 특별한 보상을 획득하세요!",,,
B0016,A06,Cities: Skylines / Factorio / Farming Simulator 22,"시뮬레이션, 전략 / 캐주얼, 인디, 시뮬레이션, 전략 / 시뮬레이션","[Cities: Skylines] Cities: Skylines is a modern take on the classic city simulation. The game introduces new game play elements to realize the thrill and hardships of creating and maintaining a real  ‖ [Factorio] Factorio는 무한한 2D 세상에서 복잡성이 증가하는 아이템을 생산하기 위해 자동화 공장을 만드는 게임입니다. - 당신의 상상력으로 공장을 설계, 독창적인 방법으로 간단한 요소를 결합하고 마지막엔 당신을 좋아하지 않는 생물들로 부터 공장을 지키세요. ‖ [Farming Simulator 22] 농장을 만들고 농사를 즐기세요! 작물을 수확하고, 동물을 돌보고, 생산을 관리하고, 계절에 따른 어려움을 이겨내세요.",Center Station Simulator,"인디, 시뮬레이션, 앞서 해보기","무한한 지하실에서 채굴하고, 농사를 짓고, 부품을 생산하고, 다양한 기계를 제작하세요. 자동화 덕분에 원시적인 작업은 잊으세요! 그리고 고객에게 제품을 판매하세요! 주차장, 주유소를 건설하세요...",,,
B0017,A03,Balatro / Hades / Vampire Survivors,"캐주얼, 인디, 전략 / 액션, 인디, RPG / 액션, 캐주얼, 인디, RPG","[Balatro] 포커 로그라이크 게임. Balatro는 불법 포커 패로 게임을 하고, 판을 뒤엎는 조커를 발견하고, 아드레날린이 치솟는 강력한 콤보를 만드는 덱 빌딩 게임입니다. ‖ [Hades] Bastion, Transistor, Pyre의 제작사에서 선보이는 이 로그라이크 던전 탐색형 게임에서 핵 앤 슬래시로 지하 세계를 탈출하고 죽음의 신에게 도전하세요. ‖ [Vampire Survivors] 수많은 어둠의 피조물을 쓰러뜨리며 새벽이 올 때까지 생존하세요! Vampire Survivors는 로그라이트 요소를 갖춘 고딕 호러 케주얼 게임입니다. 당신의 선택으로 순식간에 수백 마리의 괴물이 눈덩이처럼 불어날 수 있죠.",The Unliving,"액션, 어드벤처, 인디, RPG","어두운 The Unliving의 세계에서 죽음을 일으키고 무시무시한 네크로맨서로 키워보세요! 로그라이트 액션 RPG의 끝 없는 전투의 세계에서 여러분의 언데드 군대를 이끌어가세요. 엄청난 파괴력의 주술을 통해 도시를 잿더미로 만들고, 에픽 보스들을 처치하고, 적들을 여러분의 위협적인 아군으로 만드세요.",,,
B0018,A33,Garry's Mod / Team Fortress 2 / Left 4 Dead 2,"캐주얼, 인디, 시뮬레이션 / 액션, 무료 플레이 / 액션","[Garry's Mod] Garry's Mod is a physics sandbox. There aren't any predefined aims or goals. We give you the tools and leave you to play. ‖ [Team Fortress 2] 다양한 전술적 능력과 뚜렷한 개성을 갖춘 9가지 병과의 캐릭터를 플레이하세요. 끊임없이 업데이트되는 새로운 게임 모드, 맵, 장비 그리고 가장 중요한 모자까지 지금 바로 즐겨보세요! ‖ [Left 4 Dead 2] Set in the zombie apocalypse, Left 4 Dead 2 is a co-operative action horror FPS takes you and your friends through the cities, swamps and cemeteries of the Deep South, from Savanna",콜 오브 듀티®: 워존,"액션, 무료 플레이","방대한 무료 플레이 전장, 콜 오브 듀티®: 워존에 오신 것을 환영합니다.",,,
B0019,A27,The Raven Remastered / The Frostrune / Mad Experiments: Escape Room,"어드벤처 / 어드벤처 / 어드벤처, 캐주얼, 인디, 시뮬레이션, 전략","[The Raven Remastered] London, 1964. An ancient ruby is stolen from the British Museum. At the crime scene: a raven feather. Is somebody trying to follow in the footsteps of The Raven, the legendary mast ‖ [The Frostrune] Unravel a mystery inspired by Viking myth and legend in The Frostrune, a classic point-and-click adventure based on historically accurate Norse culture and environments. ‖ [Mad Experiments: Escape Room] 수상 후보에 오른 이스케이프 게임 1인 또는 최대 5인까지 플레이하며 3개의 독특한 방을 탐험하고, 두뇌를 자극하는 퍼즐을 풀며 체셔 교수와 그의 실험에 얽힌 어두운 비밀을 밝혀보세요.",HALF DEAD 3,"액션, 어드벤처, 대규모 멀티플레이어",많은 기대를 받고 있는 협동 공상 과학 쇼 속편의 일원이 되십시오. 네 명의 친구로 구성된 팀을 모으세요. 파트너가 많을수록 생존할 가능성이 높아집니다. 훨씬 더 정교한 함정으로 가득 찬 치명적인 새로운 방에서 탈출구를 찾으십시오.,,,
B0020,A20,Counter-Strike 2 / PUBG: BATTLEGROUNDS / 톰 클랜시의 레인보우식스 시즈,"액션, 무료 플레이 / 액션, 어드벤처, 대규모 멀티플레이어, 무료 플레이 / 액션, 무료 플레이","[Counter-Strike 2] Counter-Strike는 20년이 넘는 시간 동안 전 세계 수백만 명의 플레이어가 모여 수준 높은 경쟁을 펼칠 수 있는 플랫폼을 제공해 왔습니다. 그리고 이제 곧 Counter-Strike 2와 함께 새로운 CS 시대의 막이 열립니다. ‖ [PUBG: BATTLEGROUNDS] 배틀로얄 유행의 시작이자, 그 정수를 보여준 PUBG: 배틀그라운드를 지금 무료로 플레이하세요! 다양한 맵에 낙하하여 무기와 보급품을 확보하고, 점점 줄어드는 블루존 속에서 끝까지 살아남아 승리를 쟁취하세요. ‖ [톰 클랜시의 레인보우식스 시즈] 톰 클랜시의 레인보우식스 시즈는 탁월한 계획과 기술이 승부를 좌우하는 전술적인 정예 팀 기반 슈팅 게임입니다.",EXFIL,"액션, 어드벤처, 인디, RPG, 시뮬레이션, 전략, 앞서 해보기","EXFIL delivers raw tactical FPS intensity with no distractions. No loot grinding, no gimmicks, just pure realism. EXFIL tests your strategy, comms, and teamwork in high-stakes tactical engagements. Will your squad rise to the challenge?",,,
B0021,A07,Into the Breach / Monster Train / Mini Metro,"인디, RPG, 시뮬레이션, 전략 / 전략 / 인디, 시뮬레이션, 전략","[Into the Breach] 미래의 강력한 메크를 조종하여 외계 세력을 물리치세요. 이 턴제 전략 게임에서는 세계를 구하려 시도할 때마다 무작위로 새롭게 생성되는 도전이 여러분 앞에 나타납니다. ‖ [Monster Train] Monster Train is a strategic roguelike deck building game with a twist. Set on a train to hell, you’ll use tactical decision making to defend multiple vertical battlegrounds. With  ‖ [Mini Metro] 미니 메트로는 성장하는 도시를 위해 지하철 노선을 설계하는 게임입니다. 역과 역 사이에 노선을 그려서 열차 운행을 시작하세요. 새로운 역이 열리면 노선을 수정해서 노선도를 효율적으로 유지하세요. 한정된 자원을 어느 곳에 사용할 것인지 결정하세요. 도시를 얼마나 오래 유지할 수 있을까요?",레일바운드 - Railbound,"캐주얼, 인디",철로를 고치며 전 세계를 여행하는 편안한 퍼즐 게임입니다.,,,
B0022,A25,DOOMBLADE / Transiruby / Blast Brigade vs. the Evil Legion of Dr. Cread,"액션, 어드벤처, 인디 / 액션 / 액션, 어드벤처, 인디","[DOOMBLADE] Deep underground, Gloom Girl discovers DOOMBLADE, a sentient weapon hellbent on escape after eons in chains. Together, “Doom and Gloom” embark on a vengeful quest to unlock the pow ‖ [Transiruby] 차원 대륙의 의문을 풀어라! 는 사이보그 소녀 실비가 검과 엘리먼트 샷으로 적을 쓰러뜨리며 앞으로 나아가는 탐색형 액션 게임입니다! ‖ [Blast Brigade vs. the Evil Legion of Dr. Cread] 스릴 넘치는 플랫포밍과 깊이 있는 탐험 세계, 폭발적인 액션으로 가득한 2D 메트로이드배니아 어드벤처 게임을 즐겨보세요! Blast Brigade에서 영웅들로 팀을 구성해 세계를 구하세요!",Afterimage,"액션, 어드벤처, 인디","Afterimage는 다양한 캐릭터 빌드로 빠르게 진행되는 전투, 비선형 레벨 진도, 판타지 세계에서 펼쳐지는 몰입감 있는 스토리가 어우러지는, 수작업 그래픽 2D 액션 어드벤처 게임입니다.",,,
B0023,A20,Counter-Strike 2 / PUBG: BATTLEGROUNDS / 톰 클랜시의 레인보우식스 시즈,"액션, 무료 플레이 / 액션, 어드벤처, 대규모 멀티플레이어, 무료 플레이 / 액션, 무료 플레이","[Counter-Strike 2] Counter-Strike는 20년이 넘는 시간 동안 전 세계 수백만 명의 플레이어가 모여 수준 높은 경쟁을 펼칠 수 있는 플랫폼을 제공해 왔습니다. 그리고 이제 곧 Counter-Strike 2와 함께 새로운 CS 시대의 막이 열립니다. ‖ [PUBG: BATTLEGROUNDS] 배틀로얄 유행의 시작이자, 그 정수를 보여준 PUBG: 배틀그라운드를 지금 무료로 플레이하세요! 다양한 맵에 낙하하여 무기와 보급품을 확보하고, 점점 줄어드는 블루존 속에서 끝까지 살아남아 승리를 쟁취하세요. ‖ [톰 클랜시의 레인보우식스 시즈] 톰 클랜시의 레인보우식스 시즈는 탁월한 계획과 기술이 승부를 좌우하는 전술적인 정예 팀 기반 슈팅 게임입니다.",Legend Battles,"액션, 대규모 멀티플레이어, 시뮬레이션, 전략, 무료 플레이, 앞서 해보기","언리얼 엔진 5.6으로 제작된 무료 플레이 방식의 추출 배틀 로얄 게임입니다. 400km² 규모의 네오퓨처리즘 세계에서 파괴 가능한 환경과 차량, 거대한 A.C.U., 장갑 외계인, 흉포한 괴물, 중무장한 메타휴먼들을 상대로 공격, 방어, 약탈, 탈출 임무를 수행하며 역동적인 날씨 변화에 맞서 싸우세요.",,,
B0024,A08,Sid Meier’s Civilization® VI / XCOM® 2 / Stellaris,"전략 / 전략 / 시뮬레이션, 전략","[Sid Meier’s Civilization® VI] 문명 VI 에서는 새로운 방식으로 세상과 소통하고, 제국의 영토를 확장시키며, 문화를 발전시키고, 역사속 위대한 지도자들에 맞서 오래도록 지속될 나만의 문명을 건설해볼 수 있습니다. 클레오파트라를 비롯한 20명의 역사 속 지도자들 중 한명으로 플레이 해보세요. ‖ [XCOM® 2] XCOM 2는 수상 경력이 있는 전략 게임 XCOM: Enemy Unknown의 속편입니다. 인류가 외계인 침략군에게 항복한 지 20년, 이제 지구 상에는 새로운 세계 질서가 존재합니다. 수년간을 어둠 속에서 숨어 있었던 XCOM 부대는 반드시 일어나 외계인의 지배를 무너뜨릴 것입니다. ‖ [Stellaris] 항성간 여행을 통해 우주를 탐험하며 수많은 종족들도 만나보세요. 과학선을 보내 우주를 조사하고 탐험하면서 은하 제국을 건설하고, 건축선을 보내 새로 발견한 행성에 기지를 건설하세요. 소속 사회를 위한 탐험에 나서 매장된 보물과 은하계의 경이를 발견하고, 탐험가의 한계치와 진화 범위를 설정하세요. 동맹이 체결되고, 전쟁이 ",Men of War: Vietnam,전략,Men of War: Vietnam은 실시간 전술 시리즈를 새로운 전장으로 이끕니다 — 1968년 동남아시아의 밀림으로. 두 개의 스토리 중심 캠페인을 통해 전쟁의 양측 시각에서 베트남 전쟁의 혼돈을 경험하십시오.,,,
B0025,A31,Hearts of Iron IV / Europa Universalis IV / Sid Meier's Civilization® V,"시뮬레이션, 전략 / 시뮬레이션, 전략 / 전략","[Hearts of Iron IV] Victory is at your fingertips! Your ability to lead your nation is your supreme weapon, the strategy game Hearts of Iron IV lets you take command of any nation in World War II; the ‖ [Europa Universalis IV] 비교할 수 없는 자유도, 깊이 있는 스토리, 정확한 역사적 고증을 즐기며 국토를 다스리고 세계를 정복하세요. 세계 역사를 새롭게 쓰며 시대를 풍미할 제국을 만드세요. ‖ [Sid Meier's Civilization® V] Create, discover, and download new player-created maps, scenarios, interfaces, and more!",Hegemony III: Clash of the Ancients,"인디, 시뮬레이션, 전략","Command armies, manage resources, and build an empire in this real-time strategy wargame from Longbow Games. Will Rome fulfil its destiny to rule the ancient world or will history be rewritten to forge a new Etruscan, Gallic, or Greek hegemony!",,,
B0026,A20,Counter-Strike 2 / PUBG: BATTLEGROUNDS / 톰 클랜시의 레인보우식스 시즈,"액션, 무료 플레이 / 액션, 어드벤처, 대규모 멀티플레이어, 무료 플레이 / 액션, 무료 플레이","[Counter-Strike 2] Counter-Strike는 20년이 넘는 시간 동안 전 세계 수백만 명의 플레이어가 모여 수준 높은 경쟁을 펼칠 수 있는 플랫폼을 제공해 왔습니다. 그리고 이제 곧 Counter-Strike 2와 함께 새로운 CS 시대의 막이 열립니다. ‖ [PUBG: BATTLEGROUNDS] 배틀로얄 유행의 시작이자, 그 정수를 보여준 PUBG: 배틀그라운드를 지금 무료로 플레이하세요! 다양한 맵에 낙하하여 무기와 보급품을 확보하고, 점점 줄어드는 블루존 속에서 끝까지 살아남아 승리를 쟁취하세요. ‖ [톰 클랜시의 레인보우식스 시즈] 톰 클랜시의 레인보우식스 시즈는 탁월한 계획과 기술이 승부를 좌우하는 전술적인 정예 팀 기반 슈팅 게임입니다.",MetaStrike,"액션, 대규모 멀티플레이어","Metastrike is an FPS where every second matters. In a world on the brink, you and your squad are the last defense against chaos. Battle through crumbling cities and secret military bases, with each location a high-stakes arena where teamwork is key to survival.",,,
B0027,A12,Baldur's Gate 3 / Mount & Blade II: Bannerlord / Kenshi,"어드벤처, RPG, 전략 / 액션, 인디, RPG, 시뮬레이션, 전략 / 액션, 인디, RPG, 시뮬레이션, 전략","[Baldur's Gate 3] Baldur’s Gate 3 is a story-rich, party-based RPG set in the universe of Dungeons & Dragons, where your choices shape a tale of fellowship and betrayal, survival and sacrifice, and  ‖ [Mount & Blade II: Bannerlord] 본 게임은 전략/액션 RPG입니다. 캐릭터를 생성하고, 외교에 참여하고, 제작, 거래를 하고, 방대한 중세풍의 샌드박스에서 새로운 땅을 정복하십시오. 군대를 일으켜 전쟁에 뛰어들고, 깊이가 있으나 직관적인 실력 기반의 전투 시스템을 채용한 대규모 실시간 전투에서 자신의 부대에 명령을 내리고 함께 싸우십시오. ‖ [Kenshi] 자유롭게 돌아다니는 분대 기반의 RPG. 스토리를 따라가는 대신 제한 없는 샌드박스식 게임플레이에 중점을 두었습니다. 무역상, 도둑, 반란군, 전쟁 군주, 모험가, 농부, 노예 등 다양한 삶을 체험할 수 있습니다. 운이 나쁘면 식인종의 먹잇감으로 전락할지도 모르죠. 새로운 장비를 연구하거나 제작해 보세요.",Blockscape,"캐주얼, 인디, RPG, 시뮬레이션, 전략, 앞서 해보기",The ultimate block building game.,,,
B0028,A15,서브노티카 / The Long Dark / No Man's Sky,"어드벤처, 인디 / 어드벤처, 인디, 시뮬레이션, 전략 / 액션, 어드벤처","[서브노티카] 위험과 경이로움이 가득한 외계의 바다 속으로 내려가세요. 장비를 제작하고, 잠수함을 조종하며 야생 생물보다 앞서가세요. 우거진 산호초, 화산, 동굴 같은 많은 장소들을 탐험하세요. 물론 살아남는 걸 잊으면 안 되겠죠. ‖ [The Long Dark] The Long Dark는 깊은 생각을 요구하는 탐험 생존 게임입니다. 플레이어는 지구 자기장 이상으로 인한 대재앙이 휩쓸고 간 세상에서 혼자 드넓은 설원 황무지를 탐험하며 살아남아야 합니다. 좀비는 등장하지 않으며 오직 플레이어와 추위, 그리고 자연 속의 위험들만 존재합니다. 고요한 종말의 세상에 오신 것을 환영합니다. ‖ [No Man's Sky] No Man's Sky는 무한히 펼쳐지는 우주에서의 탐험과 생존을 그린 SF 게임입니다.",Satisfactory,"어드벤처, 인디, 시뮬레이션, 전략","Satisfactory is a first-person open-world factory building game with a dash of exploration and combat. Play alone or with friends, explore an alien planet, create multi-story factories, and enter conveyor belt heaven!",,,
B0029,A23,Vomitoreum / Tales of Kenzera™: ZAU / Shantae: Half-Genie Hero,"액션, 어드벤처, 인디 / 액션, 어드벤처, 인디 / 액션, 어드벤처, 인디","[Vomitoreum] Vomitoreum is an FPS Metroidvania with a focus on atmosphere and horror, inspired by the paintings of Zdzisław Beksiński. ‖ [Tales of Kenzera™: ZAU] 샤먼의 춤을 추세요. 아버지의 영혼을 되찾으세요. Surgent Studios가 제작한 메트로이드바니아 스타일의 어드벤처 게임 Tales of Kenzera™: ZAU에서 죽음의 신과 함께 아름답고 위험한 켄제라의 땅으로 용감하게 모험을 떠나세요. ‖ [Shantae: Half-Genie Hero] Shantae embarks on her first full HD adventure! When a mysterious crime wave sweeps Sequin Land, it’s up to Half-Genie Hero Shantae to save the day! Use Shantae’s devastating Hair-",Awaken - Astral Blade,"액션, 어드벤처, 인디, RPG, 전략",AWAKEN - Astral Blade는 바이오닉 전사 타니아가 되어 카르파스 에너지로 뒤틀린 세계를 헤쳐나가는 2.5D 액션 어드벤처 메트로이드바니아입니다. 패리를 숙달하고 능력을 강화하며 끊임없이 몰려오는 적과 보스에 맞서 생존하세요. 이 절망적인 세계에서 살아남을 수 있을까요?,,,
B0030,A22,Deck of Ashes / Dicefolk / Cubic Cosmos,"어드벤처, 인디, RPG, 전략 / 캐주얼, 인디, 전략 / 전략","[Deck of Ashes] 덱 오브 애쉬즈(Deck of Ashes)는 전술 카드 전투를 벌이는 어드벤처 게임입니다. 한 번에 한 캐릭터씩 안티히어로 일행을 이끌어 속죄의 여행을 떠나보세요. 저주받은 판타지 세계를 탐험하며 강력한 카드를 찾아보세요. 독특한 전투 덱을 형성하여 적들을 무찌르세요! 잿빛 저주의 세계를 제거하실 수 있겠습니까? ‖ [Dicefolk] 마법 주사위의 힘을 휘두르고 강력한 키메라 팀을 구축해보세요! 수수께끼의 악을 멈추기 위한 택티컬 덱빌딩 로그라이트 모험이 다가오고 있습니다. 키메라 소환사로서, 신화적인 짐승들을 모집하고 완벽한 팀을 만들고, 다이스포크만의 독특한 주사위 메커니즘을 활용하여 승리로 이끌어주세요. ‖ [Cubic Cosmos] Cubic Cosmos is a thrilling fast-paced roguelike card game. You have been trapped in a deadly game. One wrong move could see you reduced to a plaything of the goddess. Can you free",Power Chord,"인디, 전략","Power Chord is a rock'n roguelite deck-building game. Assemble Earth's mightiest musicians, battle your way through legions of demons, discover new cards to enhance your instruments of destruction, and take back the city, one dive bar at a time.",,,
B0031,A07,Into the Breach / Monster Train / Mini Metro,"인디, RPG, 시뮬레이션, 전략 / 전략 / 인디, 시뮬레이션, 전략","[Into the Breach] 미래의 강력한 메크를 조종하여 외계 세력을 물리치세요. 이 턴제 전략 게임에서는 세계를 구하려 시도할 때마다 무작위로 새롭게 생성되는 도전이 여러분 앞에 나타납니다. ‖ [Monster Train] Monster Train is a strategic roguelike deck building game with a twist. Set on a train to hell, you’ll use tactical decision making to defend multiple vertical battlegrounds. With  ‖ [Mini Metro] 미니 메트로는 성장하는 도시를 위해 지하철 노선을 설계하는 게임입니다. 역과 역 사이에 노선을 그려서 열차 운행을 시작하세요. 새로운 역이 열리면 노선을 수정해서 노선도를 효율적으로 유지하세요. 한정된 자원을 어느 곳에 사용할 것인지 결정하세요. 도시를 얼마나 오래 유지할 수 있을까요?",Element Space,"액션, 인디, RPG, 전략",Year 2199. Assemble an elite crew and make allies to combat a shadowy organization threatening the future of humanity. Face overwhelming odds with strategy. Make your choices and save us from extinction.,,,
B0032,A25,DOOMBLADE / Transiruby / Blast Brigade vs. the Evil Legion of Dr. Cread,"액션, 어드벤처, 인디 / 액션 / 액션, 어드벤처, 인디","[DOOMBLADE] Deep underground, Gloom Girl discovers DOOMBLADE, a sentient weapon hellbent on escape after eons in chains. Together, “Doom and Gloom” embark on a vengeful quest to unlock the pow ‖ [Transiruby] 차원 대륙의 의문을 풀어라! 는 사이보그 소녀 실비가 검과 엘리먼트 샷으로 적을 쓰러뜨리며 앞으로 나아가는 탐색형 액션 게임입니다! ‖ [Blast Brigade vs. the Evil Legion of Dr. Cread] 스릴 넘치는 플랫포밍과 깊이 있는 탐험 세계, 폭발적인 액션으로 가득한 2D 메트로이드배니아 어드벤처 게임을 즐겨보세요! Blast Brigade에서 영웅들로 팀을 구성해 세계를 구하세요!",Awita: Journey of Hope,"액션, 어드벤처, 인디","은 흉험한 전염병으로부터 자신의 마을을 구하고자 긴 여정을 떠나기로 결심한 용감한 소녀, 아위타의 이야기를 다루는 사이드뷰 메트로배니아 게임입니다.",,,
B0033,A26,RimWorld / Oxygen Not Included / Unpacking 언패킹,"인디, 시뮬레이션, 전략 / 인디, 시뮬레이션 / 캐주얼, 인디, 시뮬레이션","[RimWorld] 지능형 AI 이야기꾼이 주도하는 공상과학 정착지 시뮬레이터입니다. 심리, 생태, 총격전과 근접전, 날씨, 기후, 외교, 사람 사이의 관계, 예술, 의학, 무역, 그 외 많은 것들을 시뮬레이션하여 이야기를 생성합니다. ‖ [Oxygen Not Included] Oxygen Not Included는 우주 콜로니 시뮬레이션 게임입니다. 외계의 우주 암석 깊은 곳에서 근면한 일꾼들은 생존하고 나아가 번영하기 위해 과학을 마스터하고, 낯선 새로운 생명체에 맞서며, 경이로운 우주 테크놀로지를 활용해야 합니다. ‖ [Unpacking 언패킹] Unpacking은 상자에서 짐을 꺼내 새집에 맞게 배치하는 친숙한 체험에 대한 명상적 퍼즐 게임입니다. 게임의 일부인 블록 맞추기 게임과 집 꾸미기를 하는 동안, 푸는 짐에 닮긴 삶의 실마리를 찾아가며 만족할 만한 생활 공간을 만들어 보세요.",SteamWorld Build,"시뮬레이션, 전략","행성이 죽어갑니다. 이제 새로운 개척지를 건설할 시간입니다! 땅을 깊이 파고 마을을 넓게 지어 오랫동안 잊혀진 우주 여행 기술을 발굴하세요. 주민에게 꼭 필요한 물, 연료, 즐길 거리를 갖추는 것도 잊지 마시고요! 과연 당신은 마지막 개척지에 도달할 수 있을까요?",,,
B0034,A25,DOOMBLADE / Transiruby / Blast Brigade vs. the Evil Legion of Dr. Cread,"액션, 어드벤처, 인디 / 액션 / 액션, 어드벤처, 인디","[DOOMBLADE] Deep underground, Gloom Girl discovers DOOMBLADE, a sentient weapon hellbent on escape after eons in chains. Together, “Doom and Gloom” embark on a vengeful quest to unlock the pow ‖ [Transiruby] 차원 대륙의 의문을 풀어라! 는 사이보그 소녀 실비가 검과 엘리먼트 샷으로 적을 쓰러뜨리며 앞으로 나아가는 탐색형 액션 게임입니다! ‖ [Blast Brigade vs. the Evil Legion of Dr. Cread] 스릴 넘치는 플랫포밍과 깊이 있는 탐험 세계, 폭발적인 액션으로 가득한 2D 메트로이드배니아 어드벤처 게임을 즐겨보세요! Blast Brigade에서 영웅들로 팀을 구성해 세계를 구하세요!",Dusk City,"액션, 어드벤처","A flourishing civilization had sunk into the sea. The night never dawns...... and a sense of apocalypse hangs over the world. You'll land on an island in such a world, and as you explore the town and ruins, you'll come into contact with fragments of the world's mysteries.",,,
B0035,A02,Still Life / Jenny LeClue - Detectivu / Telling Lies,"어드벤처 / 액션, 어드벤처, 캐주얼, 인디 / 어드벤처, 인디, 시뮬레이션",[Still Life] Still Life 2 also now available! ‖ [Jenny LeClue - Detectivu] Jenny LeClue - Detectivu는 조사와 선택지로 가득한 스릴 넘치는 미스터리 어드벤처 게임입니다. ‖ [Telling Lies] 네 명의 삶. 그리고 하나의 큰 거짓말. 아무도 모르게 녹화된 은밀한 대화를 들으며 진실을 알아내십시오. 큰 호평을 받았던 Her Story의 계승작입니다.,운명 게임,"어드벤처, 인디, RPG, 시뮬레이션","1인칭 시점에 몰입하고, 시공간을 넘나들고, 기괴한 사건을 해결하고, 무고한 피해자를 구하고, 미스터리한 살인범을 잡으세요! 살인을 해결하고, 정의를 지키고, 사랑을 얻을 수 있습니다. 준비가 되었나요? 시공간, 삶과 죽음을 넘나드는 ""운명의 게임""을 플레이하세요!",,,
B0036,A10,A Short Hike / ISLANDERS / Gorogoa,"어드벤처, 인디 / 캐주얼, 인디, 전략 / 어드벤처, 캐주얼, 인디","[A Short Hike] Hike, climb, and soar through the peaceful mountainside landscapes of Hawk Peak Provincial Park as you make your way to the summit. ‖ [ISLANDERS] ISLANDERS is a minimalist strategy game about building cities on colorful islands. ‖ [Gorogoa] Gorogoa(고로고아)는 Jason Roberts가 디자인하고 일러스트레이션을 손으로 그린 아름다운 차세대 퍼즐 게임입니다.",Zup! 3,"캐주얼, 인디",Minimal physical puzzle with explosions,,,
B0037,A34,Pid / ChromaGun / Deer & Boy,"어드벤처, 인디 / 액션, 어드벤처, 인디 / 액션, 어드벤처, 인디","[Pid] You are stranded on a strange and peculiar planet. It’s time to embark on your journey and find your way home! Explore a gravity defying and challenging platformer with striking vi ‖ [ChromaGun] Welcome to ChromaTec’s test lab! You’re here to test our state-of-the-art military-grade color-technology: The ChromaGun (patent pending)! Use it to solve our meticulously designed ‖ [Deer & Boy] 도망친 소년은 길 잃은 어린 사슴을 만나 고요하면서도 위태로운 세상을 함께 헤쳐 나갑니다. 퍼즐을 풀고, 높은 곳에 오르고, 위협을 피해 나아가며 당신의 동료는 연약한 아기 사슴에서 어엿한 사슴으로 성장하죠. 혼자서는 할 수 없었던 일을 함께 해내는 법을 배우게 됩니다.",Spooky Cats,"액션, 캐주얼, 인디",오 이런! 이 귀여운 작은 고양이는 유령이 나오는 집에서 혼자 길을 잃었어요! 동전을 모으고 괴물을 물리쳐야만 그녀는 출구를 찾을 수 있습니다! 빠른 손놀림으로 이 사랑스럽고 어둡고 재미있는 플랫폼 게임을 정복하세요.,,,
B0038,A27,The Raven Remastered / The Frostrune / Mad Experiments: Escape Room,"어드벤처 / 어드벤처 / 어드벤처, 캐주얼, 인디, 시뮬레이션, 전략","[The Raven Remastered] London, 1964. An ancient ruby is stolen from the British Museum. At the crime scene: a raven feather. Is somebody trying to follow in the footsteps of The Raven, the legendary mast ‖ [The Frostrune] Unravel a mystery inspired by Viking myth and legend in The Frostrune, a classic point-and-click adventure based on historically accurate Norse culture and environments. ‖ [Mad Experiments: Escape Room] 수상 후보에 오른 이스케이프 게임 1인 또는 최대 5인까지 플레이하며 3개의 독특한 방을 탐험하고, 두뇌를 자극하는 퍼즐을 풀며 체셔 교수와 그의 실험에 얽힌 어두운 비밀을 밝혀보세요.",Röki,"어드벤처, 인디",Röki는 눈 덮인 황야를 배경으로 한 아름다운 어드벤처 게임입니다. 여러분은 Tove가 되어 숨겨진 전설과 잊혀진 괴물들의 미지의 세계를 탐험하게 됩니다. 구원으로 향하는 길을 가면서 퍼즐을 해결하고 진귀한 아이템을 수집하고 비극적이었던 상실에 대한 이야기를 풀어나가세요.,,,
B0039,A01,It Takes Two / Overcooked! 2 / What Remains of Edith Finch,"액션, 어드벤처 / 액션, 캐주얼, 인디 / 어드벤처, 인디","[It Takes Two] It Takes Two에서 생애 가장 정신없는 여정을 시작하세요. 친구가 무료로 참가할 수 있게 친구 패스*로 초대하고, 함께 힘을 합쳐서 수많은 유쾌하고 획기적인 게임 플레이 챌린지를 헤쳐나가세요. ‖ [Overcooked! 2] 혼란스러운 요리 액션으로 가득한 Overcooked가 돌아왔습니다! 양파 왕국으로 돌아가는 여행을 떠나세요. 클래식 협동 또는 온라인 플레이에서 셰프 팀을 만들어서 최대 4명까지 플레이하세요. 앞치마를 준비하세요... 다시 세상을 구할 때가 되었습니다! ‖ [What Remains of Edith Finch] What Remains of Edith Finch(워트 리메인스 오브 에디스 핀치)는 워싱턴 주에 있는 어느 가족에 대한 이상한 이야기의 모음입니다. 플레이어는 에디스가 되어 거대한 핀치 가택을 탐사하고, 가족사를 연구하며 이야기를 찾고, 왜 가족 중에서 그녀만 살아남았는지 알아내야 합니다. 각 이야기는 새로운 가족 구성",Bloody Trapland 2: Curiosity,"액션, 어드벤처, 캐주얼, 인디","Take on the hard yet fair world of Bloody Trapland. Jump, slide, dash and dodge your way through the many deadly levels. Find secrets, solve puzzles, unlock mysteries and unravel the story. Go at it alone or bring your friends along for a co-op experience like no other. 1-4 players online and/or spl",,,
B0040,A13,Death's Door / Children of Morta / Roboquest / Spelunky 2 / Nuclear Throne / Streets of Rogue / Neon Abyss / Curse of the Dead Gods / Rogue Legacy 2 / Have a Nice Death,"액션, 어드벤처, 인디, RPG / 액션, 어드벤처, 인디, RPG / 액션, 인디 / 액션, 인디 / 액션, 인디, RPG / 액션, 어드벤처, 인디, RPG / 액션, 어드벤처, 인디, RPG / 액션, 어드벤처 / 액션, 어드벤처, 인디, RPG / 액션, 인디","[Death's Door] 죽은 자의 영혼을 수확하고 시간을 끝내는 것은 단조로울 수 있지만 까마귀에겐 평범한 일입니다. 하지만 주어진 영혼을 도둑맞게 되면 변화가 일어납니다. 영혼을 도난하고 죽음의 손길이 닿지 않는 영역으로 도망친 절망적인 도둑을 추적하십시오. ‖ [Children of Morta] Children of Morta는 비범한 가족 영웅에 대한 스토리 중심의 액션 RPG 게임입니다. 다가오는 부패에 맞서 모든 결함과 미덕을 갖춘 베르그송 가를 이끄세요. 여러분은 여러분이 아끼는 사람들을 구하기 위해 모든 것을 희생할 수 있으신가요? ‖ [Roboquest] 로보퀘스트는 멸망한 미래 세계의 빠른 FPS 로그라이트입니다. 당신은 재부팅된 수호자로, 강철 궁둥짝을 걷어 찰 준비를 하세요! 혼자서 혹은 친구와 함께 맞서거나 끊임없이 변화하는 환경에서 치명적인 로봇 군단을 섬멸하세요. ‖ [Spelunky 2] Spelunky 2 builds upon the unique, randomized challenges that made the original a roguelike classic, offering a huge adventure designed to satisfy players old and new. Meet the nex ‖ [Nuclear Throne] Nuclear Throne은 포스트 아포칼립스 세계관의 로그라이크 스타일 탑다운 슈터입니다. 여기서 말하는 포스트 아포칼립스는 '인류의 마지막 희망'이 남아 있는 세계가 아니라, '인류는 멸종했고 이제 돌연변이와 괴물들이 세상을 돌아다니는' 그런 세계입니다. 과연 당신은 뉴클리어 쓰론에 도달할 수 있을까요? ‖ [Streets of Rogue] 싸워서 몰래 들어가 임의 생성된 도시를 공격하세요. Nuclear Throne은 무법천지 GTA와 Deus Ex가 혼합된 형태입니다. Rogue-lite가 몰입도 높은 캐릭터를 만나 너무 재미있습니다. ‖ [Neon Abyss] Neon Abyss는 고속의 로그라이크 액션 플랫포머로, 하데스가 만든 '그림 스쿼드'의 일원이 되어 어비스로 총을 들고 뛰어드는 런 앤 건 게임입니다. 무한한 아이템 시너지와 던전 진화 시스템으로, 매번 게임을 할 때마다 다른 경험과 새로운 도전이 등장합니다. 진짜 지옥을 보여주세요! ‖ [Curse of the Dead Gods] 엄청난 부, 영원한 생명, 신성한 힘을 탐하는 마음이 당신을 끝없는 지옥 속의 미로, 치명적인 함정 및 몬스터가 우글거리는 이 저주받은 사원으로 이끌었습니다. ‖ [Rogue Legacy 2] 로그 레거시 2는 로그 레거시에 후속편을 끼얹은 작품입니다. 당신이 죽을 때마다 자식이 가업을 이어받습니다. 딸은 색맹 궁수이고 아들은 평화주의자 요리사일 수도 있죠. 어쨌거나 둘 중 한 명은 전장으로 나가야 합니다. ‖ [Have a Nice Death] Have a Nice Death는 과로에 고생하는 데스가 되어 플레이하는 2D 액션 로그라이크로, 통제 불능인 직원들 때문에 영혼의 균형과 데스의 휴가 계획이 틀어지고 말았습니다. 질서를 회복하려면 대낫을 들고 직원들과 서열 정리를 해야 합니다.",Heroes of Hammerwatch,"액션, 인디, RPG",Heroes of Hammerwatch is a rogue-lite action-adventure. Explore and battle your way through procedurally generated levels on your own or with up to 3 friends.,,,
B0041,A20,Counter-Strike 2 / PUBG: BATTLEGROUNDS / 톰 클랜시의 레인보우식스 시즈,"액션, 무료 플레이 / 액션, 어드벤처, 대규모 멀티플레이어, 무료 플레이 / 액션, 무료 플레이","[Counter-Strike 2] Counter-Strike는 20년이 넘는 시간 동안 전 세계 수백만 명의 플레이어가 모여 수준 높은 경쟁을 펼칠 수 있는 플랫폼을 제공해 왔습니다. 그리고 이제 곧 Counter-Strike 2와 함께 새로운 CS 시대의 막이 열립니다. ‖ [PUBG: BATTLEGROUNDS] 배틀로얄 유행의 시작이자, 그 정수를 보여준 PUBG: 배틀그라운드를 지금 무료로 플레이하세요! 다양한 맵에 낙하하여 무기와 보급품을 확보하고, 점점 줄어드는 블루존 속에서 끝까지 살아남아 승리를 쟁취하세요. ‖ [톰 클랜시의 레인보우식스 시즈] 톰 클랜시의 레인보우식스 시즈는 탁월한 계획과 기술이 승부를 좌우하는 전술적인 정예 팀 기반 슈팅 게임입니다.",Battle Royale Survival,"액션, 어드벤처, 무료 플레이, 앞서 해보기",Battle Royale Survival is a Battle Royale game set in a cartoon styled world. Fight against players or bots.,,,
B0042,A21,DARK SOULS™ III / The Witcher 3: Wild Hunt / The Elder Scrolls V: Skyrim Special Edition,액션 / RPG / RPG,"[DARK SOULS™ III] 장르를 새로 개척했다는 평가를 들으며 많은 좋은 평가들을 얻고 있는 다크 소울 시리즈는 계속해서 한계를 넘어서, 더욱 야심찬 단계에 도전하고자 하고 있습니다. 준비를 하고 어둠을 밝히십시오! ‖ [The Witcher 3: Wild Hunt] 리비아의 게롤트가 되어 의뢰를 받고 괴물을 사냥하세요. 전쟁의 상처가 가득하고 괴물이 들끓는 대륙을 마음껏 탐험해 보세요. 지금 가장 중요한 일은 대륙의 판도를 뒤바꿀 수도 있는 살아 있는 무기이자 예언의 아이, 시리를 추적하는 것입니다. ‖ [The Elder Scrolls V: Skyrim Special Edition] 200회 이상 올해의 게임에 선정된 The Elder Scrolls V: Skyrim Special Edition이 놀라운 디테일로 판타지에 생명을 불어넣었습니다. Special Edition에는 비평가들의 극찬을 받은 게임 및 새로운 기능이 포함된 애드온이 들어 있습니다.",Legend of Grimrock,"어드벤처, 인디, RPG",Use the Dungeon Editor to build entirely new adventures and challenges for other players to solve.,,,
B0043,A24,Valheim / Grounded / My Time at Portia,"액션, 어드벤처, 인디, RPG, 앞서 해보기 / 액션, 어드벤처 / 어드벤처, 캐주얼, 인디, RPG, 시뮬레이션","[Valheim] 북구 신화와 바이킹 문화에 기반한 판타지 세계를 배경으로 펼쳐지는 생존 및 탐험 게임. ‖ [Grounded] The world is a vast, beautiful and dangerous place – especially when you have been shrunk to the size of an ant. Can you thrive alongside the hordes of giant insects, fighting to s ‖ [My Time at Portia] 아름다운 Portia 마을에서 새 삶을 시작하세요! 아버지가 방치한 작업장에서 제작을 부탁받고, 작물을 키우고, 가축을 기르고, 아름다운 세기말의 땅에서 특이한 친구들을 사귀며 작업장을 예전의 멋진 모습으로 복원하세요.",KeepUp Survival,"액션, 어드벤처, 인디","KeepUp Survival은 자연으로 가득한 버려진 세계를 배경으로 한 오픈월드 기지 건설 및 탐험 게임입니다. 건설하고, 자원을 모으고, 생존하며, 신비로운 섬에서 자신만의 이야기를 만들어 보세요.",,,
B0044,A15,서브노티카 / The Long Dark / No Man's Sky,"어드벤처, 인디 / 어드벤처, 인디, 시뮬레이션, 전략 / 액션, 어드벤처","[서브노티카] 위험과 경이로움이 가득한 외계의 바다 속으로 내려가세요. 장비를 제작하고, 잠수함을 조종하며 야생 생물보다 앞서가세요. 우거진 산호초, 화산, 동굴 같은 많은 장소들을 탐험하세요. 물론 살아남는 걸 잊으면 안 되겠죠. ‖ [The Long Dark] The Long Dark는 깊은 생각을 요구하는 탐험 생존 게임입니다. 플레이어는 지구 자기장 이상으로 인한 대재앙이 휩쓸고 간 세상에서 혼자 드넓은 설원 황무지를 탐험하며 살아남아야 합니다. 좀비는 등장하지 않으며 오직 플레이어와 추위, 그리고 자연 속의 위험들만 존재합니다. 고요한 종말의 세상에 오신 것을 환영합니다. ‖ [No Man's Sky] No Man's Sky는 무한히 펼쳐지는 우주에서의 탐험과 생존을 그린 SF 게임입니다.",Sons Of The Forest,"액션, 어드벤처, 인디, 시뮬레이션",외딴 섬에서 실종된 억만장자를 찾기 위해 파견된 당신은 식인종으로 가득한 지옥을 마주하게 됩니다. 이 무시무시한 오픈 월드 기반의 공포 서바이벌 시뮬레이터에서 혼자 또는 친구들과 함께 무기를 제작하고 건물을 지으며 생존을 위해 고군분투하세요.,,,
B0045,A02,Still Life / Jenny LeClue - Detectivu / Telling Lies,"어드벤처 / 액션, 어드벤처, 캐주얼, 인디 / 어드벤처, 인디, 시뮬레이션",[Still Life] Still Life 2 also now available! ‖ [Jenny LeClue - Detectivu] Jenny LeClue - Detectivu는 조사와 선택지로 가득한 스릴 넘치는 미스터리 어드벤처 게임입니다. ‖ [Telling Lies] 네 명의 삶. 그리고 하나의 큰 거짓말. 아무도 모르게 녹화된 은밀한 대화를 들으며 진실을 알아내십시오. 큰 호평을 받았던 Her Story의 계승작입니다.,무연,"어드벤처, 캐주얼, 인디",고립된 섬에서 진행되는 6일 간의 추리 카페 정기모임에 당신을 초대합니다! 8명의 캐릭터들의 이야기가 얽힌 추리 어드벤처 게임을 즐겨보세요!,,,
B0046,A06,Cities: Skylines / Factorio / Farming Simulator 22,"시뮬레이션, 전략 / 캐주얼, 인디, 시뮬레이션, 전략 / 시뮬레이션","[Cities: Skylines] Cities: Skylines is a modern take on the classic city simulation. The game introduces new game play elements to realize the thrill and hardships of creating and maintaining a real  ‖ [Factorio] Factorio는 무한한 2D 세상에서 복잡성이 증가하는 아이템을 생산하기 위해 자동화 공장을 만드는 게임입니다. - 당신의 상상력으로 공장을 설계, 독창적인 방법으로 간단한 요소를 결합하고 마지막엔 당신을 좋아하지 않는 생물들로 부터 공장을 지키세요. ‖ [Farming Simulator 22] 농장을 만들고 농사를 즐기세요! 작물을 수확하고, 동물을 돌보고, 생산을 관리하고, 계절에 따른 어려움을 이겨내세요.",Atrio: The Dark Wild,"어드벤처, 시뮬레이션, 전략",생존과 자동화가 만났습니다. 사로잡은 생물을 조립 라인에 넣으세요. 다시 불이 들어올 때까지 오래 생존할 수 있을까요?,,,
B0047,A08,Sid Meier’s Civilization® VI / XCOM® 2 / Stellaris,"전략 / 전략 / 시뮬레이션, 전략","[Sid Meier’s Civilization® VI] 문명 VI 에서는 새로운 방식으로 세상과 소통하고, 제국의 영토를 확장시키며, 문화를 발전시키고, 역사속 위대한 지도자들에 맞서 오래도록 지속될 나만의 문명을 건설해볼 수 있습니다. 클레오파트라를 비롯한 20명의 역사 속 지도자들 중 한명으로 플레이 해보세요. ‖ [XCOM® 2] XCOM 2는 수상 경력이 있는 전략 게임 XCOM: Enemy Unknown의 속편입니다. 인류가 외계인 침략군에게 항복한 지 20년, 이제 지구 상에는 새로운 세계 질서가 존재합니다. 수년간을 어둠 속에서 숨어 있었던 XCOM 부대는 반드시 일어나 외계인의 지배를 무너뜨릴 것입니다. ‖ [Stellaris] 항성간 여행을 통해 우주를 탐험하며 수많은 종족들도 만나보세요. 과학선을 보내 우주를 조사하고 탐험하면서 은하 제국을 건설하고, 건축선을 보내 새로 발견한 행성에 기지를 건설하세요. 소속 사회를 위한 탐험에 나서 매장된 보물과 은하계의 경이를 발견하고, 탐험가의 한계치와 진화 범위를 설정하세요. 동맹이 체결되고, 전쟁이 ",Unity of Command II,"인디, 시뮬레이션, 전략",Unity of Command II is the sequel to one of the most critically acclaimed strategy games of all time; a game critics called 'the perfect gateway' into computer war games.,,,
B0048,A11,Forza Horizon 5 / Hi-Fi RUSH / Street Fighter 6,"액션, 어드벤처, 레이싱, 시뮬레이션, 스포츠 / 액션 / 액션, 어드벤처","[Forza Horizon 5] 세계 최고의 자동차를 타고 생동감 넘치는 멕시코의 대자연을 탐험하며 재미있는 드라이빙 액션을 마음껏 즐겨보세요. ‖ [Hi-Fi RUSH] 아케이드 챌린지! 업데이트!로 추가되는 두 개의 신규 게임 모드에서 여러분의 능력을 시험하고, 새로운 보상을 획득해 보세요. 몇 가지 비밀도 숨어 있답니다! 락 스타 지망생 차이가 되어 비트를 타고, 세상 모든 게 음악에 싱크되는 세계에서 오합지졸 팀과 함께 사악한 거대 기업에 맞서 싸우세요. ‖ [Street Fighter 6] 시리즈 최신작 『Street Fighter 6』, 2023년 6월 2일 발매 결정! RE ENGINE으로 개발된 본 작품은 대형 모드 「World Tour」, 「Fighting Ground」, 「Battle Hub」로 구성되어 있다. 새로운 「스트리트 파이터」에는 지금까지의 시리즈에는 없었던 새로운 체험이 기다리고 있다.",Wreckreation,"액션, 레이싱",오픈 월드 드라이빙 게임 Wreckreation을 혼자서 또는 친구와 함께 즐기며 광대한 도로의 세계를 탐험하고 레이스와 챌린지를 만들어 공유하세요. 플레이어가 꾸며 나가는 빠른 업데이트로 진화하는 오픈 월드를 한껏 누려 보세요.,,,
B0049,A20,Counter-Strike 2 / PUBG: BATTLEGROUNDS / 톰 클랜시의 레인보우식스 시즈,"액션, 무료 플레이 / 액션, 어드벤처, 대규모 멀티플레이어, 무료 플레이 / 액션, 무료 플레이","[Counter-Strike 2] Counter-Strike는 20년이 넘는 시간 동안 전 세계 수백만 명의 플레이어가 모여 수준 높은 경쟁을 펼칠 수 있는 플랫폼을 제공해 왔습니다. 그리고 이제 곧 Counter-Strike 2와 함께 새로운 CS 시대의 막이 열립니다. ‖ [PUBG: BATTLEGROUNDS] 배틀로얄 유행의 시작이자, 그 정수를 보여준 PUBG: 배틀그라운드를 지금 무료로 플레이하세요! 다양한 맵에 낙하하여 무기와 보급품을 확보하고, 점점 줄어드는 블루존 속에서 끝까지 살아남아 승리를 쟁취하세요. ‖ [톰 클랜시의 레인보우식스 시즈] 톰 클랜시의 레인보우식스 시즈는 탁월한 계획과 기술이 승부를 좌우하는 전술적인 정예 팀 기반 슈팅 게임입니다.",ShootMania Storm,액션,"ShootMania the FPS “Powered By Players”ShootMania Storm is revolutionizing the multiplayer FPS by adding a community dimension and unlimited replayability. Developed by the Nadeo studio, renowned for community racing game, TrackMania, ShootMania Storm boasts quick-fire matches and epic battles, wher",,,
B0050,A26,RimWorld / Oxygen Not Included / Unpacking 언패킹,"인디, 시뮬레이션, 전략 / 인디, 시뮬레이션 / 캐주얼, 인디, 시뮬레이션","[RimWorld] 지능형 AI 이야기꾼이 주도하는 공상과학 정착지 시뮬레이터입니다. 심리, 생태, 총격전과 근접전, 날씨, 기후, 외교, 사람 사이의 관계, 예술, 의학, 무역, 그 외 많은 것들을 시뮬레이션하여 이야기를 생성합니다. ‖ [Oxygen Not Included] Oxygen Not Included는 우주 콜로니 시뮬레이션 게임입니다. 외계의 우주 암석 깊은 곳에서 근면한 일꾼들은 생존하고 나아가 번영하기 위해 과학을 마스터하고, 낯선 새로운 생명체에 맞서며, 경이로운 우주 테크놀로지를 활용해야 합니다. ‖ [Unpacking 언패킹] Unpacking은 상자에서 짐을 꺼내 새집에 맞게 배치하는 친숙한 체험에 대한 명상적 퍼즐 게임입니다. 게임의 일부인 블록 맞추기 게임과 집 꾸미기를 하는 동안, 푸는 짐에 닮긴 삶의 실마리를 찾아가며 만족할 만한 생활 공간을 만들어 보세요.",Mars First Logistics,"인디, 시뮬레이션",오픈 월드 물리 시뮬레이션 게임 기계 로버를 만들고 화성 표면을 가로지르면서 이상하게 생긴 화물을 운반하세요. 돈을 벌어 새로운 부품을 잠금 해제하고 자신의 뛰어난 아이디어로 새로운 우주 식민지를 건설하세요! 혼자나 온라인에서 협동 모드로 플레이할 수 있어요!,,,
B0051,A23,Vomitoreum / Tales of Kenzera™: ZAU / Shantae: Half-Genie Hero,"액션, 어드벤처, 인디 / 액션, 어드벤처, 인디 / 액션, 어드벤처, 인디","[Vomitoreum] Vomitoreum is an FPS Metroidvania with a focus on atmosphere and horror, inspired by the paintings of Zdzisław Beksiński. ‖ [Tales of Kenzera™: ZAU] 샤먼의 춤을 추세요. 아버지의 영혼을 되찾으세요. Surgent Studios가 제작한 메트로이드바니아 스타일의 어드벤처 게임 Tales of Kenzera™: ZAU에서 죽음의 신과 함께 아름답고 위험한 켄제라의 땅으로 용감하게 모험을 떠나세요. ‖ [Shantae: Half-Genie Hero] Shantae embarks on her first full HD adventure! When a mysterious crime wave sweeps Sequin Land, it’s up to Half-Genie Hero Shantae to save the day! Use Shantae’s devastating Hair-",Neverending Nightmares,"액션, 어드벤처, 인디",Neverending Nightmares는 심리적 공포 게임입니다.,,,
B0052,A05,Opus Magnum,"인디, 시뮬레이션","[Opus Magnum] Opus Magnum은 SpaceChem, Infinifactory, SHENZHEN I/O를 제작한 Zachtronics의 신작 퍼즐게임입니다. 연금술사들의 최첨단 도구인 변성 기관을 이용해 물약과 독을 만들어내는 기계들을 설계하고 만들어 내세요!",Cargo! The Quest for Gravity,"액션, 어드벤처, 시뮬레이션","Create crazy, yet functional, custom vehicles to solve missions with your own unique style!",,,
B0053,A12,Baldur's Gate 3 / Mount & Blade II: Bannerlord / Kenshi,"어드벤처, RPG, 전략 / 액션, 인디, RPG, 시뮬레이션, 전략 / 액션, 인디, RPG, 시뮬레이션, 전략","[Baldur's Gate 3] Baldur’s Gate 3 is a story-rich, party-based RPG set in the universe of Dungeons & Dragons, where your choices shape a tale of fellowship and betrayal, survival and sacrifice, and  ‖ [Mount & Blade II: Bannerlord] 본 게임은 전략/액션 RPG입니다. 캐릭터를 생성하고, 외교에 참여하고, 제작, 거래를 하고, 방대한 중세풍의 샌드박스에서 새로운 땅을 정복하십시오. 군대를 일으켜 전쟁에 뛰어들고, 깊이가 있으나 직관적인 실력 기반의 전투 시스템을 채용한 대규모 실시간 전투에서 자신의 부대에 명령을 내리고 함께 싸우십시오. ‖ [Kenshi] 자유롭게 돌아다니는 분대 기반의 RPG. 스토리를 따라가는 대신 제한 없는 샌드박스식 게임플레이에 중점을 두었습니다. 무역상, 도둑, 반란군, 전쟁 군주, 모험가, 농부, 노예 등 다양한 삶을 체험할 수 있습니다. 운이 나쁘면 식인종의 먹잇감으로 전락할지도 모르죠. 새로운 장비를 연구하거나 제작해 보세요.",Epic Fantasy Battle Simulator,"액션, 캐주얼, 시뮬레이션, 전략, 앞서 해보기",지금까지 가장 몰입감 넘치는 중세 전투 시뮬레이터인 에픽 판타지 배틀 시뮬레이터에 오신 것을 환영합니다! 수만 명의 병사를 전투에 투입하고 쇼를 즐기거나 병사 중 한 명을 조종하여 용맹함을 증명하세요! 유일한 한계는 당신의 상상력입니다! 아니면 당신의 CPU?,,,
B0054,A09,Roots of Yggdrasil / Ancient Gods / Flick Shot Rogues,"인디, 전략 / RPG, 전략 / 인디, 전략","[Roots of Yggdrasil] Build settlements, explore the Nine Realms, collect artifacts and upgrade your deck to reach the top of Yggdrasil in this post-Ragnarok roguelike city-builder! Can you survive the  ‖ [Ancient Gods] Ancient Gods is a fusion of hero collector and deck-building rogue-lite where you collect your character, fight, and experience exciting events. Any character can use all the cards ‖ [Flick Shot Rogues] 계획하고, 조준하고, 쏘세요! FLICK SHOT ROGUES는 테이블 위에서 물건을 튕기는 촉각적 만족감과 사람들이 좋아하는 턴제 로그라이크의 전략적 깊이를 결합한 게임입니다. 말도 안되는 콤보를 연결하고, 캐릭터, 아이템, 스킬을 잠금 해제하면서, 섬을 정복하세요!",Rogue Waters,"액션, 어드벤처, RPG, 전략",Rogue Waters는 해적이 등장하는 전략 턴제 로그라이트 게임입니다. 커터 선장이 되어 특정 규칙에 따라 무작위로 생성되는 교전에서 선박과 선원을 지휘하고 복수를 꾀하세요. 선원을 모집하고 훈련하여 업그레이드하고 강력한 바다 괴물을 소환하여 박진감 넘치는 해상 및 근접 전투에서 승리하세요.,,,
B0055,A24,Valheim / Grounded / My Time at Portia,"액션, 어드벤처, 인디, RPG, 앞서 해보기 / 액션, 어드벤처 / 어드벤처, 캐주얼, 인디, RPG, 시뮬레이션","[Valheim] 북구 신화와 바이킹 문화에 기반한 판타지 세계를 배경으로 펼쳐지는 생존 및 탐험 게임. ‖ [Grounded] The world is a vast, beautiful and dangerous place – especially when you have been shrunk to the size of an ant. Can you thrive alongside the hordes of giant insects, fighting to s ‖ [My Time at Portia] 아름다운 Portia 마을에서 새 삶을 시작하세요! 아버지가 방치한 작업장에서 제작을 부탁받고, 작물을 키우고, 가축을 기르고, 아름다운 세기말의 땅에서 특이한 친구들을 사귀며 작업장을 예전의 멋진 모습으로 복원하세요.",Cornucopia®,"어드벤처, 캐주얼, 인디, RPG, 시뮬레이션, 앞서 해보기","Cornucopia는 매력적인 2.5D 픽셀 아트 농장 시뮬레이션 RPG입니다. 혁신적인 토양 시스템으로 작물을 돌보고, 사랑스러운 동물들을 키우며, 꿈의 농장을 건설하세요. 특이한 마을 사람들을 발견하고, 미스터리를 밝혀내며, 당신만의 독특한 이야기를 만들어 가세요!",,,
B0056,A07,Into the Breach / Monster Train / Mini Metro,"인디, RPG, 시뮬레이션, 전략 / 전략 / 인디, 시뮬레이션, 전략","[Into the Breach] 미래의 강력한 메크를 조종하여 외계 세력을 물리치세요. 이 턴제 전략 게임에서는 세계를 구하려 시도할 때마다 무작위로 새롭게 생성되는 도전이 여러분 앞에 나타납니다. ‖ [Monster Train] Monster Train is a strategic roguelike deck building game with a twist. Set on a train to hell, you’ll use tactical decision making to defend multiple vertical battlegrounds. With  ‖ [Mini Metro] 미니 메트로는 성장하는 도시를 위해 지하철 노선을 설계하는 게임입니다. 역과 역 사이에 노선을 그려서 열차 운행을 시작하세요. 새로운 역이 열리면 노선을 수정해서 노선도를 효율적으로 유지하세요. 한정된 자원을 어느 곳에 사용할 것인지 결정하세요. 도시를 얼마나 오래 유지할 수 있을까요?",Obsidian Prince,"인디, RPG, 전략","Fight through dungeons in a tactical, turn-based roguelike where choices have real consequences. Craft your backstory & inspiration decks & combine classes, skills & gear to create truly powerful heroes. Explore & rebuild Emalon in the campaign or top the highscore in a challenging roguelike mode.",,,
B0057,A33,Garry's Mod / Team Fortress 2 / Left 4 Dead 2,"캐주얼, 인디, 시뮬레이션 / 액션, 무료 플레이 / 액션","[Garry's Mod] Garry's Mod is a physics sandbox. There aren't any predefined aims or goals. We give you the tools and leave you to play. ‖ [Team Fortress 2] 다양한 전술적 능력과 뚜렷한 개성을 갖춘 9가지 병과의 캐릭터를 플레이하세요. 끊임없이 업데이트되는 새로운 게임 모드, 맵, 장비 그리고 가장 중요한 모자까지 지금 바로 즐겨보세요! ‖ [Left 4 Dead 2] Set in the zombie apocalypse, Left 4 Dead 2 is a co-operative action horror FPS takes you and your friends through the cities, swamps and cemeteries of the Deep South, from Savanna",Blood and Bacon,"액션, 어드벤처, 캐주얼","This Co-op Shooter , has Day and Night levels, multiple maps, players will take on 25 enemy types and numerous bosses, like Gargantuan Monsters and Minibosses every 10 days as you explore, shoot and run for your life against the onslaught of porcine monstrosities.",,,
B0058,A12,Baldur's Gate 3 / Mount & Blade II: Bannerlord / Kenshi,"어드벤처, RPG, 전략 / 액션, 인디, RPG, 시뮬레이션, 전략 / 액션, 인디, RPG, 시뮬레이션, 전략","[Baldur's Gate 3] Baldur’s Gate 3 is a story-rich, party-based RPG set in the universe of Dungeons & Dragons, where your choices shape a tale of fellowship and betrayal, survival and sacrifice, and  ‖ [Mount & Blade II: Bannerlord] 본 게임은 전략/액션 RPG입니다. 캐릭터를 생성하고, 외교에 참여하고, 제작, 거래를 하고, 방대한 중세풍의 샌드박스에서 새로운 땅을 정복하십시오. 군대를 일으켜 전쟁에 뛰어들고, 깊이가 있으나 직관적인 실력 기반의 전투 시스템을 채용한 대규모 실시간 전투에서 자신의 부대에 명령을 내리고 함께 싸우십시오. ‖ [Kenshi] 자유롭게 돌아다니는 분대 기반의 RPG. 스토리를 따라가는 대신 제한 없는 샌드박스식 게임플레이에 중점을 두었습니다. 무역상, 도둑, 반란군, 전쟁 군주, 모험가, 농부, 노예 등 다양한 삶을 체험할 수 있습니다. 운이 나쁘면 식인종의 먹잇감으로 전락할지도 모르죠. 새로운 장비를 연구하거나 제작해 보세요.",Crea,"액션, 어드벤처, 인디, RPG","Progress with every slain monster, learn over 80 skills through talents, craft hundreds of items, and explore vast procedurally-generated worlds in this ever-expanding sandbox RPG!",,,
B0059,A34,Pid / ChromaGun / Deer & Boy,"어드벤처, 인디 / 액션, 어드벤처, 인디 / 액션, 어드벤처, 인디","[Pid] You are stranded on a strange and peculiar planet. It’s time to embark on your journey and find your way home! Explore a gravity defying and challenging platformer with striking vi ‖ [ChromaGun] Welcome to ChromaTec’s test lab! You’re here to test our state-of-the-art military-grade color-technology: The ChromaGun (patent pending)! Use it to solve our meticulously designed ‖ [Deer & Boy] 도망친 소년은 길 잃은 어린 사슴을 만나 고요하면서도 위태로운 세상을 함께 헤쳐 나갑니다. 퍼즐을 풀고, 높은 곳에 오르고, 위협을 피해 나아가며 당신의 동료는 연약한 아기 사슴에서 어엿한 사슴으로 성장하죠. 혼자서는 할 수 없었던 일을 함께 해내는 법을 배우게 됩니다.",Windswept,"액션, 어드벤처, 인디",🦆 Marbles and 🐢 Checkers need your help finding their way home after being swept away in a storm. In this 90s buddy-platformer there's a ton of stuff to do and even more to collect!,,,
B0060,A18,Euro Truck Simulator 2 / BeamNG.drive / 아세토 코르사 Assetto Corsa,"인디, 시뮬레이션 / 레이싱, 시뮬레이션, 앞서 해보기 / 인디, 레이싱, 시뮬레이션, 스포츠","[Euro Truck Simulator 2] 도로의 왕이 되어 인상적인 거리를 가로질러 중요한 화물을 배달하는 트럭 운전사가 되어 유럽을 여행하세요! 탐험할 도시가 수십 개나 되므로, 당신의 인내심, 기술, 속도가 모두 한계에 도달할 것입니다. ‖ [BeamNG.drive] 뭐든지 할 수 있는 동적 소프트 보디 물리 시뮬레이터입니다. ‖ [아세토 코르사 Assetto Corsa] 아세토 코르사(Assetto Corsa) v1.16은 새로운 레이저 스캔 트랙 ""라구나 세카(Laguna Seca)"" 및 기다리던 Alfa Romeo Giulia Quadrifoglio를 포함한 7개의 신차를 소개합니다! 체인지로그에서 더 자세한 내용을 확인하세요!",SnowRunner,"어드벤처, 시뮬레이션","차원이 다른 오프로드를 경험하세요! 강력한 차량으로 진흙, 급류, 눈, 얼어붙은 호수 등 극단적인 환경을 헤쳐 나가며 도전 정신을 자극하는 미션을 혼자 또는 최대 3인의 친구와 함께 완수하세요!",,,
B0061,A03,Balatro / Hades / Vampire Survivors,"캐주얼, 인디, 전략 / 액션, 인디, RPG / 액션, 캐주얼, 인디, RPG","[Balatro] 포커 로그라이크 게임. Balatro는 불법 포커 패로 게임을 하고, 판을 뒤엎는 조커를 발견하고, 아드레날린이 치솟는 강력한 콤보를 만드는 덱 빌딩 게임입니다. ‖ [Hades] Bastion, Transistor, Pyre의 제작사에서 선보이는 이 로그라이크 던전 탐색형 게임에서 핵 앤 슬래시로 지하 세계를 탈출하고 죽음의 신에게 도전하세요. ‖ [Vampire Survivors] 수많은 어둠의 피조물을 쓰러뜨리며 새벽이 올 때까지 생존하세요! Vampire Survivors는 로그라이트 요소를 갖춘 고딕 호러 케주얼 게임입니다. 당신의 선택으로 순식간에 수백 마리의 괴물이 눈덩이처럼 불어날 수 있죠.",마을 & 던전,,"덱 빌딩 전략이 모든 것의 핵심인 하드코어 로그라이크 카드 게임! 방대한 카드, 랜덤 던전, 풍부한 조우 이벤트, 다양한 적들이 여러분의 탐험과 도전을 기다립니다.",,,
B0062,A16,The Talos Principle / Rust / Inscryption,"액션, 어드벤처, 인디 / 액션, 어드벤처, 인디, 대규모 멀티플레이어, RPG / 어드벤처, 인디, 전략","[The Talos Principle] 탈로스 법칙은 철학적 SF 소설의 전통을 따른 1인칭 퍼즐 게임입니다. 시리어스 샘을 개발한 크로팀에서 만들었으며, 톰 주버트(FTL, 더 스와퍼)와 조나스 카이라츠(바다는 모든 것을 요구한다.)가 스토리를 작성했습니다. ‖ [Rust] Rust에서의 목표는 오직 하나, 바로 살아남는 것입니다. 섬의 야생 동물, 다른 주민, 환경, 다른 생존자 모두가 여러분의 목숨을 노립니다. 하루 더 살아남을 수 있다면 수단과 방법을 가리지 마세요. ‖ [Inscryption] Inscryption은 검은 잉크로 그려진 카드를 기반으로 한 덱빌딩 로그라이크, 방탈출 퍼즐, 피가 흐르는 심리적 공포 등의 요소가 섞인 여정을 다룹니다. 카드에는 더 어두운 비밀이 새겨져 있습니다…",Card Quest,"인디, RPG, 전략","Card Quest is a dungeon crawling adventure game with unique card combat. Play with a variety of unique character classes, and customize decks to fit your playstyle. Explore the strategic depth of tactical roguelike gameplay, and crush the undead plague.",,,
B0063,A28,Dordogne / A YEAR OF SPRINGS / Botany Manor,"어드벤처, 인디 / 캐주얼, 인디, 시뮬레이션 / 어드벤처","[Dordogne] 이 유년 시절의 여정에서 특별한 내러티브에 몰입하며 도르도뉴의 수천 가지 여름의 색을 탐험하고, 추억을 떠올리며 가족의 비밀을 밝히세요. ‖ [A YEAR OF SPRINGS] 세 명의 여성, 세 개의 이야기, 세 개의 봄. 세 명의 친구들이 사랑, 공감, 그리고 단지 함께하고 싶어하는 감정에 대한 방향을 찾아나가는 3 부작 비주얼 노벨 A YEAR OF SPRINGS 에서 하루, 에리카, 마나미의 이야기를 체험하세요. ‖ [Botany Manor] Welcome to Botany Manor, a stately home in 19th century England. You play as inhabitant Arabella Greene, a retired botanist. Explore your house and gardens, filled with research, t",Liminalcore,"어드벤처, 인디",Backrooms 전설에서 영감을 받은 기괴하고 초현실적인 환경을 탐험하고 감상하세요. 현실이 왜곡되고 당신의 이성이 시험되는 세상에서 이 시간에 잃어버린 기묘한 세계를 탐험하고 이세계 건축물 속에서 길을 잃으세요.,,,
B0064,A18,Euro Truck Simulator 2 / BeamNG.drive / 아세토 코르사 Assetto Corsa,"인디, 시뮬레이션 / 레이싱, 시뮬레이션, 앞서 해보기 / 인디, 레이싱, 시뮬레이션, 스포츠","[Euro Truck Simulator 2] 도로의 왕이 되어 인상적인 거리를 가로질러 중요한 화물을 배달하는 트럭 운전사가 되어 유럽을 여행하세요! 탐험할 도시가 수십 개나 되므로, 당신의 인내심, 기술, 속도가 모두 한계에 도달할 것입니다. ‖ [BeamNG.drive] 뭐든지 할 수 있는 동적 소프트 보디 물리 시뮬레이터입니다. ‖ [아세토 코르사 Assetto Corsa] 아세토 코르사(Assetto Corsa) v1.16은 새로운 레이저 스캔 트랙 ""라구나 세카(Laguna Seca)"" 및 기다리던 Alfa Romeo Giulia Quadrifoglio를 포함한 7개의 신차를 소개합니다! 체인지로그에서 더 자세한 내용을 확인하세요!",Battlezone Gold Edition,액션,"사상 최강의 탱크, 코브라의 조종석에 앉아 현란한 네온 불빛의 1-4인용 가상 전장에서 역동적인 1인칭 VR 전투를 경험하세요. 이제 VR로도 즐기실 수 있습니다!",,,
B0065,A35,Project Zomboid / Don't Starve / The Forest,"인디, RPG, 시뮬레이션, 앞서 해보기 / 어드벤처, 인디, 시뮬레이션 / 액션, 어드벤처, 인디, 시뮬레이션","[Project Zomboid] Project Zomboid is the ultimate in zombie survival. Alone or in MP: you loot, build, craft, fight, farm and fish in a struggle to survive. A hardcore RPG skillset, a vast map, mass ‖ [Don't Starve] Don’t Starve is an uncompromising wilderness survival game full of science and magic. Enter a strange and unexplored world full of strange creatures, dangers, and surprises. Gather ‖ [The Forest] As the lone survivor of a passenger jet crash, you find yourself in a mysterious forest battling to stay alive against a society of cannibalistic mutants. Build, explore, survive i",Hold Your Own,"액션, 어드벤처, 캐주얼, 인디, 시뮬레이션, 앞서 해보기","A single player open world sandbox, crafting and survival FPS game set in a multi-island land where you'll fight to survive. Build your base, hunt and craft to defend yourself from aggressive wildlife, enemies or friends. Do you have what it takes to Hold Your Own?",,,
B0066,A08,Sid Meier’s Civilization® VI / XCOM® 2 / Stellaris,"전략 / 전략 / 시뮬레이션, 전략","[Sid Meier’s Civilization® VI] 문명 VI 에서는 새로운 방식으로 세상과 소통하고, 제국의 영토를 확장시키며, 문화를 발전시키고, 역사속 위대한 지도자들에 맞서 오래도록 지속될 나만의 문명을 건설해볼 수 있습니다. 클레오파트라를 비롯한 20명의 역사 속 지도자들 중 한명으로 플레이 해보세요. ‖ [XCOM® 2] XCOM 2는 수상 경력이 있는 전략 게임 XCOM: Enemy Unknown의 속편입니다. 인류가 외계인 침략군에게 항복한 지 20년, 이제 지구 상에는 새로운 세계 질서가 존재합니다. 수년간을 어둠 속에서 숨어 있었던 XCOM 부대는 반드시 일어나 외계인의 지배를 무너뜨릴 것입니다. ‖ [Stellaris] 항성간 여행을 통해 우주를 탐험하며 수많은 종족들도 만나보세요. 과학선을 보내 우주를 조사하고 탐험하면서 은하 제국을 건설하고, 건축선을 보내 새로 발견한 행성에 기지를 건설하세요. 소속 사회를 위한 탐험에 나서 매장된 보물과 은하계의 경이를 발견하고, 탐험가의 한계치와 진화 범위를 설정하세요. 동맹이 체결되고, 전쟁이 ",文明征程,"전략, 무료 플레이",《文明征程》是一款以历史文明为背景的策略游戏，让玩家扮演一位伟大的文明开拓者，带领自己的国家蓬勃发展。在游戏中，你将面临各种挑战和决策，需要智慧和策略来发展经济、建设城市、训练军队，同时也要与其他玩家进行外交交流和战争对抗。,,,
B0067,A02,Still Life / Jenny LeClue - Detectivu / Telling Lies,"어드벤처 / 액션, 어드벤처, 캐주얼, 인디 / 어드벤처, 인디, 시뮬레이션",[Still Life] Still Life 2 also now available! ‖ [Jenny LeClue - Detectivu] Jenny LeClue - Detectivu는 조사와 선택지로 가득한 스릴 넘치는 미스터리 어드벤처 게임입니다. ‖ [Telling Lies] 네 명의 삶. 그리고 하나의 큰 거짓말. 아무도 모르게 녹화된 은밀한 대화를 들으며 진실을 알아내십시오. 큰 호평을 받았던 Her Story의 계승작입니다.,슈퍼스카우트,"어드벤처, 캐주얼, 인디, RPG, 시뮬레이션, 전략",는 리얼리티 시뮬레이션 비디오 게임입니다. 플레이어는 주인공 왕미남이 되어 꿈 같은 인생을 보내게 됩니다. 그리고 여자 아이들이 마음속에 품은 비밀들을-당신과 관련된-찾아냅니다. 3번의 윤회를 지나도 사라지지 않는 사랑이 있습니다. 이번 생에 받은 은혜는 뼈에 새기겠습니다. 당신의 선택이 사랑하는 이의 운명은 결정하게 됩니다. 동시에 당신의 세상도 사랑하는 이에 의해 조금씩 바뀌게 됩니다...,,,
B0068,A11,Forza Horizon 5 / Hi-Fi RUSH / Street Fighter 6,"액션, 어드벤처, 레이싱, 시뮬레이션, 스포츠 / 액션 / 액션, 어드벤처","[Forza Horizon 5] 세계 최고의 자동차를 타고 생동감 넘치는 멕시코의 대자연을 탐험하며 재미있는 드라이빙 액션을 마음껏 즐겨보세요. ‖ [Hi-Fi RUSH] 아케이드 챌린지! 업데이트!로 추가되는 두 개의 신규 게임 모드에서 여러분의 능력을 시험하고, 새로운 보상을 획득해 보세요. 몇 가지 비밀도 숨어 있답니다! 락 스타 지망생 차이가 되어 비트를 타고, 세상 모든 게 음악에 싱크되는 세계에서 오합지졸 팀과 함께 사악한 거대 기업에 맞서 싸우세요. ‖ [Street Fighter 6] 시리즈 최신작 『Street Fighter 6』, 2023년 6월 2일 발매 결정! RE ENGINE으로 개발된 본 작품은 대형 모드 「World Tour」, 「Fighting Ground」, 「Battle Hub」로 구성되어 있다. 새로운 「스트리트 파이터」에는 지금까지의 시리즈에는 없었던 새로운 체험이 기다리고 있다.",Project Motor Racing,"레이싱, 시뮬레이션","프로 모터스포츠의 열정과 아름다움, 강렬함이 가장 상징적인 차량과 서킷, 핸들링 성능의 새로운 기준과 만나 완벽하게 융합됩니다.",,,
B0069,A19,ELDEN RING / Disco Elysium - The Final Cut / Outer Wilds,"액션, RPG / RPG / 액션, 어드벤처","[ELDEN RING] 본 게임은 본격적인 다크 판타지 세계를 무대로 한 액션 RPG입니다. 드넓은 필드와 던전 탐험을 통해 미지의 것들을 발견해 보세요. 앞길을 막아서는 난관과 그것을 극복했을 때의 달성감, 그리고 등장인물들의 의도가 교착하는 군상극도 즐기실 수 있습니다. ‖ [Disco Elysium - The Final Cut] 디스코 엘리시움 - 최종판은 획기적인 오픈 월드 롤플레잉 게임입니다. 당신은 독특한 스킬 시스템을 갖춘 형사로서 오롯한 도시 블록을 당신의 미래를 닦기 위해 다듬을 수 있습니다. 잊지 못할 등장인물들을 심문하거나, 살인 사건을 해결하거나, 뇌물을 받으세요. 영웅이 되거나 인류의 완전한 재앙이 되세요. ‖ [Outer Wilds] Giant Bomb, Polygon, Eurogamer, The Guardian에 의해 2019년 올해의 게임에 이름을 올리며 냉정한 호평과 수상 실적이 있는 Outer Wilds는 무한 시간 루프에 갇힌 태양계에 관한 공개된 세계의 미스터리 게임입니다.",Omno,"액션, 어드벤처, 캐주얼, 인디","놀라움이 가득한 고대의 세계를 탐험하는 싱글플레이 게임입니다. 퍼즐과 비밀, 극복해야 할 장애물로 가득하며, 여러분을 데리고 잊힌 문명의 힘을 통해 우거진 숲, 태양이 작열하는 사막, 얼어붙은 동토, 심지어 구름 속까지 웅장한 모험을 떠날 것입니다.",,,
B0070,A03,Balatro / Hades / Vampire Survivors,"캐주얼, 인디, 전략 / 액션, 인디, RPG / 액션, 캐주얼, 인디, RPG","[Balatro] 포커 로그라이크 게임. Balatro는 불법 포커 패로 게임을 하고, 판을 뒤엎는 조커를 발견하고, 아드레날린이 치솟는 강력한 콤보를 만드는 덱 빌딩 게임입니다. ‖ [Hades] Bastion, Transistor, Pyre의 제작사에서 선보이는 이 로그라이크 던전 탐색형 게임에서 핵 앤 슬래시로 지하 세계를 탈출하고 죽음의 신에게 도전하세요. ‖ [Vampire Survivors] 수많은 어둠의 피조물을 쓰러뜨리며 새벽이 올 때까지 생존하세요! Vampire Survivors는 로그라이트 요소를 갖춘 고딕 호러 케주얼 게임입니다. 당신의 선택으로 순식간에 수백 마리의 괴물이 눈덩이처럼 불어날 수 있죠.",Spell Disk,"액션, 인디",이 로그라이크 액션 게임에서 독특한 시너지 주문 콤보를 만들어 수많은 몬스터와 보스를 물리치세요.,,,
B0071,A17,Lethal Company / Phasmophobia / Deep Rock Galactic,"액션, 어드벤처, 인디, 앞서 해보기 / 액션, 인디, 앞서 해보기 / 액션","[Lethal Company] A co-op horror about scavenging at abandoned moons to sell scrap to the Company. ‖ [Phasmophobia] Phasmophobia is a 4 player online co-op psychological horror. Paranormal activity is on the rise and it’s up to you and your team to use all the ghost-hunting equipment at your dis ‖ [Deep Rock Galactic] 딥 락 갤럭틱은 1-4인의 플레이어가 협동하는 FPS 게임으로, 상남자 우주 드워프, 100% 파괴 가능한 맵 환경, 절차적 생성 동굴 지형, 그리고 끊임없이 등장하는 외계 괴물 무리가 특징입니다.",동~그란 지구가 네모가 됐다고!? 디지복셀 지구방위군 EARTH DEFENSE FORCE: WORLD BROTHERS,액션,"EDF의 새로운 전장은 무려 네모난 지구. 모든 것이 디지털 & 복셀(입방체)로 구성된 평행 세계다. 이 세계에서는 둥근 지구도 네모난 것이 당연한데, 이 네모나고 평화로운 지구가 산산이 조각나는 바람에 난리가 났지. 하지만, 둥글든 네모나든 지구는 지구. 평화로웠던 네모난 지구로 되돌리기 위해, 우리 EDF는 세계를 뛰어넘어 긴급 출동한다.",,,
B0072,A30,Stardew Valley / Slime Rancher / Raft,"인디, RPG, 시뮬레이션 / 액션, 어드벤처, 인디, 시뮬레이션 / 어드벤처, 인디, 시뮬레이션","[Stardew Valley] You've inherited your grandfather's old farm plot in Stardew Valley. Armed with hand-me-down tools and a few coins, you set out to begin your new life. Can you learn to live off th ‖ [Slime Rancher] 슬라임 랜쳐는 젊고 용감한 랜쳐, 베아트릭스 르뷰가 지구에서 1,000광년 떨어진 '머나먼 평야'에서 슬라임들과 씨름하며 생계를 꾸려나가는 이야기입니다. 긍정적인 마인드와 강인한 의지로 베아트릭스는 진공팩을 사용하여 끊임없이 말랑말랑하게 굴러나오는 슬라임들을 피하며 이름을 알리고, 부자가 되려 합니다. ‖ [Raft] Raft™ throws you and your friends into an epic oceanic adventure! Alone or together, players battle to survive a perilous voyage across a vast sea! Gather debris, scavenge reefs an",타이니 테리의 터보 여행,"어드벤처, 캐주얼, 인디, RPG","테리가 새 차를 타고 우주로 날아가고 싶어합니다. 멋지면서도 무모한 짓이지만 분명히 마을의 화제거리가 될 것입니다. 테리가 이 목표를 이루기 위해 노력하며 작은 모험을 벌이는 동안 뛰고, 달리고, 미끄러지면서 굉장한 요소들을 발견해 보세요.",,,
B0073,A10,A Short Hike / ISLANDERS / Gorogoa,"어드벤처, 인디 / 캐주얼, 인디, 전략 / 어드벤처, 캐주얼, 인디","[A Short Hike] Hike, climb, and soar through the peaceful mountainside landscapes of Hawk Peak Provincial Park as you make your way to the summit. ‖ [ISLANDERS] ISLANDERS is a minimalist strategy game about building cities on colorful islands. ‖ [Gorogoa] Gorogoa(고로고아)는 Jason Roberts가 디자인하고 일러스트레이션을 손으로 그린 아름다운 차세대 퍼즐 게임입니다.",Promenade,"어드벤처, 인디","Go on an adventure in a world packed with secrets helped by your friend, a poulp with many abilities. Explore, solve puzzles, wander across dungeons, blast through races and much more in this cute game inspired by the best 3D platformers",,,
B0074,A03,Balatro / Hades / Vampire Survivors,"캐주얼, 인디, 전략 / 액션, 인디, RPG / 액션, 캐주얼, 인디, RPG","[Balatro] 포커 로그라이크 게임. Balatro는 불법 포커 패로 게임을 하고, 판을 뒤엎는 조커를 발견하고, 아드레날린이 치솟는 강력한 콤보를 만드는 덱 빌딩 게임입니다. ‖ [Hades] Bastion, Transistor, Pyre의 제작사에서 선보이는 이 로그라이크 던전 탐색형 게임에서 핵 앤 슬래시로 지하 세계를 탈출하고 죽음의 신에게 도전하세요. ‖ [Vampire Survivors] 수많은 어둠의 피조물을 쓰러뜨리며 새벽이 올 때까지 생존하세요! Vampire Survivors는 로그라이트 요소를 갖춘 고딕 호러 케주얼 게임입니다. 당신의 선택으로 순식간에 수백 마리의 괴물이 눈덩이처럼 불어날 수 있죠.",광대인 내가 어떻게 미소녀랑 카드 게임을 할 수 있겠어,"캐주얼, 인디, 전략","20명 이상의 미소녀들과 함께 아드레날린이 솟구치는 자극적인 카드 게임을 펼쳐보세요! 독특한 조커 카드를 사용하여 포커 덱을 변경하거나, 독특한 패턴으로 높은 점수를 기록하세요. 클리어 후에는 미소녀들의 아름다운 갤러리를 해제하여 시각적인 향연을 만끽할 수 있습니다!",,,
B0075,A06,Cities: Skylines / Factorio / Farming Simulator 22,"시뮬레이션, 전략 / 캐주얼, 인디, 시뮬레이션, 전략 / 시뮬레이션","[Cities: Skylines] Cities: Skylines is a modern take on the classic city simulation. The game introduces new game play elements to realize the thrill and hardships of creating and maintaining a real  ‖ [Factorio] Factorio는 무한한 2D 세상에서 복잡성이 증가하는 아이템을 생산하기 위해 자동화 공장을 만드는 게임입니다. - 당신의 상상력으로 공장을 설계, 독창적인 방법으로 간단한 요소를 결합하고 마지막엔 당신을 좋아하지 않는 생물들로 부터 공장을 지키세요. ‖ [Farming Simulator 22] 농장을 만들고 농사를 즐기세요! 작물을 수확하고, 동물을 돌보고, 생산을 관리하고, 계절에 따른 어려움을 이겨내세요.",Rusty's Retirement,"캐주얼, 인디, 시뮬레이션, 전략",다른 일을 하고 있을 동안 화면 하단에서 실행되어 편안하게 즐길 수 있는 방치형 농장 시뮬레이터입니다.,,,
B0076,A31,Hearts of Iron IV / Europa Universalis IV / Sid Meier's Civilization® V,"시뮬레이션, 전략 / 시뮬레이션, 전략 / 전략","[Hearts of Iron IV] Victory is at your fingertips! Your ability to lead your nation is your supreme weapon, the strategy game Hearts of Iron IV lets you take command of any nation in World War II; the ‖ [Europa Universalis IV] 비교할 수 없는 자유도, 깊이 있는 스토리, 정확한 역사적 고증을 즐기며 국토를 다스리고 세계를 정복하세요. 세계 역사를 새롭게 쓰며 시대를 풍미할 제국을 만드세요. ‖ [Sid Meier's Civilization® V] Create, discover, and download new player-created maps, scenarios, interfaces, and more!",Fantasy Map Simulator,"인디, 시뮬레이션, 전략, 앞서 해보기","환상 지도 시뮬레이터: 수세기에 걸쳐 상상의 세계를 만들고 진화하는 것을 지켜보세요. 지도를 디자인하고, 국가를 시뮬레이션하며, 운명을 통제하세요. 데스크톱 배경화면에서 제국의 흥망성쇠를 목격하세요. 역사 애호가와 창의적인 마인드를 가진 사람들을 위한 독특한 시뮬레이션입니다.",,,
B0077,A12,Baldur's Gate 3 / Mount & Blade II: Bannerlord / Kenshi,"어드벤처, RPG, 전략 / 액션, 인디, RPG, 시뮬레이션, 전략 / 액션, 인디, RPG, 시뮬레이션, 전략","[Baldur's Gate 3] Baldur’s Gate 3 is a story-rich, party-based RPG set in the universe of Dungeons & Dragons, where your choices shape a tale of fellowship and betrayal, survival and sacrifice, and  ‖ [Mount & Blade II: Bannerlord] 본 게임은 전략/액션 RPG입니다. 캐릭터를 생성하고, 외교에 참여하고, 제작, 거래를 하고, 방대한 중세풍의 샌드박스에서 새로운 땅을 정복하십시오. 군대를 일으켜 전쟁에 뛰어들고, 깊이가 있으나 직관적인 실력 기반의 전투 시스템을 채용한 대규모 실시간 전투에서 자신의 부대에 명령을 내리고 함께 싸우십시오. ‖ [Kenshi] 자유롭게 돌아다니는 분대 기반의 RPG. 스토리를 따라가는 대신 제한 없는 샌드박스식 게임플레이에 중점을 두었습니다. 무역상, 도둑, 반란군, 전쟁 군주, 모험가, 농부, 노예 등 다양한 삶을 체험할 수 있습니다. 운이 나쁘면 식인종의 먹잇감으로 전락할지도 모르죠. 새로운 장비를 연구하거나 제작해 보세요.",Huaxia: Warring States,"액션, 인디, RPG, 시뮬레이션, 전략, 앞서 해보기",HUAXIA: Warring States 서사시를 개척하라. 부족을 세우고 땅을 정복하며 제국을 건설하라. 천지의 운명은 당신의 손안에 달렸다.,,,
B0078,A08,Sid Meier’s Civilization® VI / XCOM® 2 / Stellaris,"전략 / 전략 / 시뮬레이션, 전략","[Sid Meier’s Civilization® VI] 문명 VI 에서는 새로운 방식으로 세상과 소통하고, 제국의 영토를 확장시키며, 문화를 발전시키고, 역사속 위대한 지도자들에 맞서 오래도록 지속될 나만의 문명을 건설해볼 수 있습니다. 클레오파트라를 비롯한 20명의 역사 속 지도자들 중 한명으로 플레이 해보세요. ‖ [XCOM® 2] XCOM 2는 수상 경력이 있는 전략 게임 XCOM: Enemy Unknown의 속편입니다. 인류가 외계인 침략군에게 항복한 지 20년, 이제 지구 상에는 새로운 세계 질서가 존재합니다. 수년간을 어둠 속에서 숨어 있었던 XCOM 부대는 반드시 일어나 외계인의 지배를 무너뜨릴 것입니다. ‖ [Stellaris] 항성간 여행을 통해 우주를 탐험하며 수많은 종족들도 만나보세요. 과학선을 보내 우주를 조사하고 탐험하면서 은하 제국을 건설하고, 건축선을 보내 새로 발견한 행성에 기지를 건설하세요. 소속 사회를 위한 탐험에 나서 매장된 보물과 은하계의 경이를 발견하고, 탐험가의 한계치와 진화 범위를 설정하세요. 동맹이 체결되고, 전쟁이 ",Spaceland: Sci-Fi Indie Tactics,"어드벤처, 인디, RPG, 전략","전통 SF 작전의 향수를 불러일으키는, 믿을 수 없을 만큼 생생한 턴제 전략 게임",,,
B0079,A17,Lethal Company / Phasmophobia / Deep Rock Galactic,"액션, 어드벤처, 인디, 앞서 해보기 / 액션, 인디, 앞서 해보기 / 액션","[Lethal Company] A co-op horror about scavenging at abandoned moons to sell scrap to the Company. ‖ [Phasmophobia] Phasmophobia is a 4 player online co-op psychological horror. Paranormal activity is on the rise and it’s up to you and your team to use all the ghost-hunting equipment at your dis ‖ [Deep Rock Galactic] 딥 락 갤럭틱은 1-4인의 플레이어가 협동하는 FPS 게임으로, 상남자 우주 드워프, 100% 파괴 가능한 맵 환경, 절차적 생성 동굴 지형, 그리고 끊임없이 등장하는 외계 괴물 무리가 특징입니다.",Dreadway,"액션, 어드벤처, 인디","1~4인 협동 익스트랙션 호러. 기차 위에서 핵 황무지를 살아남아라. 연료와 보급품을 위해 스크랩을 수집하고, 음성 메커닉을 활용해 생존하라.",,,
B0080,A08,Sid Meier’s Civilization® VI / XCOM® 2 / Stellaris,"전략 / 전략 / 시뮬레이션, 전략","[Sid Meier’s Civilization® VI] 문명 VI 에서는 새로운 방식으로 세상과 소통하고, 제국의 영토를 확장시키며, 문화를 발전시키고, 역사속 위대한 지도자들에 맞서 오래도록 지속될 나만의 문명을 건설해볼 수 있습니다. 클레오파트라를 비롯한 20명의 역사 속 지도자들 중 한명으로 플레이 해보세요. ‖ [XCOM® 2] XCOM 2는 수상 경력이 있는 전략 게임 XCOM: Enemy Unknown의 속편입니다. 인류가 외계인 침략군에게 항복한 지 20년, 이제 지구 상에는 새로운 세계 질서가 존재합니다. 수년간을 어둠 속에서 숨어 있었던 XCOM 부대는 반드시 일어나 외계인의 지배를 무너뜨릴 것입니다. ‖ [Stellaris] 항성간 여행을 통해 우주를 탐험하며 수많은 종족들도 만나보세요. 과학선을 보내 우주를 조사하고 탐험하면서 은하 제국을 건설하고, 건축선을 보내 새로 발견한 행성에 기지를 건설하세요. 소속 사회를 위한 탐험에 나서 매장된 보물과 은하계의 경이를 발견하고, 탐험가의 한계치와 진화 범위를 설정하세요. 동맹이 체결되고, 전쟁이 ",Bellwright,"액션, RPG, 시뮬레이션, 전략, 앞서 해보기",자신만의 정착지를 건설하고 영토를 확장하여 땅을 해방시키고 주민들을 도와주세요. 과거의 삶에 대해 더 배우는 한편 다른 사람들을 당신의 대의에 끌어들여 동참시키세요. 군대를 지휘하고 전투를 통해 용맹함을 증명하며 국민의 영웅으로 자리 잡으세요.,,,
B0081,A18,Euro Truck Simulator 2 / BeamNG.drive / 아세토 코르사 Assetto Corsa,"인디, 시뮬레이션 / 레이싱, 시뮬레이션, 앞서 해보기 / 인디, 레이싱, 시뮬레이션, 스포츠","[Euro Truck Simulator 2] 도로의 왕이 되어 인상적인 거리를 가로질러 중요한 화물을 배달하는 트럭 운전사가 되어 유럽을 여행하세요! 탐험할 도시가 수십 개나 되므로, 당신의 인내심, 기술, 속도가 모두 한계에 도달할 것입니다. ‖ [BeamNG.drive] 뭐든지 할 수 있는 동적 소프트 보디 물리 시뮬레이터입니다. ‖ [아세토 코르사 Assetto Corsa] 아세토 코르사(Assetto Corsa) v1.16은 새로운 레이저 스캔 트랙 ""라구나 세카(Laguna Seca)"" 및 기다리던 Alfa Romeo Giulia Quadrifoglio를 포함한 7개의 신차를 소개합니다! 체인지로그에서 더 자세한 내용을 확인하세요!",MEGARACER QUANTUMRUSH,"캐주얼, 인디, 레이싱","거대한 미래 도시, Mega City에서 짜릿한 레이싱이 시작됩니다. 개성과 스타일을 살려 캐릭터와 차량을 자유롭게 커스터마이징하고, 나만의 레이스를 완성하세요. 친구는 물론 전 세계 플레이어들과 함께 유쾌하면서도 치열한 승부를 펼치며, 우승을 향해 질주해 보세요. 이 모든 레이싱의 재미는 PC와 VR 환경 모두에서 즐길 수 있습니다.",,,
B0082,A16,The Talos Principle / Rust / Inscryption,"액션, 어드벤처, 인디 / 액션, 어드벤처, 인디, 대규모 멀티플레이어, RPG / 어드벤처, 인디, 전략","[The Talos Principle] 탈로스 법칙은 철학적 SF 소설의 전통을 따른 1인칭 퍼즐 게임입니다. 시리어스 샘을 개발한 크로팀에서 만들었으며, 톰 주버트(FTL, 더 스와퍼)와 조나스 카이라츠(바다는 모든 것을 요구한다.)가 스토리를 작성했습니다. ‖ [Rust] Rust에서의 목표는 오직 하나, 바로 살아남는 것입니다. 섬의 야생 동물, 다른 주민, 환경, 다른 생존자 모두가 여러분의 목숨을 노립니다. 하루 더 살아남을 수 있다면 수단과 방법을 가리지 마세요. ‖ [Inscryption] Inscryption은 검은 잉크로 그려진 카드를 기반으로 한 덱빌딩 로그라이크, 방탈출 퍼즐, 피가 흐르는 심리적 공포 등의 요소가 섞인 여정을 다룹니다. 카드에는 더 어두운 비밀이 새겨져 있습니다…",레일바운드 - Railbound,"캐주얼, 인디",철로를 고치며 전 세계를 여행하는 편안한 퍼즐 게임입니다.,,,
B0083,A26,RimWorld / Oxygen Not Included / Unpacking 언패킹,"인디, 시뮬레이션, 전략 / 인디, 시뮬레이션 / 캐주얼, 인디, 시뮬레이션","[RimWorld] 지능형 AI 이야기꾼이 주도하는 공상과학 정착지 시뮬레이터입니다. 심리, 생태, 총격전과 근접전, 날씨, 기후, 외교, 사람 사이의 관계, 예술, 의학, 무역, 그 외 많은 것들을 시뮬레이션하여 이야기를 생성합니다. ‖ [Oxygen Not Included] Oxygen Not Included는 우주 콜로니 시뮬레이션 게임입니다. 외계의 우주 암석 깊은 곳에서 근면한 일꾼들은 생존하고 나아가 번영하기 위해 과학을 마스터하고, 낯선 새로운 생명체에 맞서며, 경이로운 우주 테크놀로지를 활용해야 합니다. ‖ [Unpacking 언패킹] Unpacking은 상자에서 짐을 꺼내 새집에 맞게 배치하는 친숙한 체험에 대한 명상적 퍼즐 게임입니다. 게임의 일부인 블록 맞추기 게임과 집 꾸미기를 하는 동안, 푸는 짐에 닮긴 삶의 실마리를 찾아가며 만족할 만한 생활 공간을 만들어 보세요.",Supermarket Chaos,"인디, 시뮬레이션","Supermarket Chaos는 엉망이 된 대형 마트에서 4,668개의 상품을 정리하는 힐링 정리 시뮬레이터입니다. 편안한 분위기 속에서 진열의 만족감을 느껴보세요.",,,
B0084,A16,The Talos Principle / Rust / Inscryption,"액션, 어드벤처, 인디 / 액션, 어드벤처, 인디, 대규모 멀티플레이어, RPG / 어드벤처, 인디, 전략","[The Talos Principle] 탈로스 법칙은 철학적 SF 소설의 전통을 따른 1인칭 퍼즐 게임입니다. 시리어스 샘을 개발한 크로팀에서 만들었으며, 톰 주버트(FTL, 더 스와퍼)와 조나스 카이라츠(바다는 모든 것을 요구한다.)가 스토리를 작성했습니다. ‖ [Rust] Rust에서의 목표는 오직 하나, 바로 살아남는 것입니다. 섬의 야생 동물, 다른 주민, 환경, 다른 생존자 모두가 여러분의 목숨을 노립니다. 하루 더 살아남을 수 있다면 수단과 방법을 가리지 마세요. ‖ [Inscryption] Inscryption은 검은 잉크로 그려진 카드를 기반으로 한 덱빌딩 로그라이크, 방탈출 퍼즐, 피가 흐르는 심리적 공포 등의 요소가 섞인 여정을 다룹니다. 카드에는 더 어두운 비밀이 새겨져 있습니다…",Project Zomboid,"인디, RPG, 시뮬레이션, 앞서 해보기","Project Zomboid is the ultimate in zombie survival. Alone or in MP: you loot, build, craft, fight, farm and fish in a struggle to survive. A hardcore RPG skillset, a vast map, massively customisable sandbox and a cute tutorial raccoon await the unwary. So how will you die? All it takes is a bite..",,,
B0085,A14,Iron Brigade / Ancient Planet Tower Defense / Creeper World IXE,"액션, 전략 / 캐주얼, 인디, 전략 / 액션, 캐주얼, 인디, 시뮬레이션, 전략","[Iron Brigade] Join The Mobile Trench Brigade and protect humanity from the evil Monovision menace! ‖ [Ancient Planet Tower Defense] 고대 행성 타워 디펜스는 정통 타워 디펜스 게임입니다. 고대 문명의 요새가 외계 침략자들로부터 침략당했습니다. 고대의 강력한 기술을 사용하여 적군의 공격을 물리치십시오! ‖ [Creeper World IXE] The unstoppable alien force known as The Creeper has returned, devouring thousands of worlds in its path, and yours is next. Battle against the Creeper fluid in a groundbreaking pi",Siege of Centauri,"액션, 인디, 전략",Defend against thousands of enemies in this explosive tower defense game. Deploy upgradable towers and unleash powerful orbital abilities as you try to protect Earth's first colony world from destruction.,,,
B0086,A28,Dordogne / A YEAR OF SPRINGS / Botany Manor,"어드벤처, 인디 / 캐주얼, 인디, 시뮬레이션 / 어드벤처","[Dordogne] 이 유년 시절의 여정에서 특별한 내러티브에 몰입하며 도르도뉴의 수천 가지 여름의 색을 탐험하고, 추억을 떠올리며 가족의 비밀을 밝히세요. ‖ [A YEAR OF SPRINGS] 세 명의 여성, 세 개의 이야기, 세 개의 봄. 세 명의 친구들이 사랑, 공감, 그리고 단지 함께하고 싶어하는 감정에 대한 방향을 찾아나가는 3 부작 비주얼 노벨 A YEAR OF SPRINGS 에서 하루, 에리카, 마나미의 이야기를 체험하세요. ‖ [Botany Manor] Welcome to Botany Manor, a stately home in 19th century England. You play as inhabitant Arabella Greene, a retired botanist. Explore your house and gardens, filled with research, t",Steventon Street: Deluxe Edition,"캐주얼, 시뮬레이션",A romantic visual novel based on the works of Jane Austen.,,,
B0087,A14,Iron Brigade / Ancient Planet Tower Defense / Creeper World IXE,"액션, 전략 / 캐주얼, 인디, 전략 / 액션, 캐주얼, 인디, 시뮬레이션, 전략","[Iron Brigade] Join The Mobile Trench Brigade and protect humanity from the evil Monovision menace! ‖ [Ancient Planet Tower Defense] 고대 행성 타워 디펜스는 정통 타워 디펜스 게임입니다. 고대 문명의 요새가 외계 침략자들로부터 침략당했습니다. 고대의 강력한 기술을 사용하여 적군의 공격을 물리치십시오! ‖ [Creeper World IXE] The unstoppable alien force known as The Creeper has returned, devouring thousands of worlds in its path, and yours is next. Battle against the Creeper fluid in a groundbreaking pi",Fortified,"액션, 인디, 전략",Fortified is an explosive strategy shooter where players will defend the Earth against a menacing Martian invasion in the 1950s. Play as one-of-four pulp inspired heroes as they fight swarms of terrifying robots with an arsenal of Cold War era weapons and experimental technology.,,,
B0088,A05,Opus Magnum,"인디, 시뮬레이션","[Opus Magnum] Opus Magnum은 SpaceChem, Infinifactory, SHENZHEN I/O를 제작한 Zachtronics의 신작 퍼즐게임입니다. 연금술사들의 최첨단 도구인 변성 기관을 이용해 물약과 독을 만들어내는 기계들을 설계하고 만들어 내세요!",Train Valley 2,"어드벤처, 캐주얼, 인디, 시뮬레이션, 전략",철도망을 더욱 크고 복잡하게 만들어 보세요! 전작의 성공을 뛰어넘은 이 속편에선 오리지널 이상의 재미를 느낄 수 있습니다. 점점 더 높아지는 난이도와 지역 산업의 복잡한 과제가 제시되는 이 방대한 계곡을 직접 체험하세요! 탑승하세요! 기차가 출발합니다!,,,
B0089,A12,Baldur's Gate 3 / Mount & Blade II: Bannerlord / Kenshi,"어드벤처, RPG, 전략 / 액션, 인디, RPG, 시뮬레이션, 전략 / 액션, 인디, RPG, 시뮬레이션, 전략","[Baldur's Gate 3] Baldur’s Gate 3 is a story-rich, party-based RPG set in the universe of Dungeons & Dragons, where your choices shape a tale of fellowship and betrayal, survival and sacrifice, and  ‖ [Mount & Blade II: Bannerlord] 본 게임은 전략/액션 RPG입니다. 캐릭터를 생성하고, 외교에 참여하고, 제작, 거래를 하고, 방대한 중세풍의 샌드박스에서 새로운 땅을 정복하십시오. 군대를 일으켜 전쟁에 뛰어들고, 깊이가 있으나 직관적인 실력 기반의 전투 시스템을 채용한 대규모 실시간 전투에서 자신의 부대에 명령을 내리고 함께 싸우십시오. ‖ [Kenshi] 자유롭게 돌아다니는 분대 기반의 RPG. 스토리를 따라가는 대신 제한 없는 샌드박스식 게임플레이에 중점을 두었습니다. 무역상, 도둑, 반란군, 전쟁 군주, 모험가, 농부, 노예 등 다양한 삶을 체험할 수 있습니다. 운이 나쁘면 식인종의 먹잇감으로 전락할지도 모르죠. 새로운 장비를 연구하거나 제작해 보세요.",Survivalist,"액션, 어드벤처, 인디, RPG, 시뮬레이션, 전략",It's one year after the collapse of civilization and self-centered hedge fund manager Joe Wheeler emerges from his specially constructed bunker in search of food. This is a huge open-world RPG where you have the freedom to play how you want - but your choices have consequences.,,,
B0090,A24,Valheim / Grounded / My Time at Portia,"액션, 어드벤처, 인디, RPG, 앞서 해보기 / 액션, 어드벤처 / 어드벤처, 캐주얼, 인디, RPG, 시뮬레이션","[Valheim] 북구 신화와 바이킹 문화에 기반한 판타지 세계를 배경으로 펼쳐지는 생존 및 탐험 게임. ‖ [Grounded] The world is a vast, beautiful and dangerous place – especially when you have been shrunk to the size of an ant. Can you thrive alongside the hordes of giant insects, fighting to s ‖ [My Time at Portia] 아름다운 Portia 마을에서 새 삶을 시작하세요! 아버지가 방치한 작업장에서 제작을 부탁받고, 작물을 키우고, 가축을 기르고, 아름다운 세기말의 땅에서 특이한 친구들을 사귀며 작업장을 예전의 멋진 모습으로 복원하세요.",Peaceful Days,"캐주얼, 인디, RPG, 시뮬레이션","Take over a cozy local farm in the charming seaside town of Aurora, meet friendly locals, reveal the secrets and enjoy your new peaceful life!",,,
B0091,A25,DOOMBLADE / Transiruby / Blast Brigade vs. the Evil Legion of Dr. Cread,"액션, 어드벤처, 인디 / 액션 / 액션, 어드벤처, 인디","[DOOMBLADE] Deep underground, Gloom Girl discovers DOOMBLADE, a sentient weapon hellbent on escape after eons in chains. Together, “Doom and Gloom” embark on a vengeful quest to unlock the pow ‖ [Transiruby] 차원 대륙의 의문을 풀어라! 는 사이보그 소녀 실비가 검과 엘리먼트 샷으로 적을 쓰러뜨리며 앞으로 나아가는 탐색형 액션 게임입니다! ‖ [Blast Brigade vs. the Evil Legion of Dr. Cread] 스릴 넘치는 플랫포밍과 깊이 있는 탐험 세계, 폭발적인 액션으로 가득한 2D 메트로이드배니아 어드벤처 게임을 즐겨보세요! Blast Brigade에서 영웅들로 팀을 구성해 세계를 구하세요!",Superbrothers: Sword & Sworcery EP,"어드벤처, 인디","Traverse a mythic little realm, use a sword to do battle & evoke sworcery to solve mystical musical mysteries.",,,
B0092,A29,Salt and Sanctuary,"액션, 인디, RPG","[Salt and Sanctuary] 두렵고도 잔혹한 섬의 탐험을 시작합니다… Salt and Sanctuary는 신속하고, 잔인하며, 복잡한 전투 시스템을 지닌 2D RPG입니다. 저주받은 도시의 잊힌 영역이나, 피에 물든 던전이나, 오염된 기념비와 같은 장소를 돌아다니며, 한때 축복을 받았지만 지금은 타락하고 만 영주들을 조우하세요.",Terrinoth®: Heroes of Descent,"어드벤처, RPG, 전략","전설적인 던전 탐험 보드게임에서 탄생한 최초의 판타지 협동 전술 RPG, 디센트의 장대한 세계로 들어가세요. 용감한 영웅 일행과 함께 테리노스® 전역을 누비며, 턴제 전투에서 장대한 보스전에 맞서 생존하고, 끝없는 다크니스에 직면한 세계의 운명을 결정하세요.",,,
B0093,A11,Forza Horizon 5 / Hi-Fi RUSH / Street Fighter 6,"액션, 어드벤처, 레이싱, 시뮬레이션, 스포츠 / 액션 / 액션, 어드벤처","[Forza Horizon 5] 세계 최고의 자동차를 타고 생동감 넘치는 멕시코의 대자연을 탐험하며 재미있는 드라이빙 액션을 마음껏 즐겨보세요. ‖ [Hi-Fi RUSH] 아케이드 챌린지! 업데이트!로 추가되는 두 개의 신규 게임 모드에서 여러분의 능력을 시험하고, 새로운 보상을 획득해 보세요. 몇 가지 비밀도 숨어 있답니다! 락 스타 지망생 차이가 되어 비트를 타고, 세상 모든 게 음악에 싱크되는 세계에서 오합지졸 팀과 함께 사악한 거대 기업에 맞서 싸우세요. ‖ [Street Fighter 6] 시리즈 최신작 『Street Fighter 6』, 2023년 6월 2일 발매 결정! RE ENGINE으로 개발된 본 작품은 대형 모드 「World Tour」, 「Fighting Ground」, 「Battle Hub」로 구성되어 있다. 새로운 「스트리트 파이터」에는 지금까지의 시리즈에는 없었던 새로운 체험이 기다리고 있다.",Counter-Strike 2,"액션, 무료 플레이",Counter-Strike는 20년이 넘는 시간 동안 전 세계 수백만 명의 플레이어가 모여 수준 높은 경쟁을 펼칠 수 있는 플랫폼을 제공해 왔습니다. 그리고 이제 곧 Counter-Strike 2와 함께 새로운 CS 시대의 막이 열립니다.,,,
B0094,A25,DOOMBLADE / Transiruby / Blast Brigade vs. the Evil Legion of Dr. Cread,"액션, 어드벤처, 인디 / 액션 / 액션, 어드벤처, 인디","[DOOMBLADE] Deep underground, Gloom Girl discovers DOOMBLADE, a sentient weapon hellbent on escape after eons in chains. Together, “Doom and Gloom” embark on a vengeful quest to unlock the pow ‖ [Transiruby] 차원 대륙의 의문을 풀어라! 는 사이보그 소녀 실비가 검과 엘리먼트 샷으로 적을 쓰러뜨리며 앞으로 나아가는 탐색형 액션 게임입니다! ‖ [Blast Brigade vs. the Evil Legion of Dr. Cread] 스릴 넘치는 플랫포밍과 깊이 있는 탐험 세계, 폭발적인 액션으로 가득한 2D 메트로이드배니아 어드벤처 게임을 즐겨보세요! Blast Brigade에서 영웅들로 팀을 구성해 세계를 구하세요!",ANIMAL WELL,"액션, 어드벤처, 인디","어두컴컴하고, 복잡하게 얽혀있는 미로를 탐험하며 미로 안의 숨겨진 비밀들을 밝혀내세요. 아이템을 수집해 주변 환경을 놀랍고 의미있는 방식으로 활용하세요. 어둠속에 숨어있는 위험으로부터 살아남기 위해 애쓰다보면, 귀엽지만, 마음의 동요를 불러일으키는 생물들도 만나게 됩니다. 눈 앞에 보이는것만 전부가 아닙니다.",,,
B0095,A09,Roots of Yggdrasil / Ancient Gods / Flick Shot Rogues,"인디, 전략 / RPG, 전략 / 인디, 전략","[Roots of Yggdrasil] Build settlements, explore the Nine Realms, collect artifacts and upgrade your deck to reach the top of Yggdrasil in this post-Ragnarok roguelike city-builder! Can you survive the  ‖ [Ancient Gods] Ancient Gods is a fusion of hero collector and deck-building rogue-lite where you collect your character, fight, and experience exciting events. Any character can use all the cards ‖ [Flick Shot Rogues] 계획하고, 조준하고, 쏘세요! FLICK SHOT ROGUES는 테이블 위에서 물건을 튕기는 촉각적 만족감과 사람들이 좋아하는 턴제 로그라이크의 전략적 깊이를 결합한 게임입니다. 말도 안되는 콤보를 연결하고, 캐릭터, 아이템, 스킬을 잠금 해제하면서, 섬을 정복하세요!",Cards of Divinity,전략,"Become a Greek Deity and command heroes drawn from myth, legend, and history. Cast spells & enhancements, and conquer the realms to triumph over the other Gods!",,,
B0096,A12,Baldur's Gate 3 / Mount & Blade II: Bannerlord / Kenshi,"어드벤처, RPG, 전략 / 액션, 인디, RPG, 시뮬레이션, 전략 / 액션, 인디, RPG, 시뮬레이션, 전략","[Baldur's Gate 3] Baldur’s Gate 3 is a story-rich, party-based RPG set in the universe of Dungeons & Dragons, where your choices shape a tale of fellowship and betrayal, survival and sacrifice, and  ‖ [Mount & Blade II: Bannerlord] 본 게임은 전략/액션 RPG입니다. 캐릭터를 생성하고, 외교에 참여하고, 제작, 거래를 하고, 방대한 중세풍의 샌드박스에서 새로운 땅을 정복하십시오. 군대를 일으켜 전쟁에 뛰어들고, 깊이가 있으나 직관적인 실력 기반의 전투 시스템을 채용한 대규모 실시간 전투에서 자신의 부대에 명령을 내리고 함께 싸우십시오. ‖ [Kenshi] 자유롭게 돌아다니는 분대 기반의 RPG. 스토리를 따라가는 대신 제한 없는 샌드박스식 게임플레이에 중점을 두었습니다. 무역상, 도둑, 반란군, 전쟁 군주, 모험가, 농부, 노예 등 다양한 삶을 체험할 수 있습니다. 운이 나쁘면 식인종의 먹잇감으로 전락할지도 모르죠. 새로운 장비를 연구하거나 제작해 보세요.",Crusader Kings II,"RPG, 시뮬레이션, 전략, 무료 플레이",Explore one of the defining periods in world history in an experience crafted by the masters of Grand Strategy.,,,
B0097,A06,Cities: Skylines / Factorio / Farming Simulator 22,"시뮬레이션, 전략 / 캐주얼, 인디, 시뮬레이션, 전략 / 시뮬레이션","[Cities: Skylines] Cities: Skylines is a modern take on the classic city simulation. The game introduces new game play elements to realize the thrill and hardships of creating and maintaining a real  ‖ [Factorio] Factorio는 무한한 2D 세상에서 복잡성이 증가하는 아이템을 생산하기 위해 자동화 공장을 만드는 게임입니다. - 당신의 상상력으로 공장을 설계, 독창적인 방법으로 간단한 요소를 결합하고 마지막엔 당신을 좋아하지 않는 생물들로 부터 공장을 지키세요. ‖ [Farming Simulator 22] 농장을 만들고 농사를 즐기세요! 작물을 수확하고, 동물을 돌보고, 생산을 관리하고, 계절에 따른 어려움을 이겨내세요.",Nova Roma 노바 로마,"시뮬레이션, 전략, 앞서 해보기","로마의 영광을 나의 손으로 다시 재현하는 도시 건설 게임을 만나보세요. 신들을 기쁘게 하고, 법을 제정하며, 복합 공급망을 개발하여 시민들의 수요를 충족시켜야 합니다.",,,
B0098,A29,Salt and Sanctuary,"액션, 인디, RPG","[Salt and Sanctuary] 두렵고도 잔혹한 섬의 탐험을 시작합니다… Salt and Sanctuary는 신속하고, 잔인하며, 복잡한 전투 시스템을 지닌 2D RPG입니다. 저주받은 도시의 잊힌 영역이나, 피에 물든 던전이나, 오염된 기념비와 같은 장소를 돌아다니며, 한때 축복을 받았지만 지금은 타락하고 만 영주들을 조우하세요.",魔塔地牢,"어드벤처, 인디, RPG, 전략",Randomly generated Magic Tower dungeons A strategy-based fixed-value Roguelike RPG,,,
B0099,A09,Roots of Yggdrasil / Ancient Gods / Flick Shot Rogues,"인디, 전략 / RPG, 전략 / 인디, 전략","[Roots of Yggdrasil] Build settlements, explore the Nine Realms, collect artifacts and upgrade your deck to reach the top of Yggdrasil in this post-Ragnarok roguelike city-builder! Can you survive the  ‖ [Ancient Gods] Ancient Gods is a fusion of hero collector and deck-building rogue-lite where you collect your character, fight, and experience exciting events. Any character can use all the cards ‖ [Flick Shot Rogues] 계획하고, 조준하고, 쏘세요! FLICK SHOT ROGUES는 테이블 위에서 물건을 튕기는 촉각적 만족감과 사람들이 좋아하는 턴제 로그라이크의 전략적 깊이를 결합한 게임입니다. 말도 안되는 콤보를 연결하고, 캐릭터, 아이템, 스킬을 잠금 해제하면서, 섬을 정복하세요!",Backpack Hero,"어드벤처, 캐주얼, 인디, RPG, 전략",인벤토리 관리 RPG! 희귀한 아이템을 수집하고 당신의 가방을 정리하며 적을 쓰러뜨리세요!,,,
B0100,A11,Forza Horizon 5 / Hi-Fi RUSH / Street Fighter 6,"액션, 어드벤처, 레이싱, 시뮬레이션, 스포츠 / 액션 / 액션, 어드벤처","[Forza Horizon 5] 세계 최고의 자동차를 타고 생동감 넘치는 멕시코의 대자연을 탐험하며 재미있는 드라이빙 액션을 마음껏 즐겨보세요. ‖ [Hi-Fi RUSH] 아케이드 챌린지! 업데이트!로 추가되는 두 개의 신규 게임 모드에서 여러분의 능력을 시험하고, 새로운 보상을 획득해 보세요. 몇 가지 비밀도 숨어 있답니다! 락 스타 지망생 차이가 되어 비트를 타고, 세상 모든 게 음악에 싱크되는 세계에서 오합지졸 팀과 함께 사악한 거대 기업에 맞서 싸우세요. ‖ [Street Fighter 6] 시리즈 최신작 『Street Fighter 6』, 2023년 6월 2일 발매 결정! RE ENGINE으로 개발된 본 작품은 대형 모드 「World Tour」, 「Fighting Ground」, 「Battle Hub」로 구성되어 있다. 새로운 「스트리트 파이터」에는 지금까지의 시리즈에는 없었던 새로운 체험이 기다리고 있다.",EMPULSE,"액션, 앞서 해보기","EMPULSE는 출시 예정인 고속 6v6 무브먼트 슈터입니다. 벽달리기, 그래플, Holojump, 메크 탑승, P.A.I.N.T.로 Freehold의 수직 거리를 정복하십시오. 더 빠르게 움직이거나, 총에 쓰러지거나.",,,
B0101,A14,Iron Brigade / Ancient Planet Tower Defense / Creeper World IXE,"액션, 전략 / 캐주얼, 인디, 전략 / 액션, 캐주얼, 인디, 시뮬레이션, 전략","[Iron Brigade] Join The Mobile Trench Brigade and protect humanity from the evil Monovision menace! ‖ [Ancient Planet Tower Defense] 고대 행성 타워 디펜스는 정통 타워 디펜스 게임입니다. 고대 문명의 요새가 외계 침략자들로부터 침략당했습니다. 고대의 강력한 기술을 사용하여 적군의 공격을 물리치십시오! ‖ [Creeper World IXE] The unstoppable alien force known as The Creeper has returned, devouring thousands of worlds in its path, and yours is next. Battle against the Creeper fluid in a groundbreaking pi",Space Wars,시뮬레이션,"우주 전쟁,빠르게 진행되는 아케이드 슈팅 게임에서 외계인 침략자로부터 지구의 궤도 역을 지켜라. 이 액션으로 가득 찬 우주 모험에서 인류를 구하기 위해 강렬한 레벨을 통해 우주선,업그레이드 무기 및 전투를 사용자 정의하십시오.",,,
B0102,A24,Valheim / Grounded / My Time at Portia,"액션, 어드벤처, 인디, RPG, 앞서 해보기 / 액션, 어드벤처 / 어드벤처, 캐주얼, 인디, RPG, 시뮬레이션","[Valheim] 북구 신화와 바이킹 문화에 기반한 판타지 세계를 배경으로 펼쳐지는 생존 및 탐험 게임. ‖ [Grounded] The world is a vast, beautiful and dangerous place – especially when you have been shrunk to the size of an ant. Can you thrive alongside the hordes of giant insects, fighting to s ‖ [My Time at Portia] 아름다운 Portia 마을에서 새 삶을 시작하세요! 아버지가 방치한 작업장에서 제작을 부탁받고, 작물을 키우고, 가축을 기르고, 아름다운 세기말의 땅에서 특이한 친구들을 사귀며 작업장을 예전의 멋진 모습으로 복원하세요.",Creatures Inc,"액션, 어드벤처, 인디, 시뮬레이션, 앞서 해보기","Creatures Inc is an open world survival experience where taming creatures is the key to survival. Explore a hostile world solo or in 2 player online co-op, make impactful choices, upgrade your character, and turn deadly creatures into powerful allies.",,,
B0103,A24,Valheim / Grounded / My Time at Portia,"액션, 어드벤처, 인디, RPG, 앞서 해보기 / 액션, 어드벤처 / 어드벤처, 캐주얼, 인디, RPG, 시뮬레이션","[Valheim] 북구 신화와 바이킹 문화에 기반한 판타지 세계를 배경으로 펼쳐지는 생존 및 탐험 게임. ‖ [Grounded] The world is a vast, beautiful and dangerous place – especially when you have been shrunk to the size of an ant. Can you thrive alongside the hordes of giant insects, fighting to s ‖ [My Time at Portia] 아름다운 Portia 마을에서 새 삶을 시작하세요! 아버지가 방치한 작업장에서 제작을 부탁받고, 작물을 키우고, 가축을 기르고, 아름다운 세기말의 땅에서 특이한 친구들을 사귀며 작업장을 예전의 멋진 모습으로 복원하세요.",ASKA,"어드벤처, 시뮬레이션, 전략, 앞서 해보기","당신이 키를 잡는 순간, 새로운 바이킹의 시대가 열립니다. 이 신비로운 오픈 월드 생존 시뮬레이션에서 무에서 시작해 번영하는 정착지를 세우세요. 고대의 공포와 무자비할 만큼 혹독한 계절이 지배하는 땅에서 신들의 은총을 얻어 생존해 나가세요. 싱글 또는 협력 모드에서 개성 넘치는 주민들을 모아, 정착지를 확장하고, 부족을 지키세요!",,,
B0104,A03,Balatro / Hades / Vampire Survivors,"캐주얼, 인디, 전략 / 액션, 인디, RPG / 액션, 캐주얼, 인디, RPG","[Balatro] 포커 로그라이크 게임. Balatro는 불법 포커 패로 게임을 하고, 판을 뒤엎는 조커를 발견하고, 아드레날린이 치솟는 강력한 콤보를 만드는 덱 빌딩 게임입니다. ‖ [Hades] Bastion, Transistor, Pyre의 제작사에서 선보이는 이 로그라이크 던전 탐색형 게임에서 핵 앤 슬래시로 지하 세계를 탈출하고 죽음의 신에게 도전하세요. ‖ [Vampire Survivors] 수많은 어둠의 피조물을 쓰러뜨리며 새벽이 올 때까지 생존하세요! Vampire Survivors는 로그라이트 요소를 갖춘 고딕 호러 케주얼 게임입니다. 당신의 선택으로 순식간에 수백 마리의 괴물이 눈덩이처럼 불어날 수 있죠.",Knights End,"액션, 어드벤처, 인디",Work together to survive the night shift in this challenging co-op PvE horror game. Serve your villagers as disgraced knights by evading danger to fulfill their commands in this cursed kingdom. Reclaim your lost honor to earn your place on the watch. How long can you survive?,,,
B0105,A09,Roots of Yggdrasil / Ancient Gods / Flick Shot Rogues,"인디, 전략 / RPG, 전략 / 인디, 전략","[Roots of Yggdrasil] Build settlements, explore the Nine Realms, collect artifacts and upgrade your deck to reach the top of Yggdrasil in this post-Ragnarok roguelike city-builder! Can you survive the  ‖ [Ancient Gods] Ancient Gods is a fusion of hero collector and deck-building rogue-lite where you collect your character, fight, and experience exciting events. Any character can use all the cards ‖ [Flick Shot Rogues] 계획하고, 조준하고, 쏘세요! FLICK SHOT ROGUES는 테이블 위에서 물건을 튕기는 촉각적 만족감과 사람들이 좋아하는 턴제 로그라이크의 전략적 깊이를 결합한 게임입니다. 말도 안되는 콤보를 연결하고, 캐릭터, 아이템, 스킬을 잠금 해제하면서, 섬을 정복하세요!",보석 전설,"인디, 전략","400+ 보석, 40+ 조합 & 유물로 무한 빌드! 원소 보석을 수집, 전략적 조합 및 독특한 적 메커니즘에 대응하여 압도적 전투 스타일을 완성하세요.",,,
B0106,A35,Project Zomboid / Don't Starve / The Forest,"인디, RPG, 시뮬레이션, 앞서 해보기 / 어드벤처, 인디, 시뮬레이션 / 액션, 어드벤처, 인디, 시뮬레이션","[Project Zomboid] Project Zomboid is the ultimate in zombie survival. Alone or in MP: you loot, build, craft, fight, farm and fish in a struggle to survive. A hardcore RPG skillset, a vast map, mass ‖ [Don't Starve] Don’t Starve is an uncompromising wilderness survival game full of science and magic. Enter a strange and unexplored world full of strange creatures, dangers, and surprises. Gather ‖ [The Forest] As the lone survivor of a passenger jet crash, you find yourself in a mysterious forest battling to stay alive against a society of cannibalistic mutants. Build, explore, survive i",Forever Skies,"액션, 어드벤처, 인디, 시뮬레이션","생태학적으로 폐허가 된 포스트 아포칼립스 지구에서 펼쳐지는 1인칭 생존 게임입니다. 혼자 혹은 최대 3명의 친구와 플레이해 최첨단 비행선을 건설하고, 업그레이드하고, 운전하여 비행하세요. 지상에서 자원을 찾아 뒤지고, 도구를 제작하며, 위험에 맞서 인류를 구하기 위한 치유법을 찾아보세요.",,,
B0107,A25,DOOMBLADE / Transiruby / Blast Brigade vs. the Evil Legion of Dr. Cread,"액션, 어드벤처, 인디 / 액션 / 액션, 어드벤처, 인디","[DOOMBLADE] Deep underground, Gloom Girl discovers DOOMBLADE, a sentient weapon hellbent on escape after eons in chains. Together, “Doom and Gloom” embark on a vengeful quest to unlock the pow ‖ [Transiruby] 차원 대륙의 의문을 풀어라! 는 사이보그 소녀 실비가 검과 엘리먼트 샷으로 적을 쓰러뜨리며 앞으로 나아가는 탐색형 액션 게임입니다! ‖ [Blast Brigade vs. the Evil Legion of Dr. Cread] 스릴 넘치는 플랫포밍과 깊이 있는 탐험 세계, 폭발적인 액션으로 가득한 2D 메트로이드배니아 어드벤처 게임을 즐겨보세요! Blast Brigade에서 영웅들로 팀을 구성해 세계를 구하세요!",White Flame Inna: Daughter of the Void,"액션, 어드벤처, 인디",D 핸드 드로잉 여성 주인공 액션 어드벤처/소울라이크 게임.,,,
B0108,A25,DOOMBLADE / Transiruby / Blast Brigade vs. the Evil Legion of Dr. Cread,"액션, 어드벤처, 인디 / 액션 / 액션, 어드벤처, 인디","[DOOMBLADE] Deep underground, Gloom Girl discovers DOOMBLADE, a sentient weapon hellbent on escape after eons in chains. Together, “Doom and Gloom” embark on a vengeful quest to unlock the pow ‖ [Transiruby] 차원 대륙의 의문을 풀어라! 는 사이보그 소녀 실비가 검과 엘리먼트 샷으로 적을 쓰러뜨리며 앞으로 나아가는 탐색형 액션 게임입니다! ‖ [Blast Brigade vs. the Evil Legion of Dr. Cread] 스릴 넘치는 플랫포밍과 깊이 있는 탐험 세계, 폭발적인 액션으로 가득한 2D 메트로이드배니아 어드벤처 게임을 즐겨보세요! Blast Brigade에서 영웅들로 팀을 구성해 세계를 구하세요!",Death's Gambit: Afterlife,"액션, 어드벤처, 인디, RPG","Death's Gambit: Afterlife is a challenging 2D action platformer with deep RPG elements. As an agent of Death bound to his service, unravel the mystery of Siradon and discover the true price of immortality.",,,
B0109,A08,Sid Meier’s Civilization® VI / XCOM® 2 / Stellaris,"전략 / 전략 / 시뮬레이션, 전략","[Sid Meier’s Civilization® VI] 문명 VI 에서는 새로운 방식으로 세상과 소통하고, 제국의 영토를 확장시키며, 문화를 발전시키고, 역사속 위대한 지도자들에 맞서 오래도록 지속될 나만의 문명을 건설해볼 수 있습니다. 클레오파트라를 비롯한 20명의 역사 속 지도자들 중 한명으로 플레이 해보세요. ‖ [XCOM® 2] XCOM 2는 수상 경력이 있는 전략 게임 XCOM: Enemy Unknown의 속편입니다. 인류가 외계인 침략군에게 항복한 지 20년, 이제 지구 상에는 새로운 세계 질서가 존재합니다. 수년간을 어둠 속에서 숨어 있었던 XCOM 부대는 반드시 일어나 외계인의 지배를 무너뜨릴 것입니다. ‖ [Stellaris] 항성간 여행을 통해 우주를 탐험하며 수많은 종족들도 만나보세요. 과학선을 보내 우주를 조사하고 탐험하면서 은하 제국을 건설하고, 건축선을 보내 새로 발견한 행성에 기지를 건설하세요. 소속 사회를 위한 탐험에 나서 매장된 보물과 은하계의 경이를 발견하고, 탐험가의 한계치와 진화 범위를 설정하세요. 동맹이 체결되고, 전쟁이 ",Element Space,"액션, 인디, RPG, 전략",Year 2199. Assemble an elite crew and make allies to combat a shadowy organization threatening the future of humanity. Face overwhelming odds with strategy. Make your choices and save us from extinction.,,,
B0110,A26,RimWorld / Oxygen Not Included / Unpacking 언패킹,"인디, 시뮬레이션, 전략 / 인디, 시뮬레이션 / 캐주얼, 인디, 시뮬레이션","[RimWorld] 지능형 AI 이야기꾼이 주도하는 공상과학 정착지 시뮬레이터입니다. 심리, 생태, 총격전과 근접전, 날씨, 기후, 외교, 사람 사이의 관계, 예술, 의학, 무역, 그 외 많은 것들을 시뮬레이션하여 이야기를 생성합니다. ‖ [Oxygen Not Included] Oxygen Not Included는 우주 콜로니 시뮬레이션 게임입니다. 외계의 우주 암석 깊은 곳에서 근면한 일꾼들은 생존하고 나아가 번영하기 위해 과학을 마스터하고, 낯선 새로운 생명체에 맞서며, 경이로운 우주 테크놀로지를 활용해야 합니다. ‖ [Unpacking 언패킹] Unpacking은 상자에서 짐을 꺼내 새집에 맞게 배치하는 친숙한 체험에 대한 명상적 퍼즐 게임입니다. 게임의 일부인 블록 맞추기 게임과 집 꾸미기를 하는 동안, 푸는 짐에 닮긴 삶의 실마리를 찾아가며 만족할 만한 생활 공간을 만들어 보세요.",ExoColony: Planet Survival,"인디, 시뮬레이션, 전략","도전적인 우주 식민지 시뮬레이션. 여러 세대의 식민지 주민들을 이끌고 교육하며, 자원을 관리하고 식량 공급을 보장하세요. 호흡 가능한 대기를 유지하고 오염을 해결하며, 필수 구조물 건설을 위한 재료를 정제하세요. 행성을 테라포밍하고 생태계를 구축하여 새로운 터전을 만드세요.",,,
B0111,A26,RimWorld / Oxygen Not Included / Unpacking 언패킹,"인디, 시뮬레이션, 전략 / 인디, 시뮬레이션 / 캐주얼, 인디, 시뮬레이션","[RimWorld] 지능형 AI 이야기꾼이 주도하는 공상과학 정착지 시뮬레이터입니다. 심리, 생태, 총격전과 근접전, 날씨, 기후, 외교, 사람 사이의 관계, 예술, 의학, 무역, 그 외 많은 것들을 시뮬레이션하여 이야기를 생성합니다. ‖ [Oxygen Not Included] Oxygen Not Included는 우주 콜로니 시뮬레이션 게임입니다. 외계의 우주 암석 깊은 곳에서 근면한 일꾼들은 생존하고 나아가 번영하기 위해 과학을 마스터하고, 낯선 새로운 생명체에 맞서며, 경이로운 우주 테크놀로지를 활용해야 합니다. ‖ [Unpacking 언패킹] Unpacking은 상자에서 짐을 꺼내 새집에 맞게 배치하는 친숙한 체험에 대한 명상적 퍼즐 게임입니다. 게임의 일부인 블록 맞추기 게임과 집 꾸미기를 하는 동안, 푸는 짐에 닮긴 삶의 실마리를 찾아가며 만족할 만한 생활 공간을 만들어 보세요.",Dr. Planet,"캐주얼, 인디, 시뮬레이션","Create mini planets and civilizations. Let them flourish, or let them fall - literally. The choice is yours, Doctor Planet.",,,
B0112,A20,Counter-Strike 2 / PUBG: BATTLEGROUNDS / 톰 클랜시의 레인보우식스 시즈,"액션, 무료 플레이 / 액션, 어드벤처, 대규모 멀티플레이어, 무료 플레이 / 액션, 무료 플레이","[Counter-Strike 2] Counter-Strike는 20년이 넘는 시간 동안 전 세계 수백만 명의 플레이어가 모여 수준 높은 경쟁을 펼칠 수 있는 플랫폼을 제공해 왔습니다. 그리고 이제 곧 Counter-Strike 2와 함께 새로운 CS 시대의 막이 열립니다. ‖ [PUBG: BATTLEGROUNDS] 배틀로얄 유행의 시작이자, 그 정수를 보여준 PUBG: 배틀그라운드를 지금 무료로 플레이하세요! 다양한 맵에 낙하하여 무기와 보급품을 확보하고, 점점 줄어드는 블루존 속에서 끝까지 살아남아 승리를 쟁취하세요. ‖ [톰 클랜시의 레인보우식스 시즈] 톰 클랜시의 레인보우식스 시즈는 탁월한 계획과 기술이 승부를 좌우하는 전술적인 정예 팀 기반 슈팅 게임입니다.",Totally Accurate Battlegrounds,"액션, 인디, 무료 플레이","Grab your balloon crossbow and trusty inflatable hammer, because things are about to get wobbly! Be the last weirdo standing in the world-leading physics-based Battle Royale game.",,,
B0113,A15,서브노티카 / The Long Dark / No Man's Sky,"어드벤처, 인디 / 어드벤처, 인디, 시뮬레이션, 전략 / 액션, 어드벤처","[서브노티카] 위험과 경이로움이 가득한 외계의 바다 속으로 내려가세요. 장비를 제작하고, 잠수함을 조종하며 야생 생물보다 앞서가세요. 우거진 산호초, 화산, 동굴 같은 많은 장소들을 탐험하세요. 물론 살아남는 걸 잊으면 안 되겠죠. ‖ [The Long Dark] The Long Dark는 깊은 생각을 요구하는 탐험 생존 게임입니다. 플레이어는 지구 자기장 이상으로 인한 대재앙이 휩쓸고 간 세상에서 혼자 드넓은 설원 황무지를 탐험하며 살아남아야 합니다. 좀비는 등장하지 않으며 오직 플레이어와 추위, 그리고 자연 속의 위험들만 존재합니다. 고요한 종말의 세상에 오신 것을 환영합니다. ‖ [No Man's Sky] No Man's Sky는 무한히 펼쳐지는 우주에서의 탐험과 생존을 그린 SF 게임입니다.",Survival: Lost Way,"액션, 어드벤처, 인디, 대규모 멀티플레이어, 시뮬레이션","오픈 월드 포스트 아포칼립스 생존 샌드박스. 탐색하고 제작하고 건설해, 솔로 또는 협동으로 살아남으세요.",,,
B0114,A34,Pid / ChromaGun / Deer & Boy,"어드벤처, 인디 / 액션, 어드벤처, 인디 / 액션, 어드벤처, 인디","[Pid] You are stranded on a strange and peculiar planet. It’s time to embark on your journey and find your way home! Explore a gravity defying and challenging platformer with striking vi ‖ [ChromaGun] Welcome to ChromaTec’s test lab! You’re here to test our state-of-the-art military-grade color-technology: The ChromaGun (patent pending)! Use it to solve our meticulously designed ‖ [Deer & Boy] 도망친 소년은 길 잃은 어린 사슴을 만나 고요하면서도 위태로운 세상을 함께 헤쳐 나갑니다. 퍼즐을 풀고, 높은 곳에 오르고, 위협을 피해 나아가며 당신의 동료는 연약한 아기 사슴에서 어엿한 사슴으로 성장하죠. 혼자서는 할 수 없었던 일을 함께 해내는 법을 배우게 됩니다.",Owlboy,"액션, 어드벤처, 인디",이 비행 어드벤처 플랫폼 게임에서 활기 넘치는 픽셀 월드를 탐험해 보세요.,,,
B0115,A06,Cities: Skylines / Factorio / Farming Simulator 22,"시뮬레이션, 전략 / 캐주얼, 인디, 시뮬레이션, 전략 / 시뮬레이션","[Cities: Skylines] Cities: Skylines is a modern take on the classic city simulation. The game introduces new game play elements to realize the thrill and hardships of creating and maintaining a real  ‖ [Factorio] Factorio는 무한한 2D 세상에서 복잡성이 증가하는 아이템을 생산하기 위해 자동화 공장을 만드는 게임입니다. - 당신의 상상력으로 공장을 설계, 독창적인 방법으로 간단한 요소를 결합하고 마지막엔 당신을 좋아하지 않는 생물들로 부터 공장을 지키세요. ‖ [Farming Simulator 22] 농장을 만들고 농사를 즐기세요! 작물을 수확하고, 동물을 돌보고, 생산을 관리하고, 계절에 따른 어려움을 이겨내세요.",Omega Crafter,"액션, 어드벤처, 인디, RPG, 시뮬레이션","광대한 오픈 월드 생존 크래프트 게임에서 귀여운 동반자 그라미와 함께 모험을 떠나세요! 그라미의 행동을 프로그래밍하여 자동화하고, 채집, 생산, 건축을 수행하며 강력한 보스에 도전하세요! 친구들과 함께 왁자지껄 멀티플레이도!",,,
B0116,A04,Hollow Knight / Dead Cells / Celeste,"액션, 어드벤처, 인디 / 액션, 어드벤처, 인디 / 액션, 어드벤처, 인디","[Hollow Knight] 할로우 나이트에서 자신만의 길을 구축하세요! 크게 파괴된 곤충과 영웅의 왕국을 통한 서사 액션 어드벤처입니다. 손으로 그린 클래식 2D 스타일로 구불구불한 동굴을 탐험하고 오염된 생물과 싸우고 이상한 곤충들과 친구가 되어 보세요. ‖ [Dead Cells] 데드 셀(Dead Cells)는 메트로배니아에서 영감을 받은 로그라이트 액션 플랫포머 게임입니다. 2D 소울 라이트 전투에서 성을 지키는 수호자들을 물리치고 끊임없이 변화하는 거대한 성을 탐험하게 됩니다. 세이브 포인트는 없습니다. 죽이고, 죽고, 배우고, 반복하세요. ‖ [Celeste] 타워폴(TowerFall) 시리즈의 개발자들이 만든 이 초밀착형 플랫폼 게임을 플레이하고, 매들린이 셀레스트 산 정상으로 향하는 여정에서 내면의 악마에게서 살아남을 수 있게 도와주세요. 한땀 한땀 손수 제작한 수백 가지의 도전 과제에 맞서고, 사악한 비밀을 밝혀내고, 산에 숨겨진 수수께끼를 풀어보세요.",Slime Climb,"액션, 어드벤처, 인디","A challenging precision platformer that will test your determination. Climb an unforgiving mountain filled with tricky platforms and treacherous gaps as you yearn for Tasty Snacks at the summit. Every fall hurts, but victory tastes sweet.",,,
B0117,A15,서브노티카 / The Long Dark / No Man's Sky,"어드벤처, 인디 / 어드벤처, 인디, 시뮬레이션, 전략 / 액션, 어드벤처","[서브노티카] 위험과 경이로움이 가득한 외계의 바다 속으로 내려가세요. 장비를 제작하고, 잠수함을 조종하며 야생 생물보다 앞서가세요. 우거진 산호초, 화산, 동굴 같은 많은 장소들을 탐험하세요. 물론 살아남는 걸 잊으면 안 되겠죠. ‖ [The Long Dark] The Long Dark는 깊은 생각을 요구하는 탐험 생존 게임입니다. 플레이어는 지구 자기장 이상으로 인한 대재앙이 휩쓸고 간 세상에서 혼자 드넓은 설원 황무지를 탐험하며 살아남아야 합니다. 좀비는 등장하지 않으며 오직 플레이어와 추위, 그리고 자연 속의 위험들만 존재합니다. 고요한 종말의 세상에 오신 것을 환영합니다. ‖ [No Man's Sky] No Man's Sky는 무한히 펼쳐지는 우주에서의 탐험과 생존을 그린 SF 게임입니다.",Planet Centauri,"액션, 어드벤처, 인디, RPG","혼자 또는 친구들과 서사시적 모험을 떠나세요! 던전을 탐험하고, 괴물을 포획하며, 마을을 건설하고 방어하세요. 무기를 만들고, 마법을 익혀 외계 행성을 새로운 문명의 요람으로 만드세요! 이 혁신적인 게임에서 세계의 운명을 좌우하세요!",,,
B0118,A02,Still Life / Jenny LeClue - Detectivu / Telling Lies,"어드벤처 / 액션, 어드벤처, 캐주얼, 인디 / 어드벤처, 인디, 시뮬레이션",[Still Life] Still Life 2 also now available! ‖ [Jenny LeClue - Detectivu] Jenny LeClue - Detectivu는 조사와 선택지로 가득한 스릴 넘치는 미스터리 어드벤처 게임입니다. ‖ [Telling Lies] 네 명의 삶. 그리고 하나의 큰 거짓말. 아무도 모르게 녹화된 은밀한 대화를 들으며 진실을 알아내십시오. 큰 호평을 받았던 Her Story의 계승작입니다.,Birth,"어드벤처, 인디","You are alone. You will build a creature, a partner, a wet warm heart, a collection of bones.",,,
B0119,A23,Vomitoreum / Tales of Kenzera™: ZAU / Shantae: Half-Genie Hero,"액션, 어드벤처, 인디 / 액션, 어드벤처, 인디 / 액션, 어드벤처, 인디","[Vomitoreum] Vomitoreum is an FPS Metroidvania with a focus on atmosphere and horror, inspired by the paintings of Zdzisław Beksiński. ‖ [Tales of Kenzera™: ZAU] 샤먼의 춤을 추세요. 아버지의 영혼을 되찾으세요. Surgent Studios가 제작한 메트로이드바니아 스타일의 어드벤처 게임 Tales of Kenzera™: ZAU에서 죽음의 신과 함께 아름답고 위험한 켄제라의 땅으로 용감하게 모험을 떠나세요. ‖ [Shantae: Half-Genie Hero] Shantae embarks on her first full HD adventure! When a mysterious crime wave sweeps Sequin Land, it’s up to Half-Genie Hero Shantae to save the day! Use Shantae’s devastating Hair-",Crypt Custodian,어드벤처,"Crypt Custodian은 사후 세계를 깨끗하게 청소하는 매혹적인 메트로바니아 게임입니다. 사후 '영원히' 저승의 청소부로 임명되어 버린 장난꾸러기 고양이 '플루토'가 되어 보세요. 유령들과 어울리고, 짐승들과 대결을 펼치며, 광활한 저승 풍경을 탐험할 수 있습니다.",,,
B0120,A30,Stardew Valley / Slime Rancher / Raft,"인디, RPG, 시뮬레이션 / 액션, 어드벤처, 인디, 시뮬레이션 / 어드벤처, 인디, 시뮬레이션","[Stardew Valley] You've inherited your grandfather's old farm plot in Stardew Valley. Armed with hand-me-down tools and a few coins, you set out to begin your new life. Can you learn to live off th ‖ [Slime Rancher] 슬라임 랜쳐는 젊고 용감한 랜쳐, 베아트릭스 르뷰가 지구에서 1,000광년 떨어진 '머나먼 평야'에서 슬라임들과 씨름하며 생계를 꾸려나가는 이야기입니다. 긍정적인 마인드와 강인한 의지로 베아트릭스는 진공팩을 사용하여 끊임없이 말랑말랑하게 굴러나오는 슬라임들을 피하며 이름을 알리고, 부자가 되려 합니다. ‖ [Raft] Raft™ throws you and your friends into an epic oceanic adventure! Alone or together, players battle to survive a perilous voyage across a vast sea! Gather debris, scavenge reefs an",Planet of Lana II,"액션, 어드벤처, 인디","탐욕과 권력을 향한 욕망이 고향 행성의 부족들을 갈라놓는 가운데, 라나와 작은 동료인 무이는 세상을 뒤바꾸려는 세력에 함께 맞서야 합니다. 단순한 생존만이 아닌, 고향의 영혼을 지켜내기 위한 투쟁이 시작됩니다.",,,
B0121,A34,Pid / ChromaGun / Deer & Boy,"어드벤처, 인디 / 액션, 어드벤처, 인디 / 액션, 어드벤처, 인디","[Pid] You are stranded on a strange and peculiar planet. It’s time to embark on your journey and find your way home! Explore a gravity defying and challenging platformer with striking vi ‖ [ChromaGun] Welcome to ChromaTec’s test lab! You’re here to test our state-of-the-art military-grade color-technology: The ChromaGun (patent pending)! Use it to solve our meticulously designed ‖ [Deer & Boy] 도망친 소년은 길 잃은 어린 사슴을 만나 고요하면서도 위태로운 세상을 함께 헤쳐 나갑니다. 퍼즐을 풀고, 높은 곳에 오르고, 위협을 피해 나아가며 당신의 동료는 연약한 아기 사슴에서 어엿한 사슴으로 성장하죠. 혼자서는 할 수 없었던 일을 함께 해내는 법을 배우게 됩니다.",Coloring Game: Studio,"캐주얼, 인디","Coloring Game: Studio is now not only paint by numbers, but also a small graphics editor.",,,
B0122,A17,Lethal Company / Phasmophobia / Deep Rock Galactic,"액션, 어드벤처, 인디, 앞서 해보기 / 액션, 인디, 앞서 해보기 / 액션","[Lethal Company] A co-op horror about scavenging at abandoned moons to sell scrap to the Company. ‖ [Phasmophobia] Phasmophobia is a 4 player online co-op psychological horror. Paranormal activity is on the rise and it’s up to you and your team to use all the ghost-hunting equipment at your dis ‖ [Deep Rock Galactic] 딥 락 갤럭틱은 1-4인의 플레이어가 협동하는 FPS 게임으로, 상남자 우주 드워프, 100% 파괴 가능한 맵 환경, 절차적 생성 동굴 지형, 그리고 끊임없이 등장하는 외계 괴물 무리가 특징입니다.",BACKROOMS: APPREHENSION,"액션, 어드벤처, 인디","소셜 추리 요소가 가미된 극강의 멀티플레이어 공포 게임. 백룸에 갇힌 최대 12명의 플레이어는 살아남기 위해 협력해야 하며, 너무 늦기 전에 그들 사이에 숨어있는 변신 괴물 '스킨 스틸러'의 정체를 밝혀내야 합니다. 당신은 누구를 믿으시겠습니까?",,,
B0123,A28,Dordogne / A YEAR OF SPRINGS / Botany Manor,"어드벤처, 인디 / 캐주얼, 인디, 시뮬레이션 / 어드벤처","[Dordogne] 이 유년 시절의 여정에서 특별한 내러티브에 몰입하며 도르도뉴의 수천 가지 여름의 색을 탐험하고, 추억을 떠올리며 가족의 비밀을 밝히세요. ‖ [A YEAR OF SPRINGS] 세 명의 여성, 세 개의 이야기, 세 개의 봄. 세 명의 친구들이 사랑, 공감, 그리고 단지 함께하고 싶어하는 감정에 대한 방향을 찾아나가는 3 부작 비주얼 노벨 A YEAR OF SPRINGS 에서 하루, 에리카, 마나미의 이야기를 체험하세요. ‖ [Botany Manor] Welcome to Botany Manor, a stately home in 19th century England. You play as inhabitant Arabella Greene, a retired botanist. Explore your house and gardens, filled with research, t",Beyond Blue,"어드벤처, 캐주얼, 인디, 시뮬레이션","Beyond Blue는 내러티브 위주의 싱글 플레이어 어드벤처 게임으로, 여러분은 우리 행성의 고동치는 푸른 심장 깊숙한 곳을 탐사하게 됩니다. 바다 안에 있는 놀라운 경이로움과 끝없는 수수께끼를 탐험해 보십시오.",,,
B0124,A33,Garry's Mod / Team Fortress 2 / Left 4 Dead 2,"캐주얼, 인디, 시뮬레이션 / 액션, 무료 플레이 / 액션","[Garry's Mod] Garry's Mod is a physics sandbox. There aren't any predefined aims or goals. We give you the tools and leave you to play. ‖ [Team Fortress 2] 다양한 전술적 능력과 뚜렷한 개성을 갖춘 9가지 병과의 캐릭터를 플레이하세요. 끊임없이 업데이트되는 새로운 게임 모드, 맵, 장비 그리고 가장 중요한 모자까지 지금 바로 즐겨보세요! ‖ [Left 4 Dead 2] Set in the zombie apocalypse, Left 4 Dead 2 is a co-operative action horror FPS takes you and your friends through the cities, swamps and cemeteries of the Deep South, from Savanna",Ultimate Epic Battle Simulator 2,"액션, 어드벤처, 캐주얼, 인디, 시뮬레이션, 전략","Welcome to Ultimate Epic Battle Simulator 2, the most ridiculous and insane battle simulator in existence! Create eye watering battles with hundreds of thousands, even millions of characters on screen! Jump into multiple campaigns in game or player made, or play in sandbox mode and FPS invasion",,,
B0125,A32,Hardspace: Shipbreaker / Hacknet / The Case of the Golden Idol / 방 탈출 시뮬레이터 / shapez 2 - Factory,"시뮬레이션 / 인디, 시뮬레이션 / 어드벤처, 인디 / 어드벤처, 캐주얼, 인디, 시뮬레이션 / 캐주얼, 인디, 시뮬레이션, 전략","[Hardspace: Shipbreaker] Equipped with cutting-edge salvaging tech, carve & slice spaceships to recover valuable materials. Upgrade your gear to take on more lucrative contracts and pay your billion credit ‖ [Hacknet] Hacknet은 터미널 기반의 몰입형 해킹 시뮬레이터입니다. 최근에 사망한, 그러나 언론 보도와는 달리 사고로 사망하지 않은 해커의 지시에 따라 진실을 추척하십시오. ‖ [The Case of the Golden Idol] A new kind of detective game that allows you to think and investigate freely. Discover clues surrounding 12 strange and gruesome deaths and build your own theory. Pick your suspect ‖ [방 탈출 시뮬레이터] Escape Simulator는 단독 또는 온라인 협동 플레이가 가능한 1인칭 퍼즐 게임입니다. 점점 더 많아지는, 고도의 상호 작용이 가능한 방탈출 세트를 탐험하세요. 가구를 옮기고, 모든 것을 집어 들고 검사하고, 냄비를 부수고 자물쇠를 부수세요! 레벨 편집기를 통해 커뮤니티가 만든 방을 지원합니다. ‖ [shapez 2 - Factory] 공장 건설 게임에 빠져들어 보세요. 단 한 가지에 집중하세요. 대규모 우주 공장을 건설하는 것! 방대하게 펼쳐지는 다층 공장과 만족스러운 생산 라인을 무제한으로 설계하세요. 계속해서 어려워지는 자동화 목표를 적의 위협 없이 자신만의 속도로 달성하세요.",Emergency Exit,"인디, 시뮬레이션","Communicate. Cooperate. Escape. Emergency Exit is an online cooperative escape/puzzle game with asymmetric gameplay. Separated and unable to see each other’s actions, players must work together to solve puzzles and uncover secrets before time runs out.",,,
B0126,A21,DARK SOULS™ III / The Witcher 3: Wild Hunt / The Elder Scrolls V: Skyrim Special Edition,액션 / RPG / RPG,"[DARK SOULS™ III] 장르를 새로 개척했다는 평가를 들으며 많은 좋은 평가들을 얻고 있는 다크 소울 시리즈는 계속해서 한계를 넘어서, 더욱 야심찬 단계에 도전하고자 하고 있습니다. 준비를 하고 어둠을 밝히십시오! ‖ [The Witcher 3: Wild Hunt] 리비아의 게롤트가 되어 의뢰를 받고 괴물을 사냥하세요. 전쟁의 상처가 가득하고 괴물이 들끓는 대륙을 마음껏 탐험해 보세요. 지금 가장 중요한 일은 대륙의 판도를 뒤바꿀 수도 있는 살아 있는 무기이자 예언의 아이, 시리를 추적하는 것입니다. ‖ [The Elder Scrolls V: Skyrim Special Edition] 200회 이상 올해의 게임에 선정된 The Elder Scrolls V: Skyrim Special Edition이 놀라운 디테일로 판타지에 생명을 불어넣었습니다. Special Edition에는 비평가들의 극찬을 받은 게임 및 새로운 기능이 포함된 애드온이 들어 있습니다.",The Life Of Greather,"어드벤처, 인디, RPG","You are just a simple farmer, your wife has not returned. Venture across this open medieval world and find her.",,,
B0127,A11,Forza Horizon 5 / Hi-Fi RUSH / Street Fighter 6,"액션, 어드벤처, 레이싱, 시뮬레이션, 스포츠 / 액션 / 액션, 어드벤처","[Forza Horizon 5] 세계 최고의 자동차를 타고 생동감 넘치는 멕시코의 대자연을 탐험하며 재미있는 드라이빙 액션을 마음껏 즐겨보세요. ‖ [Hi-Fi RUSH] 아케이드 챌린지! 업데이트!로 추가되는 두 개의 신규 게임 모드에서 여러분의 능력을 시험하고, 새로운 보상을 획득해 보세요. 몇 가지 비밀도 숨어 있답니다! 락 스타 지망생 차이가 되어 비트를 타고, 세상 모든 게 음악에 싱크되는 세계에서 오합지졸 팀과 함께 사악한 거대 기업에 맞서 싸우세요. ‖ [Street Fighter 6] 시리즈 최신작 『Street Fighter 6』, 2023년 6월 2일 발매 결정! RE ENGINE으로 개발된 본 작품은 대형 모드 「World Tour」, 「Fighting Ground」, 「Battle Hub」로 구성되어 있다. 새로운 「스트리트 파이터」에는 지금까지의 시리즈에는 없었던 새로운 체험이 기다리고 있다.",ABC: AUDIO REACTIVE BEAT CIRCLE,"액션, 캐주얼, 인디, 무료 플레이",좋아하는 음악을 듣는 새로운 방법을 경험하세요. 추상적인 도형에 부딪히는 것을 피하는 오디오 반응형 아케이드 게임. 오디오에 따라 도형이 느리게 또는 빠르게 움직입니다.,,,
B0128,A17,Lethal Company / Phasmophobia / Deep Rock Galactic,"액션, 어드벤처, 인디, 앞서 해보기 / 액션, 인디, 앞서 해보기 / 액션","[Lethal Company] A co-op horror about scavenging at abandoned moons to sell scrap to the Company. ‖ [Phasmophobia] Phasmophobia is a 4 player online co-op psychological horror. Paranormal activity is on the rise and it’s up to you and your team to use all the ghost-hunting equipment at your dis ‖ [Deep Rock Galactic] 딥 락 갤럭틱은 1-4인의 플레이어가 협동하는 FPS 게임으로, 상남자 우주 드워프, 100% 파괴 가능한 맵 환경, 절차적 생성 동굴 지형, 그리고 끊임없이 등장하는 외계 괴물 무리가 특징입니다.",We Escaped a Twisted Game,어드벤처,"A two-player co-op horror escape. Trapped in a haunted manor, you’ll need to solve puzzles, work together, and trust each other to make it out alive.",,,
B0129,A14,Iron Brigade / Ancient Planet Tower Defense / Creeper World IXE,"액션, 전략 / 캐주얼, 인디, 전략 / 액션, 캐주얼, 인디, 시뮬레이션, 전략","[Iron Brigade] Join The Mobile Trench Brigade and protect humanity from the evil Monovision menace! ‖ [Ancient Planet Tower Defense] 고대 행성 타워 디펜스는 정통 타워 디펜스 게임입니다. 고대 문명의 요새가 외계 침략자들로부터 침략당했습니다. 고대의 강력한 기술을 사용하여 적군의 공격을 물리치십시오! ‖ [Creeper World IXE] The unstoppable alien force known as The Creeper has returned, devouring thousands of worlds in its path, and yours is next. Battle against the Creeper fluid in a groundbreaking pi",칼릭스,"전략, 앞서 해보기",새로운 유형의 적이 등장하는 전략 게임 Calyx에서 우주 광산 전초 기지를 지휘하며 강력한 식물형 외계 생명체와 맞서 싸우세요. 기지를 건설하며 자원을 수집하고 병력을 모아 칼릭스와 대결하세요. 구식 AI 외에 아무도 없고 본부와 연락도 끊긴 상황에서 과연 살아남을 수 있을까요?,,,
B0130,A31,Hearts of Iron IV / Europa Universalis IV / Sid Meier's Civilization® V,"시뮬레이션, 전략 / 시뮬레이션, 전략 / 전략","[Hearts of Iron IV] Victory is at your fingertips! Your ability to lead your nation is your supreme weapon, the strategy game Hearts of Iron IV lets you take command of any nation in World War II; the ‖ [Europa Universalis IV] 비교할 수 없는 자유도, 깊이 있는 스토리, 정확한 역사적 고증을 즐기며 국토를 다스리고 세계를 정복하세요. 세계 역사를 새롭게 쓰며 시대를 풍미할 제국을 만드세요. ‖ [Sid Meier's Civilization® V] Create, discover, and download new player-created maps, scenarios, interfaces, and more!",World Warfare & Economics,"액션, 인디, 시뮬레이션, 전략, 앞서 해보기","Take control of any nation and shape its future. Manage resources, trade, and taxes, engage in real-time warfare, navigate global diplomacy, and react to dynamic world events. Build a thriving economy, forge alliances, and command armies in a constantly evolving world!",,,
B0131,A24,Valheim / Grounded / My Time at Portia,"액션, 어드벤처, 인디, RPG, 앞서 해보기 / 액션, 어드벤처 / 어드벤처, 캐주얼, 인디, RPG, 시뮬레이션","[Valheim] 북구 신화와 바이킹 문화에 기반한 판타지 세계를 배경으로 펼쳐지는 생존 및 탐험 게임. ‖ [Grounded] The world is a vast, beautiful and dangerous place – especially when you have been shrunk to the size of an ant. Can you thrive alongside the hordes of giant insects, fighting to s ‖ [My Time at Portia] 아름다운 Portia 마을에서 새 삶을 시작하세요! 아버지가 방치한 작업장에서 제작을 부탁받고, 작물을 키우고, 가축을 기르고, 아름다운 세기말의 땅에서 특이한 친구들을 사귀며 작업장을 예전의 멋진 모습으로 복원하세요.",Another Try,"액션, 어드벤처, 인디, 대규모 멀티플레이어","The virus has devastated cities and lands, you are one of the last survivors! You will have to survive in a harsh post-apocalyptic world populated by the living dead.",,,
B0132,A32,Hardspace: Shipbreaker / Hacknet / The Case of the Golden Idol / 방 탈출 시뮬레이터 / shapez 2 - Factory,"시뮬레이션 / 인디, 시뮬레이션 / 어드벤처, 인디 / 어드벤처, 캐주얼, 인디, 시뮬레이션 / 캐주얼, 인디, 시뮬레이션, 전략","[Hardspace: Shipbreaker] Equipped with cutting-edge salvaging tech, carve & slice spaceships to recover valuable materials. Upgrade your gear to take on more lucrative contracts and pay your billion credit ‖ [Hacknet] Hacknet은 터미널 기반의 몰입형 해킹 시뮬레이터입니다. 최근에 사망한, 그러나 언론 보도와는 달리 사고로 사망하지 않은 해커의 지시에 따라 진실을 추척하십시오. ‖ [The Case of the Golden Idol] A new kind of detective game that allows you to think and investigate freely. Discover clues surrounding 12 strange and gruesome deaths and build your own theory. Pick your suspect ‖ [방 탈출 시뮬레이터] Escape Simulator는 단독 또는 온라인 협동 플레이가 가능한 1인칭 퍼즐 게임입니다. 점점 더 많아지는, 고도의 상호 작용이 가능한 방탈출 세트를 탐험하세요. 가구를 옮기고, 모든 것을 집어 들고 검사하고, 냄비를 부수고 자물쇠를 부수세요! 레벨 편집기를 통해 커뮤니티가 만든 방을 지원합니다. ‖ [shapez 2 - Factory] 공장 건설 게임에 빠져들어 보세요. 단 한 가지에 집중하세요. 대규모 우주 공장을 건설하는 것! 방대하게 펼쳐지는 다층 공장과 만족스러운 생산 라인을 무제한으로 설계하세요. 계속해서 어려워지는 자동화 목표를 적의 위협 없이 자신만의 속도로 달성하세요.",Children of a Dead Earth,"시뮬레이션, 전략",The most scientifically accurate space warfare simulator ever made. Now with Steam Workshop!,,,
B0133,A29,Salt and Sanctuary,"액션, 인디, RPG","[Salt and Sanctuary] 두렵고도 잔혹한 섬의 탐험을 시작합니다… Salt and Sanctuary는 신속하고, 잔인하며, 복잡한 전투 시스템을 지닌 2D RPG입니다. 저주받은 도시의 잊힌 영역이나, 피에 물든 던전이나, 오염된 기념비와 같은 장소를 돌아다니며, 한때 축복을 받았지만 지금은 타락하고 만 영주들을 조우하세요.",Aegis Defenders,"액션, 어드벤처, 인디, RPG, 전략","Take on wild beasts, ruthless soldiers, and ancient gods in this 2D Action-Platformer inspired by Tower-Defense combat.",,,
B0134,A20,Counter-Strike 2 / PUBG: BATTLEGROUNDS / 톰 클랜시의 레인보우식스 시즈,"액션, 무료 플레이 / 액션, 어드벤처, 대규모 멀티플레이어, 무료 플레이 / 액션, 무료 플레이","[Counter-Strike 2] Counter-Strike는 20년이 넘는 시간 동안 전 세계 수백만 명의 플레이어가 모여 수준 높은 경쟁을 펼칠 수 있는 플랫폼을 제공해 왔습니다. 그리고 이제 곧 Counter-Strike 2와 함께 새로운 CS 시대의 막이 열립니다. ‖ [PUBG: BATTLEGROUNDS] 배틀로얄 유행의 시작이자, 그 정수를 보여준 PUBG: 배틀그라운드를 지금 무료로 플레이하세요! 다양한 맵에 낙하하여 무기와 보급품을 확보하고, 점점 줄어드는 블루존 속에서 끝까지 살아남아 승리를 쟁취하세요. ‖ [톰 클랜시의 레인보우식스 시즈] 톰 클랜시의 레인보우식스 시즈는 탁월한 계획과 기술이 승부를 좌우하는 전술적인 정예 팀 기반 슈팅 게임입니다.",Street Fighter V,액션,"Street Fighter® V로 강렬한 정면 승부를 경험해보세요! 16명의 대표 캐릭터 중에서 고르고, 각양각색의 탄탄한 매치 옵션으로 온라인이나 오프라인에서 친구들과 겨뤄보세요.",,,
B0135,A32,Hardspace: Shipbreaker / Hacknet / The Case of the Golden Idol / 방 탈출 시뮬레이터 / shapez 2 - Factory,"시뮬레이션 / 인디, 시뮬레이션 / 어드벤처, 인디 / 어드벤처, 캐주얼, 인디, 시뮬레이션 / 캐주얼, 인디, 시뮬레이션, 전략","[Hardspace: Shipbreaker] Equipped with cutting-edge salvaging tech, carve & slice spaceships to recover valuable materials. Upgrade your gear to take on more lucrative contracts and pay your billion credit ‖ [Hacknet] Hacknet은 터미널 기반의 몰입형 해킹 시뮬레이터입니다. 최근에 사망한, 그러나 언론 보도와는 달리 사고로 사망하지 않은 해커의 지시에 따라 진실을 추척하십시오. ‖ [The Case of the Golden Idol] A new kind of detective game that allows you to think and investigate freely. Discover clues surrounding 12 strange and gruesome deaths and build your own theory. Pick your suspect ‖ [방 탈출 시뮬레이터] Escape Simulator는 단독 또는 온라인 협동 플레이가 가능한 1인칭 퍼즐 게임입니다. 점점 더 많아지는, 고도의 상호 작용이 가능한 방탈출 세트를 탐험하세요. 가구를 옮기고, 모든 것을 집어 들고 검사하고, 냄비를 부수고 자물쇠를 부수세요! 레벨 편집기를 통해 커뮤니티가 만든 방을 지원합니다. ‖ [shapez 2 - Factory] 공장 건설 게임에 빠져들어 보세요. 단 한 가지에 집중하세요. 대규모 우주 공장을 건설하는 것! 방대하게 펼쳐지는 다층 공장과 만족스러운 생산 라인을 무제한으로 설계하세요. 계속해서 어려워지는 자동화 목표를 적의 위협 없이 자신만의 속도로 달성하세요.",Block Factory,"캐주얼, 인디, 시뮬레이션, 전략",Block Factory is a relaxing and creative building game where you craft delightful 3D figurines from blocks. Shape your designs and build flowing production lines in a peaceful factory world.,,,
B0136,A19,ELDEN RING / Disco Elysium - The Final Cut / Outer Wilds,"액션, RPG / RPG / 액션, 어드벤처","[ELDEN RING] 본 게임은 본격적인 다크 판타지 세계를 무대로 한 액션 RPG입니다. 드넓은 필드와 던전 탐험을 통해 미지의 것들을 발견해 보세요. 앞길을 막아서는 난관과 그것을 극복했을 때의 달성감, 그리고 등장인물들의 의도가 교착하는 군상극도 즐기실 수 있습니다. ‖ [Disco Elysium - The Final Cut] 디스코 엘리시움 - 최종판은 획기적인 오픈 월드 롤플레잉 게임입니다. 당신은 독특한 스킬 시스템을 갖춘 형사로서 오롯한 도시 블록을 당신의 미래를 닦기 위해 다듬을 수 있습니다. 잊지 못할 등장인물들을 심문하거나, 살인 사건을 해결하거나, 뇌물을 받으세요. 영웅이 되거나 인류의 완전한 재앙이 되세요. ‖ [Outer Wilds] Giant Bomb, Polygon, Eurogamer, The Guardian에 의해 2019년 올해의 게임에 이름을 올리며 냉정한 호평과 수상 실적이 있는 Outer Wilds는 무한 시간 루프에 갇힌 태양계에 관한 공개된 세계의 미스터리 게임입니다.",Legal Dungeon,"어드벤처, 인디, 시뮬레이션","리갈던전은 경찰의 수사서류를 작성하는 게임입니다. 플레이어는, 절도, 살인 등 총 8개의 사건과 관련된 수사서류를 읽은 후 법령과 판례에 따라 최종 수사 의견을 작성합니다. 개인의 인생을 저울질하고 모든 아이템을 수집해 보세요.",,,
B0137,A28,Dordogne / A YEAR OF SPRINGS / Botany Manor,"어드벤처, 인디 / 캐주얼, 인디, 시뮬레이션 / 어드벤처","[Dordogne] 이 유년 시절의 여정에서 특별한 내러티브에 몰입하며 도르도뉴의 수천 가지 여름의 색을 탐험하고, 추억을 떠올리며 가족의 비밀을 밝히세요. ‖ [A YEAR OF SPRINGS] 세 명의 여성, 세 개의 이야기, 세 개의 봄. 세 명의 친구들이 사랑, 공감, 그리고 단지 함께하고 싶어하는 감정에 대한 방향을 찾아나가는 3 부작 비주얼 노벨 A YEAR OF SPRINGS 에서 하루, 에리카, 마나미의 이야기를 체험하세요. ‖ [Botany Manor] Welcome to Botany Manor, a stately home in 19th century England. You play as inhabitant Arabella Greene, a retired botanist. Explore your house and gardens, filled with research, t",错过的暑假可以放第二次吗？,"캐주얼, 시뮬레이션",游戏内容： 这是一款以绘画为主题、描述了成年人对于过往错过的人与事的灵魂之旅，兽人向的纯视觉小说游戏。 故事讲述了25岁的狸花猫兽人“启诚”，在被公司辞退后回到老家的城市。作为曾没能通过联考的美术生，在青梅竹马“未乾”，以及好朋友【熙和】、【望舒】、画室的“学弟”【烈烈】的帮助下，慢慢寻回了自己曾失去的那个暑假，那个他命中注定的人……,,,
B0138,A23,Vomitoreum / Tales of Kenzera™: ZAU / Shantae: Half-Genie Hero,"액션, 어드벤처, 인디 / 액션, 어드벤처, 인디 / 액션, 어드벤처, 인디","[Vomitoreum] Vomitoreum is an FPS Metroidvania with a focus on atmosphere and horror, inspired by the paintings of Zdzisław Beksiński. ‖ [Tales of Kenzera™: ZAU] 샤먼의 춤을 추세요. 아버지의 영혼을 되찾으세요. Surgent Studios가 제작한 메트로이드바니아 스타일의 어드벤처 게임 Tales of Kenzera™: ZAU에서 죽음의 신과 함께 아름답고 위험한 켄제라의 땅으로 용감하게 모험을 떠나세요. ‖ [Shantae: Half-Genie Hero] Shantae embarks on her first full HD adventure! When a mysterious crime wave sweeps Sequin Land, it’s up to Half-Genie Hero Shantae to save the day! Use Shantae’s devastating Hair-",Manager can be Tough!: Case of the Kidnapped Waitress,"액션, 인디","Hack, slash, and blast your way through hordes of beastly enemies and powerful bosses to rescue your beautiful waitress in this sexy 2D Side scrolling action game!",,,
B0139,A10,A Short Hike / ISLANDERS / Gorogoa,"어드벤처, 인디 / 캐주얼, 인디, 전략 / 어드벤처, 캐주얼, 인디","[A Short Hike] Hike, climb, and soar through the peaceful mountainside landscapes of Hawk Peak Provincial Park as you make your way to the summit. ‖ [ISLANDERS] ISLANDERS is a minimalist strategy game about building cities on colorful islands. ‖ [Gorogoa] Gorogoa(고로고아)는 Jason Roberts가 디자인하고 일러스트레이션을 손으로 그린 아름다운 차세대 퍼즐 게임입니다.",Mini Settlers,"인디, 시뮬레이션, 전략","Mini Settlers는 미니멀리스트 도시 건설 게임입니다! 섬에 정착하고, 도시를 건설하고, 효율적인 물류 네트워크를 디자인해서 건물들에 필요한 사항을 지원하고, 인구를 증가시켜 새로운 세계로 진출하세요.",,,
B0140,A20,Counter-Strike 2 / PUBG: BATTLEGROUNDS / 톰 클랜시의 레인보우식스 시즈,"액션, 무료 플레이 / 액션, 어드벤처, 대규모 멀티플레이어, 무료 플레이 / 액션, 무료 플레이","[Counter-Strike 2] Counter-Strike는 20년이 넘는 시간 동안 전 세계 수백만 명의 플레이어가 모여 수준 높은 경쟁을 펼칠 수 있는 플랫폼을 제공해 왔습니다. 그리고 이제 곧 Counter-Strike 2와 함께 새로운 CS 시대의 막이 열립니다. ‖ [PUBG: BATTLEGROUNDS] 배틀로얄 유행의 시작이자, 그 정수를 보여준 PUBG: 배틀그라운드를 지금 무료로 플레이하세요! 다양한 맵에 낙하하여 무기와 보급품을 확보하고, 점점 줄어드는 블루존 속에서 끝까지 살아남아 승리를 쟁취하세요. ‖ [톰 클랜시의 레인보우식스 시즈] 톰 클랜시의 레인보우식스 시즈는 탁월한 계획과 기술이 승부를 좌우하는 전술적인 정예 팀 기반 슈팅 게임입니다.",OPERATOR,"액션, 인디, RPG, 시뮬레이션, 전략, 앞서 해보기","In OPERATOR, you will play as an elite Tier 1 operator undergoing dangerous clandestine operations all over the globe. With a strategic, measured, and unforgiving style of gameplay. You are the tactical advantage, Good luck.",,,
B0141,A07,Into the Breach / Monster Train / Mini Metro,"인디, RPG, 시뮬레이션, 전략 / 전략 / 인디, 시뮬레이션, 전략","[Into the Breach] 미래의 강력한 메크를 조종하여 외계 세력을 물리치세요. 이 턴제 전략 게임에서는 세계를 구하려 시도할 때마다 무작위로 새롭게 생성되는 도전이 여러분 앞에 나타납니다. ‖ [Monster Train] Monster Train is a strategic roguelike deck building game with a twist. Set on a train to hell, you’ll use tactical decision making to defend multiple vertical battlegrounds. With  ‖ [Mini Metro] 미니 메트로는 성장하는 도시를 위해 지하철 노선을 설계하는 게임입니다. 역과 역 사이에 노선을 그려서 열차 운행을 시작하세요. 새로운 역이 열리면 노선을 수정해서 노선도를 효율적으로 유지하세요. 한정된 자원을 어느 곳에 사용할 것인지 결정하세요. 도시를 얼마나 오래 유지할 수 있을까요?",Overdungeon,"액션, 어드벤처, 캐주얼, 인디, RPG, 전략","로그라이크와 타워 디펜스, 그리고 카드 게임을 융합시킨 완전히 새로운 스타일의 액션 카드 게임! 완전히 새로운 스타일의 신감각 리얼타임형 카드 배틀 게임을 즐겨보세요!",,,
B0142,A05,Opus Magnum,"인디, 시뮬레이션","[Opus Magnum] Opus Magnum은 SpaceChem, Infinifactory, SHENZHEN I/O를 제작한 Zachtronics의 신작 퍼즐게임입니다. 연금술사들의 최첨단 도구인 변성 기관을 이용해 물약과 독을 만들어내는 기계들을 설계하고 만들어 내세요!",Logic Bombs,인디,"Welcome to a realm of pure logic, where rules are rules and the next step can always be deduced.",,,
B0143,A34,Pid / ChromaGun / Deer & Boy,"어드벤처, 인디 / 액션, 어드벤처, 인디 / 액션, 어드벤처, 인디","[Pid] You are stranded on a strange and peculiar planet. It’s time to embark on your journey and find your way home! Explore a gravity defying and challenging platformer with striking vi ‖ [ChromaGun] Welcome to ChromaTec’s test lab! You’re here to test our state-of-the-art military-grade color-technology: The ChromaGun (patent pending)! Use it to solve our meticulously designed ‖ [Deer & Boy] 도망친 소년은 길 잃은 어린 사슴을 만나 고요하면서도 위태로운 세상을 함께 헤쳐 나갑니다. 퍼즐을 풀고, 높은 곳에 오르고, 위협을 피해 나아가며 당신의 동료는 연약한 아기 사슴에서 어엿한 사슴으로 성장하죠. 혼자서는 할 수 없었던 일을 함께 해내는 법을 배우게 됩니다.",Lost in Play,"어드벤처, 인디",남매가 꿈속을 여행하며 마법 생물들과 친구가 되는 기분 좋은 모험을 떠나세요. 상상의 세계 속에서 Toto와 Gal은 함께 퍼즐을 풀고 집으로 돌아가야 합니다. 이 재미있는 퍼즐 어드벤처 게임에서는 마치 만화를 플레이하는 듯한 즐거움을 느낄 수 있죠!,,,
B0144,A26,RimWorld / Oxygen Not Included / Unpacking 언패킹,"인디, 시뮬레이션, 전략 / 인디, 시뮬레이션 / 캐주얼, 인디, 시뮬레이션","[RimWorld] 지능형 AI 이야기꾼이 주도하는 공상과학 정착지 시뮬레이터입니다. 심리, 생태, 총격전과 근접전, 날씨, 기후, 외교, 사람 사이의 관계, 예술, 의학, 무역, 그 외 많은 것들을 시뮬레이션하여 이야기를 생성합니다. ‖ [Oxygen Not Included] Oxygen Not Included는 우주 콜로니 시뮬레이션 게임입니다. 외계의 우주 암석 깊은 곳에서 근면한 일꾼들은 생존하고 나아가 번영하기 위해 과학을 마스터하고, 낯선 새로운 생명체에 맞서며, 경이로운 우주 테크놀로지를 활용해야 합니다. ‖ [Unpacking 언패킹] Unpacking은 상자에서 짐을 꺼내 새집에 맞게 배치하는 친숙한 체험에 대한 명상적 퍼즐 게임입니다. 게임의 일부인 블록 맞추기 게임과 집 꾸미기를 하는 동안, 푸는 짐에 닮긴 삶의 실마리를 찾아가며 만족할 만한 생활 공간을 만들어 보세요.",Emergency Cleanup Co.,"캐주얼, 인디, 시뮬레이션, 앞서 해보기","혼돈이 지배하는 곳을 청소하세요. 더러운 집과 어수선한 사무실, 쓰레기 가득한 해변과 우주정거장에서 쓰레기를 치우고, 때를 긁어내며 정리하세요. 고압수로 때를 제거하고 도구를 업그레이드해 질서를 회복하세요. 고객을 기다리게 하지 마세요!",,,
B0145,A17,Lethal Company / Phasmophobia / Deep Rock Galactic,"액션, 어드벤처, 인디, 앞서 해보기 / 액션, 인디, 앞서 해보기 / 액션","[Lethal Company] A co-op horror about scavenging at abandoned moons to sell scrap to the Company. ‖ [Phasmophobia] Phasmophobia is a 4 player online co-op psychological horror. Paranormal activity is on the rise and it’s up to you and your team to use all the ghost-hunting equipment at your dis ‖ [Deep Rock Galactic] 딥 락 갤럭틱은 1-4인의 플레이어가 협동하는 FPS 게임으로, 상남자 우주 드워프, 100% 파괴 가능한 맵 환경, 절차적 생성 동굴 지형, 그리고 끊임없이 등장하는 외계 괴물 무리가 특징입니다.",Section 13,"액션, 어드벤처, 인디","액션이 가득한 트윈 스틱 로그라이트 슈팅 게임 속에서 스릴 넘치는 공상 과학 미스터리를 해결해보세요. 장비를 선택하고, 임시 업그레이드와 영구 업그레이드를 쌓아나가며, 혼자서 또는 최대 3명의 플레이어와 함께 지하 기지 깊숙한 곳을 파헤쳐 보세요.",,,
B0146,A27,The Raven Remastered / The Frostrune / Mad Experiments: Escape Room,"어드벤처 / 어드벤처 / 어드벤처, 캐주얼, 인디, 시뮬레이션, 전략","[The Raven Remastered] London, 1964. An ancient ruby is stolen from the British Museum. At the crime scene: a raven feather. Is somebody trying to follow in the footsteps of The Raven, the legendary mast ‖ [The Frostrune] Unravel a mystery inspired by Viking myth and legend in The Frostrune, a classic point-and-click adventure based on historically accurate Norse culture and environments. ‖ [Mad Experiments: Escape Room] 수상 후보에 오른 이스케이프 게임 1인 또는 최대 5인까지 플레이하며 3개의 독특한 방을 탐험하고, 두뇌를 자극하는 퍼즐을 풀며 체셔 교수와 그의 실험에 얽힌 어두운 비밀을 밝혀보세요.",Split Brain,어드벤처,"Split Brain에서 친구와 같은 육신을 공유하세요. 한 명은 조작을 맡고 다른 한 명은 관찰을 맡지만, 결정은 같이 내린답니다! 환각에 맞서서 진실을 밝히고 헥사처에서 탈출할 방법을 찾아보세요.",,,
B0147,A22,Deck of Ashes / Dicefolk / Cubic Cosmos,"어드벤처, 인디, RPG, 전략 / 캐주얼, 인디, 전략 / 전략","[Deck of Ashes] 덱 오브 애쉬즈(Deck of Ashes)는 전술 카드 전투를 벌이는 어드벤처 게임입니다. 한 번에 한 캐릭터씩 안티히어로 일행을 이끌어 속죄의 여행을 떠나보세요. 저주받은 판타지 세계를 탐험하며 강력한 카드를 찾아보세요. 독특한 전투 덱을 형성하여 적들을 무찌르세요! 잿빛 저주의 세계를 제거하실 수 있겠습니까? ‖ [Dicefolk] 마법 주사위의 힘을 휘두르고 강력한 키메라 팀을 구축해보세요! 수수께끼의 악을 멈추기 위한 택티컬 덱빌딩 로그라이트 모험이 다가오고 있습니다. 키메라 소환사로서, 신화적인 짐승들을 모집하고 완벽한 팀을 만들고, 다이스포크만의 독특한 주사위 메커니즘을 활용하여 승리로 이끌어주세요. ‖ [Cubic Cosmos] Cubic Cosmos is a thrilling fast-paced roguelike card game. You have been trapped in a deadly game. One wrong move could see you reduced to a plaything of the goddess. Can you free",Theseus Protocol,,Theseus Protocol is a deck building roguelike where rebirth offers strategic opportunity. Utilize a powerful suite of cards and weaponry to uncover the cruel truth behind the dystopian sci-fi world of Mark City.,,,
B0148,A06,Cities: Skylines / Factorio / Farming Simulator 22,"시뮬레이션, 전략 / 캐주얼, 인디, 시뮬레이션, 전략 / 시뮬레이션","[Cities: Skylines] Cities: Skylines is a modern take on the classic city simulation. The game introduces new game play elements to realize the thrill and hardships of creating and maintaining a real  ‖ [Factorio] Factorio는 무한한 2D 세상에서 복잡성이 증가하는 아이템을 생산하기 위해 자동화 공장을 만드는 게임입니다. - 당신의 상상력으로 공장을 설계, 독창적인 방법으로 간단한 요소를 결합하고 마지막엔 당신을 좋아하지 않는 생물들로 부터 공장을 지키세요. ‖ [Farming Simulator 22] 농장을 만들고 농사를 즐기세요! 작물을 수확하고, 동물을 돌보고, 생산을 관리하고, 계절에 따른 어려움을 이겨내세요.",City Life 2008,"시뮬레이션, 전략","Construct the city of the 21st Century with City Life! City Life 2008 Edition is a next-generation City Builder. Its 3D game engine provides a level of detail and animation unprecedented in the City Builder genre, with total freedom of construction.",,,
B0149,A16,The Talos Principle / Rust / Inscryption,"액션, 어드벤처, 인디 / 액션, 어드벤처, 인디, 대규모 멀티플레이어, RPG / 어드벤처, 인디, 전략","[The Talos Principle] 탈로스 법칙은 철학적 SF 소설의 전통을 따른 1인칭 퍼즐 게임입니다. 시리어스 샘을 개발한 크로팀에서 만들었으며, 톰 주버트(FTL, 더 스와퍼)와 조나스 카이라츠(바다는 모든 것을 요구한다.)가 스토리를 작성했습니다. ‖ [Rust] Rust에서의 목표는 오직 하나, 바로 살아남는 것입니다. 섬의 야생 동물, 다른 주민, 환경, 다른 생존자 모두가 여러분의 목숨을 노립니다. 하루 더 살아남을 수 있다면 수단과 방법을 가리지 마세요. ‖ [Inscryption] Inscryption은 검은 잉크로 그려진 카드를 기반으로 한 덱빌딩 로그라이크, 방탈출 퍼즐, 피가 흐르는 심리적 공포 등의 요소가 섞인 여정을 다룹니다. 카드에는 더 어두운 비밀이 새겨져 있습니다…",Disoriented,인디,A first-person puzzle game. Simply walk to the door.,,,
B0150,A16,The Talos Principle / Rust / Inscryption,"액션, 어드벤처, 인디 / 액션, 어드벤처, 인디, 대규모 멀티플레이어, RPG / 어드벤처, 인디, 전략","[The Talos Principle] 탈로스 법칙은 철학적 SF 소설의 전통을 따른 1인칭 퍼즐 게임입니다. 시리어스 샘을 개발한 크로팀에서 만들었으며, 톰 주버트(FTL, 더 스와퍼)와 조나스 카이라츠(바다는 모든 것을 요구한다.)가 스토리를 작성했습니다. ‖ [Rust] Rust에서의 목표는 오직 하나, 바로 살아남는 것입니다. 섬의 야생 동물, 다른 주민, 환경, 다른 생존자 모두가 여러분의 목숨을 노립니다. 하루 더 살아남을 수 있다면 수단과 방법을 가리지 마세요. ‖ [Inscryption] Inscryption은 검은 잉크로 그려진 카드를 기반으로 한 덱빌딩 로그라이크, 방탈출 퍼즐, 피가 흐르는 심리적 공포 등의 요소가 섞인 여정을 다룹니다. 카드에는 더 어두운 비밀이 새겨져 있습니다…",Gordian Rooms 1: A curious heritage,"어드벤처, 인디",Gordian Rooms : A Curious Heritage는 빅토리아 시대 탈출 게임으로 삼촌의 저택에서 퍼즐을 풀고 유산을 획득합니다,,,
B0151,A05,Opus Magnum,"인디, 시뮬레이션","[Opus Magnum] Opus Magnum은 SpaceChem, Infinifactory, SHENZHEN I/O를 제작한 Zachtronics의 신작 퍼즐게임입니다. 연금술사들의 최첨단 도구인 변성 기관을 이용해 물약과 독을 만들어내는 기계들을 설계하고 만들어 내세요!",Automate It: Factory Puzzle,"캐주얼, 인디, 시뮬레이션, 전략","Automate It is a factory-building puzzle game that challenges players to find clever solutions within size, power, and time constraints. Design, build, and share your own puzzles with other players. If you want to build it - choose Automate It.",,,
B0152,A34,Pid / ChromaGun / Deer & Boy,"어드벤처, 인디 / 액션, 어드벤처, 인디 / 액션, 어드벤처, 인디","[Pid] You are stranded on a strange and peculiar planet. It’s time to embark on your journey and find your way home! Explore a gravity defying and challenging platformer with striking vi ‖ [ChromaGun] Welcome to ChromaTec’s test lab! You’re here to test our state-of-the-art military-grade color-technology: The ChromaGun (patent pending)! Use it to solve our meticulously designed ‖ [Deer & Boy] 도망친 소년은 길 잃은 어린 사슴을 만나 고요하면서도 위태로운 세상을 함께 헤쳐 나갑니다. 퍼즐을 풀고, 높은 곳에 오르고, 위협을 피해 나아가며 당신의 동료는 연약한 아기 사슴에서 어엿한 사슴으로 성장하죠. 혼자서는 할 수 없었던 일을 함께 해내는 법을 배우게 됩니다.",My Exercise,"액션, 캐주얼, 인디, 레이싱, 스포츠",윗몸 일으키기를 합시다! 통통한 소년이 운동하면서 개에게 파묻힙니다. 어쩌면 동물들이 와서 응원해줄지도 모릅니다.,,,
B0153,A08,Sid Meier’s Civilization® VI / XCOM® 2 / Stellaris,"전략 / 전략 / 시뮬레이션, 전략","[Sid Meier’s Civilization® VI] 문명 VI 에서는 새로운 방식으로 세상과 소통하고, 제국의 영토를 확장시키며, 문화를 발전시키고, 역사속 위대한 지도자들에 맞서 오래도록 지속될 나만의 문명을 건설해볼 수 있습니다. 클레오파트라를 비롯한 20명의 역사 속 지도자들 중 한명으로 플레이 해보세요. ‖ [XCOM® 2] XCOM 2는 수상 경력이 있는 전략 게임 XCOM: Enemy Unknown의 속편입니다. 인류가 외계인 침략군에게 항복한 지 20년, 이제 지구 상에는 새로운 세계 질서가 존재합니다. 수년간을 어둠 속에서 숨어 있었던 XCOM 부대는 반드시 일어나 외계인의 지배를 무너뜨릴 것입니다. ‖ [Stellaris] 항성간 여행을 통해 우주를 탐험하며 수많은 종족들도 만나보세요. 과학선을 보내 우주를 조사하고 탐험하면서 은하 제국을 건설하고, 건축선을 보내 새로 발견한 행성에 기지를 건설하세요. 소속 사회를 위한 탐험에 나서 매장된 보물과 은하계의 경이를 발견하고, 탐험가의 한계치와 진화 범위를 설정하세요. 동맹이 체결되고, 전쟁이 ",Chains of Freedom,"액션, 어드벤처, 전략","Embark on a thrilling journey in a high-stakes, turn-based tactics game. Lead an elite squad in a fictional, dystopian Eastern European country as you unravel a conspiracy threatening the state. Navigate intense strategic battles and adapt to ever-evolving challenges to prevail.",,,
B0154,A18,Euro Truck Simulator 2 / BeamNG.drive / 아세토 코르사 Assetto Corsa,"인디, 시뮬레이션 / 레이싱, 시뮬레이션, 앞서 해보기 / 인디, 레이싱, 시뮬레이션, 스포츠","[Euro Truck Simulator 2] 도로의 왕이 되어 인상적인 거리를 가로질러 중요한 화물을 배달하는 트럭 운전사가 되어 유럽을 여행하세요! 탐험할 도시가 수십 개나 되므로, 당신의 인내심, 기술, 속도가 모두 한계에 도달할 것입니다. ‖ [BeamNG.drive] 뭐든지 할 수 있는 동적 소프트 보디 물리 시뮬레이터입니다. ‖ [아세토 코르사 Assetto Corsa] 아세토 코르사(Assetto Corsa) v1.16은 새로운 레이저 스캔 트랙 ""라구나 세카(Laguna Seca)"" 및 기다리던 Alfa Romeo Giulia Quadrifoglio를 포함한 7개의 신차를 소개합니다! 체인지로그에서 더 자세한 내용을 확인하세요!",Train Life: A Railway Simulator,시뮬레이션,철도 시뮬레이션 역사상 처음으로 기관사이자 회사 경영자가 되어 플레이하세요! 거래를 성사시키고 네트워크를 개발하며 기관차를 운전하고 철도 제국을 확장하세요.,,,
B0155,A11,Forza Horizon 5 / Hi-Fi RUSH / Street Fighter 6,"액션, 어드벤처, 레이싱, 시뮬레이션, 스포츠 / 액션 / 액션, 어드벤처","[Forza Horizon 5] 세계 최고의 자동차를 타고 생동감 넘치는 멕시코의 대자연을 탐험하며 재미있는 드라이빙 액션을 마음껏 즐겨보세요. ‖ [Hi-Fi RUSH] 아케이드 챌린지! 업데이트!로 추가되는 두 개의 신규 게임 모드에서 여러분의 능력을 시험하고, 새로운 보상을 획득해 보세요. 몇 가지 비밀도 숨어 있답니다! 락 스타 지망생 차이가 되어 비트를 타고, 세상 모든 게 음악에 싱크되는 세계에서 오합지졸 팀과 함께 사악한 거대 기업에 맞서 싸우세요. ‖ [Street Fighter 6] 시리즈 최신작 『Street Fighter 6』, 2023년 6월 2일 발매 결정! RE ENGINE으로 개발된 본 작품은 대형 모드 「World Tour」, 「Fighting Ground」, 「Battle Hub」로 구성되어 있다. 새로운 「스트리트 파이터」에는 지금까지의 시리즈에는 없었던 새로운 체험이 기다리고 있다.",Yomi 2,"인디, 전략","A fighting game in card form. Learn your character, practice combos, and read the opponent's tendencies. Strategic, turn-based card battling that lets you experience the nuances of fighting games like Street Fighter and Fantasy Strike by a lead designer who worked on both.",,,
B0156,A09,Roots of Yggdrasil / Ancient Gods / Flick Shot Rogues,"인디, 전략 / RPG, 전략 / 인디, 전략","[Roots of Yggdrasil] Build settlements, explore the Nine Realms, collect artifacts and upgrade your deck to reach the top of Yggdrasil in this post-Ragnarok roguelike city-builder! Can you survive the  ‖ [Ancient Gods] Ancient Gods is a fusion of hero collector and deck-building rogue-lite where you collect your character, fight, and experience exciting events. Any character can use all the cards ‖ [Flick Shot Rogues] 계획하고, 조준하고, 쏘세요! FLICK SHOT ROGUES는 테이블 위에서 물건을 튕기는 촉각적 만족감과 사람들이 좋아하는 턴제 로그라이크의 전략적 깊이를 결합한 게임입니다. 말도 안되는 콤보를 연결하고, 캐릭터, 아이템, 스킬을 잠금 해제하면서, 섬을 정복하세요!",Stackflow,"캐주얼, 인디, 전략","『Stackflow』는 완벽하게 피스를 맞추는 순수한 즐거움을 담은 전략형 로그라이크 게임입니다. 독특한 블록을 발견하고, 만족스러운 연결을 만들며, 순수한 도파민을 분출하는 폭발적인 콤보를 경험하세요. 교묘한 전략과 완벽한 타이밍으로 목표 점수를 달성하며 각 레벨에서 점점 어려워지는 도전을 극복하세요.",,,
B0157,A23,Vomitoreum / Tales of Kenzera™: ZAU / Shantae: Half-Genie Hero,"액션, 어드벤처, 인디 / 액션, 어드벤처, 인디 / 액션, 어드벤처, 인디","[Vomitoreum] Vomitoreum is an FPS Metroidvania with a focus on atmosphere and horror, inspired by the paintings of Zdzisław Beksiński. ‖ [Tales of Kenzera™: ZAU] 샤먼의 춤을 추세요. 아버지의 영혼을 되찾으세요. Surgent Studios가 제작한 메트로이드바니아 스타일의 어드벤처 게임 Tales of Kenzera™: ZAU에서 죽음의 신과 함께 아름답고 위험한 켄제라의 땅으로 용감하게 모험을 떠나세요. ‖ [Shantae: Half-Genie Hero] Shantae embarks on her first full HD adventure! When a mysterious crime wave sweeps Sequin Land, it’s up to Half-Genie Hero Shantae to save the day! Use Shantae’s devastating Hair-",Voltage High Society,"액션, 인디","주먹으로 싸우는 1인칭 메트로이드바니아. 총은 없다. 사이버네틱 공포가 기어 다니는 감옥 섬을 탐험하고, 섬 그 자체에서 새로운 능력을 뜯어내고, 주먹으로 자유를 쟁취하라. 철남: 금속의 짐승에서 영감.",,,
B0158,A27,The Raven Remastered / The Frostrune / Mad Experiments: Escape Room,"어드벤처 / 어드벤처 / 어드벤처, 캐주얼, 인디, 시뮬레이션, 전략","[The Raven Remastered] London, 1964. An ancient ruby is stolen from the British Museum. At the crime scene: a raven feather. Is somebody trying to follow in the footsteps of The Raven, the legendary mast ‖ [The Frostrune] Unravel a mystery inspired by Viking myth and legend in The Frostrune, a classic point-and-click adventure based on historically accurate Norse culture and environments. ‖ [Mad Experiments: Escape Room] 수상 후보에 오른 이스케이프 게임 1인 또는 최대 5인까지 플레이하며 3개의 독특한 방을 탐험하고, 두뇌를 자극하는 퍼즐을 풀며 체셔 교수와 그의 실험에 얽힌 어두운 비밀을 밝혀보세요.",Cursed,"어드벤처, 인디","Her future, as well as of the whole world depends on her ingenuity and bravery. The path to her fiancé is blocked by ghosts, dragons, demons and other creatures from beyond. Will she overcome her fears? Will she find her beloved? Play ""Cursed"" and find out!",,,
B0159,A04,Hollow Knight / Dead Cells / Celeste,"액션, 어드벤처, 인디 / 액션, 어드벤처, 인디 / 액션, 어드벤처, 인디","[Hollow Knight] 할로우 나이트에서 자신만의 길을 구축하세요! 크게 파괴된 곤충과 영웅의 왕국을 통한 서사 액션 어드벤처입니다. 손으로 그린 클래식 2D 스타일로 구불구불한 동굴을 탐험하고 오염된 생물과 싸우고 이상한 곤충들과 친구가 되어 보세요. ‖ [Dead Cells] 데드 셀(Dead Cells)는 메트로배니아에서 영감을 받은 로그라이트 액션 플랫포머 게임입니다. 2D 소울 라이트 전투에서 성을 지키는 수호자들을 물리치고 끊임없이 변화하는 거대한 성을 탐험하게 됩니다. 세이브 포인트는 없습니다. 죽이고, 죽고, 배우고, 반복하세요. ‖ [Celeste] 타워폴(TowerFall) 시리즈의 개발자들이 만든 이 초밀착형 플랫폼 게임을 플레이하고, 매들린이 셀레스트 산 정상으로 향하는 여정에서 내면의 악마에게서 살아남을 수 있게 도와주세요. 한땀 한땀 손수 제작한 수백 가지의 도전 과제에 맞서고, 사악한 비밀을 밝혀내고, 산에 숨겨진 수수께끼를 풀어보세요.",In Celebration of Violence,"액션, 어드벤처, 인디, RPG","A fantasy action roguelike of exploration and murder. Live, kill, die, improve, live again.",,,
B0160,A17,Lethal Company / Phasmophobia / Deep Rock Galactic,"액션, 어드벤처, 인디, 앞서 해보기 / 액션, 인디, 앞서 해보기 / 액션","[Lethal Company] A co-op horror about scavenging at abandoned moons to sell scrap to the Company. ‖ [Phasmophobia] Phasmophobia is a 4 player online co-op psychological horror. Paranormal activity is on the rise and it’s up to you and your team to use all the ghost-hunting equipment at your dis ‖ [Deep Rock Galactic] 딥 락 갤럭틱은 1-4인의 플레이어가 협동하는 FPS 게임으로, 상남자 우주 드워프, 100% 파괴 가능한 맵 환경, 절차적 생성 동굴 지형, 그리고 끊임없이 등장하는 외계 괴물 무리가 특징입니다.",Pacify,"액션, 어드벤처, 캐주얼, 인디, 전략","PAH Inc.를 위해 초자연적 생물들을 제압하고, 약화시키며, 포획하는 온라인 협동 호러 게임입니다. 각 레벨마다 서로 다른 스토리와 독특한 몬스터, 다양한 엔딩이 준비되어 있습니다. 혼자 플레이하거나 최대 6명의 친구와 함께 즐길 수 있습니다. 재미있는 효과음이 포함된 근접 음성 채팅 기능도 제공됩니다.",,,
B0161,A32,Hardspace: Shipbreaker / Hacknet / The Case of the Golden Idol / 방 탈출 시뮬레이터 / shapez 2 - Factory,"시뮬레이션 / 인디, 시뮬레이션 / 어드벤처, 인디 / 어드벤처, 캐주얼, 인디, 시뮬레이션 / 캐주얼, 인디, 시뮬레이션, 전략","[Hardspace: Shipbreaker] Equipped with cutting-edge salvaging tech, carve & slice spaceships to recover valuable materials. Upgrade your gear to take on more lucrative contracts and pay your billion credit ‖ [Hacknet] Hacknet은 터미널 기반의 몰입형 해킹 시뮬레이터입니다. 최근에 사망한, 그러나 언론 보도와는 달리 사고로 사망하지 않은 해커의 지시에 따라 진실을 추척하십시오. ‖ [The Case of the Golden Idol] A new kind of detective game that allows you to think and investigate freely. Discover clues surrounding 12 strange and gruesome deaths and build your own theory. Pick your suspect ‖ [방 탈출 시뮬레이터] Escape Simulator는 단독 또는 온라인 협동 플레이가 가능한 1인칭 퍼즐 게임입니다. 점점 더 많아지는, 고도의 상호 작용이 가능한 방탈출 세트를 탐험하세요. 가구를 옮기고, 모든 것을 집어 들고 검사하고, 냄비를 부수고 자물쇠를 부수세요! 레벨 편집기를 통해 커뮤니티가 만든 방을 지원합니다. ‖ [shapez 2 - Factory] 공장 건설 게임에 빠져들어 보세요. 단 한 가지에 집중하세요. 대규모 우주 공장을 건설하는 것! 방대하게 펼쳐지는 다층 공장과 만족스러운 생산 라인을 무제한으로 설계하세요. 계속해서 어려워지는 자동화 목표를 적의 위협 없이 자신만의 속도로 달성하세요.",하우스 플리퍼 2,"캐주얼, 인디, 시뮬레이션","이 편안한 개조 시뮬레이터로 일상의 근심걱정을 날려보세요! 사고, 고치고, 되팔아 지역의 전설이 되어 보세요. 전동 공구를 사용하면 그 어떤 것이든 자유롭게 만들 수 있답니다! 온라인 2~4인 협동 모드에서는 샌드박스와 스토리 모드를 함께 즐기세요.",,,
B0162,A16,The Talos Principle / Rust / Inscryption,"액션, 어드벤처, 인디 / 액션, 어드벤처, 인디, 대규모 멀티플레이어, RPG / 어드벤처, 인디, 전략","[The Talos Principle] 탈로스 법칙은 철학적 SF 소설의 전통을 따른 1인칭 퍼즐 게임입니다. 시리어스 샘을 개발한 크로팀에서 만들었으며, 톰 주버트(FTL, 더 스와퍼)와 조나스 카이라츠(바다는 모든 것을 요구한다.)가 스토리를 작성했습니다. ‖ [Rust] Rust에서의 목표는 오직 하나, 바로 살아남는 것입니다. 섬의 야생 동물, 다른 주민, 환경, 다른 생존자 모두가 여러분의 목숨을 노립니다. 하루 더 살아남을 수 있다면 수단과 방법을 가리지 마세요. ‖ [Inscryption] Inscryption은 검은 잉크로 그려진 카드를 기반으로 한 덱빌딩 로그라이크, 방탈출 퍼즐, 피가 흐르는 심리적 공포 등의 요소가 섞인 여정을 다룹니다. 카드에는 더 어두운 비밀이 새겨져 있습니다…",Nomad,"액션, 어드벤처, 인디, 대규모 멀티플레이어, RPG, 무료 플레이, 앞서 해보기","Try and survive in the world of Nomad. Build a base and protect it from raiding players. Scavenge food, weapons and medical supplies across the island. Team up with others and make a base. Make your mark on the world of Nomad.",,,
B0163,A19,ELDEN RING / Disco Elysium - The Final Cut / Outer Wilds,"액션, RPG / RPG / 액션, 어드벤처","[ELDEN RING] 본 게임은 본격적인 다크 판타지 세계를 무대로 한 액션 RPG입니다. 드넓은 필드와 던전 탐험을 통해 미지의 것들을 발견해 보세요. 앞길을 막아서는 난관과 그것을 극복했을 때의 달성감, 그리고 등장인물들의 의도가 교착하는 군상극도 즐기실 수 있습니다. ‖ [Disco Elysium - The Final Cut] 디스코 엘리시움 - 최종판은 획기적인 오픈 월드 롤플레잉 게임입니다. 당신은 독특한 스킬 시스템을 갖춘 형사로서 오롯한 도시 블록을 당신의 미래를 닦기 위해 다듬을 수 있습니다. 잊지 못할 등장인물들을 심문하거나, 살인 사건을 해결하거나, 뇌물을 받으세요. 영웅이 되거나 인류의 완전한 재앙이 되세요. ‖ [Outer Wilds] Giant Bomb, Polygon, Eurogamer, The Guardian에 의해 2019년 올해의 게임에 이름을 올리며 냉정한 호평과 수상 실적이 있는 Outer Wilds는 무한 시간 루프에 갇힌 태양계에 관한 공개된 세계의 미스터리 게임입니다.",Call of the Elder Gods,"어드벤처, 인디",2020년에 발매되어 호평을 받은 'Call of the Sea'의 후속작인 이 러브크래프트 스타일의 내러티브 퍼즐 어드벤처에서 지구의 구석구석을 탐험하고 고대의 공포를 발굴하세요.,,,
B0164,A28,Dordogne / A YEAR OF SPRINGS / Botany Manor,"어드벤처, 인디 / 캐주얼, 인디, 시뮬레이션 / 어드벤처","[Dordogne] 이 유년 시절의 여정에서 특별한 내러티브에 몰입하며 도르도뉴의 수천 가지 여름의 색을 탐험하고, 추억을 떠올리며 가족의 비밀을 밝히세요. ‖ [A YEAR OF SPRINGS] 세 명의 여성, 세 개의 이야기, 세 개의 봄. 세 명의 친구들이 사랑, 공감, 그리고 단지 함께하고 싶어하는 감정에 대한 방향을 찾아나가는 3 부작 비주얼 노벨 A YEAR OF SPRINGS 에서 하루, 에리카, 마나미의 이야기를 체험하세요. ‖ [Botany Manor] Welcome to Botany Manor, a stately home in 19th century England. You play as inhabitant Arabella Greene, a retired botanist. Explore your house and gardens, filled with research, t",咫尺遥心-Proof of existence,인디,即使存在相同的目的，每个人也会有各自的实现方式，理念背道而驰的两人，就算共处一室，也始终无法理解对方。 能跨越这道鸿沟的，就只有……,,,
B0165,A19,ELDEN RING / Disco Elysium - The Final Cut / Outer Wilds,"액션, RPG / RPG / 액션, 어드벤처","[ELDEN RING] 본 게임은 본격적인 다크 판타지 세계를 무대로 한 액션 RPG입니다. 드넓은 필드와 던전 탐험을 통해 미지의 것들을 발견해 보세요. 앞길을 막아서는 난관과 그것을 극복했을 때의 달성감, 그리고 등장인물들의 의도가 교착하는 군상극도 즐기실 수 있습니다. ‖ [Disco Elysium - The Final Cut] 디스코 엘리시움 - 최종판은 획기적인 오픈 월드 롤플레잉 게임입니다. 당신은 독특한 스킬 시스템을 갖춘 형사로서 오롯한 도시 블록을 당신의 미래를 닦기 위해 다듬을 수 있습니다. 잊지 못할 등장인물들을 심문하거나, 살인 사건을 해결하거나, 뇌물을 받으세요. 영웅이 되거나 인류의 완전한 재앙이 되세요. ‖ [Outer Wilds] Giant Bomb, Polygon, Eurogamer, The Guardian에 의해 2019년 올해의 게임에 이름을 올리며 냉정한 호평과 수상 실적이 있는 Outer Wilds는 무한 시간 루프에 갇힌 태양계에 관한 공개된 세계의 미스터리 게임입니다.",The Deed,"어드벤처, RPG","A keenly dark twist on the traditional murder mystery setting, The Deed is an Adventure/RPG game about getting away with murder. Arran Bruce, the rightful heir to Dunshiel House, returns home to settle a score with his estranged family.",,,
B0166,A14,Iron Brigade / Ancient Planet Tower Defense / Creeper World IXE,"액션, 전략 / 캐주얼, 인디, 전략 / 액션, 캐주얼, 인디, 시뮬레이션, 전략","[Iron Brigade] Join The Mobile Trench Brigade and protect humanity from the evil Monovision menace! ‖ [Ancient Planet Tower Defense] 고대 행성 타워 디펜스는 정통 타워 디펜스 게임입니다. 고대 문명의 요새가 외계 침략자들로부터 침략당했습니다. 고대의 강력한 기술을 사용하여 적군의 공격을 물리치십시오! ‖ [Creeper World IXE] The unstoppable alien force known as The Creeper has returned, devouring thousands of worlds in its path, and yours is next. Battle against the Creeper fluid in a groundbreaking pi",Alien Hominid Invasion,액션,"막강한 전력의 모선을 앞세워 지구를 침공하는 여러분 앞에 옛 친구들과 악에 받친 적들이 기다립니다. 최대 3명의 호미니드 동료와 함께 다양한 무기, 변이, 곡예 동작을 활용해 전장을 휘저으세요. 터트리고, 쏘고, 물어뜯으며 벌떼 같은 적 군단을 돌파하세요.",,,
B0167,A10,A Short Hike / ISLANDERS / Gorogoa,"어드벤처, 인디 / 캐주얼, 인디, 전략 / 어드벤처, 캐주얼, 인디","[A Short Hike] Hike, climb, and soar through the peaceful mountainside landscapes of Hawk Peak Provincial Park as you make your way to the summit. ‖ [ISLANDERS] ISLANDERS is a minimalist strategy game about building cities on colorful islands. ‖ [Gorogoa] Gorogoa(고로고아)는 Jason Roberts가 디자인하고 일러스트레이션을 손으로 그린 아름다운 차세대 퍼즐 게임입니다.",Journey,"어드벤처, 인디",고대의 신비한 Journey의 세계를 탐험하고 유적을 탐험하고 사막을 탐사하며 그 비밀을 발견하세요.,,,
B0168,A21,DARK SOULS™ III / The Witcher 3: Wild Hunt / The Elder Scrolls V: Skyrim Special Edition,액션 / RPG / RPG,"[DARK SOULS™ III] 장르를 새로 개척했다는 평가를 들으며 많은 좋은 평가들을 얻고 있는 다크 소울 시리즈는 계속해서 한계를 넘어서, 더욱 야심찬 단계에 도전하고자 하고 있습니다. 준비를 하고 어둠을 밝히십시오! ‖ [The Witcher 3: Wild Hunt] 리비아의 게롤트가 되어 의뢰를 받고 괴물을 사냥하세요. 전쟁의 상처가 가득하고 괴물이 들끓는 대륙을 마음껏 탐험해 보세요. 지금 가장 중요한 일은 대륙의 판도를 뒤바꿀 수도 있는 살아 있는 무기이자 예언의 아이, 시리를 추적하는 것입니다. ‖ [The Elder Scrolls V: Skyrim Special Edition] 200회 이상 올해의 게임에 선정된 The Elder Scrolls V: Skyrim Special Edition이 놀라운 디테일로 판타지에 생명을 불어넣었습니다. Special Edition에는 비평가들의 극찬을 받은 게임 및 새로운 기능이 포함된 애드온이 들어 있습니다.",Wizardry: The Five Ordeals,"인디, RPG","Welcome to the world of dungeon crawling! The classic dungeon crawler released back in 2006, returns to Steam with improved UI and more.",,,
B0169,A07,Into the Breach / Monster Train / Mini Metro,"인디, RPG, 시뮬레이션, 전략 / 전략 / 인디, 시뮬레이션, 전략","[Into the Breach] 미래의 강력한 메크를 조종하여 외계 세력을 물리치세요. 이 턴제 전략 게임에서는 세계를 구하려 시도할 때마다 무작위로 새롭게 생성되는 도전이 여러분 앞에 나타납니다. ‖ [Monster Train] Monster Train is a strategic roguelike deck building game with a twist. Set on a train to hell, you’ll use tactical decision making to defend multiple vertical battlegrounds. With  ‖ [Mini Metro] 미니 메트로는 성장하는 도시를 위해 지하철 노선을 설계하는 게임입니다. 역과 역 사이에 노선을 그려서 열차 운행을 시작하세요. 새로운 역이 열리면 노선을 수정해서 노선도를 효율적으로 유지하세요. 한정된 자원을 어느 곳에 사용할 것인지 결정하세요. 도시를 얼마나 오래 유지할 수 있을까요?",Freenergy,"인디, 전략","Develop your robot, combine abilities. Fight in turn-based tactical mode, effectively distributing energy. Overcome all difficulties and gain freedom.",,,
B0170,A21,DARK SOULS™ III / The Witcher 3: Wild Hunt / The Elder Scrolls V: Skyrim Special Edition,액션 / RPG / RPG,"[DARK SOULS™ III] 장르를 새로 개척했다는 평가를 들으며 많은 좋은 평가들을 얻고 있는 다크 소울 시리즈는 계속해서 한계를 넘어서, 더욱 야심찬 단계에 도전하고자 하고 있습니다. 준비를 하고 어둠을 밝히십시오! ‖ [The Witcher 3: Wild Hunt] 리비아의 게롤트가 되어 의뢰를 받고 괴물을 사냥하세요. 전쟁의 상처가 가득하고 괴물이 들끓는 대륙을 마음껏 탐험해 보세요. 지금 가장 중요한 일은 대륙의 판도를 뒤바꿀 수도 있는 살아 있는 무기이자 예언의 아이, 시리를 추적하는 것입니다. ‖ [The Elder Scrolls V: Skyrim Special Edition] 200회 이상 올해의 게임에 선정된 The Elder Scrolls V: Skyrim Special Edition이 놀라운 디테일로 판타지에 생명을 불어넣었습니다. Special Edition에는 비평가들의 극찬을 받은 게임 및 새로운 기능이 포함된 애드온이 들어 있습니다.",Zack 2: Celestine's Map,"액션, 어드벤처, 인디, RPG","Fulfill your greatest quest in a world full of secrets, magic, and supernatural creatures.Choose how you converse with the world carefully.......each choice will have massive consequences.",,,
B0171,A09,Roots of Yggdrasil / Ancient Gods / Flick Shot Rogues,"인디, 전략 / RPG, 전략 / 인디, 전략","[Roots of Yggdrasil] Build settlements, explore the Nine Realms, collect artifacts and upgrade your deck to reach the top of Yggdrasil in this post-Ragnarok roguelike city-builder! Can you survive the  ‖ [Ancient Gods] Ancient Gods is a fusion of hero collector and deck-building rogue-lite where you collect your character, fight, and experience exciting events. Any character can use all the cards ‖ [Flick Shot Rogues] 계획하고, 조준하고, 쏘세요! FLICK SHOT ROGUES는 테이블 위에서 물건을 튕기는 촉각적 만족감과 사람들이 좋아하는 턴제 로그라이크의 전략적 깊이를 결합한 게임입니다. 말도 안되는 콤보를 연결하고, 캐릭터, 아이템, 스킬을 잠금 해제하면서, 섬을 정복하세요!",The Ouroboros King,"인디, 전략","The Ouroboros King combines the strategic depth of chess with the build variety and replayability of roguelikes. Assemble a formidable army, discover powerful relics, and buy surprising gadgets to defeat the Coven.",,,
B0172,A30,Stardew Valley / Slime Rancher / Raft,"인디, RPG, 시뮬레이션 / 액션, 어드벤처, 인디, 시뮬레이션 / 어드벤처, 인디, 시뮬레이션","[Stardew Valley] You've inherited your grandfather's old farm plot in Stardew Valley. Armed with hand-me-down tools and a few coins, you set out to begin your new life. Can you learn to live off th ‖ [Slime Rancher] 슬라임 랜쳐는 젊고 용감한 랜쳐, 베아트릭스 르뷰가 지구에서 1,000광년 떨어진 '머나먼 평야'에서 슬라임들과 씨름하며 생계를 꾸려나가는 이야기입니다. 긍정적인 마인드와 강인한 의지로 베아트릭스는 진공팩을 사용하여 끊임없이 말랑말랑하게 굴러나오는 슬라임들을 피하며 이름을 알리고, 부자가 되려 합니다. ‖ [Raft] Raft™ throws you and your friends into an epic oceanic adventure! Alone or together, players battle to survive a perilous voyage across a vast sea! Gather debris, scavenge reefs an",몬스터 빅팜: 방치형 즐거운 시간,"캐주얼, 인디, 시뮬레이션, 전략","컴퓨터 화면 아래 나만의 농장을 만들고, 몬스터 친구들과 씨앗을 뿌리고 물 주며 수확해보세요! 직접 움직이지 않아도 몬스터들이 농사일을 척척! 당신은 레이아웃을 설계하고 꾸미며, 돌연변이 작물의 서프라이즈를 기다리기만 하면 됩니다. 바쁜 업무나 공부 중에도 손쉽게 농사와 수확의 즐거움을 느껴보세요.",,,
B0173,A06,Cities: Skylines / Factorio / Farming Simulator 22,"시뮬레이션, 전략 / 캐주얼, 인디, 시뮬레이션, 전략 / 시뮬레이션","[Cities: Skylines] Cities: Skylines is a modern take on the classic city simulation. The game introduces new game play elements to realize the thrill and hardships of creating and maintaining a real  ‖ [Factorio] Factorio는 무한한 2D 세상에서 복잡성이 증가하는 아이템을 생산하기 위해 자동화 공장을 만드는 게임입니다. - 당신의 상상력으로 공장을 설계, 독창적인 방법으로 간단한 요소를 결합하고 마지막엔 당신을 좋아하지 않는 생물들로 부터 공장을 지키세요. ‖ [Farming Simulator 22] 농장을 만들고 농사를 즐기세요! 작물을 수확하고, 동물을 돌보고, 생산을 관리하고, 계절에 따른 어려움을 이겨내세요.",Farm Manager 2018,"인디, 시뮬레이션, 전략","팜 매니저 2018에서 여러분의 농장을 관리해 보세요! 농장 비즈니스를 확장하시려면, 싸게 생산하고 비싸게 판매하세요. 재배 프로세스를 관리하고, 최고의 작업자들을 선택하고, 가장 적합한 농기계를 구매하고, 가축을 기르고 농작물을 재배해보세요.",,,
B0174,A07,Into the Breach / Monster Train / Mini Metro,"인디, RPG, 시뮬레이션, 전략 / 전략 / 인디, 시뮬레이션, 전략","[Into the Breach] 미래의 강력한 메크를 조종하여 외계 세력을 물리치세요. 이 턴제 전략 게임에서는 세계를 구하려 시도할 때마다 무작위로 새롭게 생성되는 도전이 여러분 앞에 나타납니다. ‖ [Monster Train] Monster Train is a strategic roguelike deck building game with a twist. Set on a train to hell, you’ll use tactical decision making to defend multiple vertical battlegrounds. With  ‖ [Mini Metro] 미니 메트로는 성장하는 도시를 위해 지하철 노선을 설계하는 게임입니다. 역과 역 사이에 노선을 그려서 열차 운행을 시작하세요. 새로운 역이 열리면 노선을 수정해서 노선도를 효율적으로 유지하세요. 한정된 자원을 어느 곳에 사용할 것인지 결정하세요. 도시를 얼마나 오래 유지할 수 있을까요?",Overcrowd: A Commute 'Em Up,시뮬레이션,"Overcrowd: Commute 'Em Up'은 번화한 도시 Lubdon Town의 열차역을 배경으로 한 전술 매니지먼트 심 세트 게임입니다. 건설, 일시정지 기능의 실시간 전략 및 공간형 퍼즐이 합쳐진 게임입니다.",,,
B0175,A32,Hardspace: Shipbreaker / Hacknet / The Case of the Golden Idol / 방 탈출 시뮬레이터 / shapez 2 - Factory,"시뮬레이션 / 인디, 시뮬레이션 / 어드벤처, 인디 / 어드벤처, 캐주얼, 인디, 시뮬레이션 / 캐주얼, 인디, 시뮬레이션, 전략","[Hardspace: Shipbreaker] Equipped with cutting-edge salvaging tech, carve & slice spaceships to recover valuable materials. Upgrade your gear to take on more lucrative contracts and pay your billion credit ‖ [Hacknet] Hacknet은 터미널 기반의 몰입형 해킹 시뮬레이터입니다. 최근에 사망한, 그러나 언론 보도와는 달리 사고로 사망하지 않은 해커의 지시에 따라 진실을 추척하십시오. ‖ [The Case of the Golden Idol] A new kind of detective game that allows you to think and investigate freely. Discover clues surrounding 12 strange and gruesome deaths and build your own theory. Pick your suspect ‖ [방 탈출 시뮬레이터] Escape Simulator는 단독 또는 온라인 협동 플레이가 가능한 1인칭 퍼즐 게임입니다. 점점 더 많아지는, 고도의 상호 작용이 가능한 방탈출 세트를 탐험하세요. 가구를 옮기고, 모든 것을 집어 들고 검사하고, 냄비를 부수고 자물쇠를 부수세요! 레벨 편집기를 통해 커뮤니티가 만든 방을 지원합니다. ‖ [shapez 2 - Factory] 공장 건설 게임에 빠져들어 보세요. 단 한 가지에 집중하세요. 대규모 우주 공장을 건설하는 것! 방대하게 펼쳐지는 다층 공장과 만족스러운 생산 라인을 무제한으로 설계하세요. 계속해서 어려워지는 자동화 목표를 적의 위협 없이 자신만의 속도로 달성하세요.",s.p.l.i.t,"액션, 인디, 시뮬레이션","A short psychological horror game, where you attempt to gain root access into an unethical superstructure.",,,
B0176,A17,Lethal Company / Phasmophobia / Deep Rock Galactic,"액션, 어드벤처, 인디, 앞서 해보기 / 액션, 인디, 앞서 해보기 / 액션","[Lethal Company] A co-op horror about scavenging at abandoned moons to sell scrap to the Company. ‖ [Phasmophobia] Phasmophobia is a 4 player online co-op psychological horror. Paranormal activity is on the rise and it’s up to you and your team to use all the ghost-hunting equipment at your dis ‖ [Deep Rock Galactic] 딥 락 갤럭틱은 1-4인의 플레이어가 협동하는 FPS 게임으로, 상남자 우주 드워프, 100% 파괴 가능한 맵 환경, 절차적 생성 동굴 지형, 그리고 끊임없이 등장하는 외계 괴물 무리가 특징입니다.",Evil Hunt - Evil never sleeps,"액션, 인디, 앞서 해보기","Evil Hunt is a 4-player online co-op psychological horror. Paranormal activity in the neighbourhood is increasing, so it's up to your team to use the right ghost hunting equipment at your disposal and identify the houses where paranormal activity can be found to collect as much evidence as possible.",,,
B0177,A15,서브노티카 / The Long Dark / No Man's Sky,"어드벤처, 인디 / 어드벤처, 인디, 시뮬레이션, 전략 / 액션, 어드벤처","[서브노티카] 위험과 경이로움이 가득한 외계의 바다 속으로 내려가세요. 장비를 제작하고, 잠수함을 조종하며 야생 생물보다 앞서가세요. 우거진 산호초, 화산, 동굴 같은 많은 장소들을 탐험하세요. 물론 살아남는 걸 잊으면 안 되겠죠. ‖ [The Long Dark] The Long Dark는 깊은 생각을 요구하는 탐험 생존 게임입니다. 플레이어는 지구 자기장 이상으로 인한 대재앙이 휩쓸고 간 세상에서 혼자 드넓은 설원 황무지를 탐험하며 살아남아야 합니다. 좀비는 등장하지 않으며 오직 플레이어와 추위, 그리고 자연 속의 위험들만 존재합니다. 고요한 종말의 세상에 오신 것을 환영합니다. ‖ [No Man's Sky] No Man's Sky는 무한히 펼쳐지는 우주에서의 탐험과 생존을 그린 SF 게임입니다.",The Light Remake,"어드벤처, 인디, 시뮬레이션","There is only you, the abandoned remains of a former life and the flourishing nature that feels great in the absence of man. This world is both gloomy and empty, but so incredibly beautiful.",,,
B0178,A15,서브노티카 / The Long Dark / No Man's Sky,"어드벤처, 인디 / 어드벤처, 인디, 시뮬레이션, 전략 / 액션, 어드벤처","[서브노티카] 위험과 경이로움이 가득한 외계의 바다 속으로 내려가세요. 장비를 제작하고, 잠수함을 조종하며 야생 생물보다 앞서가세요. 우거진 산호초, 화산, 동굴 같은 많은 장소들을 탐험하세요. 물론 살아남는 걸 잊으면 안 되겠죠. ‖ [The Long Dark] The Long Dark는 깊은 생각을 요구하는 탐험 생존 게임입니다. 플레이어는 지구 자기장 이상으로 인한 대재앙이 휩쓸고 간 세상에서 혼자 드넓은 설원 황무지를 탐험하며 살아남아야 합니다. 좀비는 등장하지 않으며 오직 플레이어와 추위, 그리고 자연 속의 위험들만 존재합니다. 고요한 종말의 세상에 오신 것을 환영합니다. ‖ [No Man's Sky] No Man's Sky는 무한히 펼쳐지는 우주에서의 탐험과 생존을 그린 SF 게임입니다.",City 20,"어드벤처, 인디, 시뮬레이션, 앞서 해보기","Survive in a living post-apocalyptic city. Build trust or spark conflict with NPCs and factions, uncover mysteries, and watch the world change with your every choice.",,,
B0179,A22,Deck of Ashes / Dicefolk / Cubic Cosmos,"어드벤처, 인디, RPG, 전략 / 캐주얼, 인디, 전략 / 전략","[Deck of Ashes] 덱 오브 애쉬즈(Deck of Ashes)는 전술 카드 전투를 벌이는 어드벤처 게임입니다. 한 번에 한 캐릭터씩 안티히어로 일행을 이끌어 속죄의 여행을 떠나보세요. 저주받은 판타지 세계를 탐험하며 강력한 카드를 찾아보세요. 독특한 전투 덱을 형성하여 적들을 무찌르세요! 잿빛 저주의 세계를 제거하실 수 있겠습니까? ‖ [Dicefolk] 마법 주사위의 힘을 휘두르고 강력한 키메라 팀을 구축해보세요! 수수께끼의 악을 멈추기 위한 택티컬 덱빌딩 로그라이트 모험이 다가오고 있습니다. 키메라 소환사로서, 신화적인 짐승들을 모집하고 완벽한 팀을 만들고, 다이스포크만의 독특한 주사위 메커니즘을 활용하여 승리로 이끌어주세요. ‖ [Cubic Cosmos] Cubic Cosmos is a thrilling fast-paced roguelike card game. You have been trapped in a deadly game. One wrong move could see you reduced to a plaything of the goddess. Can you free",Coin Crypt,"인디, RPG","A roguelite deckbuilding adventure game about magical coins. You play as a lootmancer, who can unlock the hidden power inside of coins and use them in magical duels. The loots you take from chests and enemies also become your next moves, so plan carefully!",,,
B0180,A24,Valheim / Grounded / My Time at Portia,"액션, 어드벤처, 인디, RPG, 앞서 해보기 / 액션, 어드벤처 / 어드벤처, 캐주얼, 인디, RPG, 시뮬레이션","[Valheim] 북구 신화와 바이킹 문화에 기반한 판타지 세계를 배경으로 펼쳐지는 생존 및 탐험 게임. ‖ [Grounded] The world is a vast, beautiful and dangerous place – especially when you have been shrunk to the size of an ant. Can you thrive alongside the hordes of giant insects, fighting to s ‖ [My Time at Portia] 아름다운 Portia 마을에서 새 삶을 시작하세요! 아버지가 방치한 작업장에서 제작을 부탁받고, 작물을 키우고, 가축을 기르고, 아름다운 세기말의 땅에서 특이한 친구들을 사귀며 작업장을 예전의 멋진 모습으로 복원하세요.",Creativerse,"액션, 어드벤처, 캐주얼, 인디, 대규모 멀티플레이어, RPG, 시뮬레이션",A sandbox adventure game as big as your imagination.,,,
B0181,A10,A Short Hike / ISLANDERS / Gorogoa,"어드벤처, 인디 / 캐주얼, 인디, 전략 / 어드벤처, 캐주얼, 인디","[A Short Hike] Hike, climb, and soar through the peaceful mountainside landscapes of Hawk Peak Provincial Park as you make your way to the summit. ‖ [ISLANDERS] ISLANDERS is a minimalist strategy game about building cities on colorful islands. ‖ [Gorogoa] Gorogoa(고로고아)는 Jason Roberts가 디자인하고 일러스트레이션을 손으로 그린 아름다운 차세대 퍼즐 게임입니다.",Obsurity,"액션, 어드벤처, 인디",Discover all the secrets of two completely different worlds.,,,
B0182,A19,ELDEN RING / Disco Elysium - The Final Cut / Outer Wilds,"액션, RPG / RPG / 액션, 어드벤처","[ELDEN RING] 본 게임은 본격적인 다크 판타지 세계를 무대로 한 액션 RPG입니다. 드넓은 필드와 던전 탐험을 통해 미지의 것들을 발견해 보세요. 앞길을 막아서는 난관과 그것을 극복했을 때의 달성감, 그리고 등장인물들의 의도가 교착하는 군상극도 즐기실 수 있습니다. ‖ [Disco Elysium - The Final Cut] 디스코 엘리시움 - 최종판은 획기적인 오픈 월드 롤플레잉 게임입니다. 당신은 독특한 스킬 시스템을 갖춘 형사로서 오롯한 도시 블록을 당신의 미래를 닦기 위해 다듬을 수 있습니다. 잊지 못할 등장인물들을 심문하거나, 살인 사건을 해결하거나, 뇌물을 받으세요. 영웅이 되거나 인류의 완전한 재앙이 되세요. ‖ [Outer Wilds] Giant Bomb, Polygon, Eurogamer, The Guardian에 의해 2019년 올해의 게임에 이름을 올리며 냉정한 호평과 수상 실적이 있는 Outer Wilds는 무한 시간 루프에 갇힌 태양계에 관한 공개된 세계의 미스터리 게임입니다.",Beyond Blue,"어드벤처, 캐주얼, 인디, 시뮬레이션","Beyond Blue는 내러티브 위주의 싱글 플레이어 어드벤처 게임으로, 여러분은 우리 행성의 고동치는 푸른 심장 깊숙한 곳을 탐사하게 됩니다. 바다 안에 있는 놀라운 경이로움과 끝없는 수수께끼를 탐험해 보십시오.",,,
B0183,A03,Balatro / Hades / Vampire Survivors,"캐주얼, 인디, 전략 / 액션, 인디, RPG / 액션, 캐주얼, 인디, RPG","[Balatro] 포커 로그라이크 게임. Balatro는 불법 포커 패로 게임을 하고, 판을 뒤엎는 조커를 발견하고, 아드레날린이 치솟는 강력한 콤보를 만드는 덱 빌딩 게임입니다. ‖ [Hades] Bastion, Transistor, Pyre의 제작사에서 선보이는 이 로그라이크 던전 탐색형 게임에서 핵 앤 슬래시로 지하 세계를 탈출하고 죽음의 신에게 도전하세요. ‖ [Vampire Survivors] 수많은 어둠의 피조물을 쓰러뜨리며 새벽이 올 때까지 생존하세요! Vampire Survivors는 로그라이트 요소를 갖춘 고딕 호러 케주얼 게임입니다. 당신의 선택으로 순식간에 수백 마리의 괴물이 눈덩이처럼 불어날 수 있죠.",Lunar Rebirth: Dungeon of Eternal Return,"액션, 캐주얼, 인디","달빛 아래 펼쳐지는 로그라이크 핵앤슬래시!들어갈 때 마다 끊임없이 변화하는 던전 속에서 무수한 적들을 쓸어버리세요. 레벨업 때마다 새로운 카드를 랜덤으로 획득하여 내 성장을 완성! 강력한 보스부터 수많은 소환수, 개성 넘치는 카드 시스템까지, 짜릿하고 속도감 있는 전투를 즐겨보세요.",,,
B0184,A05,Opus Magnum,"인디, 시뮬레이션","[Opus Magnum] Opus Magnum은 SpaceChem, Infinifactory, SHENZHEN I/O를 제작한 Zachtronics의 신작 퍼즐게임입니다. 연금술사들의 최첨단 도구인 변성 기관을 이용해 물약과 독을 만들어내는 기계들을 설계하고 만들어 내세요!",Charge!,"캐주얼, 인디, 전략",Charge is a level-based puzzle game where you control the flow of charge around a circuit board. Arrange pre-built components into wondrous machines that take advantage of available resources and design your own modules from scratch.,,,
B0185,A35,Project Zomboid / Don't Starve / The Forest,"인디, RPG, 시뮬레이션, 앞서 해보기 / 어드벤처, 인디, 시뮬레이션 / 액션, 어드벤처, 인디, 시뮬레이션","[Project Zomboid] Project Zomboid is the ultimate in zombie survival. Alone or in MP: you loot, build, craft, fight, farm and fish in a struggle to survive. A hardcore RPG skillset, a vast map, mass ‖ [Don't Starve] Don’t Starve is an uncompromising wilderness survival game full of science and magic. Enter a strange and unexplored world full of strange creatures, dangers, and surprises. Gather ‖ [The Forest] As the lone survivor of a passenger jet crash, you find yourself in a mysterious forest battling to stay alive against a society of cannibalistic mutants. Build, explore, survive i",Creativerse,"액션, 어드벤처, 캐주얼, 인디, 대규모 멀티플레이어, RPG, 시뮬레이션",A sandbox adventure game as big as your imagination.,,,
B0186,A19,ELDEN RING / Disco Elysium - The Final Cut / Outer Wilds,"액션, RPG / RPG / 액션, 어드벤처","[ELDEN RING] 본 게임은 본격적인 다크 판타지 세계를 무대로 한 액션 RPG입니다. 드넓은 필드와 던전 탐험을 통해 미지의 것들을 발견해 보세요. 앞길을 막아서는 난관과 그것을 극복했을 때의 달성감, 그리고 등장인물들의 의도가 교착하는 군상극도 즐기실 수 있습니다. ‖ [Disco Elysium - The Final Cut] 디스코 엘리시움 - 최종판은 획기적인 오픈 월드 롤플레잉 게임입니다. 당신은 독특한 스킬 시스템을 갖춘 형사로서 오롯한 도시 블록을 당신의 미래를 닦기 위해 다듬을 수 있습니다. 잊지 못할 등장인물들을 심문하거나, 살인 사건을 해결하거나, 뇌물을 받으세요. 영웅이 되거나 인류의 완전한 재앙이 되세요. ‖ [Outer Wilds] Giant Bomb, Polygon, Eurogamer, The Guardian에 의해 2019년 올해의 게임에 이름을 올리며 냉정한 호평과 수상 실적이 있는 Outer Wilds는 무한 시간 루프에 갇힌 태양계에 관한 공개된 세계의 미스터리 게임입니다.",Dungeons of Sundaria,"액션, 어드벤처, 인디, RPG","Adventure through epic dungeons facing fearsome creatures either solo or with a group of friends. Master your class, loot everything, and destroy the foul creatures of the deep! Will you become a hero of legend?",,,
B0187,A27,The Raven Remastered / The Frostrune / Mad Experiments: Escape Room,"어드벤처 / 어드벤처 / 어드벤처, 캐주얼, 인디, 시뮬레이션, 전략","[The Raven Remastered] London, 1964. An ancient ruby is stolen from the British Museum. At the crime scene: a raven feather. Is somebody trying to follow in the footsteps of The Raven, the legendary mast ‖ [The Frostrune] Unravel a mystery inspired by Viking myth and legend in The Frostrune, a classic point-and-click adventure based on historically accurate Norse culture and environments. ‖ [Mad Experiments: Escape Room] 수상 후보에 오른 이스케이프 게임 1인 또는 최대 5인까지 플레이하며 3개의 독특한 방을 탐험하고, 두뇌를 자극하는 퍼즐을 풀며 체셔 교수와 그의 실험에 얽힌 어두운 비밀을 밝혀보세요.",Escape: Malice,"액션, 어드벤처, 인디, 시뮬레이션","Escape: Malice is a two-player co-op escape room-style puzzle horror game. Swallowed by a sinkhole, you find yourself trapped in a nightmarish Japanese mansion haunted by a sinister presence. Solve twisted puzzles, uncover dark secrets, make unforgiving choices, and descend deeper to escape Malice…",,,
B0188,A19,ELDEN RING / Disco Elysium - The Final Cut / Outer Wilds,"액션, RPG / RPG / 액션, 어드벤처","[ELDEN RING] 본 게임은 본격적인 다크 판타지 세계를 무대로 한 액션 RPG입니다. 드넓은 필드와 던전 탐험을 통해 미지의 것들을 발견해 보세요. 앞길을 막아서는 난관과 그것을 극복했을 때의 달성감, 그리고 등장인물들의 의도가 교착하는 군상극도 즐기실 수 있습니다. ‖ [Disco Elysium - The Final Cut] 디스코 엘리시움 - 최종판은 획기적인 오픈 월드 롤플레잉 게임입니다. 당신은 독특한 스킬 시스템을 갖춘 형사로서 오롯한 도시 블록을 당신의 미래를 닦기 위해 다듬을 수 있습니다. 잊지 못할 등장인물들을 심문하거나, 살인 사건을 해결하거나, 뇌물을 받으세요. 영웅이 되거나 인류의 완전한 재앙이 되세요. ‖ [Outer Wilds] Giant Bomb, Polygon, Eurogamer, The Guardian에 의해 2019년 올해의 게임에 이름을 올리며 냉정한 호평과 수상 실적이 있는 Outer Wilds는 무한 시간 루프에 갇힌 태양계에 관한 공개된 세계의 미스터리 게임입니다.",DARK SOULS™ II: Scholar of the First Sin,"액션, RPG","여러분은 DARK SOULS™ II: Scholar of the First Sin에 크게 놀랄 것입니다. 기존 DARK SOULS™ II를 플레이 하셨다 해도 이 특별한 ""디렉터즈 컷"" 버전의 게임을 통해 완전히 새로운 경험을 하게 될 것입니다.",,,
B0189,A19,ELDEN RING / Disco Elysium - The Final Cut / Outer Wilds,"액션, RPG / RPG / 액션, 어드벤처","[ELDEN RING] 본 게임은 본격적인 다크 판타지 세계를 무대로 한 액션 RPG입니다. 드넓은 필드와 던전 탐험을 통해 미지의 것들을 발견해 보세요. 앞길을 막아서는 난관과 그것을 극복했을 때의 달성감, 그리고 등장인물들의 의도가 교착하는 군상극도 즐기실 수 있습니다. ‖ [Disco Elysium - The Final Cut] 디스코 엘리시움 - 최종판은 획기적인 오픈 월드 롤플레잉 게임입니다. 당신은 독특한 스킬 시스템을 갖춘 형사로서 오롯한 도시 블록을 당신의 미래를 닦기 위해 다듬을 수 있습니다. 잊지 못할 등장인물들을 심문하거나, 살인 사건을 해결하거나, 뇌물을 받으세요. 영웅이 되거나 인류의 완전한 재앙이 되세요. ‖ [Outer Wilds] Giant Bomb, Polygon, Eurogamer, The Guardian에 의해 2019년 올해의 게임에 이름을 올리며 냉정한 호평과 수상 실적이 있는 Outer Wilds는 무한 시간 루프에 갇힌 태양계에 관한 공개된 세계의 미스터리 게임입니다.",Bokida - Heartfelt Reunion,"어드벤처, 인디","퍼즐과 미니멀 아트로 구성된 오픈월드 어드벤처입니다. Bokida의 무대는 얼핏 조용하고 단순해 보이지만 서서히 아름다움을 드러내는 빛의 세계입니다. 평화롭고 흥미로운 풍경을 탐험하면서 자유를 느껴 보세요. 두 세계를 여행하면서 여러분의 능력을 사용하여, 오래 전에 따로 떨어진 두 행성의 재회를 도우세요.",,,
B0190,A03,Balatro / Hades / Vampire Survivors,"캐주얼, 인디, 전략 / 액션, 인디, RPG / 액션, 캐주얼, 인디, RPG","[Balatro] 포커 로그라이크 게임. Balatro는 불법 포커 패로 게임을 하고, 판을 뒤엎는 조커를 발견하고, 아드레날린이 치솟는 강력한 콤보를 만드는 덱 빌딩 게임입니다. ‖ [Hades] Bastion, Transistor, Pyre의 제작사에서 선보이는 이 로그라이크 던전 탐색형 게임에서 핵 앤 슬래시로 지하 세계를 탈출하고 죽음의 신에게 도전하세요. ‖ [Vampire Survivors] 수많은 어둠의 피조물을 쓰러뜨리며 새벽이 올 때까지 생존하세요! Vampire Survivors는 로그라이트 요소를 갖춘 고딕 호러 케주얼 게임입니다. 당신의 선택으로 순식간에 수백 마리의 괴물이 눈덩이처럼 불어날 수 있죠.",디스오더,"액션, 어드벤처, 인디, RPG",풀 3D 로그라이크 던전 크롤러 게임에서 백화점을 탈출하고 숨겨진 진실을 찾아내십시오,,,
B0191,A29,Salt and Sanctuary,"액션, 인디, RPG","[Salt and Sanctuary] 두렵고도 잔혹한 섬의 탐험을 시작합니다… Salt and Sanctuary는 신속하고, 잔인하며, 복잡한 전투 시스템을 지닌 2D RPG입니다. 저주받은 도시의 잊힌 영역이나, 피에 물든 던전이나, 오염된 기념비와 같은 장소를 돌아다니며, 한때 축복을 받았지만 지금은 타락하고 만 영주들을 조우하세요.",Ghost Song,"액션, 어드벤처, 인디, RPG","로리안의 황량한 달에서 오랫동안 잠에 빠졌던 데드슈트가 깨어났습니다. 자아 발견, 고대 미스터리, 우주의 공포에 관한 2D 대기 모험의 표면 아래에서 탐험을 떠나세요. 구불구불한 동굴을 탐험하고 새로운 능력을 획득해 외계 세상에 오래 묻혀진 비밀을 밝혀내세요.",,,
B0192,A11,Forza Horizon 5 / Hi-Fi RUSH / Street Fighter 6,"액션, 어드벤처, 레이싱, 시뮬레이션, 스포츠 / 액션 / 액션, 어드벤처","[Forza Horizon 5] 세계 최고의 자동차를 타고 생동감 넘치는 멕시코의 대자연을 탐험하며 재미있는 드라이빙 액션을 마음껏 즐겨보세요. ‖ [Hi-Fi RUSH] 아케이드 챌린지! 업데이트!로 추가되는 두 개의 신규 게임 모드에서 여러분의 능력을 시험하고, 새로운 보상을 획득해 보세요. 몇 가지 비밀도 숨어 있답니다! 락 스타 지망생 차이가 되어 비트를 타고, 세상 모든 게 음악에 싱크되는 세계에서 오합지졸 팀과 함께 사악한 거대 기업에 맞서 싸우세요. ‖ [Street Fighter 6] 시리즈 최신작 『Street Fighter 6』, 2023년 6월 2일 발매 결정! RE ENGINE으로 개발된 본 작품은 대형 모드 「World Tour」, 「Fighting Ground」, 「Battle Hub」로 구성되어 있다. 새로운 「스트리트 파이터」에는 지금까지의 시리즈에는 없었던 새로운 체험이 기다리고 있다.",EZ2ON REBOOT : R,"액션, 캐주얼, 스포츠","모두가 함께 즐기는 리듬 게임, EZ2ON REBOOT : R - 유명 리듬게임 프랜차이즈인 'EZ2ON'의 최신작을 Steam에서 즐길 수 있습니다. 시리즈를 총망라하는 게임 속의 명곡들과 새로운 감각의 콘텐츠들을 플레이하며 EZ2ON만의 즐거움에 빠져보세요.",,,
B0193,A24,Valheim / Grounded / My Time at Portia,"액션, 어드벤처, 인디, RPG, 앞서 해보기 / 액션, 어드벤처 / 어드벤처, 캐주얼, 인디, RPG, 시뮬레이션","[Valheim] 북구 신화와 바이킹 문화에 기반한 판타지 세계를 배경으로 펼쳐지는 생존 및 탐험 게임. ‖ [Grounded] The world is a vast, beautiful and dangerous place – especially when you have been shrunk to the size of an ant. Can you thrive alongside the hordes of giant insects, fighting to s ‖ [My Time at Portia] 아름다운 Portia 마을에서 새 삶을 시작하세요! 아버지가 방치한 작업장에서 제작을 부탁받고, 작물을 키우고, 가축을 기르고, 아름다운 세기말의 땅에서 특이한 친구들을 사귀며 작업장을 예전의 멋진 모습으로 복원하세요.",Nomad,"액션, 어드벤처, 인디, 대규모 멀티플레이어, RPG, 무료 플레이, 앞서 해보기","Try and survive in the world of Nomad. Build a base and protect it from raiding players. Scavenge food, weapons and medical supplies across the island. Team up with others and make a base. Make your mark on the world of Nomad.",,,
B0194,A14,Iron Brigade / Ancient Planet Tower Defense / Creeper World IXE,"액션, 전략 / 캐주얼, 인디, 전략 / 액션, 캐주얼, 인디, 시뮬레이션, 전략","[Iron Brigade] Join The Mobile Trench Brigade and protect humanity from the evil Monovision menace! ‖ [Ancient Planet Tower Defense] 고대 행성 타워 디펜스는 정통 타워 디펜스 게임입니다. 고대 문명의 요새가 외계 침략자들로부터 침략당했습니다. 고대의 강력한 기술을 사용하여 적군의 공격을 물리치십시오! ‖ [Creeper World IXE] The unstoppable alien force known as The Creeper has returned, devouring thousands of worlds in its path, and yours is next. Battle against the Creeper fluid in a groundbreaking pi",Rock 'N' Roll Defense,"액션, 어드벤처, 캐주얼, 전략","폭발적인 사운드트랙에 휩싸여 밴드를 선택하고, 장비를 배치하고, 완전히 하드코어 타워 디펜스에서 로큰롤을 무너뜨리려는 모든 사람과 모든 것으로부터 로큰롤을 방어하세요!",,,
B0195,A23,Vomitoreum / Tales of Kenzera™: ZAU / Shantae: Half-Genie Hero,"액션, 어드벤처, 인디 / 액션, 어드벤처, 인디 / 액션, 어드벤처, 인디","[Vomitoreum] Vomitoreum is an FPS Metroidvania with a focus on atmosphere and horror, inspired by the paintings of Zdzisław Beksiński. ‖ [Tales of Kenzera™: ZAU] 샤먼의 춤을 추세요. 아버지의 영혼을 되찾으세요. Surgent Studios가 제작한 메트로이드바니아 스타일의 어드벤처 게임 Tales of Kenzera™: ZAU에서 죽음의 신과 함께 아름답고 위험한 켄제라의 땅으로 용감하게 모험을 떠나세요. ‖ [Shantae: Half-Genie Hero] Shantae embarks on her first full HD adventure! When a mysterious crime wave sweeps Sequin Land, it’s up to Half-Genie Hero Shantae to save the day! Use Shantae’s devastating Hair-",A Juggler's Tale,"액션, 어드벤처, 인디","꼭두각시 애비와 함께 수수께끼, 함정, 추격자로 가득한, 음산한 동화 속 세계를 탐험해보세요.",,,
B0196,A32,Hardspace: Shipbreaker / Hacknet / The Case of the Golden Idol / 방 탈출 시뮬레이터 / shapez 2 - Factory,"시뮬레이션 / 인디, 시뮬레이션 / 어드벤처, 인디 / 어드벤처, 캐주얼, 인디, 시뮬레이션 / 캐주얼, 인디, 시뮬레이션, 전략","[Hardspace: Shipbreaker] Equipped with cutting-edge salvaging tech, carve & slice spaceships to recover valuable materials. Upgrade your gear to take on more lucrative contracts and pay your billion credit ‖ [Hacknet] Hacknet은 터미널 기반의 몰입형 해킹 시뮬레이터입니다. 최근에 사망한, 그러나 언론 보도와는 달리 사고로 사망하지 않은 해커의 지시에 따라 진실을 추척하십시오. ‖ [The Case of the Golden Idol] A new kind of detective game that allows you to think and investigate freely. Discover clues surrounding 12 strange and gruesome deaths and build your own theory. Pick your suspect ‖ [방 탈출 시뮬레이터] Escape Simulator는 단독 또는 온라인 협동 플레이가 가능한 1인칭 퍼즐 게임입니다. 점점 더 많아지는, 고도의 상호 작용이 가능한 방탈출 세트를 탐험하세요. 가구를 옮기고, 모든 것을 집어 들고 검사하고, 냄비를 부수고 자물쇠를 부수세요! 레벨 편집기를 통해 커뮤니티가 만든 방을 지원합니다. ‖ [shapez 2 - Factory] 공장 건설 게임에 빠져들어 보세요. 단 한 가지에 집중하세요. 대규모 우주 공장을 건설하는 것! 방대하게 펼쳐지는 다층 공장과 만족스러운 생산 라인을 무제한으로 설계하세요. 계속해서 어려워지는 자동화 목표를 적의 위협 없이 자신만의 속도로 달성하세요.",Car Manufacture,"인디, 시뮬레이션, 전략, 앞서 해보기","자동차 제조는 자동차 재벌 게임입니다. 20세기 초에 시작하여 번창하는 사업을 만드세요. 자동차를 만들고, 사람들을 관리하고, 공장을 확장하며 새로운 기술을 연구하세요. 많은 돈을 벌고 정상에 머무르세요.",,,
B0197,A24,Valheim / Grounded / My Time at Portia,"액션, 어드벤처, 인디, RPG, 앞서 해보기 / 액션, 어드벤처 / 어드벤처, 캐주얼, 인디, RPG, 시뮬레이션","[Valheim] 북구 신화와 바이킹 문화에 기반한 판타지 세계를 배경으로 펼쳐지는 생존 및 탐험 게임. ‖ [Grounded] The world is a vast, beautiful and dangerous place – especially when you have been shrunk to the size of an ant. Can you thrive alongside the hordes of giant insects, fighting to s ‖ [My Time at Portia] 아름다운 Portia 마을에서 새 삶을 시작하세요! 아버지가 방치한 작업장에서 제작을 부탁받고, 작물을 키우고, 가축을 기르고, 아름다운 세기말의 땅에서 특이한 친구들을 사귀며 작업장을 예전의 멋진 모습으로 복원하세요.",Harvest Days: My Dream Farm,"어드벤처, 인디, RPG, 시뮬레이션","대도시의 스트레스에서 벗어나 전원의 삶을 즐겨보세요. 농장을 돌보며 오픈된 게임 세상을 탐험하고 나만의 농장 천국을 만들어 보세요. 동물들을 돌보고, 땅을 경작하고, 유용하고 예쁜 아이템들을 만들어 내며 꿈의 목장을 가꿔 보세요.",,,
B0198,A33,Garry's Mod / Team Fortress 2 / Left 4 Dead 2,"캐주얼, 인디, 시뮬레이션 / 액션, 무료 플레이 / 액션","[Garry's Mod] Garry's Mod is a physics sandbox. There aren't any predefined aims or goals. We give you the tools and leave you to play. ‖ [Team Fortress 2] 다양한 전술적 능력과 뚜렷한 개성을 갖춘 9가지 병과의 캐릭터를 플레이하세요. 끊임없이 업데이트되는 새로운 게임 모드, 맵, 장비 그리고 가장 중요한 모자까지 지금 바로 즐겨보세요! ‖ [Left 4 Dead 2] Set in the zombie apocalypse, Left 4 Dead 2 is a co-operative action horror FPS takes you and your friends through the cities, swamps and cemeteries of the Deep South, from Savanna",Halo Infinite,"액션, 무료 플레이",게임 역사상 가장 상징적인 시리즈 중 하나인 Halo가 그 어느 때보다 더 거대해졌습니다. 방대한 오픈 월드 캠페인과 역동적인 무료 멀티플레이어 경험이 특징입니다.,,,
B0199,A11,Forza Horizon 5 / Hi-Fi RUSH / Street Fighter 6,"액션, 어드벤처, 레이싱, 시뮬레이션, 스포츠 / 액션 / 액션, 어드벤처","[Forza Horizon 5] 세계 최고의 자동차를 타고 생동감 넘치는 멕시코의 대자연을 탐험하며 재미있는 드라이빙 액션을 마음껏 즐겨보세요. ‖ [Hi-Fi RUSH] 아케이드 챌린지! 업데이트!로 추가되는 두 개의 신규 게임 모드에서 여러분의 능력을 시험하고, 새로운 보상을 획득해 보세요. 몇 가지 비밀도 숨어 있답니다! 락 스타 지망생 차이가 되어 비트를 타고, 세상 모든 게 음악에 싱크되는 세계에서 오합지졸 팀과 함께 사악한 거대 기업에 맞서 싸우세요. ‖ [Street Fighter 6] 시리즈 최신작 『Street Fighter 6』, 2023년 6월 2일 발매 결정! RE ENGINE으로 개발된 본 작품은 대형 모드 「World Tour」, 「Fighting Ground」, 「Battle Hub」로 구성되어 있다. 새로운 「스트리트 파이터」에는 지금까지의 시리즈에는 없었던 새로운 체험이 기다리고 있다.",아세토 코르사 에보 Assetto Corsa EVO,"레이싱, 시뮬레이션, 스포츠, 앞서 해보기",아세토 코르사 에보가 여태까지 개발된 가장 인기 있는 멀티플랫폼 드라이빙 시뮬레이션의 현실감과 기능을 새롭게 정의합니다. 수년간의 자동차 역사를 아우르는 다양한 클래스의 차량을 만나보세요.,,,
B0200,A10,A Short Hike / ISLANDERS / Gorogoa,"어드벤처, 인디 / 캐주얼, 인디, 전략 / 어드벤처, 캐주얼, 인디","[A Short Hike] Hike, climb, and soar through the peaceful mountainside landscapes of Hawk Peak Provincial Park as you make your way to the summit. ‖ [ISLANDERS] ISLANDERS is a minimalist strategy game about building cities on colorful islands. ‖ [Gorogoa] Gorogoa(고로고아)는 Jason Roberts가 디자인하고 일러스트레이션을 손으로 그린 아름다운 차세대 퍼즐 게임입니다.",Utopia,"캐주얼, 인디, 시뮬레이션, 전략",Utopia is a relaxing city builder strategy game with puzzle elements.,,,
B0201,A05,Opus Magnum,"인디, 시뮬레이션","[Opus Magnum] Opus Magnum은 SpaceChem, Infinifactory, SHENZHEN I/O를 제작한 Zachtronics의 신작 퍼즐게임입니다. 연금술사들의 최첨단 도구인 변성 기관을 이용해 물약과 독을 만들어내는 기계들을 설계하고 만들어 내세요!",Gnomes & Co: The Art of the Build,인디,"Direct your secret guild of tiny gnomes, hidden somewhere out in the forest, to manufacture products as efficiently as possible in this optimization-based puzzle game.",,,
B0202,A26,RimWorld / Oxygen Not Included / Unpacking 언패킹,"인디, 시뮬레이션, 전략 / 인디, 시뮬레이션 / 캐주얼, 인디, 시뮬레이션","[RimWorld] 지능형 AI 이야기꾼이 주도하는 공상과학 정착지 시뮬레이터입니다. 심리, 생태, 총격전과 근접전, 날씨, 기후, 외교, 사람 사이의 관계, 예술, 의학, 무역, 그 외 많은 것들을 시뮬레이션하여 이야기를 생성합니다. ‖ [Oxygen Not Included] Oxygen Not Included는 우주 콜로니 시뮬레이션 게임입니다. 외계의 우주 암석 깊은 곳에서 근면한 일꾼들은 생존하고 나아가 번영하기 위해 과학을 마스터하고, 낯선 새로운 생명체에 맞서며, 경이로운 우주 테크놀로지를 활용해야 합니다. ‖ [Unpacking 언패킹] Unpacking은 상자에서 짐을 꺼내 새집에 맞게 배치하는 친숙한 체험에 대한 명상적 퍼즐 게임입니다. 게임의 일부인 블록 맞추기 게임과 집 꾸미기를 하는 동안, 푸는 짐에 닮긴 삶의 실마리를 찾아가며 만족할 만한 생활 공간을 만들어 보세요.",Reshaping Mars,"인디, 시뮬레이션, 전략","「Reshaping Mars」is a colony simulation game on Mars, you will start by gathering resources, storing food, accepting immigrants, and building a better colony together. Develop powerful technologies for Mars Reshaping, make Mars great agai..sorry, just great. Don't forget to make the residents happy.",,,
B0203,A03,Balatro / Hades / Vampire Survivors,"캐주얼, 인디, 전략 / 액션, 인디, RPG / 액션, 캐주얼, 인디, RPG","[Balatro] 포커 로그라이크 게임. Balatro는 불법 포커 패로 게임을 하고, 판을 뒤엎는 조커를 발견하고, 아드레날린이 치솟는 강력한 콤보를 만드는 덱 빌딩 게임입니다. ‖ [Hades] Bastion, Transistor, Pyre의 제작사에서 선보이는 이 로그라이크 던전 탐색형 게임에서 핵 앤 슬래시로 지하 세계를 탈출하고 죽음의 신에게 도전하세요. ‖ [Vampire Survivors] 수많은 어둠의 피조물을 쓰러뜨리며 새벽이 올 때까지 생존하세요! Vampire Survivors는 로그라이트 요소를 갖춘 고딕 호러 케주얼 게임입니다. 당신의 선택으로 순식간에 수백 마리의 괴물이 눈덩이처럼 불어날 수 있죠.",StarVaders,"어드벤처, 인디, 전략","덱 빌딩과 그리드 기반 전술의 궁극적인 융합을 바탕으로 강력한 메크를 조종해 외계 침공에 맞서 싸우세요. 무한 반복 플레이가 가능한 이 로그라이크에서 게임의 판도를 뒤집는 콤보를 발견하고, 시간을 되돌려 운명을 바꾸고, 인류의 미래를 지켜내세요.",,,
B0204,A19,ELDEN RING / Disco Elysium - The Final Cut / Outer Wilds,"액션, RPG / RPG / 액션, 어드벤처","[ELDEN RING] 본 게임은 본격적인 다크 판타지 세계를 무대로 한 액션 RPG입니다. 드넓은 필드와 던전 탐험을 통해 미지의 것들을 발견해 보세요. 앞길을 막아서는 난관과 그것을 극복했을 때의 달성감, 그리고 등장인물들의 의도가 교착하는 군상극도 즐기실 수 있습니다. ‖ [Disco Elysium - The Final Cut] 디스코 엘리시움 - 최종판은 획기적인 오픈 월드 롤플레잉 게임입니다. 당신은 독특한 스킬 시스템을 갖춘 형사로서 오롯한 도시 블록을 당신의 미래를 닦기 위해 다듬을 수 있습니다. 잊지 못할 등장인물들을 심문하거나, 살인 사건을 해결하거나, 뇌물을 받으세요. 영웅이 되거나 인류의 완전한 재앙이 되세요. ‖ [Outer Wilds] Giant Bomb, Polygon, Eurogamer, The Guardian에 의해 2019년 올해의 게임에 이름을 올리며 냉정한 호평과 수상 실적이 있는 Outer Wilds는 무한 시간 루프에 갇힌 태양계에 관한 공개된 세계의 미스터리 게임입니다.",Rebel Galaxy,"액션, 어드벤처, 인디, RPG, 시뮬레이션","Rebel Galaxy is a swashbuckling space adventure, with action-packed combat, exploration, discovery, trade, and “negotiation” with the outlandish denizens at the edge of the known universe.",,,
B0205,A04,Hollow Knight / Dead Cells / Celeste,"액션, 어드벤처, 인디 / 액션, 어드벤처, 인디 / 액션, 어드벤처, 인디","[Hollow Knight] 할로우 나이트에서 자신만의 길을 구축하세요! 크게 파괴된 곤충과 영웅의 왕국을 통한 서사 액션 어드벤처입니다. 손으로 그린 클래식 2D 스타일로 구불구불한 동굴을 탐험하고 오염된 생물과 싸우고 이상한 곤충들과 친구가 되어 보세요. ‖ [Dead Cells] 데드 셀(Dead Cells)는 메트로배니아에서 영감을 받은 로그라이트 액션 플랫포머 게임입니다. 2D 소울 라이트 전투에서 성을 지키는 수호자들을 물리치고 끊임없이 변화하는 거대한 성을 탐험하게 됩니다. 세이브 포인트는 없습니다. 죽이고, 죽고, 배우고, 반복하세요. ‖ [Celeste] 타워폴(TowerFall) 시리즈의 개발자들이 만든 이 초밀착형 플랫폼 게임을 플레이하고, 매들린이 셀레스트 산 정상으로 향하는 여정에서 내면의 악마에게서 살아남을 수 있게 도와주세요. 한땀 한땀 손수 제작한 수백 가지의 도전 과제에 맞서고, 사악한 비밀을 밝혀내고, 산에 숨겨진 수수께끼를 풀어보세요.",Beholgar,"액션, 어드벤처, 인디","Beholgar is a classically styled metroidvania action adventure. Explore caverns, ancient woods, and deadly castles; battle creatures and solve ancient mysteries at the kingdom.",,,
B0206,A22,Deck of Ashes / Dicefolk / Cubic Cosmos,"어드벤처, 인디, RPG, 전략 / 캐주얼, 인디, 전략 / 전략","[Deck of Ashes] 덱 오브 애쉬즈(Deck of Ashes)는 전술 카드 전투를 벌이는 어드벤처 게임입니다. 한 번에 한 캐릭터씩 안티히어로 일행을 이끌어 속죄의 여행을 떠나보세요. 저주받은 판타지 세계를 탐험하며 강력한 카드를 찾아보세요. 독특한 전투 덱을 형성하여 적들을 무찌르세요! 잿빛 저주의 세계를 제거하실 수 있겠습니까? ‖ [Dicefolk] 마법 주사위의 힘을 휘두르고 강력한 키메라 팀을 구축해보세요! 수수께끼의 악을 멈추기 위한 택티컬 덱빌딩 로그라이트 모험이 다가오고 있습니다. 키메라 소환사로서, 신화적인 짐승들을 모집하고 완벽한 팀을 만들고, 다이스포크만의 독특한 주사위 메커니즘을 활용하여 승리로 이끌어주세요. ‖ [Cubic Cosmos] Cubic Cosmos is a thrilling fast-paced roguelike card game. You have been trapped in a deadly game. One wrong move could see you reduced to a plaything of the goddess. Can you free",Poker Quest: Swords and Spades,"어드벤처, 인디, RPG, 전략","Poker Quest is a fantasy roguelike where players use a standard 52-card deck to take on fierce enemies in epic battles. Featuring over 20 unique heroes, thousands of items, and deep gameplay that will test even the most experienced players.",,,
B0207,A17,Lethal Company / Phasmophobia / Deep Rock Galactic,"액션, 어드벤처, 인디, 앞서 해보기 / 액션, 인디, 앞서 해보기 / 액션","[Lethal Company] A co-op horror about scavenging at abandoned moons to sell scrap to the Company. ‖ [Phasmophobia] Phasmophobia is a 4 player online co-op psychological horror. Paranormal activity is on the rise and it’s up to you and your team to use all the ghost-hunting equipment at your dis ‖ [Deep Rock Galactic] 딥 락 갤럭틱은 1-4인의 플레이어가 협동하는 FPS 게임으로, 상남자 우주 드워프, 100% 파괴 가능한 맵 환경, 절차적 생성 동굴 지형, 그리고 끊임없이 등장하는 외계 괴물 무리가 특징입니다.",Psychoscopy,"액션, 어드벤처, 인디","Psychoscopy is a 5 player co-op horror game that you try to gather evidences about paranormal activities in large areas. Make a team with your 4 friends, take your equipments and hunt down paranormal activities.",,,
B0208,A31,Hearts of Iron IV / Europa Universalis IV / Sid Meier's Civilization® V,"시뮬레이션, 전략 / 시뮬레이션, 전략 / 전략","[Hearts of Iron IV] Victory is at your fingertips! Your ability to lead your nation is your supreme weapon, the strategy game Hearts of Iron IV lets you take command of any nation in World War II; the ‖ [Europa Universalis IV] 비교할 수 없는 자유도, 깊이 있는 스토리, 정확한 역사적 고증을 즐기며 국토를 다스리고 세계를 정복하세요. 세계 역사를 새롭게 쓰며 시대를 풍미할 제국을 만드세요. ‖ [Sid Meier's Civilization® V] Create, discover, and download new player-created maps, scenarios, interfaces, and more!",Easy Red 2,"액션, 인디, 시뮬레이션, 전략","Experience massive battles with infantry, tanks, artillery, and aircraft on large destructible open-world maps. Equip yourself, coordinate with your squad, and fight through World War II in singleplayer, co-op, or multiplayer!",,,
B0209,A14,Iron Brigade / Ancient Planet Tower Defense / Creeper World IXE,"액션, 전략 / 캐주얼, 인디, 전략 / 액션, 캐주얼, 인디, 시뮬레이션, 전략","[Iron Brigade] Join The Mobile Trench Brigade and protect humanity from the evil Monovision menace! ‖ [Ancient Planet Tower Defense] 고대 행성 타워 디펜스는 정통 타워 디펜스 게임입니다. 고대 문명의 요새가 외계 침략자들로부터 침략당했습니다. 고대의 강력한 기술을 사용하여 적군의 공격을 물리치십시오! ‖ [Creeper World IXE] The unstoppable alien force known as The Creeper has returned, devouring thousands of worlds in its path, and yours is next. Battle against the Creeper fluid in a groundbreaking pi",Idle Tower Defense,"캐주얼, 인디, 전략",아이들타워 디펜스 (Idle Tower Defense)는 하나의 타워를 조종해 다수의 적을 물리치는 게임이다.임의 추출이 없다.다양한 모듈 중에서 선택하여 고유한 빌드를 만들고 모듈을 업그레이드하고 끝없는 파도에서 살아남으십시오.,,,
B0210,A22,Deck of Ashes / Dicefolk / Cubic Cosmos,"어드벤처, 인디, RPG, 전략 / 캐주얼, 인디, 전략 / 전략","[Deck of Ashes] 덱 오브 애쉬즈(Deck of Ashes)는 전술 카드 전투를 벌이는 어드벤처 게임입니다. 한 번에 한 캐릭터씩 안티히어로 일행을 이끌어 속죄의 여행을 떠나보세요. 저주받은 판타지 세계를 탐험하며 강력한 카드를 찾아보세요. 독특한 전투 덱을 형성하여 적들을 무찌르세요! 잿빛 저주의 세계를 제거하실 수 있겠습니까? ‖ [Dicefolk] 마법 주사위의 힘을 휘두르고 강력한 키메라 팀을 구축해보세요! 수수께끼의 악을 멈추기 위한 택티컬 덱빌딩 로그라이트 모험이 다가오고 있습니다. 키메라 소환사로서, 신화적인 짐승들을 모집하고 완벽한 팀을 만들고, 다이스포크만의 독특한 주사위 메커니즘을 활용하여 승리로 이끌어주세요. ‖ [Cubic Cosmos] Cubic Cosmos is a thrilling fast-paced roguelike card game. You have been trapped in a deadly game. One wrong move could see you reduced to a plaything of the goddess. Can you free",Dungeons & Degenerate Gamblers,"캐주얼, 인디, RPG, 전략","이 블랙잭 로그라이크 어드벤처 게임에서 도박에 중독된 마을 주민들이 가득 있는 지저분한 선술집을 싸우며 헤쳐 나가세요. 에이스 카드와 그림 카드부터 타로 카드, 명함까지 여러 카드로 자신만의 덱을 만들어 도박판을 정복하세요.",,,
B0211,A22,Deck of Ashes / Dicefolk / Cubic Cosmos,"어드벤처, 인디, RPG, 전략 / 캐주얼, 인디, 전략 / 전략","[Deck of Ashes] 덱 오브 애쉬즈(Deck of Ashes)는 전술 카드 전투를 벌이는 어드벤처 게임입니다. 한 번에 한 캐릭터씩 안티히어로 일행을 이끌어 속죄의 여행을 떠나보세요. 저주받은 판타지 세계를 탐험하며 강력한 카드를 찾아보세요. 독특한 전투 덱을 형성하여 적들을 무찌르세요! 잿빛 저주의 세계를 제거하실 수 있겠습니까? ‖ [Dicefolk] 마법 주사위의 힘을 휘두르고 강력한 키메라 팀을 구축해보세요! 수수께끼의 악을 멈추기 위한 택티컬 덱빌딩 로그라이트 모험이 다가오고 있습니다. 키메라 소환사로서, 신화적인 짐승들을 모집하고 완벽한 팀을 만들고, 다이스포크만의 독특한 주사위 메커니즘을 활용하여 승리로 이끌어주세요. ‖ [Cubic Cosmos] Cubic Cosmos is a thrilling fast-paced roguelike card game. You have been trapped in a deadly game. One wrong move could see you reduced to a plaything of the goddess. Can you free",Rise of the Slime,"액션, 어드벤처, 인디, 전략","Be the hero that no-one saw coming. Help Slime defy the odds by playing insanely powerful cards in this charming, relaxing and strategic deckbuilding adventure.",,,
B0212,A33,Garry's Mod / Team Fortress 2 / Left 4 Dead 2,"캐주얼, 인디, 시뮬레이션 / 액션, 무료 플레이 / 액션","[Garry's Mod] Garry's Mod is a physics sandbox. There aren't any predefined aims or goals. We give you the tools and leave you to play. ‖ [Team Fortress 2] 다양한 전술적 능력과 뚜렷한 개성을 갖춘 9가지 병과의 캐릭터를 플레이하세요. 끊임없이 업데이트되는 새로운 게임 모드, 맵, 장비 그리고 가장 중요한 모자까지 지금 바로 즐겨보세요! ‖ [Left 4 Dead 2] Set in the zombie apocalypse, Left 4 Dead 2 is a co-operative action horror FPS takes you and your friends through the cities, swamps and cemeteries of the Deep South, from Savanna",Lifeless,"액션, 인디, 무료 플레이, 앞서 해보기","Immerse yourself in the post-apocalyptic co-op world of Lifeless, where base building and crafting are key. Collect weapons, gear, and food as you embark on thrilling missions to level up in a vast open world. But stay alert—relentless zombies lurk around every corner!",,,
B0213,A25,DOOMBLADE / Transiruby / Blast Brigade vs. the Evil Legion of Dr. Cread,"액션, 어드벤처, 인디 / 액션 / 액션, 어드벤처, 인디","[DOOMBLADE] Deep underground, Gloom Girl discovers DOOMBLADE, a sentient weapon hellbent on escape after eons in chains. Together, “Doom and Gloom” embark on a vengeful quest to unlock the pow ‖ [Transiruby] 차원 대륙의 의문을 풀어라! 는 사이보그 소녀 실비가 검과 엘리먼트 샷으로 적을 쓰러뜨리며 앞으로 나아가는 탐색형 액션 게임입니다! ‖ [Blast Brigade vs. the Evil Legion of Dr. Cread] 스릴 넘치는 플랫포밍과 깊이 있는 탐험 세계, 폭발적인 액션으로 가득한 2D 메트로이드배니아 어드벤처 게임을 즐겨보세요! Blast Brigade에서 영웅들로 팀을 구성해 세계를 구하세요!",Moonlight Pulse,"액션, 어드벤처, 인디","Teamwork matters most in this seamless, fantastical metroidvania within a living, breathing world. Realize each character's true potential to take down an invading force of overwhelmingly powerful parasites.",,,
B0214,A23,Vomitoreum / Tales of Kenzera™: ZAU / Shantae: Half-Genie Hero,"액션, 어드벤처, 인디 / 액션, 어드벤처, 인디 / 액션, 어드벤처, 인디","[Vomitoreum] Vomitoreum is an FPS Metroidvania with a focus on atmosphere and horror, inspired by the paintings of Zdzisław Beksiński. ‖ [Tales of Kenzera™: ZAU] 샤먼의 춤을 추세요. 아버지의 영혼을 되찾으세요. Surgent Studios가 제작한 메트로이드바니아 스타일의 어드벤처 게임 Tales of Kenzera™: ZAU에서 죽음의 신과 함께 아름답고 위험한 켄제라의 땅으로 용감하게 모험을 떠나세요. ‖ [Shantae: Half-Genie Hero] Shantae embarks on her first full HD adventure! When a mysterious crime wave sweeps Sequin Land, it’s up to Half-Genie Hero Shantae to save the day! Use Shantae’s devastating Hair-",Kitsune Tails,"액션, 어드벤처, 인디","Run, jump, and dash across a land inspired by Japanese mythology and untangle the love triangle between three young women on a journey of self discovery. Explore the complicated relationships between kitsune and humans through classic platforming action.",,,
B0215,A13,Death's Door / Children of Morta / Roboquest / Spelunky 2 / Nuclear Throne / Streets of Rogue / Neon Abyss / Curse of the Dead Gods / Rogue Legacy 2 / Have a Nice Death,"액션, 어드벤처, 인디, RPG / 액션, 어드벤처, 인디, RPG / 액션, 인디 / 액션, 인디 / 액션, 인디, RPG / 액션, 어드벤처, 인디, RPG / 액션, 어드벤처, 인디, RPG / 액션, 어드벤처 / 액션, 어드벤처, 인디, RPG / 액션, 인디","[Death's Door] 죽은 자의 영혼을 수확하고 시간을 끝내는 것은 단조로울 수 있지만 까마귀에겐 평범한 일입니다. 하지만 주어진 영혼을 도둑맞게 되면 변화가 일어납니다. 영혼을 도난하고 죽음의 손길이 닿지 않는 영역으로 도망친 절망적인 도둑을 추적하십시오. ‖ [Children of Morta] Children of Morta는 비범한 가족 영웅에 대한 스토리 중심의 액션 RPG 게임입니다. 다가오는 부패에 맞서 모든 결함과 미덕을 갖춘 베르그송 가를 이끄세요. 여러분은 여러분이 아끼는 사람들을 구하기 위해 모든 것을 희생할 수 있으신가요? ‖ [Roboquest] 로보퀘스트는 멸망한 미래 세계의 빠른 FPS 로그라이트입니다. 당신은 재부팅된 수호자로, 강철 궁둥짝을 걷어 찰 준비를 하세요! 혼자서 혹은 친구와 함께 맞서거나 끊임없이 변화하는 환경에서 치명적인 로봇 군단을 섬멸하세요. ‖ [Spelunky 2] Spelunky 2 builds upon the unique, randomized challenges that made the original a roguelike classic, offering a huge adventure designed to satisfy players old and new. Meet the nex ‖ [Nuclear Throne] Nuclear Throne은 포스트 아포칼립스 세계관의 로그라이크 스타일 탑다운 슈터입니다. 여기서 말하는 포스트 아포칼립스는 '인류의 마지막 희망'이 남아 있는 세계가 아니라, '인류는 멸종했고 이제 돌연변이와 괴물들이 세상을 돌아다니는' 그런 세계입니다. 과연 당신은 뉴클리어 쓰론에 도달할 수 있을까요? ‖ [Streets of Rogue] 싸워서 몰래 들어가 임의 생성된 도시를 공격하세요. Nuclear Throne은 무법천지 GTA와 Deus Ex가 혼합된 형태입니다. Rogue-lite가 몰입도 높은 캐릭터를 만나 너무 재미있습니다. ‖ [Neon Abyss] Neon Abyss는 고속의 로그라이크 액션 플랫포머로, 하데스가 만든 '그림 스쿼드'의 일원이 되어 어비스로 총을 들고 뛰어드는 런 앤 건 게임입니다. 무한한 아이템 시너지와 던전 진화 시스템으로, 매번 게임을 할 때마다 다른 경험과 새로운 도전이 등장합니다. 진짜 지옥을 보여주세요! ‖ [Curse of the Dead Gods] 엄청난 부, 영원한 생명, 신성한 힘을 탐하는 마음이 당신을 끝없는 지옥 속의 미로, 치명적인 함정 및 몬스터가 우글거리는 이 저주받은 사원으로 이끌었습니다. ‖ [Rogue Legacy 2] 로그 레거시 2는 로그 레거시에 후속편을 끼얹은 작품입니다. 당신이 죽을 때마다 자식이 가업을 이어받습니다. 딸은 색맹 궁수이고 아들은 평화주의자 요리사일 수도 있죠. 어쨌거나 둘 중 한 명은 전장으로 나가야 합니다. ‖ [Have a Nice Death] Have a Nice Death는 과로에 고생하는 데스가 되어 플레이하는 2D 액션 로그라이크로, 통제 불능인 직원들 때문에 영혼의 균형과 데스의 휴가 계획이 틀어지고 말았습니다. 질서를 회복하려면 대낫을 들고 직원들과 서열 정리를 해야 합니다.",Rampage Knights,"액션, 어드벤처, 인디, RPG","Rampage Knights is a cooperative beat 'em up game mixed up with randomized dungeon crawling and exploration, which you can play alone or with a friend online.",,,
B0216,A02,Still Life / Jenny LeClue - Detectivu / Telling Lies,"어드벤처 / 액션, 어드벤처, 캐주얼, 인디 / 어드벤처, 인디, 시뮬레이션",[Still Life] Still Life 2 also now available! ‖ [Jenny LeClue - Detectivu] Jenny LeClue - Detectivu는 조사와 선택지로 가득한 스릴 넘치는 미스터리 어드벤처 게임입니다. ‖ [Telling Lies] 네 명의 삶. 그리고 하나의 큰 거짓말. 아무도 모르게 녹화된 은밀한 대화를 들으며 진실을 알아내십시오. 큰 호평을 받았던 Her Story의 계승작입니다.,The Last Case of John Morley,"어드벤처, 인디","1940년대의 탐정 John Morley의 머릿속으로 들어가 보세요 — 그는 마지막 사건에 몰두합니다. 시간이 잊은 어두운 장소들을 탐험하고, 이야기 중심의 모험 속에서 범죄 현장을 조립하세요. 미스터리, 예상치 못한 반전, 수십 년간 묻힌 진실이 당신을 기다립니다.",,,
B0217,A33,Garry's Mod / Team Fortress 2 / Left 4 Dead 2,"캐주얼, 인디, 시뮬레이션 / 액션, 무료 플레이 / 액션","[Garry's Mod] Garry's Mod is a physics sandbox. There aren't any predefined aims or goals. We give you the tools and leave you to play. ‖ [Team Fortress 2] 다양한 전술적 능력과 뚜렷한 개성을 갖춘 9가지 병과의 캐릭터를 플레이하세요. 끊임없이 업데이트되는 새로운 게임 모드, 맵, 장비 그리고 가장 중요한 모자까지 지금 바로 즐겨보세요! ‖ [Left 4 Dead 2] Set in the zombie apocalypse, Left 4 Dead 2 is a co-operative action horror FPS takes you and your friends through the cities, swamps and cemeteries of the Deep South, from Savanna",Building Destruction,"액션, 인디, 시뮬레이션","Multiplayer sandbox with destructible environment. Destroy different maps, build your own, and play with your friends and other people online",,,
B0218,A31,Hearts of Iron IV / Europa Universalis IV / Sid Meier's Civilization® V,"시뮬레이션, 전략 / 시뮬레이션, 전략 / 전략","[Hearts of Iron IV] Victory is at your fingertips! Your ability to lead your nation is your supreme weapon, the strategy game Hearts of Iron IV lets you take command of any nation in World War II; the ‖ [Europa Universalis IV] 비교할 수 없는 자유도, 깊이 있는 스토리, 정확한 역사적 고증을 즐기며 국토를 다스리고 세계를 정복하세요. 세계 역사를 새롭게 쓰며 시대를 풍미할 제국을 만드세요. ‖ [Sid Meier's Civilization® V] Create, discover, and download new player-created maps, scenarios, interfaces, and more!",Stronghold Crusader: Definitive Edition 스트롱홀드 크루세이더: 결정판,"시뮬레이션, 전략","안녕하세요, 영주님! 당신의 요새가 당신을 기다립니다. 클래식 '성 시뮬레이션'의 확장판에서 20명의 적 영주를 포위하고 친구와 온라인 전투를 펼치세요. 새로운 병력, AI 적, 비주얼, 오디오, 캠페인, 전초전 트레일, 협동, 더 커진 맵으로 역사를 재현하세요.",,,
B0219,A05,Opus Magnum,"인디, 시뮬레이션","[Opus Magnum] Opus Magnum은 SpaceChem, Infinifactory, SHENZHEN I/O를 제작한 Zachtronics의 신작 퍼즐게임입니다. 연금술사들의 최첨단 도구인 변성 기관을 이용해 물약과 독을 만들어내는 기계들을 설계하고 만들어 내세요!",Linkito,"인디, 시뮬레이션, 전략","전자 블록을 연결하여 로봇을 컨트롤하고, 메시지를 해독하고, 폭탄을 제거하세요. 복잡한 매커니즘 기반의 퍼즐을 해결하세요. 알바트로스 회사의 랭킹을 뛰어 넘어 회사의 비밀을 파헤치거나 커뮤니티를 위해 여러분만의 복잡한 퍼즐을 만드세요!",,,
B0220,A04,Hollow Knight / Dead Cells / Celeste,"액션, 어드벤처, 인디 / 액션, 어드벤처, 인디 / 액션, 어드벤처, 인디","[Hollow Knight] 할로우 나이트에서 자신만의 길을 구축하세요! 크게 파괴된 곤충과 영웅의 왕국을 통한 서사 액션 어드벤처입니다. 손으로 그린 클래식 2D 스타일로 구불구불한 동굴을 탐험하고 오염된 생물과 싸우고 이상한 곤충들과 친구가 되어 보세요. ‖ [Dead Cells] 데드 셀(Dead Cells)는 메트로배니아에서 영감을 받은 로그라이트 액션 플랫포머 게임입니다. 2D 소울 라이트 전투에서 성을 지키는 수호자들을 물리치고 끊임없이 변화하는 거대한 성을 탐험하게 됩니다. 세이브 포인트는 없습니다. 죽이고, 죽고, 배우고, 반복하세요. ‖ [Celeste] 타워폴(TowerFall) 시리즈의 개발자들이 만든 이 초밀착형 플랫폼 게임을 플레이하고, 매들린이 셀레스트 산 정상으로 향하는 여정에서 내면의 악마에게서 살아남을 수 있게 도와주세요. 한땀 한땀 손수 제작한 수백 가지의 도전 과제에 맞서고, 사악한 비밀을 밝혀내고, 산에 숨겨진 수수께끼를 풀어보세요.",Cataclysm: Dark Days Ahead,"어드벤처, RPG","카타클리즘: 다크 데이즈 어헤드는 모던 로그라이크를 대표하는 좀비 생존 게임입니다. 턴제 방식의 게임 플레이와 RPG 스킬 시스템으로 로그라이크 장르를 새로운 방식으로 개척했습니다. 자원을 수집하고, 적들과 싸우고, 차량을 구해 세상을 탐험하거나, 은신처를 만들어 살아남으세요.",,,
B0221,A26,RimWorld / Oxygen Not Included / Unpacking 언패킹,"인디, 시뮬레이션, 전략 / 인디, 시뮬레이션 / 캐주얼, 인디, 시뮬레이션","[RimWorld] 지능형 AI 이야기꾼이 주도하는 공상과학 정착지 시뮬레이터입니다. 심리, 생태, 총격전과 근접전, 날씨, 기후, 외교, 사람 사이의 관계, 예술, 의학, 무역, 그 외 많은 것들을 시뮬레이션하여 이야기를 생성합니다. ‖ [Oxygen Not Included] Oxygen Not Included는 우주 콜로니 시뮬레이션 게임입니다. 외계의 우주 암석 깊은 곳에서 근면한 일꾼들은 생존하고 나아가 번영하기 위해 과학을 마스터하고, 낯선 새로운 생명체에 맞서며, 경이로운 우주 테크놀로지를 활용해야 합니다. ‖ [Unpacking 언패킹] Unpacking은 상자에서 짐을 꺼내 새집에 맞게 배치하는 친숙한 체험에 대한 명상적 퍼즐 게임입니다. 게임의 일부인 블록 맞추기 게임과 집 꾸미기를 하는 동안, 푸는 짐에 닮긴 삶의 실마리를 찾아가며 만족할 만한 생활 공간을 만들어 보세요.",Citystate,"캐주얼, 인디, 시뮬레이션, 전략","Create a 21st century micro-nation and experiment with economic and political ideals. Futuristic skyscrapers or spreading slums, the Nation relies on your economic and city planning skills.",,,
B0222,A21,DARK SOULS™ III / The Witcher 3: Wild Hunt / The Elder Scrolls V: Skyrim Special Edition,액션 / RPG / RPG,"[DARK SOULS™ III] 장르를 새로 개척했다는 평가를 들으며 많은 좋은 평가들을 얻고 있는 다크 소울 시리즈는 계속해서 한계를 넘어서, 더욱 야심찬 단계에 도전하고자 하고 있습니다. 준비를 하고 어둠을 밝히십시오! ‖ [The Witcher 3: Wild Hunt] 리비아의 게롤트가 되어 의뢰를 받고 괴물을 사냥하세요. 전쟁의 상처가 가득하고 괴물이 들끓는 대륙을 마음껏 탐험해 보세요. 지금 가장 중요한 일은 대륙의 판도를 뒤바꿀 수도 있는 살아 있는 무기이자 예언의 아이, 시리를 추적하는 것입니다. ‖ [The Elder Scrolls V: Skyrim Special Edition] 200회 이상 올해의 게임에 선정된 The Elder Scrolls V: Skyrim Special Edition이 놀라운 디테일로 판타지에 생명을 불어넣었습니다. Special Edition에는 비평가들의 극찬을 받은 게임 및 새로운 기능이 포함된 애드온이 들어 있습니다.",Disco Elysium - The Final Cut,RPG,"디스코 엘리시움 - 최종판은 획기적인 오픈 월드 롤플레잉 게임입니다. 당신은 독특한 스킬 시스템을 갖춘 형사로서 오롯한 도시 블록을 당신의 미래를 닦기 위해 다듬을 수 있습니다. 잊지 못할 등장인물들을 심문하거나, 살인 사건을 해결하거나, 뇌물을 받으세요. 영웅이 되거나 인류의 완전한 재앙이 되세요.",,,
B0223,A01,It Takes Two / Overcooked! 2 / What Remains of Edith Finch,"액션, 어드벤처 / 액션, 캐주얼, 인디 / 어드벤처, 인디","[It Takes Two] It Takes Two에서 생애 가장 정신없는 여정을 시작하세요. 친구가 무료로 참가할 수 있게 친구 패스*로 초대하고, 함께 힘을 합쳐서 수많은 유쾌하고 획기적인 게임 플레이 챌린지를 헤쳐나가세요. ‖ [Overcooked! 2] 혼란스러운 요리 액션으로 가득한 Overcooked가 돌아왔습니다! 양파 왕국으로 돌아가는 여행을 떠나세요. 클래식 협동 또는 온라인 플레이에서 셰프 팀을 만들어서 최대 4명까지 플레이하세요. 앞치마를 준비하세요... 다시 세상을 구할 때가 되었습니다! ‖ [What Remains of Edith Finch] What Remains of Edith Finch(워트 리메인스 오브 에디스 핀치)는 워싱턴 주에 있는 어느 가족에 대한 이상한 이야기의 모음입니다. 플레이어는 에디스가 되어 거대한 핀치 가택을 탐사하고, 가족사를 연구하며 이야기를 찾고, 왜 가족 중에서 그녀만 살아남았는지 알아내야 합니다. 각 이야기는 새로운 가족 구성",SILENT HILL 2,"액션, 어드벤처","죽은 아내로부터 온 편지를 계기로, 추억의 거리인 「사일런트 힐」을 방문한 제임스. 거리는 짙은 안개에 휩싸여 이형의 크리처가 배회하는 유령도시가 되어 있었다. 크리처와 싸워, 수수께끼를 풀면서, 아내의 단서를 찾아 거리르 탐색하는 『SILENT HILL 2』의 리메이크 작품입니다.",,,
B0224,A33,Garry's Mod / Team Fortress 2 / Left 4 Dead 2,"캐주얼, 인디, 시뮬레이션 / 액션, 무료 플레이 / 액션","[Garry's Mod] Garry's Mod is a physics sandbox. There aren't any predefined aims or goals. We give you the tools and leave you to play. ‖ [Team Fortress 2] 다양한 전술적 능력과 뚜렷한 개성을 갖춘 9가지 병과의 캐릭터를 플레이하세요. 끊임없이 업데이트되는 새로운 게임 모드, 맵, 장비 그리고 가장 중요한 모자까지 지금 바로 즐겨보세요! ‖ [Left 4 Dead 2] Set in the zombie apocalypse, Left 4 Dead 2 is a co-operative action horror FPS takes you and your friends through the cities, swamps and cemeteries of the Deep South, from Savanna",Creativerse,"액션, 어드벤처, 캐주얼, 인디, 대규모 멀티플레이어, RPG, 시뮬레이션",A sandbox adventure game as big as your imagination.,,,
B0225,A05,Opus Magnum,"인디, 시뮬레이션","[Opus Magnum] Opus Magnum은 SpaceChem, Infinifactory, SHENZHEN I/O를 제작한 Zachtronics의 신작 퍼즐게임입니다. 연금술사들의 최첨단 도구인 변성 기관을 이용해 물약과 독을 만들어내는 기계들을 설계하고 만들어 내세요!",Hade,"캐주얼, 인디, 전략",심하게 어려운 퍼즐과 부드럽고 편안한 사운드 트랙이있는 미니멀리스트 논리 게임.,,,
B0226,A13,Death's Door / Children of Morta / Roboquest / Spelunky 2 / Nuclear Throne / Streets of Rogue / Neon Abyss / Curse of the Dead Gods / Rogue Legacy 2 / Have a Nice Death,"액션, 어드벤처, 인디, RPG / 액션, 어드벤처, 인디, RPG / 액션, 인디 / 액션, 인디 / 액션, 인디, RPG / 액션, 어드벤처, 인디, RPG / 액션, 어드벤처, 인디, RPG / 액션, 어드벤처 / 액션, 어드벤처, 인디, RPG / 액션, 인디","[Death's Door] 죽은 자의 영혼을 수확하고 시간을 끝내는 것은 단조로울 수 있지만 까마귀에겐 평범한 일입니다. 하지만 주어진 영혼을 도둑맞게 되면 변화가 일어납니다. 영혼을 도난하고 죽음의 손길이 닿지 않는 영역으로 도망친 절망적인 도둑을 추적하십시오. ‖ [Children of Morta] Children of Morta는 비범한 가족 영웅에 대한 스토리 중심의 액션 RPG 게임입니다. 다가오는 부패에 맞서 모든 결함과 미덕을 갖춘 베르그송 가를 이끄세요. 여러분은 여러분이 아끼는 사람들을 구하기 위해 모든 것을 희생할 수 있으신가요? ‖ [Roboquest] 로보퀘스트는 멸망한 미래 세계의 빠른 FPS 로그라이트입니다. 당신은 재부팅된 수호자로, 강철 궁둥짝을 걷어 찰 준비를 하세요! 혼자서 혹은 친구와 함께 맞서거나 끊임없이 변화하는 환경에서 치명적인 로봇 군단을 섬멸하세요. ‖ [Spelunky 2] Spelunky 2 builds upon the unique, randomized challenges that made the original a roguelike classic, offering a huge adventure designed to satisfy players old and new. Meet the nex ‖ [Nuclear Throne] Nuclear Throne은 포스트 아포칼립스 세계관의 로그라이크 스타일 탑다운 슈터입니다. 여기서 말하는 포스트 아포칼립스는 '인류의 마지막 희망'이 남아 있는 세계가 아니라, '인류는 멸종했고 이제 돌연변이와 괴물들이 세상을 돌아다니는' 그런 세계입니다. 과연 당신은 뉴클리어 쓰론에 도달할 수 있을까요? ‖ [Streets of Rogue] 싸워서 몰래 들어가 임의 생성된 도시를 공격하세요. Nuclear Throne은 무법천지 GTA와 Deus Ex가 혼합된 형태입니다. Rogue-lite가 몰입도 높은 캐릭터를 만나 너무 재미있습니다. ‖ [Neon Abyss] Neon Abyss는 고속의 로그라이크 액션 플랫포머로, 하데스가 만든 '그림 스쿼드'의 일원이 되어 어비스로 총을 들고 뛰어드는 런 앤 건 게임입니다. 무한한 아이템 시너지와 던전 진화 시스템으로, 매번 게임을 할 때마다 다른 경험과 새로운 도전이 등장합니다. 진짜 지옥을 보여주세요! ‖ [Curse of the Dead Gods] 엄청난 부, 영원한 생명, 신성한 힘을 탐하는 마음이 당신을 끝없는 지옥 속의 미로, 치명적인 함정 및 몬스터가 우글거리는 이 저주받은 사원으로 이끌었습니다. ‖ [Rogue Legacy 2] 로그 레거시 2는 로그 레거시에 후속편을 끼얹은 작품입니다. 당신이 죽을 때마다 자식이 가업을 이어받습니다. 딸은 색맹 궁수이고 아들은 평화주의자 요리사일 수도 있죠. 어쨌거나 둘 중 한 명은 전장으로 나가야 합니다. ‖ [Have a Nice Death] Have a Nice Death는 과로에 고생하는 데스가 되어 플레이하는 2D 액션 로그라이크로, 통제 불능인 직원들 때문에 영혼의 균형과 데스의 휴가 계획이 틀어지고 말았습니다. 질서를 회복하려면 대낫을 들고 직원들과 서열 정리를 해야 합니다.",Neon Abyss 2,"액션, 어드벤처, 인디, RPG, 앞서 해보기",사이버 로그라이크의 혼돈한 세상 속으로 뛰어들어 보세요! 최대 4인의 온라인 코옵 플레이를 지원하며 더욱 다양해진 전투 스타일과 무한한 아이템의 시너지 효과를 선사합니다. 액션 넘치고 스릴 만점의 게임을 체험해 보세요!,,,
B0227,A24,Valheim / Grounded / My Time at Portia,"액션, 어드벤처, 인디, RPG, 앞서 해보기 / 액션, 어드벤처 / 어드벤처, 캐주얼, 인디, RPG, 시뮬레이션","[Valheim] 북구 신화와 바이킹 문화에 기반한 판타지 세계를 배경으로 펼쳐지는 생존 및 탐험 게임. ‖ [Grounded] The world is a vast, beautiful and dangerous place – especially when you have been shrunk to the size of an ant. Can you thrive alongside the hordes of giant insects, fighting to s ‖ [My Time at Portia] 아름다운 Portia 마을에서 새 삶을 시작하세요! 아버지가 방치한 작업장에서 제작을 부탁받고, 작물을 키우고, 가축을 기르고, 아름다운 세기말의 땅에서 특이한 친구들을 사귀며 작업장을 예전의 멋진 모습으로 복원하세요.",Seeds of Calamity,"어드벤처, 캐주얼, 인디, RPG, 시뮬레이션","대재앙 이후의 치유에 함께하세요. 편안한 분위기의 1인 개발 농장 시뮬레이션 게임에서 목장을 돌보고, 마을 사람들의 퀘스트를 완료하고, 도전 요소와 보물로 가득한 던전을 탐험하세요. 털이 보송보송한 주문서 동반자와 함께 회복 중인 세계에 새로운 삶을 일구세요.",,,
B0228,A14,Iron Brigade / Ancient Planet Tower Defense / Creeper World IXE,"액션, 전략 / 캐주얼, 인디, 전략 / 액션, 캐주얼, 인디, 시뮬레이션, 전략","[Iron Brigade] Join The Mobile Trench Brigade and protect humanity from the evil Monovision menace! ‖ [Ancient Planet Tower Defense] 고대 행성 타워 디펜스는 정통 타워 디펜스 게임입니다. 고대 문명의 요새가 외계 침략자들로부터 침략당했습니다. 고대의 강력한 기술을 사용하여 적군의 공격을 물리치십시오! ‖ [Creeper World IXE] The unstoppable alien force known as The Creeper has returned, devouring thousands of worlds in its path, and yours is next. Battle against the Creeper fluid in a groundbreaking pi",2112TD: Tower Defense Survival,"액션, 인디, 전략","ULTIMATE 타워 디펜스의 맹공격에 대비하십시오. 이 장대한 공상 과학 모험에서 방어 시설을 구축, 배치, 연구 및 업그레이드하십시오.",,,
B0229,A14,Iron Brigade / Ancient Planet Tower Defense / Creeper World IXE,"액션, 전략 / 캐주얼, 인디, 전략 / 액션, 캐주얼, 인디, 시뮬레이션, 전략","[Iron Brigade] Join The Mobile Trench Brigade and protect humanity from the evil Monovision menace! ‖ [Ancient Planet Tower Defense] 고대 행성 타워 디펜스는 정통 타워 디펜스 게임입니다. 고대 문명의 요새가 외계 침략자들로부터 침략당했습니다. 고대의 강력한 기술을 사용하여 적군의 공격을 물리치십시오! ‖ [Creeper World IXE] The unstoppable alien force known as The Creeper has returned, devouring thousands of worlds in its path, and yours is next. Battle against the Creeper fluid in a groundbreaking pi",GLAD VALAKAS TOWER DEFENCE,"액션, 캐주얼, 인디, 전략",Help Valera protect the most valuable thing for him.,,,
B0230,A16,The Talos Principle / Rust / Inscryption,"액션, 어드벤처, 인디 / 액션, 어드벤처, 인디, 대규모 멀티플레이어, RPG / 어드벤처, 인디, 전략","[The Talos Principle] 탈로스 법칙은 철학적 SF 소설의 전통을 따른 1인칭 퍼즐 게임입니다. 시리어스 샘을 개발한 크로팀에서 만들었으며, 톰 주버트(FTL, 더 스와퍼)와 조나스 카이라츠(바다는 모든 것을 요구한다.)가 스토리를 작성했습니다. ‖ [Rust] Rust에서의 목표는 오직 하나, 바로 살아남는 것입니다. 섬의 야생 동물, 다른 주민, 환경, 다른 생존자 모두가 여러분의 목숨을 노립니다. 하루 더 살아남을 수 있다면 수단과 방법을 가리지 마세요. ‖ [Inscryption] Inscryption은 검은 잉크로 그려진 카드를 기반으로 한 덱빌딩 로그라이크, 방탈출 퍼즐, 피가 흐르는 심리적 공포 등의 요소가 섞인 여정을 다룹니다. 카드에는 더 어두운 비밀이 새겨져 있습니다…",Fate Hunters,"인디, 전략","Fate Hunters는 전략 카드 배틀과 로그라이크 어드벤처의 하드코어 믹스 게임입니다. 덱을 만들고, 위험한 다크 판타지 세계를 탐험하고, 무시무시한 적을 만나보세요! 목숨을 걸고 강력한 보물을 얻어보세요!",,,
B0231,A18,Euro Truck Simulator 2 / BeamNG.drive / 아세토 코르사 Assetto Corsa,"인디, 시뮬레이션 / 레이싱, 시뮬레이션, 앞서 해보기 / 인디, 레이싱, 시뮬레이션, 스포츠","[Euro Truck Simulator 2] 도로의 왕이 되어 인상적인 거리를 가로질러 중요한 화물을 배달하는 트럭 운전사가 되어 유럽을 여행하세요! 탐험할 도시가 수십 개나 되므로, 당신의 인내심, 기술, 속도가 모두 한계에 도달할 것입니다. ‖ [BeamNG.drive] 뭐든지 할 수 있는 동적 소프트 보디 물리 시뮬레이터입니다. ‖ [아세토 코르사 Assetto Corsa] 아세토 코르사(Assetto Corsa) v1.16은 새로운 레이저 스캔 트랙 ""라구나 세카(Laguna Seca)"" 및 기다리던 Alfa Romeo Giulia Quadrifoglio를 포함한 7개의 신차를 소개합니다! 체인지로그에서 더 자세한 내용을 확인하세요!",UNDER the SAND - a road trip simulator,"액션, 어드벤처, 인디, 레이싱, 시뮬레이션",You. Your car. And world under the sand.,,,
B0232,A03,Balatro / Hades / Vampire Survivors,"캐주얼, 인디, 전략 / 액션, 인디, RPG / 액션, 캐주얼, 인디, RPG","[Balatro] 포커 로그라이크 게임. Balatro는 불법 포커 패로 게임을 하고, 판을 뒤엎는 조커를 발견하고, 아드레날린이 치솟는 강력한 콤보를 만드는 덱 빌딩 게임입니다. ‖ [Hades] Bastion, Transistor, Pyre의 제작사에서 선보이는 이 로그라이크 던전 탐색형 게임에서 핵 앤 슬래시로 지하 세계를 탈출하고 죽음의 신에게 도전하세요. ‖ [Vampire Survivors] 수많은 어둠의 피조물을 쓰러뜨리며 새벽이 올 때까지 생존하세요! Vampire Survivors는 로그라이트 요소를 갖춘 고딕 호러 케주얼 게임입니다. 당신의 선택으로 순식간에 수백 마리의 괴물이 눈덩이처럼 불어날 수 있죠.",마법 주문 팀,"액션, 캐주얼, 인디, 무료 플레이","1-4인 온라인 협동 서바이벌 게임. 마법사 친구들과 어둠의 무리에 맞서세요. 팀 목표, 업그레이드, 강력한 주문 시너지. 프렌들리 파이어 탄막 지옥에서 아무도 안전하지 않습니다! 로그라이트 스타일의 빠른 액션.",,,
B0233,A13,Death's Door / Children of Morta / Roboquest / Spelunky 2 / Nuclear Throne / Streets of Rogue / Neon Abyss / Curse of the Dead Gods / Rogue Legacy 2 / Have a Nice Death,"액션, 어드벤처, 인디, RPG / 액션, 어드벤처, 인디, RPG / 액션, 인디 / 액션, 인디 / 액션, 인디, RPG / 액션, 어드벤처, 인디, RPG / 액션, 어드벤처, 인디, RPG / 액션, 어드벤처 / 액션, 어드벤처, 인디, RPG / 액션, 인디","[Death's Door] 죽은 자의 영혼을 수확하고 시간을 끝내는 것은 단조로울 수 있지만 까마귀에겐 평범한 일입니다. 하지만 주어진 영혼을 도둑맞게 되면 변화가 일어납니다. 영혼을 도난하고 죽음의 손길이 닿지 않는 영역으로 도망친 절망적인 도둑을 추적하십시오. ‖ [Children of Morta] Children of Morta는 비범한 가족 영웅에 대한 스토리 중심의 액션 RPG 게임입니다. 다가오는 부패에 맞서 모든 결함과 미덕을 갖춘 베르그송 가를 이끄세요. 여러분은 여러분이 아끼는 사람들을 구하기 위해 모든 것을 희생할 수 있으신가요? ‖ [Roboquest] 로보퀘스트는 멸망한 미래 세계의 빠른 FPS 로그라이트입니다. 당신은 재부팅된 수호자로, 강철 궁둥짝을 걷어 찰 준비를 하세요! 혼자서 혹은 친구와 함께 맞서거나 끊임없이 변화하는 환경에서 치명적인 로봇 군단을 섬멸하세요. ‖ [Spelunky 2] Spelunky 2 builds upon the unique, randomized challenges that made the original a roguelike classic, offering a huge adventure designed to satisfy players old and new. Meet the nex ‖ [Nuclear Throne] Nuclear Throne은 포스트 아포칼립스 세계관의 로그라이크 스타일 탑다운 슈터입니다. 여기서 말하는 포스트 아포칼립스는 '인류의 마지막 희망'이 남아 있는 세계가 아니라, '인류는 멸종했고 이제 돌연변이와 괴물들이 세상을 돌아다니는' 그런 세계입니다. 과연 당신은 뉴클리어 쓰론에 도달할 수 있을까요? ‖ [Streets of Rogue] 싸워서 몰래 들어가 임의 생성된 도시를 공격하세요. Nuclear Throne은 무법천지 GTA와 Deus Ex가 혼합된 형태입니다. Rogue-lite가 몰입도 높은 캐릭터를 만나 너무 재미있습니다. ‖ [Neon Abyss] Neon Abyss는 고속의 로그라이크 액션 플랫포머로, 하데스가 만든 '그림 스쿼드'의 일원이 되어 어비스로 총을 들고 뛰어드는 런 앤 건 게임입니다. 무한한 아이템 시너지와 던전 진화 시스템으로, 매번 게임을 할 때마다 다른 경험과 새로운 도전이 등장합니다. 진짜 지옥을 보여주세요! ‖ [Curse of the Dead Gods] 엄청난 부, 영원한 생명, 신성한 힘을 탐하는 마음이 당신을 끝없는 지옥 속의 미로, 치명적인 함정 및 몬스터가 우글거리는 이 저주받은 사원으로 이끌었습니다. ‖ [Rogue Legacy 2] 로그 레거시 2는 로그 레거시에 후속편을 끼얹은 작품입니다. 당신이 죽을 때마다 자식이 가업을 이어받습니다. 딸은 색맹 궁수이고 아들은 평화주의자 요리사일 수도 있죠. 어쨌거나 둘 중 한 명은 전장으로 나가야 합니다. ‖ [Have a Nice Death] Have a Nice Death는 과로에 고생하는 데스가 되어 플레이하는 2D 액션 로그라이크로, 통제 불능인 직원들 때문에 영혼의 균형과 데스의 휴가 계획이 틀어지고 말았습니다. 질서를 회복하려면 대낫을 들고 직원들과 서열 정리를 해야 합니다.",Never Grave: The Witch and The Curse,"액션, 어드벤처, 인디","A Metroidvania x Roguelite where you journey with the aid of a cursed hat. Use a variety of magic or possess your enemies to reach the lowest levels! Bring back loot, build new facilities in your village, make a living and strengthen yourself for the next battle! Supports up to 4-player multiplayer.",,,
B0234,A26,RimWorld / Oxygen Not Included / Unpacking 언패킹,"인디, 시뮬레이션, 전략 / 인디, 시뮬레이션 / 캐주얼, 인디, 시뮬레이션","[RimWorld] 지능형 AI 이야기꾼이 주도하는 공상과학 정착지 시뮬레이터입니다. 심리, 생태, 총격전과 근접전, 날씨, 기후, 외교, 사람 사이의 관계, 예술, 의학, 무역, 그 외 많은 것들을 시뮬레이션하여 이야기를 생성합니다. ‖ [Oxygen Not Included] Oxygen Not Included는 우주 콜로니 시뮬레이션 게임입니다. 외계의 우주 암석 깊은 곳에서 근면한 일꾼들은 생존하고 나아가 번영하기 위해 과학을 마스터하고, 낯선 새로운 생명체에 맞서며, 경이로운 우주 테크놀로지를 활용해야 합니다. ‖ [Unpacking 언패킹] Unpacking은 상자에서 짐을 꺼내 새집에 맞게 배치하는 친숙한 체험에 대한 명상적 퍼즐 게임입니다. 게임의 일부인 블록 맞추기 게임과 집 꾸미기를 하는 동안, 푸는 짐에 닮긴 삶의 실마리를 찾아가며 만족할 만한 생활 공간을 만들어 보세요.",Unbox your Workspace,"캐주얼, 인디, 시뮬레이션","Unpack creativity and build your perfect workspace! Open boxes with furniture and decor, organize your setup, and create a functional, stylish environment that boosts comfort and productivity.",,,
B0235,A09,Roots of Yggdrasil / Ancient Gods / Flick Shot Rogues,"인디, 전략 / RPG, 전략 / 인디, 전략","[Roots of Yggdrasil] Build settlements, explore the Nine Realms, collect artifacts and upgrade your deck to reach the top of Yggdrasil in this post-Ragnarok roguelike city-builder! Can you survive the  ‖ [Ancient Gods] Ancient Gods is a fusion of hero collector and deck-building rogue-lite where you collect your character, fight, and experience exciting events. Any character can use all the cards ‖ [Flick Shot Rogues] 계획하고, 조준하고, 쏘세요! FLICK SHOT ROGUES는 테이블 위에서 물건을 튕기는 촉각적 만족감과 사람들이 좋아하는 턴제 로그라이크의 전략적 깊이를 결합한 게임입니다. 말도 안되는 콤보를 연결하고, 캐릭터, 아이템, 스킬을 잠금 해제하면서, 섬을 정복하세요!",Blood Card,"인디, 전략","이 카드 게임은 로그라이크와 덱 빌딩 장르의 요소를 혼합시켰습니다. 게임 도중, 당신은 고유한 덱을 짜기 위한 카드를 수집하고 점점 당신의 여정에 다가오는 적들을 그 덱으로 물리치기 위해 분투할 것입니다. 탈출하거나, 당신의 생명을 거두어 가기 위해 당신을 쫒는 사신을 물리쳐야 합니다.",,,
B0236,A01,It Takes Two / Overcooked! 2 / What Remains of Edith Finch,"액션, 어드벤처 / 액션, 캐주얼, 인디 / 어드벤처, 인디","[It Takes Two] It Takes Two에서 생애 가장 정신없는 여정을 시작하세요. 친구가 무료로 참가할 수 있게 친구 패스*로 초대하고, 함께 힘을 합쳐서 수많은 유쾌하고 획기적인 게임 플레이 챌린지를 헤쳐나가세요. ‖ [Overcooked! 2] 혼란스러운 요리 액션으로 가득한 Overcooked가 돌아왔습니다! 양파 왕국으로 돌아가는 여행을 떠나세요. 클래식 협동 또는 온라인 플레이에서 셰프 팀을 만들어서 최대 4명까지 플레이하세요. 앞치마를 준비하세요... 다시 세상을 구할 때가 되었습니다! ‖ [What Remains of Edith Finch] What Remains of Edith Finch(워트 리메인스 오브 에디스 핀치)는 워싱턴 주에 있는 어느 가족에 대한 이상한 이야기의 모음입니다. 플레이어는 에디스가 되어 거대한 핀치 가택을 탐사하고, 가족사를 연구하며 이야기를 찾고, 왜 가족 중에서 그녀만 살아남았는지 알아내야 합니다. 각 이야기는 새로운 가족 구성",Boomerang Fu,"액션, 캐주얼, 인디",이 정신없이 돌아가는 파티게임에서는 귀여운 음식친구들을 부메랑으로 썰고 다질 수 있습니다. 좋아하는 음식들을 요리하며 적들에게 보호하는데 동참하세요. 게임 내 버프 아이템들과 콤보로 Boomerang Fu 마스터가 되어보세요.,,,
B0237,A20,Counter-Strike 2 / PUBG: BATTLEGROUNDS / 톰 클랜시의 레인보우식스 시즈,"액션, 무료 플레이 / 액션, 어드벤처, 대규모 멀티플레이어, 무료 플레이 / 액션, 무료 플레이","[Counter-Strike 2] Counter-Strike는 20년이 넘는 시간 동안 전 세계 수백만 명의 플레이어가 모여 수준 높은 경쟁을 펼칠 수 있는 플랫폼을 제공해 왔습니다. 그리고 이제 곧 Counter-Strike 2와 함께 새로운 CS 시대의 막이 열립니다. ‖ [PUBG: BATTLEGROUNDS] 배틀로얄 유행의 시작이자, 그 정수를 보여준 PUBG: 배틀그라운드를 지금 무료로 플레이하세요! 다양한 맵에 낙하하여 무기와 보급품을 확보하고, 점점 줄어드는 블루존 속에서 끝까지 살아남아 승리를 쟁취하세요. ‖ [톰 클랜시의 레인보우식스 시즈] 톰 클랜시의 레인보우식스 시즈는 탁월한 계획과 기술이 승부를 좌우하는 전술적인 정예 팀 기반 슈팅 게임입니다.",Hide and Seek,"액션, 캐주얼, 인디, 대규모 멀티플레이어, RPG","It is a very funny, fast and easy game which can be played by adults as well as children. This game has two teams that try to prevent each other from winning.",,,
B0238,A14,Iron Brigade / Ancient Planet Tower Defense / Creeper World IXE,"액션, 전략 / 캐주얼, 인디, 전략 / 액션, 캐주얼, 인디, 시뮬레이션, 전략","[Iron Brigade] Join The Mobile Trench Brigade and protect humanity from the evil Monovision menace! ‖ [Ancient Planet Tower Defense] 고대 행성 타워 디펜스는 정통 타워 디펜스 게임입니다. 고대 문명의 요새가 외계 침략자들로부터 침략당했습니다. 고대의 강력한 기술을 사용하여 적군의 공격을 물리치십시오! ‖ [Creeper World IXE] The unstoppable alien force known as The Creeper has returned, devouring thousands of worlds in its path, and yours is next. Battle against the Creeper fluid in a groundbreaking pi",Fortification: tower defence,"캐주얼, 인디, 대규모 멀티플레이어, 전략",Co-op and Single player Tower Defense genre.,,,
B0239,A22,Deck of Ashes / Dicefolk / Cubic Cosmos,"어드벤처, 인디, RPG, 전략 / 캐주얼, 인디, 전략 / 전략","[Deck of Ashes] 덱 오브 애쉬즈(Deck of Ashes)는 전술 카드 전투를 벌이는 어드벤처 게임입니다. 한 번에 한 캐릭터씩 안티히어로 일행을 이끌어 속죄의 여행을 떠나보세요. 저주받은 판타지 세계를 탐험하며 강력한 카드를 찾아보세요. 독특한 전투 덱을 형성하여 적들을 무찌르세요! 잿빛 저주의 세계를 제거하실 수 있겠습니까? ‖ [Dicefolk] 마법 주사위의 힘을 휘두르고 강력한 키메라 팀을 구축해보세요! 수수께끼의 악을 멈추기 위한 택티컬 덱빌딩 로그라이트 모험이 다가오고 있습니다. 키메라 소환사로서, 신화적인 짐승들을 모집하고 완벽한 팀을 만들고, 다이스포크만의 독특한 주사위 메커니즘을 활용하여 승리로 이끌어주세요. ‖ [Cubic Cosmos] Cubic Cosmos is a thrilling fast-paced roguelike card game. You have been trapped in a deadly game. One wrong move could see you reduced to a plaything of the goddess. Can you free",Breach Wanderers,"인디, RPG, 전략","로그라이크 덱 빌더에 대한 신선한 해석이 돋보이는 게임으로, 새 게임을 시작하기 전에 덱을 세심하게 조정하여 승리로 향하는 전략을 갈고 닦을 수 있습니다. 1,200장이 넘는 카드, 고유한 스킬을 가진 10명의 캐릭터, 수십 가지 아이템과 임무를 통해 전술을 발전시켜보세요.",,,
B0240,A09,Roots of Yggdrasil / Ancient Gods / Flick Shot Rogues,"인디, 전략 / RPG, 전략 / 인디, 전략","[Roots of Yggdrasil] Build settlements, explore the Nine Realms, collect artifacts and upgrade your deck to reach the top of Yggdrasil in this post-Ragnarok roguelike city-builder! Can you survive the  ‖ [Ancient Gods] Ancient Gods is a fusion of hero collector and deck-building rogue-lite where you collect your character, fight, and experience exciting events. Any character can use all the cards ‖ [Flick Shot Rogues] 계획하고, 조준하고, 쏘세요! FLICK SHOT ROGUES는 테이블 위에서 물건을 튕기는 촉각적 만족감과 사람들이 좋아하는 턴제 로그라이크의 전략적 깊이를 결합한 게임입니다. 말도 안되는 콤보를 연결하고, 캐릭터, 아이템, 스킬을 잠금 해제하면서, 섬을 정복하세요!",MicroTown,"인디, 전략, 앞서 해보기",Build and manage your own settlement! A relaxing village construction and management simulator.,,,
B0241,A14,Iron Brigade / Ancient Planet Tower Defense / Creeper World IXE,"액션, 전략 / 캐주얼, 인디, 전략 / 액션, 캐주얼, 인디, 시뮬레이션, 전략","[Iron Brigade] Join The Mobile Trench Brigade and protect humanity from the evil Monovision menace! ‖ [Ancient Planet Tower Defense] 고대 행성 타워 디펜스는 정통 타워 디펜스 게임입니다. 고대 문명의 요새가 외계 침략자들로부터 침략당했습니다. 고대의 강력한 기술을 사용하여 적군의 공격을 물리치십시오! ‖ [Creeper World IXE] The unstoppable alien force known as The Creeper has returned, devouring thousands of worlds in its path, and yours is next. Battle against the Creeper fluid in a groundbreaking pi",The Wild Age,"캐주얼, 인디, 시뮬레이션, 전략",The Wild Age는 상세한 것들까지 전부 관리하는 타워 디펜스를 접목시킨 전략 게임입니다. 이 게임은 힘든 현실로부터 벗어나 평화롭고 안정적인 게임을 할 수 있게 할 목적으로 만들어졌습니다.,,,
B0242,A27,The Raven Remastered / The Frostrune / Mad Experiments: Escape Room,"어드벤처 / 어드벤처 / 어드벤처, 캐주얼, 인디, 시뮬레이션, 전략","[The Raven Remastered] London, 1964. An ancient ruby is stolen from the British Museum. At the crime scene: a raven feather. Is somebody trying to follow in the footsteps of The Raven, the legendary mast ‖ [The Frostrune] Unravel a mystery inspired by Viking myth and legend in The Frostrune, a classic point-and-click adventure based on historically accurate Norse culture and environments. ‖ [Mad Experiments: Escape Room] 수상 후보에 오른 이스케이프 게임 1인 또는 최대 5인까지 플레이하며 3개의 독특한 방을 탐험하고, 두뇌를 자극하는 퍼즐을 풀며 체셔 교수와 그의 실험에 얽힌 어두운 비밀을 밝혀보세요.",Meridian 157: Chapter 3,"어드벤처, 캐주얼","You have ventured this far, now there is no turning back. Uncover the island’s dark history by travelling through crumbling caverns and mysterious laboratories, but be warned, some may not be too welcoming of your presence…",,,
B0243,A11,Forza Horizon 5 / Hi-Fi RUSH / Street Fighter 6,"액션, 어드벤처, 레이싱, 시뮬레이션, 스포츠 / 액션 / 액션, 어드벤처","[Forza Horizon 5] 세계 최고의 자동차를 타고 생동감 넘치는 멕시코의 대자연을 탐험하며 재미있는 드라이빙 액션을 마음껏 즐겨보세요. ‖ [Hi-Fi RUSH] 아케이드 챌린지! 업데이트!로 추가되는 두 개의 신규 게임 모드에서 여러분의 능력을 시험하고, 새로운 보상을 획득해 보세요. 몇 가지 비밀도 숨어 있답니다! 락 스타 지망생 차이가 되어 비트를 타고, 세상 모든 게 음악에 싱크되는 세계에서 오합지졸 팀과 함께 사악한 거대 기업에 맞서 싸우세요. ‖ [Street Fighter 6] 시리즈 최신작 『Street Fighter 6』, 2023년 6월 2일 발매 결정! RE ENGINE으로 개발된 본 작품은 대형 모드 「World Tour」, 「Fighting Ground」, 「Battle Hub」로 구성되어 있다. 새로운 「스트리트 파이터」에는 지금까지의 시리즈에는 없었던 새로운 체험이 기다리고 있다.",ROD Multiplayer Car Driving,"액션, 인디, 대규모 멀티플레이어, 레이싱, 시뮬레이션, 스포츠",멀티플레이어 자동차 운전으로 몰입형 자동차 경주 게임을 준비하세요. 멀티플레이어 모드에서 로켓으로 상대에게 피해를 입히세요.,,,
B0244,A11,Forza Horizon 5 / Hi-Fi RUSH / Street Fighter 6,"액션, 어드벤처, 레이싱, 시뮬레이션, 스포츠 / 액션 / 액션, 어드벤처","[Forza Horizon 5] 세계 최고의 자동차를 타고 생동감 넘치는 멕시코의 대자연을 탐험하며 재미있는 드라이빙 액션을 마음껏 즐겨보세요. ‖ [Hi-Fi RUSH] 아케이드 챌린지! 업데이트!로 추가되는 두 개의 신규 게임 모드에서 여러분의 능력을 시험하고, 새로운 보상을 획득해 보세요. 몇 가지 비밀도 숨어 있답니다! 락 스타 지망생 차이가 되어 비트를 타고, 세상 모든 게 음악에 싱크되는 세계에서 오합지졸 팀과 함께 사악한 거대 기업에 맞서 싸우세요. ‖ [Street Fighter 6] 시리즈 최신작 『Street Fighter 6』, 2023년 6월 2일 발매 결정! RE ENGINE으로 개발된 본 작품은 대형 모드 「World Tour」, 「Fighting Ground」, 「Battle Hub」로 구성되어 있다. 새로운 「스트리트 파이터」에는 지금까지의 시리즈에는 없었던 새로운 체험이 기다리고 있다.",Unlimited Fight Ultimate Strike,"액션, 인디","Unlimited Fight 시리즈의 첫 번째 게임의 연속인 최고의 3D 스타일에서 전투 메커니즘, 비주얼, 스토리 등이 개선되어 혼자 또는 친구와 함께 액션, 장대하고 강렬한 전투로 가득한 이 세계에 빠져보세요.",,,
B0245,A33,Garry's Mod / Team Fortress 2 / Left 4 Dead 2,"캐주얼, 인디, 시뮬레이션 / 액션, 무료 플레이 / 액션","[Garry's Mod] Garry's Mod is a physics sandbox. There aren't any predefined aims or goals. We give you the tools and leave you to play. ‖ [Team Fortress 2] 다양한 전술적 능력과 뚜렷한 개성을 갖춘 9가지 병과의 캐릭터를 플레이하세요. 끊임없이 업데이트되는 새로운 게임 모드, 맵, 장비 그리고 가장 중요한 모자까지 지금 바로 즐겨보세요! ‖ [Left 4 Dead 2] Set in the zombie apocalypse, Left 4 Dead 2 is a co-operative action horror FPS takes you and your friends through the cities, swamps and cemeteries of the Deep South, from Savanna",Horror Squad,"액션, 어드벤처, 캐주얼, 인디",Horror Squad is a 1-4 player online co-op horror game. Assemble your squad to clear the areas cursed by terrifying creatures.,,,
B0246,A10,A Short Hike / ISLANDERS / Gorogoa,"어드벤처, 인디 / 캐주얼, 인디, 전략 / 어드벤처, 캐주얼, 인디","[A Short Hike] Hike, climb, and soar through the peaceful mountainside landscapes of Hawk Peak Provincial Park as you make your way to the summit. ‖ [ISLANDERS] ISLANDERS is a minimalist strategy game about building cities on colorful islands. ‖ [Gorogoa] Gorogoa(고로고아)는 Jason Roberts가 디자인하고 일러스트레이션을 손으로 그린 아름다운 차세대 퍼즐 게임입니다.","Please, Touch The Artwork","캐주얼, 인디","예술작품을 만지면 어떻게 될까요? 젠 스타일 퍼즐, 서사 어드벤처로 구성된 150개가 넘는 퍼즐을 통해 상징적인 추상화 뒤에 숨겨진 비밀의 세계를 탐험해보세요. 현대 예술의 기원을 향한 심미적인 여정이 위로하는 듯한 재즈풍 사운드트랙을 배경으로 펼쳐집니다.",,,
B0247,A31,Hearts of Iron IV / Europa Universalis IV / Sid Meier's Civilization® V,"시뮬레이션, 전략 / 시뮬레이션, 전략 / 전략","[Hearts of Iron IV] Victory is at your fingertips! Your ability to lead your nation is your supreme weapon, the strategy game Hearts of Iron IV lets you take command of any nation in World War II; the ‖ [Europa Universalis IV] 비교할 수 없는 자유도, 깊이 있는 스토리, 정확한 역사적 고증을 즐기며 국토를 다스리고 세계를 정복하세요. 세계 역사를 새롭게 쓰며 시대를 풍미할 제국을 만드세요. ‖ [Sid Meier's Civilization® V] Create, discover, and download new player-created maps, scenarios, interfaces, and more!",Countryballs: Rise of Europe,"인디, 전략","In this game you play for countries of the modern and old world, or create your own. 🔹 World generator - creates flags, borders and even whole new maps. 🔹 Smart AI - from diplomacy to revolutions, it will make every game interesting. 📜 Create your story, change the fate of the world",,,
B0248,A13,Death's Door / Children of Morta / Roboquest / Spelunky 2 / Nuclear Throne / Streets of Rogue / Neon Abyss / Curse of the Dead Gods / Rogue Legacy 2 / Have a Nice Death,"액션, 어드벤처, 인디, RPG / 액션, 어드벤처, 인디, RPG / 액션, 인디 / 액션, 인디 / 액션, 인디, RPG / 액션, 어드벤처, 인디, RPG / 액션, 어드벤처, 인디, RPG / 액션, 어드벤처 / 액션, 어드벤처, 인디, RPG / 액션, 인디","[Death's Door] 죽은 자의 영혼을 수확하고 시간을 끝내는 것은 단조로울 수 있지만 까마귀에겐 평범한 일입니다. 하지만 주어진 영혼을 도둑맞게 되면 변화가 일어납니다. 영혼을 도난하고 죽음의 손길이 닿지 않는 영역으로 도망친 절망적인 도둑을 추적하십시오. ‖ [Children of Morta] Children of Morta는 비범한 가족 영웅에 대한 스토리 중심의 액션 RPG 게임입니다. 다가오는 부패에 맞서 모든 결함과 미덕을 갖춘 베르그송 가를 이끄세요. 여러분은 여러분이 아끼는 사람들을 구하기 위해 모든 것을 희생할 수 있으신가요? ‖ [Roboquest] 로보퀘스트는 멸망한 미래 세계의 빠른 FPS 로그라이트입니다. 당신은 재부팅된 수호자로, 강철 궁둥짝을 걷어 찰 준비를 하세요! 혼자서 혹은 친구와 함께 맞서거나 끊임없이 변화하는 환경에서 치명적인 로봇 군단을 섬멸하세요. ‖ [Spelunky 2] Spelunky 2 builds upon the unique, randomized challenges that made the original a roguelike classic, offering a huge adventure designed to satisfy players old and new. Meet the nex ‖ [Nuclear Throne] Nuclear Throne은 포스트 아포칼립스 세계관의 로그라이크 스타일 탑다운 슈터입니다. 여기서 말하는 포스트 아포칼립스는 '인류의 마지막 희망'이 남아 있는 세계가 아니라, '인류는 멸종했고 이제 돌연변이와 괴물들이 세상을 돌아다니는' 그런 세계입니다. 과연 당신은 뉴클리어 쓰론에 도달할 수 있을까요? ‖ [Streets of Rogue] 싸워서 몰래 들어가 임의 생성된 도시를 공격하세요. Nuclear Throne은 무법천지 GTA와 Deus Ex가 혼합된 형태입니다. Rogue-lite가 몰입도 높은 캐릭터를 만나 너무 재미있습니다. ‖ [Neon Abyss] Neon Abyss는 고속의 로그라이크 액션 플랫포머로, 하데스가 만든 '그림 스쿼드'의 일원이 되어 어비스로 총을 들고 뛰어드는 런 앤 건 게임입니다. 무한한 아이템 시너지와 던전 진화 시스템으로, 매번 게임을 할 때마다 다른 경험과 새로운 도전이 등장합니다. 진짜 지옥을 보여주세요! ‖ [Curse of the Dead Gods] 엄청난 부, 영원한 생명, 신성한 힘을 탐하는 마음이 당신을 끝없는 지옥 속의 미로, 치명적인 함정 및 몬스터가 우글거리는 이 저주받은 사원으로 이끌었습니다. ‖ [Rogue Legacy 2] 로그 레거시 2는 로그 레거시에 후속편을 끼얹은 작품입니다. 당신이 죽을 때마다 자식이 가업을 이어받습니다. 딸은 색맹 궁수이고 아들은 평화주의자 요리사일 수도 있죠. 어쨌거나 둘 중 한 명은 전장으로 나가야 합니다. ‖ [Have a Nice Death] Have a Nice Death는 과로에 고생하는 데스가 되어 플레이하는 2D 액션 로그라이크로, 통제 불능인 직원들 때문에 영혼의 균형과 데스의 휴가 계획이 틀어지고 말았습니다. 질서를 회복하려면 대낫을 들고 직원들과 서열 정리를 해야 합니다.",Darkest Dungeon® II,"인디, RPG, 전략","Darkest Dungeon II는 저주받은 자들의 여정을 담은 로그라이크 게임입니다. 원정대를 모집하고, 짐마차를 꾸리고, 쇠락해 가는 땅을 거쳐 종말을 막고자 절박한 최후의 여정을 떠나 보십시오. 하지만 여러분이 마주하게 될 가장 크나큰 위험은 바로 내부로부터 출현할 것입니다...",,,
B0249,A30,Stardew Valley / Slime Rancher / Raft,"인디, RPG, 시뮬레이션 / 액션, 어드벤처, 인디, 시뮬레이션 / 어드벤처, 인디, 시뮬레이션","[Stardew Valley] You've inherited your grandfather's old farm plot in Stardew Valley. Armed with hand-me-down tools and a few coins, you set out to begin your new life. Can you learn to live off th ‖ [Slime Rancher] 슬라임 랜쳐는 젊고 용감한 랜쳐, 베아트릭스 르뷰가 지구에서 1,000광년 떨어진 '머나먼 평야'에서 슬라임들과 씨름하며 생계를 꾸려나가는 이야기입니다. 긍정적인 마인드와 강인한 의지로 베아트릭스는 진공팩을 사용하여 끊임없이 말랑말랑하게 굴러나오는 슬라임들을 피하며 이름을 알리고, 부자가 되려 합니다. ‖ [Raft] Raft™ throws you and your friends into an epic oceanic adventure! Alone or together, players battle to survive a perilous voyage across a vast sea! Gather debris, scavenge reefs an","MAZEBOUND: Hunt, Gather, Run!","액션, 어드벤처, 인디","이 서바이벌 호러에서 당신은 바다에 둘러싸여 있고, 앞에는 거대한 문이 서 있습니다. 미로에 들어가 사냥하고, 채집하며, 살아남기 위해 달리세요. 혼자서든 친구와 함께든. 기억하세요: 배고픈 건 당신만이 아닙니다...",,,
B0250,A10,A Short Hike / ISLANDERS / Gorogoa,"어드벤처, 인디 / 캐주얼, 인디, 전략 / 어드벤처, 캐주얼, 인디","[A Short Hike] Hike, climb, and soar through the peaceful mountainside landscapes of Hawk Peak Provincial Park as you make your way to the summit. ‖ [ISLANDERS] ISLANDERS is a minimalist strategy game about building cities on colorful islands. ‖ [Gorogoa] Gorogoa(고로고아)는 Jason Roberts가 디자인하고 일러스트레이션을 손으로 그린 아름다운 차세대 퍼즐 게임입니다.",Otok,"캐주얼, 인디","This is a very chill Sandbox ""City Builder"", No Goals, just build your island as beautifully as you can with the given buildings.",,,
B0251,A03,Balatro / Hades / Vampire Survivors,"캐주얼, 인디, 전략 / 액션, 인디, RPG / 액션, 캐주얼, 인디, RPG","[Balatro] 포커 로그라이크 게임. Balatro는 불법 포커 패로 게임을 하고, 판을 뒤엎는 조커를 발견하고, 아드레날린이 치솟는 강력한 콤보를 만드는 덱 빌딩 게임입니다. ‖ [Hades] Bastion, Transistor, Pyre의 제작사에서 선보이는 이 로그라이크 던전 탐색형 게임에서 핵 앤 슬래시로 지하 세계를 탈출하고 죽음의 신에게 도전하세요. ‖ [Vampire Survivors] 수많은 어둠의 피조물을 쓰러뜨리며 새벽이 올 때까지 생존하세요! Vampire Survivors는 로그라이트 요소를 갖춘 고딕 호러 케주얼 게임입니다. 당신의 선택으로 순식간에 수백 마리의 괴물이 눈덩이처럼 불어날 수 있죠.",마법의 룬스톤,"액션, 어드벤처, 인디","이것은 액션으로 가득 찬 로그라이트 어드벤처 게임입니다. 여러분은 다양한 장비와 축복을 받으며 다양한 역할을 수행하게 될 것입니다. 보물의 축복을 받아, 당신은 끊임없이 강력한 적에게 도전하고 보스를 처치하게 될 것입니다. 또한 이 게임에는 ""생존자 모드""가 포함되어 있습니다. 한 게임, 두 배의 재미. 마음에 드셨으면 좋겠네요.",,,
B0252,A01,It Takes Two / Overcooked! 2 / What Remains of Edith Finch,"액션, 어드벤처 / 액션, 캐주얼, 인디 / 어드벤처, 인디","[It Takes Two] It Takes Two에서 생애 가장 정신없는 여정을 시작하세요. 친구가 무료로 참가할 수 있게 친구 패스*로 초대하고, 함께 힘을 합쳐서 수많은 유쾌하고 획기적인 게임 플레이 챌린지를 헤쳐나가세요. ‖ [Overcooked! 2] 혼란스러운 요리 액션으로 가득한 Overcooked가 돌아왔습니다! 양파 왕국으로 돌아가는 여행을 떠나세요. 클래식 협동 또는 온라인 플레이에서 셰프 팀을 만들어서 최대 4명까지 플레이하세요. 앞치마를 준비하세요... 다시 세상을 구할 때가 되었습니다! ‖ [What Remains of Edith Finch] What Remains of Edith Finch(워트 리메인스 오브 에디스 핀치)는 워싱턴 주에 있는 어느 가족에 대한 이상한 이야기의 모음입니다. 플레이어는 에디스가 되어 거대한 핀치 가택을 탐사하고, 가족사를 연구하며 이야기를 찾고, 왜 가족 중에서 그녀만 살아남았는지 알아내야 합니다. 각 이야기는 새로운 가족 구성",Together: Moon Escape,"어드벤처, 인디","A handcrafted two player adventure set in low gravity. Solve intricate asymmetric puzzles and escape Moontella’s extremely profitable slime empire through chaos, laughter, and unforgettable true co-op moments with your partner.",,,
B0253,A14,Iron Brigade / Ancient Planet Tower Defense / Creeper World IXE,"액션, 전략 / 캐주얼, 인디, 전략 / 액션, 캐주얼, 인디, 시뮬레이션, 전략","[Iron Brigade] Join The Mobile Trench Brigade and protect humanity from the evil Monovision menace! ‖ [Ancient Planet Tower Defense] 고대 행성 타워 디펜스는 정통 타워 디펜스 게임입니다. 고대 문명의 요새가 외계 침략자들로부터 침략당했습니다. 고대의 강력한 기술을 사용하여 적군의 공격을 물리치십시오! ‖ [Creeper World IXE] The unstoppable alien force known as The Creeper has returned, devouring thousands of worlds in its path, and yours is next. Battle against the Creeper fluid in a groundbreaking pi",HALF DEAD 3,"액션, 어드벤처, 대규모 멀티플레이어",많은 기대를 받고 있는 협동 공상 과학 쇼 속편의 일원이 되십시오. 네 명의 친구로 구성된 팀을 모으세요. 파트너가 많을수록 생존할 가능성이 높아집니다. 훨씬 더 정교한 함정으로 가득 찬 치명적인 새로운 방에서 탈출구를 찾으십시오.,,,
B0254,A16,The Talos Principle / Rust / Inscryption,"액션, 어드벤처, 인디 / 액션, 어드벤처, 인디, 대규모 멀티플레이어, RPG / 어드벤처, 인디, 전략","[The Talos Principle] 탈로스 법칙은 철학적 SF 소설의 전통을 따른 1인칭 퍼즐 게임입니다. 시리어스 샘을 개발한 크로팀에서 만들었으며, 톰 주버트(FTL, 더 스와퍼)와 조나스 카이라츠(바다는 모든 것을 요구한다.)가 스토리를 작성했습니다. ‖ [Rust] Rust에서의 목표는 오직 하나, 바로 살아남는 것입니다. 섬의 야생 동물, 다른 주민, 환경, 다른 생존자 모두가 여러분의 목숨을 노립니다. 하루 더 살아남을 수 있다면 수단과 방법을 가리지 마세요. ‖ [Inscryption] Inscryption은 검은 잉크로 그려진 카드를 기반으로 한 덱빌딩 로그라이크, 방탈출 퍼즐, 피가 흐르는 심리적 공포 등의 요소가 섞인 여정을 다룹니다. 카드에는 더 어두운 비밀이 새겨져 있습니다…",The Survivalists,"액션, 어드벤처, 캐주얼, 인디","The Escapists 세계를 배경으로 모험이 가득한 생존 샌드박스, The Survivalists에는 놀라움과 비밀, 위험으로 가득한 세계가 기다리고 있습니다. 필사적인 생존을 위해 최대 세 명의 친구와 함께 탐색하고 건축하고 제작하고, 심지어 원숭이들을 훈련시키기도 합니다. 당신은 생존주의자가 되는 데 필요한 것을 갖추고 있나요?",,,
B0255,A34,Pid / ChromaGun / Deer & Boy,"어드벤처, 인디 / 액션, 어드벤처, 인디 / 액션, 어드벤처, 인디","[Pid] You are stranded on a strange and peculiar planet. It’s time to embark on your journey and find your way home! Explore a gravity defying and challenging platformer with striking vi ‖ [ChromaGun] Welcome to ChromaTec’s test lab! You’re here to test our state-of-the-art military-grade color-technology: The ChromaGun (patent pending)! Use it to solve our meticulously designed ‖ [Deer & Boy] 도망친 소년은 길 잃은 어린 사슴을 만나 고요하면서도 위태로운 세상을 함께 헤쳐 나갑니다. 퍼즐을 풀고, 높은 곳에 오르고, 위협을 피해 나아가며 당신의 동료는 연약한 아기 사슴에서 어엿한 사슴으로 성장하죠. 혼자서는 할 수 없었던 일을 함께 해내는 법을 배우게 됩니다.",Blaite,"액션, 어드벤처, 캐주얼, 인디","A platform game so difficult and at the same time, so addictive that you will enjoy having to repeat a levels dozens of times until complete them.",,,
B0256,A29,Salt and Sanctuary,"액션, 인디, RPG","[Salt and Sanctuary] 두렵고도 잔혹한 섬의 탐험을 시작합니다… Salt and Sanctuary는 신속하고, 잔인하며, 복잡한 전투 시스템을 지닌 2D RPG입니다. 저주받은 도시의 잊힌 영역이나, 피에 물든 던전이나, 오염된 기념비와 같은 장소를 돌아다니며, 한때 축복을 받았지만 지금은 타락하고 만 영주들을 조우하세요.",Dungeon Souls,"액션, 어드벤처, 인디, RPG","Dungeon Souls is an action-adventure roguelike dungeon crawler which draws heavy inspiration from Nuclear Throne, Risk of Rain, and Overture. Explore vast procedurally generated dungeons, collect loot, and slay hordes of challenging enemies!",,,
B0257,A23,Vomitoreum / Tales of Kenzera™: ZAU / Shantae: Half-Genie Hero,"액션, 어드벤처, 인디 / 액션, 어드벤처, 인디 / 액션, 어드벤처, 인디","[Vomitoreum] Vomitoreum is an FPS Metroidvania with a focus on atmosphere and horror, inspired by the paintings of Zdzisław Beksiński. ‖ [Tales of Kenzera™: ZAU] 샤먼의 춤을 추세요. 아버지의 영혼을 되찾으세요. Surgent Studios가 제작한 메트로이드바니아 스타일의 어드벤처 게임 Tales of Kenzera™: ZAU에서 죽음의 신과 함께 아름답고 위험한 켄제라의 땅으로 용감하게 모험을 떠나세요. ‖ [Shantae: Half-Genie Hero] Shantae embarks on her first full HD adventure! When a mysterious crime wave sweeps Sequin Land, it’s up to Half-Genie Hero Shantae to save the day! Use Shantae’s devastating Hair-",Inner Chains,"액션, 어드벤처","An FPS horror game set in a surreal, dark and deadly biomechanical world never seen before. Humankind is just a small part of a hostile universe. Want to survive? Discover its secrets.",,,
B0258,A07,Into the Breach / Monster Train / Mini Metro,"인디, RPG, 시뮬레이션, 전략 / 전략 / 인디, 시뮬레이션, 전략","[Into the Breach] 미래의 강력한 메크를 조종하여 외계 세력을 물리치세요. 이 턴제 전략 게임에서는 세계를 구하려 시도할 때마다 무작위로 새롭게 생성되는 도전이 여러분 앞에 나타납니다. ‖ [Monster Train] Monster Train is a strategic roguelike deck building game with a twist. Set on a train to hell, you’ll use tactical decision making to defend multiple vertical battlegrounds. With  ‖ [Mini Metro] 미니 메트로는 성장하는 도시를 위해 지하철 노선을 설계하는 게임입니다. 역과 역 사이에 노선을 그려서 열차 운행을 시작하세요. 새로운 역이 열리면 노선을 수정해서 노선도를 효율적으로 유지하세요. 한정된 자원을 어느 곳에 사용할 것인지 결정하세요. 도시를 얼마나 오래 유지할 수 있을까요?",Castle Morihisa,"인디, 전략",는 가벼운 로그라이크 요소와 전략성을 요구하는 카드 덱 빌딩 게임입니다. 끊임없는 전투를 통해 자신의 덱을 최적화하고 재능 스킬을 연마하세요. 일본 전국 시대의 여러 장군의 능력을 빌려 모히리사 성에 숨겨진 역모의 진상을 밝혀야 합니다.,,,
B0259,A27,The Raven Remastered / The Frostrune / Mad Experiments: Escape Room,"어드벤처 / 어드벤처 / 어드벤처, 캐주얼, 인디, 시뮬레이션, 전략","[The Raven Remastered] London, 1964. An ancient ruby is stolen from the British Museum. At the crime scene: a raven feather. Is somebody trying to follow in the footsteps of The Raven, the legendary mast ‖ [The Frostrune] Unravel a mystery inspired by Viking myth and legend in The Frostrune, a classic point-and-click adventure based on historically accurate Norse culture and environments. ‖ [Mad Experiments: Escape Room] 수상 후보에 오른 이스케이프 게임 1인 또는 최대 5인까지 플레이하며 3개의 독특한 방을 탐험하고, 두뇌를 자극하는 퍼즐을 풀며 체셔 교수와 그의 실험에 얽힌 어두운 비밀을 밝혀보세요.",우리는 여기에 있었다 투게더,"어드벤처, 캐주얼, 인디",얼어붙은 땅을 탐험하는 중에 다시 한 번 불운이 찾아왔습니다. 맹렬한 눈보라를 뚫고 비상용 신호탄이 하늘을 밝힌 뒤 무전을 통해 도움을 구하는 울부짖는 소리가 들립니다. 무전이 끊깁니다... 누구도 그들을 구하러 갈 수 없습니다. 하지만 함께라면 할 수 있지 않을까요?,,,
B0260,A13,Death's Door / Children of Morta / Roboquest / Spelunky 2 / Nuclear Throne / Streets of Rogue / Neon Abyss / Curse of the Dead Gods / Rogue Legacy 2 / Have a Nice Death,"액션, 어드벤처, 인디, RPG / 액션, 어드벤처, 인디, RPG / 액션, 인디 / 액션, 인디 / 액션, 인디, RPG / 액션, 어드벤처, 인디, RPG / 액션, 어드벤처, 인디, RPG / 액션, 어드벤처 / 액션, 어드벤처, 인디, RPG / 액션, 인디","[Death's Door] 죽은 자의 영혼을 수확하고 시간을 끝내는 것은 단조로울 수 있지만 까마귀에겐 평범한 일입니다. 하지만 주어진 영혼을 도둑맞게 되면 변화가 일어납니다. 영혼을 도난하고 죽음의 손길이 닿지 않는 영역으로 도망친 절망적인 도둑을 추적하십시오. ‖ [Children of Morta] Children of Morta는 비범한 가족 영웅에 대한 스토리 중심의 액션 RPG 게임입니다. 다가오는 부패에 맞서 모든 결함과 미덕을 갖춘 베르그송 가를 이끄세요. 여러분은 여러분이 아끼는 사람들을 구하기 위해 모든 것을 희생할 수 있으신가요? ‖ [Roboquest] 로보퀘스트는 멸망한 미래 세계의 빠른 FPS 로그라이트입니다. 당신은 재부팅된 수호자로, 강철 궁둥짝을 걷어 찰 준비를 하세요! 혼자서 혹은 친구와 함께 맞서거나 끊임없이 변화하는 환경에서 치명적인 로봇 군단을 섬멸하세요. ‖ [Spelunky 2] Spelunky 2 builds upon the unique, randomized challenges that made the original a roguelike classic, offering a huge adventure designed to satisfy players old and new. Meet the nex ‖ [Nuclear Throne] Nuclear Throne은 포스트 아포칼립스 세계관의 로그라이크 스타일 탑다운 슈터입니다. 여기서 말하는 포스트 아포칼립스는 '인류의 마지막 희망'이 남아 있는 세계가 아니라, '인류는 멸종했고 이제 돌연변이와 괴물들이 세상을 돌아다니는' 그런 세계입니다. 과연 당신은 뉴클리어 쓰론에 도달할 수 있을까요? ‖ [Streets of Rogue] 싸워서 몰래 들어가 임의 생성된 도시를 공격하세요. Nuclear Throne은 무법천지 GTA와 Deus Ex가 혼합된 형태입니다. Rogue-lite가 몰입도 높은 캐릭터를 만나 너무 재미있습니다. ‖ [Neon Abyss] Neon Abyss는 고속의 로그라이크 액션 플랫포머로, 하데스가 만든 '그림 스쿼드'의 일원이 되어 어비스로 총을 들고 뛰어드는 런 앤 건 게임입니다. 무한한 아이템 시너지와 던전 진화 시스템으로, 매번 게임을 할 때마다 다른 경험과 새로운 도전이 등장합니다. 진짜 지옥을 보여주세요! ‖ [Curse of the Dead Gods] 엄청난 부, 영원한 생명, 신성한 힘을 탐하는 마음이 당신을 끝없는 지옥 속의 미로, 치명적인 함정 및 몬스터가 우글거리는 이 저주받은 사원으로 이끌었습니다. ‖ [Rogue Legacy 2] 로그 레거시 2는 로그 레거시에 후속편을 끼얹은 작품입니다. 당신이 죽을 때마다 자식이 가업을 이어받습니다. 딸은 색맹 궁수이고 아들은 평화주의자 요리사일 수도 있죠. 어쨌거나 둘 중 한 명은 전장으로 나가야 합니다. ‖ [Have a Nice Death] Have a Nice Death는 과로에 고생하는 데스가 되어 플레이하는 2D 액션 로그라이크로, 통제 불능인 직원들 때문에 영혼의 균형과 데스의 휴가 계획이 틀어지고 말았습니다. 질서를 회복하려면 대낫을 들고 직원들과 서열 정리를 해야 합니다.",Noita,"액션, 어드벤처, 인디, RPG, 시뮬레이션","Noita는 모든 픽셀이 물리적으로 렌더링되는 세계에서 진행되는 마법 액션 로그라이트입니다. 완전히 파괴 가능한 세계에서 직접 만든 마법으로 전투와 탐험을 하고, 녹이고, 태우고, 얼리고, 증발시키며 앞으로 나아가세요. 아니면 그냥 온갖 장난을 치며 문제를 일으켜보세요!",,,
B0261,A32,Hardspace: Shipbreaker / Hacknet / The Case of the Golden Idol / 방 탈출 시뮬레이터 / shapez 2 - Factory,"시뮬레이션 / 인디, 시뮬레이션 / 어드벤처, 인디 / 어드벤처, 캐주얼, 인디, 시뮬레이션 / 캐주얼, 인디, 시뮬레이션, 전략","[Hardspace: Shipbreaker] Equipped with cutting-edge salvaging tech, carve & slice spaceships to recover valuable materials. Upgrade your gear to take on more lucrative contracts and pay your billion credit ‖ [Hacknet] Hacknet은 터미널 기반의 몰입형 해킹 시뮬레이터입니다. 최근에 사망한, 그러나 언론 보도와는 달리 사고로 사망하지 않은 해커의 지시에 따라 진실을 추척하십시오. ‖ [The Case of the Golden Idol] A new kind of detective game that allows you to think and investigate freely. Discover clues surrounding 12 strange and gruesome deaths and build your own theory. Pick your suspect ‖ [방 탈출 시뮬레이터] Escape Simulator는 단독 또는 온라인 협동 플레이가 가능한 1인칭 퍼즐 게임입니다. 점점 더 많아지는, 고도의 상호 작용이 가능한 방탈출 세트를 탐험하세요. 가구를 옮기고, 모든 것을 집어 들고 검사하고, 냄비를 부수고 자물쇠를 부수세요! 레벨 편집기를 통해 커뮤니티가 만든 방을 지원합니다. ‖ [shapez 2 - Factory] 공장 건설 게임에 빠져들어 보세요. 단 한 가지에 집중하세요. 대규모 우주 공장을 건설하는 것! 방대하게 펼쳐지는 다층 공장과 만족스러운 생산 라인을 무제한으로 설계하세요. 계속해서 어려워지는 자동화 목표를 적의 위협 없이 자신만의 속도로 달성하세요.",Hack RUN,"어드벤처, 시뮬레이션, 전략, 무료 플레이",Ever wanted to be a hacker? Hack your way into the heart of a mysterious organization to uncover their secrets. Hack RUN® is a game which uses 'old school' command prompts (like DOS or UNIX) that simulate a real operating system. Learn the commands of each system to help you navigate through your ad,,,
B0262,A02,Still Life / Jenny LeClue - Detectivu / Telling Lies,"어드벤처 / 액션, 어드벤처, 캐주얼, 인디 / 어드벤처, 인디, 시뮬레이션",[Still Life] Still Life 2 also now available! ‖ [Jenny LeClue - Detectivu] Jenny LeClue - Detectivu는 조사와 선택지로 가득한 스릴 넘치는 미스터리 어드벤처 게임입니다. ‖ [Telling Lies] 네 명의 삶. 그리고 하나의 큰 거짓말. 아무도 모르게 녹화된 은밀한 대화를 들으며 진실을 알아내십시오. 큰 호평을 받았던 Her Story의 계승작입니다.,Tangle Tower,"어드벤처, 인디","이상하면서도 뒤틀린 저택을 조사하여 긴장감 넘치는 미스터리를 풀어가며 호기심이 생기는 단서를 찾고, 특이한 용의자를 심문하고, 특별한 퍼즐을 푸세요. Tangle Tower의 비밀을 밝힐 수 있을까요?",,,
B0263,A14,Iron Brigade / Ancient Planet Tower Defense / Creeper World IXE,"액션, 전략 / 캐주얼, 인디, 전략 / 액션, 캐주얼, 인디, 시뮬레이션, 전략","[Iron Brigade] Join The Mobile Trench Brigade and protect humanity from the evil Monovision menace! ‖ [Ancient Planet Tower Defense] 고대 행성 타워 디펜스는 정통 타워 디펜스 게임입니다. 고대 문명의 요새가 외계 침략자들로부터 침략당했습니다. 고대의 강력한 기술을 사용하여 적군의 공격을 물리치십시오! ‖ [Creeper World IXE] The unstoppable alien force known as The Creeper has returned, devouring thousands of worlds in its path, and yours is next. Battle against the Creeper fluid in a groundbreaking pi",Blood and Bacon,"액션, 어드벤처, 캐주얼","This Co-op Shooter , has Day and Night levels, multiple maps, players will take on 25 enemy types and numerous bosses, like Gargantuan Monsters and Minibosses every 10 days as you explore, shoot and run for your life against the onslaught of porcine monstrosities.",,,
B0264,A15,서브노티카 / The Long Dark / No Man's Sky,"어드벤처, 인디 / 어드벤처, 인디, 시뮬레이션, 전략 / 액션, 어드벤처","[서브노티카] 위험과 경이로움이 가득한 외계의 바다 속으로 내려가세요. 장비를 제작하고, 잠수함을 조종하며 야생 생물보다 앞서가세요. 우거진 산호초, 화산, 동굴 같은 많은 장소들을 탐험하세요. 물론 살아남는 걸 잊으면 안 되겠죠. ‖ [The Long Dark] The Long Dark는 깊은 생각을 요구하는 탐험 생존 게임입니다. 플레이어는 지구 자기장 이상으로 인한 대재앙이 휩쓸고 간 세상에서 혼자 드넓은 설원 황무지를 탐험하며 살아남아야 합니다. 좀비는 등장하지 않으며 오직 플레이어와 추위, 그리고 자연 속의 위험들만 존재합니다. 고요한 종말의 세상에 오신 것을 환영합니다. ‖ [No Man's Sky] No Man's Sky는 무한히 펼쳐지는 우주에서의 탐험과 생존을 그린 SF 게임입니다.",Eyes: The Horror Game,어드벤처,"당신은 혼자이며, 아무도 구해주러 오지 않습니다. 더욱이, 돌아갈 길도 없습니다...",,,
B0265,A26,RimWorld / Oxygen Not Included / Unpacking 언패킹,"인디, 시뮬레이션, 전략 / 인디, 시뮬레이션 / 캐주얼, 인디, 시뮬레이션","[RimWorld] 지능형 AI 이야기꾼이 주도하는 공상과학 정착지 시뮬레이터입니다. 심리, 생태, 총격전과 근접전, 날씨, 기후, 외교, 사람 사이의 관계, 예술, 의학, 무역, 그 외 많은 것들을 시뮬레이션하여 이야기를 생성합니다. ‖ [Oxygen Not Included] Oxygen Not Included는 우주 콜로니 시뮬레이션 게임입니다. 외계의 우주 암석 깊은 곳에서 근면한 일꾼들은 생존하고 나아가 번영하기 위해 과학을 마스터하고, 낯선 새로운 생명체에 맞서며, 경이로운 우주 테크놀로지를 활용해야 합니다. ‖ [Unpacking 언패킹] Unpacking은 상자에서 짐을 꺼내 새집에 맞게 배치하는 친숙한 체험에 대한 명상적 퍼즐 게임입니다. 게임의 일부인 블록 맞추기 게임과 집 꾸미기를 하는 동안, 푸는 짐에 닮긴 삶의 실마리를 찾아가며 만족할 만한 생활 공간을 만들어 보세요.",Heard of the Story?,"캐주얼, 인디, 시뮬레이션, 앞서 해보기","Forge a medieval community with intelligent and quirky villagers. Gather resources and transform the village into a town, or simply listen to captivating stories from various simulated and evolving lives. All in a beautiful, relaxing, and immersive fantasy world.",,,
B0266,A27,The Raven Remastered / The Frostrune / Mad Experiments: Escape Room,"어드벤처 / 어드벤처 / 어드벤처, 캐주얼, 인디, 시뮬레이션, 전략","[The Raven Remastered] London, 1964. An ancient ruby is stolen from the British Museum. At the crime scene: a raven feather. Is somebody trying to follow in the footsteps of The Raven, the legendary mast ‖ [The Frostrune] Unravel a mystery inspired by Viking myth and legend in The Frostrune, a classic point-and-click adventure based on historically accurate Norse culture and environments. ‖ [Mad Experiments: Escape Room] 수상 후보에 오른 이스케이프 게임 1인 또는 최대 5인까지 플레이하며 3개의 독특한 방을 탐험하고, 두뇌를 자극하는 퍼즐을 풀며 체셔 교수와 그의 실험에 얽힌 어두운 비밀을 밝혀보세요.",The Escape: Together,"액션, 인디, 앞서 해보기",The Escape: Together is a 1-3 player Online CO-OP escape horror. The paranormal creature has taken over the house. You must use everything you find to survive and make your runaway.,,,
B0267,A22,Deck of Ashes / Dicefolk / Cubic Cosmos,"어드벤처, 인디, RPG, 전략 / 캐주얼, 인디, 전략 / 전략","[Deck of Ashes] 덱 오브 애쉬즈(Deck of Ashes)는 전술 카드 전투를 벌이는 어드벤처 게임입니다. 한 번에 한 캐릭터씩 안티히어로 일행을 이끌어 속죄의 여행을 떠나보세요. 저주받은 판타지 세계를 탐험하며 강력한 카드를 찾아보세요. 독특한 전투 덱을 형성하여 적들을 무찌르세요! 잿빛 저주의 세계를 제거하실 수 있겠습니까? ‖ [Dicefolk] 마법 주사위의 힘을 휘두르고 강력한 키메라 팀을 구축해보세요! 수수께끼의 악을 멈추기 위한 택티컬 덱빌딩 로그라이트 모험이 다가오고 있습니다. 키메라 소환사로서, 신화적인 짐승들을 모집하고 완벽한 팀을 만들고, 다이스포크만의 독특한 주사위 메커니즘을 활용하여 승리로 이끌어주세요. ‖ [Cubic Cosmos] Cubic Cosmos is a thrilling fast-paced roguelike card game. You have been trapped in a deadly game. One wrong move could see you reduced to a plaything of the goddess. Can you free",Dream Quest,RPG,"Play cards! Kill monsters! Level Up! Dream Quest is a roguelike deckbuilding game inspired by the likes of Ascension, Magic: the Gathering, and Shandalar. Explore randomly generated levels as one of 13 classes in short, 30 minute, sessions.",,,
B0268,A05,Opus Magnum,"인디, 시뮬레이션","[Opus Magnum] Opus Magnum은 SpaceChem, Infinifactory, SHENZHEN I/O를 제작한 Zachtronics의 신작 퍼즐게임입니다. 연금술사들의 최첨단 도구인 변성 기관을 이용해 물약과 독을 만들어내는 기계들을 설계하고 만들어 내세요!",Vessel,"액션, 인디, 전략",Living liquid machines have overrun a world of unstoppable progress and their inventor must stop the chaos in this game about a man with the power to bring ordinary matter to life!,,,
B0269,A03,Balatro / Hades / Vampire Survivors,"캐주얼, 인디, 전략 / 액션, 인디, RPG / 액션, 캐주얼, 인디, RPG","[Balatro] 포커 로그라이크 게임. Balatro는 불법 포커 패로 게임을 하고, 판을 뒤엎는 조커를 발견하고, 아드레날린이 치솟는 강력한 콤보를 만드는 덱 빌딩 게임입니다. ‖ [Hades] Bastion, Transistor, Pyre의 제작사에서 선보이는 이 로그라이크 던전 탐색형 게임에서 핵 앤 슬래시로 지하 세계를 탈출하고 죽음의 신에게 도전하세요. ‖ [Vampire Survivors] 수많은 어둠의 피조물을 쓰러뜨리며 새벽이 올 때까지 생존하세요! Vampire Survivors는 로그라이트 요소를 갖춘 고딕 호러 케주얼 게임입니다. 당신의 선택으로 순식간에 수백 마리의 괴물이 눈덩이처럼 불어날 수 있죠.",[REDACTED],액션,"평론가들의 극찬을 받은 로그라이크 [REDACTED]에서 괴물들을 학살하고, 라이벌을 따돌리고, 동료 교도관의 되살아난 시체와 맞서 싸우며 블랙 아이언 교도소를 탈출하세요.",,,
B0270,A09,Roots of Yggdrasil / Ancient Gods / Flick Shot Rogues,"인디, 전략 / RPG, 전략 / 인디, 전략","[Roots of Yggdrasil] Build settlements, explore the Nine Realms, collect artifacts and upgrade your deck to reach the top of Yggdrasil in this post-Ragnarok roguelike city-builder! Can you survive the  ‖ [Ancient Gods] Ancient Gods is a fusion of hero collector and deck-building rogue-lite where you collect your character, fight, and experience exciting events. Any character can use all the cards ‖ [Flick Shot Rogues] 계획하고, 조준하고, 쏘세요! FLICK SHOT ROGUES는 테이블 위에서 물건을 튕기는 촉각적 만족감과 사람들이 좋아하는 턴제 로그라이크의 전략적 깊이를 결합한 게임입니다. 말도 안되는 콤보를 연결하고, 캐릭터, 아이템, 스킬을 잠금 해제하면서, 섬을 정복하세요!",Dead Weight,"어드벤처, 인디, RPG, 전략",고대 신들에게 도전하세요! 항공선의 돛을 펴고 Dead Weight의 스팀펑크 세계에서 모험을 시작하세요. 전리품을 찾아 날 수 있는 섬을 탐험해보세요. 캐릭터를 선택하고 모든 단계가 중요한 작은 전장에서 턴제 전략 전투를 즐겨보세요.,,,
B0271,A21,DARK SOULS™ III / The Witcher 3: Wild Hunt / The Elder Scrolls V: Skyrim Special Edition,액션 / RPG / RPG,"[DARK SOULS™ III] 장르를 새로 개척했다는 평가를 들으며 많은 좋은 평가들을 얻고 있는 다크 소울 시리즈는 계속해서 한계를 넘어서, 더욱 야심찬 단계에 도전하고자 하고 있습니다. 준비를 하고 어둠을 밝히십시오! ‖ [The Witcher 3: Wild Hunt] 리비아의 게롤트가 되어 의뢰를 받고 괴물을 사냥하세요. 전쟁의 상처가 가득하고 괴물이 들끓는 대륙을 마음껏 탐험해 보세요. 지금 가장 중요한 일은 대륙의 판도를 뒤바꿀 수도 있는 살아 있는 무기이자 예언의 아이, 시리를 추적하는 것입니다. ‖ [The Elder Scrolls V: Skyrim Special Edition] 200회 이상 올해의 게임에 선정된 The Elder Scrolls V: Skyrim Special Edition이 놀라운 디테일로 판타지에 생명을 불어넣었습니다. Special Edition에는 비평가들의 극찬을 받은 게임 및 새로운 기능이 포함된 애드온이 들어 있습니다.",INTO EVIL,"액션, 어드벤처, 인디, RPG, 앞서 해보기","핫라인 마이애미 x 다크 소울. 그레이트 소드, 악마, 미니건, 최대 4명의 플레이어. 과연 준비가 되셨을까요?",,,
B0272,A06,Cities: Skylines / Factorio / Farming Simulator 22,"시뮬레이션, 전략 / 캐주얼, 인디, 시뮬레이션, 전략 / 시뮬레이션","[Cities: Skylines] Cities: Skylines is a modern take on the classic city simulation. The game introduces new game play elements to realize the thrill and hardships of creating and maintaining a real  ‖ [Factorio] Factorio는 무한한 2D 세상에서 복잡성이 증가하는 아이템을 생산하기 위해 자동화 공장을 만드는 게임입니다. - 당신의 상상력으로 공장을 설계, 독창적인 방법으로 간단한 요소를 결합하고 마지막엔 당신을 좋아하지 않는 생물들로 부터 공장을 지키세요. ‖ [Farming Simulator 22] 농장을 만들고 농사를 즐기세요! 작물을 수확하고, 동물을 돌보고, 생산을 관리하고, 계절에 따른 어려움을 이겨내세요.",Let's Grow Together,"어드벤처, 인디, 시뮬레이션","1~4인 협동 농장 경영 어드벤처에서 친구들과 함께 꿈꿔왔던 농장을 만들어보세요! 귀여운 동물들을 키우고, 계절 작물을 재배하고, 낚시를 하고, 나만의 농부와 충직한 강아지를 꾸며 작은 농장을 번영하는 전원 낙원으로 바꿔보세요.",,,
B0273,A04,Hollow Knight / Dead Cells / Celeste,"액션, 어드벤처, 인디 / 액션, 어드벤처, 인디 / 액션, 어드벤처, 인디","[Hollow Knight] 할로우 나이트에서 자신만의 길을 구축하세요! 크게 파괴된 곤충과 영웅의 왕국을 통한 서사 액션 어드벤처입니다. 손으로 그린 클래식 2D 스타일로 구불구불한 동굴을 탐험하고 오염된 생물과 싸우고 이상한 곤충들과 친구가 되어 보세요. ‖ [Dead Cells] 데드 셀(Dead Cells)는 메트로배니아에서 영감을 받은 로그라이트 액션 플랫포머 게임입니다. 2D 소울 라이트 전투에서 성을 지키는 수호자들을 물리치고 끊임없이 변화하는 거대한 성을 탐험하게 됩니다. 세이브 포인트는 없습니다. 죽이고, 죽고, 배우고, 반복하세요. ‖ [Celeste] 타워폴(TowerFall) 시리즈의 개발자들이 만든 이 초밀착형 플랫폼 게임을 플레이하고, 매들린이 셀레스트 산 정상으로 향하는 여정에서 내면의 악마에게서 살아남을 수 있게 도와주세요. 한땀 한땀 손수 제작한 수백 가지의 도전 과제에 맞서고, 사악한 비밀을 밝혀내고, 산에 숨겨진 수수께끼를 풀어보세요.",Narita Boy,"어드벤처, 인디",Narita Boy의 세계를 여러분이 직접 가꿔보세요! Digital Kingdom 안에 소리 없이 갇혀 있는 전설적인 픽셀 영웅이 되어 역동적인 액션 어드벤처를 경험해보세요. Techno-sword의 숨겨진 비밀을 파헤쳐서 타락한 Stallions를 봉인하고 세상을 구하세요!,,,
B0274,A24,Valheim / Grounded / My Time at Portia,"액션, 어드벤처, 인디, RPG, 앞서 해보기 / 액션, 어드벤처 / 어드벤처, 캐주얼, 인디, RPG, 시뮬레이션","[Valheim] 북구 신화와 바이킹 문화에 기반한 판타지 세계를 배경으로 펼쳐지는 생존 및 탐험 게임. ‖ [Grounded] The world is a vast, beautiful and dangerous place – especially when you have been shrunk to the size of an ant. Can you thrive alongside the hordes of giant insects, fighting to s ‖ [My Time at Portia] 아름다운 Portia 마을에서 새 삶을 시작하세요! 아버지가 방치한 작업장에서 제작을 부탁받고, 작물을 키우고, 가축을 기르고, 아름다운 세기말의 땅에서 특이한 친구들을 사귀며 작업장을 예전의 멋진 모습으로 복원하세요.",Monster Harvest,"액션, 어드벤처, 인디, RPG","플래니멀 포인트에서 새로운 인생을 준비하며 평생의 모험을 떠날 준비를 하세요. 나만의 농장을 개발하고, 건설하고, 집을 꾸미고, 가구를 설치하고, 맛있는 잼을 만들고, 작물에 돌연변이를 일으켜 함께 전장에 나아갈 충성스럽고 맹렬한 동반자들을 만드세요!",,,
B0275,A23,Vomitoreum / Tales of Kenzera™: ZAU / Shantae: Half-Genie Hero,"액션, 어드벤처, 인디 / 액션, 어드벤처, 인디 / 액션, 어드벤처, 인디","[Vomitoreum] Vomitoreum is an FPS Metroidvania with a focus on atmosphere and horror, inspired by the paintings of Zdzisław Beksiński. ‖ [Tales of Kenzera™: ZAU] 샤먼의 춤을 추세요. 아버지의 영혼을 되찾으세요. Surgent Studios가 제작한 메트로이드바니아 스타일의 어드벤처 게임 Tales of Kenzera™: ZAU에서 죽음의 신과 함께 아름답고 위험한 켄제라의 땅으로 용감하게 모험을 떠나세요. ‖ [Shantae: Half-Genie Hero] Shantae embarks on her first full HD adventure! When a mysterious crime wave sweeps Sequin Land, it’s up to Half-Genie Hero Shantae to save the day! Use Shantae’s devastating Hair-",魔法使いハナビィ Hanaby the Witch,"액션, 어드벤처, 캐주얼, 인디",A 2D platforming adventure featuring fireworks,,,
B0276,A22,Deck of Ashes / Dicefolk / Cubic Cosmos,"어드벤처, 인디, RPG, 전략 / 캐주얼, 인디, 전략 / 전략","[Deck of Ashes] 덱 오브 애쉬즈(Deck of Ashes)는 전술 카드 전투를 벌이는 어드벤처 게임입니다. 한 번에 한 캐릭터씩 안티히어로 일행을 이끌어 속죄의 여행을 떠나보세요. 저주받은 판타지 세계를 탐험하며 강력한 카드를 찾아보세요. 독특한 전투 덱을 형성하여 적들을 무찌르세요! 잿빛 저주의 세계를 제거하실 수 있겠습니까? ‖ [Dicefolk] 마법 주사위의 힘을 휘두르고 강력한 키메라 팀을 구축해보세요! 수수께끼의 악을 멈추기 위한 택티컬 덱빌딩 로그라이트 모험이 다가오고 있습니다. 키메라 소환사로서, 신화적인 짐승들을 모집하고 완벽한 팀을 만들고, 다이스포크만의 독특한 주사위 메커니즘을 활용하여 승리로 이끌어주세요. ‖ [Cubic Cosmos] Cubic Cosmos is a thrilling fast-paced roguelike card game. You have been trapped in a deadly game. One wrong move could see you reduced to a plaything of the goddess. Can you free",Tower Tactics: Liberation,"인디, 전략","We fused deck-building roguelikes and tower defenses in a way never seen before - deploy your towers, collect valuable trinkets and cast powerful spells to defend yourself against the Salkoth!",,,
B0277,A05,Opus Magnum,"인디, 시뮬레이션","[Opus Magnum] Opus Magnum은 SpaceChem, Infinifactory, SHENZHEN I/O를 제작한 Zachtronics의 신작 퍼즐게임입니다. 연금술사들의 최첨단 도구인 변성 기관을 이용해 물약과 독을 만들어내는 기계들을 설계하고 만들어 내세요!",Rhell: Warped Worlds & Troubled Times,"액션, 어드벤처, 캐주얼, RPG, 시뮬레이션","Create unique spells by combining magical runes to solve puzzles your way. Transform objects, manipulate time, and discover the mysteries of a world where everyone has vanished, leaving only 12 people behind. Every puzzle has multiple solutions - if you can imagine it, you can probably do it.",,,
B0278,A21,DARK SOULS™ III / The Witcher 3: Wild Hunt / The Elder Scrolls V: Skyrim Special Edition,액션 / RPG / RPG,"[DARK SOULS™ III] 장르를 새로 개척했다는 평가를 들으며 많은 좋은 평가들을 얻고 있는 다크 소울 시리즈는 계속해서 한계를 넘어서, 더욱 야심찬 단계에 도전하고자 하고 있습니다. 준비를 하고 어둠을 밝히십시오! ‖ [The Witcher 3: Wild Hunt] 리비아의 게롤트가 되어 의뢰를 받고 괴물을 사냥하세요. 전쟁의 상처가 가득하고 괴물이 들끓는 대륙을 마음껏 탐험해 보세요. 지금 가장 중요한 일은 대륙의 판도를 뒤바꿀 수도 있는 살아 있는 무기이자 예언의 아이, 시리를 추적하는 것입니다. ‖ [The Elder Scrolls V: Skyrim Special Edition] 200회 이상 올해의 게임에 선정된 The Elder Scrolls V: Skyrim Special Edition이 놀라운 디테일로 판타지에 생명을 불어넣었습니다. Special Edition에는 비평가들의 극찬을 받은 게임 및 새로운 기능이 포함된 애드온이 들어 있습니다.",Atlas Fallen: Reign Of Sand,"액션, 어드벤처, RPG",싱글 플레이어 또는 협동으로 궁극의 Atlas Fallen을 경험할 수 있는 '모래의 통치(Reign of Sand)'를 만나 보세요. 끝이 없는 땅의 모래를 타고 극적인 액션 RPG 전투를 펼치며 어마어마한 힘을 사용하여 전설의 괴물들을 물리칠 수 있습니다.,,,
B0279,A17,Lethal Company / Phasmophobia / Deep Rock Galactic,"액션, 어드벤처, 인디, 앞서 해보기 / 액션, 인디, 앞서 해보기 / 액션","[Lethal Company] A co-op horror about scavenging at abandoned moons to sell scrap to the Company. ‖ [Phasmophobia] Phasmophobia is a 4 player online co-op psychological horror. Paranormal activity is on the rise and it’s up to you and your team to use all the ghost-hunting equipment at your dis ‖ [Deep Rock Galactic] 딥 락 갤럭틱은 1-4인의 플레이어가 협동하는 FPS 게임으로, 상남자 우주 드워프, 100% 파괴 가능한 맵 환경, 절차적 생성 동굴 지형, 그리고 끊임없이 등장하는 외계 괴물 무리가 특징입니다.",Anomaly Company,"액션, 어드벤처, 캐주얼, 인디, 시뮬레이션, 전략, 앞서 해보기",이 4인 협동 공포 게임에서 당신과 크루는 현실을 평가하는 임무를 맡게 됩니다. 환경을 기억하세요. 불안한 이상 현상을 발견하세요. 시간선이 안전한지 판단하세요. 단 한 번의 잘못된 선택—처음부터 다시 시작하게 됩니다.,,,
B0280,A18,Euro Truck Simulator 2 / BeamNG.drive / 아세토 코르사 Assetto Corsa,"인디, 시뮬레이션 / 레이싱, 시뮬레이션, 앞서 해보기 / 인디, 레이싱, 시뮬레이션, 스포츠","[Euro Truck Simulator 2] 도로의 왕이 되어 인상적인 거리를 가로질러 중요한 화물을 배달하는 트럭 운전사가 되어 유럽을 여행하세요! 탐험할 도시가 수십 개나 되므로, 당신의 인내심, 기술, 속도가 모두 한계에 도달할 것입니다. ‖ [BeamNG.drive] 뭐든지 할 수 있는 동적 소프트 보디 물리 시뮬레이터입니다. ‖ [아세토 코르사 Assetto Corsa] 아세토 코르사(Assetto Corsa) v1.16은 새로운 레이저 스캔 트랙 ""라구나 세카(Laguna Seca)"" 및 기다리던 Alfa Romeo Giulia Quadrifoglio를 포함한 7개의 신차를 소개합니다! 체인지로그에서 더 자세한 내용을 확인하세요!",MotoGP™14,"레이싱, 시뮬레이션, 스포츠","MotoGP™14 is back with a comprehensively overhauled and improved graphics engine. New game modes, all the riders from the 2014 and 2013 seasons and legendary riders from the history of the MotoGP™ give you the chance to live the dream of being a real rider.",,,
B0281,A26,RimWorld / Oxygen Not Included / Unpacking 언패킹,"인디, 시뮬레이션, 전략 / 인디, 시뮬레이션 / 캐주얼, 인디, 시뮬레이션","[RimWorld] 지능형 AI 이야기꾼이 주도하는 공상과학 정착지 시뮬레이터입니다. 심리, 생태, 총격전과 근접전, 날씨, 기후, 외교, 사람 사이의 관계, 예술, 의학, 무역, 그 외 많은 것들을 시뮬레이션하여 이야기를 생성합니다. ‖ [Oxygen Not Included] Oxygen Not Included는 우주 콜로니 시뮬레이션 게임입니다. 외계의 우주 암석 깊은 곳에서 근면한 일꾼들은 생존하고 나아가 번영하기 위해 과학을 마스터하고, 낯선 새로운 생명체에 맞서며, 경이로운 우주 테크놀로지를 활용해야 합니다. ‖ [Unpacking 언패킹] Unpacking은 상자에서 짐을 꺼내 새집에 맞게 배치하는 친숙한 체험에 대한 명상적 퍼즐 게임입니다. 게임의 일부인 블록 맞추기 게임과 집 꾸미기를 하는 동안, 푸는 짐에 닮긴 삶의 실마리를 찾아가며 만족할 만한 생활 공간을 만들어 보세요.",Deep Space Outpost,"인디, 시뮬레이션, 전략","Deep Space Outpost는 자원과 기지 관리를 포함한 우주 정거장 건설 및 생존 게임입니다. 타일별로 우주 정거장을 건설하고, 소행성을 채굴하고, 재료를 정제하고, 정거장을 계속 가동하세요.",,,
B0282,A33,Garry's Mod / Team Fortress 2 / Left 4 Dead 2,"캐주얼, 인디, 시뮬레이션 / 액션, 무료 플레이 / 액션","[Garry's Mod] Garry's Mod is a physics sandbox. There aren't any predefined aims or goals. We give you the tools and leave you to play. ‖ [Team Fortress 2] 다양한 전술적 능력과 뚜렷한 개성을 갖춘 9가지 병과의 캐릭터를 플레이하세요. 끊임없이 업데이트되는 새로운 게임 모드, 맵, 장비 그리고 가장 중요한 모자까지 지금 바로 즐겨보세요! ‖ [Left 4 Dead 2] Set in the zombie apocalypse, Left 4 Dead 2 is a co-operative action horror FPS takes you and your friends through the cities, swamps and cemeteries of the Deep South, from Savanna",Modiverse,"액션, 어드벤처, 캐주얼, 인디, 대규모 멀티플레이어, RPG, 시뮬레이션, 전략, 앞서 해보기","An open multiplayer sandbox game; includes tools, props, levels, NPCs, character models, game-modes and much more! Make your own using our mod kit!",,,
B0283,A08,Sid Meier’s Civilization® VI / XCOM® 2 / Stellaris,"전략 / 전략 / 시뮬레이션, 전략","[Sid Meier’s Civilization® VI] 문명 VI 에서는 새로운 방식으로 세상과 소통하고, 제국의 영토를 확장시키며, 문화를 발전시키고, 역사속 위대한 지도자들에 맞서 오래도록 지속될 나만의 문명을 건설해볼 수 있습니다. 클레오파트라를 비롯한 20명의 역사 속 지도자들 중 한명으로 플레이 해보세요. ‖ [XCOM® 2] XCOM 2는 수상 경력이 있는 전략 게임 XCOM: Enemy Unknown의 속편입니다. 인류가 외계인 침략군에게 항복한 지 20년, 이제 지구 상에는 새로운 세계 질서가 존재합니다. 수년간을 어둠 속에서 숨어 있었던 XCOM 부대는 반드시 일어나 외계인의 지배를 무너뜨릴 것입니다. ‖ [Stellaris] 항성간 여행을 통해 우주를 탐험하며 수많은 종족들도 만나보세요. 과학선을 보내 우주를 조사하고 탐험하면서 은하 제국을 건설하고, 건축선을 보내 새로 발견한 행성에 기지를 건설하세요. 소속 사회를 위한 탐험에 나서 매장된 보물과 은하계의 경이를 발견하고, 탐험가의 한계치와 진화 범위를 설정하세요. 동맹이 체결되고, 전쟁이 ",Fallen: A2P Protocol,"인디, RPG, 전략","A post-apocalyptic, turn based, tactical combat and strategy game where you lead your caravan on a quest for revenge.",,,
B0284,A23,Vomitoreum / Tales of Kenzera™: ZAU / Shantae: Half-Genie Hero,"액션, 어드벤처, 인디 / 액션, 어드벤처, 인디 / 액션, 어드벤처, 인디","[Vomitoreum] Vomitoreum is an FPS Metroidvania with a focus on atmosphere and horror, inspired by the paintings of Zdzisław Beksiński. ‖ [Tales of Kenzera™: ZAU] 샤먼의 춤을 추세요. 아버지의 영혼을 되찾으세요. Surgent Studios가 제작한 메트로이드바니아 스타일의 어드벤처 게임 Tales of Kenzera™: ZAU에서 죽음의 신과 함께 아름답고 위험한 켄제라의 땅으로 용감하게 모험을 떠나세요. ‖ [Shantae: Half-Genie Hero] Shantae embarks on her first full HD adventure! When a mysterious crime wave sweeps Sequin Land, it’s up to Half-Genie Hero Shantae to save the day! Use Shantae’s devastating Hair-",오구와 비밀의 숲,어드벤처,"탐험 모자를 쓴 아기 오구와 함께 새로운 세계를 탐험하세요! 귀여운 캐릭터들과 수많은 비밀이 가득한 세계에서 새로운 친구들을 사귀고, 적을 물리치며 수수께끼를 풀어보세요",,,
B0285,A05,Opus Magnum,"인디, 시뮬레이션","[Opus Magnum] Opus Magnum은 SpaceChem, Infinifactory, SHENZHEN I/O를 제작한 Zachtronics의 신작 퍼즐게임입니다. 연금술사들의 최첨단 도구인 변성 기관을 이용해 물약과 독을 만들어내는 기계들을 설계하고 만들어 내세요!",Quell,인디,이 재밌는 퍼즐은 당신의 뇌를 시험하고 당신을 푹 빠져들게 할 것입니다!,,,
B0286,A34,Pid / ChromaGun / Deer & Boy,"어드벤처, 인디 / 액션, 어드벤처, 인디 / 액션, 어드벤처, 인디","[Pid] You are stranded on a strange and peculiar planet. It’s time to embark on your journey and find your way home! Explore a gravity defying and challenging platformer with striking vi ‖ [ChromaGun] Welcome to ChromaTec’s test lab! You’re here to test our state-of-the-art military-grade color-technology: The ChromaGun (patent pending)! Use it to solve our meticulously designed ‖ [Deer & Boy] 도망친 소년은 길 잃은 어린 사슴을 만나 고요하면서도 위태로운 세상을 함께 헤쳐 나갑니다. 퍼즐을 풀고, 높은 곳에 오르고, 위협을 피해 나아가며 당신의 동료는 연약한 아기 사슴에서 어엿한 사슴으로 성장하죠. 혼자서는 할 수 없었던 일을 함께 해내는 법을 배우게 됩니다.",Chiral,"액션, 어드벤처, 인디","Chiral 은 미러, 레이저, 중력 퍼즐로 이루어진 미로를 탐험하며 공간 추리 능력을 시험하고 웃음과 혼란을 안기는 사이언스 픽션 어두운 코미디 퍼즐 게임입니다.",,,
B0287,A04,Hollow Knight / Dead Cells / Celeste,"액션, 어드벤처, 인디 / 액션, 어드벤처, 인디 / 액션, 어드벤처, 인디","[Hollow Knight] 할로우 나이트에서 자신만의 길을 구축하세요! 크게 파괴된 곤충과 영웅의 왕국을 통한 서사 액션 어드벤처입니다. 손으로 그린 클래식 2D 스타일로 구불구불한 동굴을 탐험하고 오염된 생물과 싸우고 이상한 곤충들과 친구가 되어 보세요. ‖ [Dead Cells] 데드 셀(Dead Cells)는 메트로배니아에서 영감을 받은 로그라이트 액션 플랫포머 게임입니다. 2D 소울 라이트 전투에서 성을 지키는 수호자들을 물리치고 끊임없이 변화하는 거대한 성을 탐험하게 됩니다. 세이브 포인트는 없습니다. 죽이고, 죽고, 배우고, 반복하세요. ‖ [Celeste] 타워폴(TowerFall) 시리즈의 개발자들이 만든 이 초밀착형 플랫폼 게임을 플레이하고, 매들린이 셀레스트 산 정상으로 향하는 여정에서 내면의 악마에게서 살아남을 수 있게 도와주세요. 한땀 한땀 손수 제작한 수백 가지의 도전 과제에 맞서고, 사악한 비밀을 밝혀내고, 산에 숨겨진 수수께끼를 풀어보세요.",가이더스 제로,"액션, 어드벤처, 인디, 전략",가이더스 제로는 실시간 그리드 액션 로그라이크 게임입니다. 대륙에 생겨난 미지의 싱크홀 '상처'를 탐험하며 신비로운 정령들과 보물상자를 찾아보세요. 그리고 어둠에 침식된 적들과 강력한 보스를 물리치고 상처의 최하층에 도달해보세요. 재앙의 원인이 기다리고 있습니다.,,,
B0288,A14,Iron Brigade / Ancient Planet Tower Defense / Creeper World IXE,"액션, 전략 / 캐주얼, 인디, 전략 / 액션, 캐주얼, 인디, 시뮬레이션, 전략","[Iron Brigade] Join The Mobile Trench Brigade and protect humanity from the evil Monovision menace! ‖ [Ancient Planet Tower Defense] 고대 행성 타워 디펜스는 정통 타워 디펜스 게임입니다. 고대 문명의 요새가 외계 침략자들로부터 침략당했습니다. 고대의 강력한 기술을 사용하여 적군의 공격을 물리치십시오! ‖ [Creeper World IXE] The unstoppable alien force known as The Creeper has returned, devouring thousands of worlds in its path, and yours is next. Battle against the Creeper fluid in a groundbreaking pi",Toy Shire,"액션, 전략, 앞서 해보기","장난감 군대 타워 방어 모험에 대한 짜릿한 준비가 되셨나요? 토이 샤이어에 오신 것을 환영합니다! 다양한 장소에서 다양한 적과 싸우며, 가족을 방어하고, 자신의 영역에서 적을 물리치세요. 장난감 타워로 방어를 강화하여 세계를 구하세요!",,,
B0289,A10,A Short Hike / ISLANDERS / Gorogoa,"어드벤처, 인디 / 캐주얼, 인디, 전략 / 어드벤처, 캐주얼, 인디","[A Short Hike] Hike, climb, and soar through the peaceful mountainside landscapes of Hawk Peak Provincial Park as you make your way to the summit. ‖ [ISLANDERS] ISLANDERS is a minimalist strategy game about building cities on colorful islands. ‖ [Gorogoa] Gorogoa(고로고아)는 Jason Roberts가 디자인하고 일러스트레이션을 손으로 그린 아름다운 차세대 퍼즐 게임입니다.",Glass Masquerade,"캐주얼, 인디","20세기의 스테인드글라스 장인들에게서 영감을 받은 예술적인 퍼즐 게임, Glass Masquerade 에 오신 것을 환영합니다. 여러분은 인터랙티브 전자 박람회인 '국제 시간 박람회'에서 숨은 유리 조각을 조합하여, 전 세계의 여러 문화권에서 출품한 시계와 주제를 찾아내야 합니다.",,,
B0290,A25,DOOMBLADE / Transiruby / Blast Brigade vs. the Evil Legion of Dr. Cread,"액션, 어드벤처, 인디 / 액션 / 액션, 어드벤처, 인디","[DOOMBLADE] Deep underground, Gloom Girl discovers DOOMBLADE, a sentient weapon hellbent on escape after eons in chains. Together, “Doom and Gloom” embark on a vengeful quest to unlock the pow ‖ [Transiruby] 차원 대륙의 의문을 풀어라! 는 사이보그 소녀 실비가 검과 엘리먼트 샷으로 적을 쓰러뜨리며 앞으로 나아가는 탐색형 액션 게임입니다! ‖ [Blast Brigade vs. the Evil Legion of Dr. Cread] 스릴 넘치는 플랫포밍과 깊이 있는 탐험 세계, 폭발적인 액션으로 가득한 2D 메트로이드배니아 어드벤처 게임을 즐겨보세요! Blast Brigade에서 영웅들로 팀을 구성해 세계를 구하세요!",DreadFall,"액션, 인디","Embark on a chilling odyssey in Dreadfall, a horror platformer where you descend into your own nightmare. Fight monsters, solve puzzles, and upgrade your abilities as you journey through a haunting dream world.",,,
B0291,A16,The Talos Principle / Rust / Inscryption,"액션, 어드벤처, 인디 / 액션, 어드벤처, 인디, 대규모 멀티플레이어, RPG / 어드벤처, 인디, 전략","[The Talos Principle] 탈로스 법칙은 철학적 SF 소설의 전통을 따른 1인칭 퍼즐 게임입니다. 시리어스 샘을 개발한 크로팀에서 만들었으며, 톰 주버트(FTL, 더 스와퍼)와 조나스 카이라츠(바다는 모든 것을 요구한다.)가 스토리를 작성했습니다. ‖ [Rust] Rust에서의 목표는 오직 하나, 바로 살아남는 것입니다. 섬의 야생 동물, 다른 주민, 환경, 다른 생존자 모두가 여러분의 목숨을 노립니다. 하루 더 살아남을 수 있다면 수단과 방법을 가리지 마세요. ‖ [Inscryption] Inscryption은 검은 잉크로 그려진 카드를 기반으로 한 덱빌딩 로그라이크, 방탈출 퍼즐, 피가 흐르는 심리적 공포 등의 요소가 섞인 여정을 다룹니다. 카드에는 더 어두운 비밀이 새겨져 있습니다…",IFO,"인디, 시뮬레이션, 전략","A spaceship simulator for aliens, an ever-changing rule discovery puzzle for humans.",,,
B0292,A07,Into the Breach / Monster Train / Mini Metro,"인디, RPG, 시뮬레이션, 전략 / 전략 / 인디, 시뮬레이션, 전략","[Into the Breach] 미래의 강력한 메크를 조종하여 외계 세력을 물리치세요. 이 턴제 전략 게임에서는 세계를 구하려 시도할 때마다 무작위로 새롭게 생성되는 도전이 여러분 앞에 나타납니다. ‖ [Monster Train] Monster Train is a strategic roguelike deck building game with a twist. Set on a train to hell, you’ll use tactical decision making to defend multiple vertical battlegrounds. With  ‖ [Mini Metro] 미니 메트로는 성장하는 도시를 위해 지하철 노선을 설계하는 게임입니다. 역과 역 사이에 노선을 그려서 열차 운행을 시작하세요. 새로운 역이 열리면 노선을 수정해서 노선도를 효율적으로 유지하세요. 한정된 자원을 어느 곳에 사용할 것인지 결정하세요. 도시를 얼마나 오래 유지할 수 있을까요?",Dobbel Dungeon,"인디, RPG, 전략","로그라이크 턴제 전략 RPG 게임에서 파티를 모으고, 주사위를 굴리고, 섬을 가로질러 전투를 하며 강력한 저주를 완전히 끝내세요!",,,
B0293,A27,The Raven Remastered / The Frostrune / Mad Experiments: Escape Room,"어드벤처 / 어드벤처 / 어드벤처, 캐주얼, 인디, 시뮬레이션, 전략","[The Raven Remastered] London, 1964. An ancient ruby is stolen from the British Museum. At the crime scene: a raven feather. Is somebody trying to follow in the footsteps of The Raven, the legendary mast ‖ [The Frostrune] Unravel a mystery inspired by Viking myth and legend in The Frostrune, a classic point-and-click adventure based on historically accurate Norse culture and environments. ‖ [Mad Experiments: Escape Room] 수상 후보에 오른 이스케이프 게임 1인 또는 최대 5인까지 플레이하며 3개의 독특한 방을 탐험하고, 두뇌를 자극하는 퍼즐을 풀며 체셔 교수와 그의 실험에 얽힌 어두운 비밀을 밝혀보세요.",The Roottrees are Dead,어드벤처,"A genealogical mystery straight out of 1998. Scour the early Internet for clues, uncover hidden connections, and piece together the family tree behind the secretive Roottree Corporation.",,,
B0294,A17,Lethal Company / Phasmophobia / Deep Rock Galactic,"액션, 어드벤처, 인디, 앞서 해보기 / 액션, 인디, 앞서 해보기 / 액션","[Lethal Company] A co-op horror about scavenging at abandoned moons to sell scrap to the Company. ‖ [Phasmophobia] Phasmophobia is a 4 player online co-op psychological horror. Paranormal activity is on the rise and it’s up to you and your team to use all the ghost-hunting equipment at your dis ‖ [Deep Rock Galactic] 딥 락 갤럭틱은 1-4인의 플레이어가 협동하는 FPS 게임으로, 상남자 우주 드워프, 100% 파괴 가능한 맵 환경, 절차적 생성 동굴 지형, 그리고 끊임없이 등장하는 외계 괴물 무리가 특징입니다.",Lumencraft,"액션, 인디, RPG, 시뮬레이션, 전략","드릴과 총! Lumencraft는 기지 방어와 타워 디펜스 요소가 가미된 탑다운 로그라이크 슈팅 게임입니다. 절차적으로 생성되는 맵과 캠페인 레벨에서 파괴 가능한 주변 환경을 파고 빛을 비춰, 인류 생존의 유일한 희망인 귀중한 루멘을 찾으세요.",,,
B0295,A04,Hollow Knight / Dead Cells / Celeste,"액션, 어드벤처, 인디 / 액션, 어드벤처, 인디 / 액션, 어드벤처, 인디","[Hollow Knight] 할로우 나이트에서 자신만의 길을 구축하세요! 크게 파괴된 곤충과 영웅의 왕국을 통한 서사 액션 어드벤처입니다. 손으로 그린 클래식 2D 스타일로 구불구불한 동굴을 탐험하고 오염된 생물과 싸우고 이상한 곤충들과 친구가 되어 보세요. ‖ [Dead Cells] 데드 셀(Dead Cells)는 메트로배니아에서 영감을 받은 로그라이트 액션 플랫포머 게임입니다. 2D 소울 라이트 전투에서 성을 지키는 수호자들을 물리치고 끊임없이 변화하는 거대한 성을 탐험하게 됩니다. 세이브 포인트는 없습니다. 죽이고, 죽고, 배우고, 반복하세요. ‖ [Celeste] 타워폴(TowerFall) 시리즈의 개발자들이 만든 이 초밀착형 플랫폼 게임을 플레이하고, 매들린이 셀레스트 산 정상으로 향하는 여정에서 내면의 악마에게서 살아남을 수 있게 도와주세요. 한땀 한땀 손수 제작한 수백 가지의 도전 과제에 맞서고, 사악한 비밀을 밝혀내고, 산에 숨겨진 수수께끼를 풀어보세요.",Jubilee,"액션, 인디","Challenging precision platformer based on tight, fluid movement. Open map layout with multiple routes. Collect gems and save animals.",,,
B0296,A11,Forza Horizon 5 / Hi-Fi RUSH / Street Fighter 6,"액션, 어드벤처, 레이싱, 시뮬레이션, 스포츠 / 액션 / 액션, 어드벤처","[Forza Horizon 5] 세계 최고의 자동차를 타고 생동감 넘치는 멕시코의 대자연을 탐험하며 재미있는 드라이빙 액션을 마음껏 즐겨보세요. ‖ [Hi-Fi RUSH] 아케이드 챌린지! 업데이트!로 추가되는 두 개의 신규 게임 모드에서 여러분의 능력을 시험하고, 새로운 보상을 획득해 보세요. 몇 가지 비밀도 숨어 있답니다! 락 스타 지망생 차이가 되어 비트를 타고, 세상 모든 게 음악에 싱크되는 세계에서 오합지졸 팀과 함께 사악한 거대 기업에 맞서 싸우세요. ‖ [Street Fighter 6] 시리즈 최신작 『Street Fighter 6』, 2023년 6월 2일 발매 결정! RE ENGINE으로 개발된 본 작품은 대형 모드 「World Tour」, 「Fighting Ground」, 「Battle Hub」로 구성되어 있다. 새로운 「스트리트 파이터」에는 지금까지의 시리즈에는 없었던 새로운 체험이 기다리고 있다.",Oddworld: Munch's Oddysee,"액션, 어드벤처, 전략","New port for 2016! 60 FPS, higher res textures, higher poly models, improved audio, numerous fixes and improvements, and trading cards, badges, emotes and backgrounds!",,,
B0297,A01,It Takes Two / Overcooked! 2 / What Remains of Edith Finch,"액션, 어드벤처 / 액션, 캐주얼, 인디 / 어드벤처, 인디","[It Takes Two] It Takes Two에서 생애 가장 정신없는 여정을 시작하세요. 친구가 무료로 참가할 수 있게 친구 패스*로 초대하고, 함께 힘을 합쳐서 수많은 유쾌하고 획기적인 게임 플레이 챌린지를 헤쳐나가세요. ‖ [Overcooked! 2] 혼란스러운 요리 액션으로 가득한 Overcooked가 돌아왔습니다! 양파 왕국으로 돌아가는 여행을 떠나세요. 클래식 협동 또는 온라인 플레이에서 셰프 팀을 만들어서 최대 4명까지 플레이하세요. 앞치마를 준비하세요... 다시 세상을 구할 때가 되었습니다! ‖ [What Remains of Edith Finch] What Remains of Edith Finch(워트 리메인스 오브 에디스 핀치)는 워싱턴 주에 있는 어느 가족에 대한 이상한 이야기의 모음입니다. 플레이어는 에디스가 되어 거대한 핀치 가택을 탐사하고, 가족사를 연구하며 이야기를 찾고, 왜 가족 중에서 그녀만 살아남았는지 알아내야 합니다. 각 이야기는 새로운 가족 구성",Gauntlet™ Slayer Edition,"액션, 어드벤처, RPG","클래식 Gauntlet의 4인 협동 액션 게임플레이가 완전히 새로운 경험으로 돌아왔습니다! 로컬이나 온라인 co-op 멀티플레이어에서, 친구들과 함께 끝 없는 적 무리를 상대로 전투를 펼치고 보물과 영광을 차지하세요. 어둠 속으로 쳐들어가세요!",,,
B0298,A10,A Short Hike / ISLANDERS / Gorogoa,"어드벤처, 인디 / 캐주얼, 인디, 전략 / 어드벤처, 캐주얼, 인디","[A Short Hike] Hike, climb, and soar through the peaceful mountainside landscapes of Hawk Peak Provincial Park as you make your way to the summit. ‖ [ISLANDERS] ISLANDERS is a minimalist strategy game about building cities on colorful islands. ‖ [Gorogoa] Gorogoa(고로고아)는 Jason Roberts가 디자인하고 일러스트레이션을 손으로 그린 아름다운 차세대 퍼즐 게임입니다.",힌터베르그의 던전,"액션, 어드벤처, 인디, RPG","검과 관광 가이드로 무장하고 아름다운 고산 마을 힌터버그를 탐험해 던전 안에 숨겨진 마법을 발견하세요! 마법을 마스터하고, 퍼즐을 풀고, 괴물을 처치하세요. 이 모든 것들이 힌터버그에서 여러분을 기다립니다!",,,
B0299,A31,Hearts of Iron IV / Europa Universalis IV / Sid Meier's Civilization® V,"시뮬레이션, 전략 / 시뮬레이션, 전략 / 전략","[Hearts of Iron IV] Victory is at your fingertips! Your ability to lead your nation is your supreme weapon, the strategy game Hearts of Iron IV lets you take command of any nation in World War II; the ‖ [Europa Universalis IV] 비교할 수 없는 자유도, 깊이 있는 스토리, 정확한 역사적 고증을 즐기며 국토를 다스리고 세계를 정복하세요. 세계 역사를 새롭게 쓰며 시대를 풍미할 제국을 만드세요. ‖ [Sid Meier's Civilization® V] Create, discover, and download new player-created maps, scenarios, interfaces, and more!",Battlestations Pacific,"액션, 전략","Experience one war through two epic sagas where you will be a part of history or change it. Feel the power of the historically authentic and decisive battles of the Pacific War. Relive some of the grandest and most critical naval battles of recent history and for the first time, choose to lead your ",,,
B0300,A32,Hardspace: Shipbreaker / Hacknet / The Case of the Golden Idol / 방 탈출 시뮬레이터 / shapez 2 - Factory,"시뮬레이션 / 인디, 시뮬레이션 / 어드벤처, 인디 / 어드벤처, 캐주얼, 인디, 시뮬레이션 / 캐주얼, 인디, 시뮬레이션, 전략","[Hardspace: Shipbreaker] Equipped with cutting-edge salvaging tech, carve & slice spaceships to recover valuable materials. Upgrade your gear to take on more lucrative contracts and pay your billion credit ‖ [Hacknet] Hacknet은 터미널 기반의 몰입형 해킹 시뮬레이터입니다. 최근에 사망한, 그러나 언론 보도와는 달리 사고로 사망하지 않은 해커의 지시에 따라 진실을 추척하십시오. ‖ [The Case of the Golden Idol] A new kind of detective game that allows you to think and investigate freely. Discover clues surrounding 12 strange and gruesome deaths and build your own theory. Pick your suspect ‖ [방 탈출 시뮬레이터] Escape Simulator는 단독 또는 온라인 협동 플레이가 가능한 1인칭 퍼즐 게임입니다. 점점 더 많아지는, 고도의 상호 작용이 가능한 방탈출 세트를 탐험하세요. 가구를 옮기고, 모든 것을 집어 들고 검사하고, 냄비를 부수고 자물쇠를 부수세요! 레벨 편집기를 통해 커뮤니티가 만든 방을 지원합니다. ‖ [shapez 2 - Factory] 공장 건설 게임에 빠져들어 보세요. 단 한 가지에 집중하세요. 대규모 우주 공장을 건설하는 것! 방대하게 펼쳐지는 다층 공장과 만족스러운 생산 라인을 무제한으로 설계하세요. 계속해서 어려워지는 자동화 목표를 적의 위협 없이 자신만의 속도로 달성하세요.",Center Station Simulator,"인디, 시뮬레이션, 앞서 해보기","무한한 지하실에서 채굴하고, 농사를 짓고, 부품을 생산하고, 다양한 기계를 제작하세요. 자동화 덕분에 원시적인 작업은 잊으세요! 그리고 고객에게 제품을 판매하세요! 주차장, 주유소를 건설하세요...",,,
B0301,A34,Pid / ChromaGun / Deer & Boy,"어드벤처, 인디 / 액션, 어드벤처, 인디 / 액션, 어드벤처, 인디","[Pid] You are stranded on a strange and peculiar planet. It’s time to embark on your journey and find your way home! Explore a gravity defying and challenging platformer with striking vi ‖ [ChromaGun] Welcome to ChromaTec’s test lab! You’re here to test our state-of-the-art military-grade color-technology: The ChromaGun (patent pending)! Use it to solve our meticulously designed ‖ [Deer & Boy] 도망친 소년은 길 잃은 어린 사슴을 만나 고요하면서도 위태로운 세상을 함께 헤쳐 나갑니다. 퍼즐을 풀고, 높은 곳에 오르고, 위협을 피해 나아가며 당신의 동료는 연약한 아기 사슴에서 어엿한 사슴으로 성장하죠. 혼자서는 할 수 없었던 일을 함께 해내는 법을 배우게 됩니다.",Hyper Light Drifter,"액션, 어드벤처, 인디, RPG","Explore a beautiful, vast and ruined world riddled with dangers and lost technologies.",,,
B0302,A12,Baldur's Gate 3 / Mount & Blade II: Bannerlord / Kenshi,"어드벤처, RPG, 전략 / 액션, 인디, RPG, 시뮬레이션, 전략 / 액션, 인디, RPG, 시뮬레이션, 전략","[Baldur's Gate 3] Baldur’s Gate 3 is a story-rich, party-based RPG set in the universe of Dungeons & Dragons, where your choices shape a tale of fellowship and betrayal, survival and sacrifice, and  ‖ [Mount & Blade II: Bannerlord] 본 게임은 전략/액션 RPG입니다. 캐릭터를 생성하고, 외교에 참여하고, 제작, 거래를 하고, 방대한 중세풍의 샌드박스에서 새로운 땅을 정복하십시오. 군대를 일으켜 전쟁에 뛰어들고, 깊이가 있으나 직관적인 실력 기반의 전투 시스템을 채용한 대규모 실시간 전투에서 자신의 부대에 명령을 내리고 함께 싸우십시오. ‖ [Kenshi] 자유롭게 돌아다니는 분대 기반의 RPG. 스토리를 따라가는 대신 제한 없는 샌드박스식 게임플레이에 중점을 두었습니다. 무역상, 도둑, 반란군, 전쟁 군주, 모험가, 농부, 노예 등 다양한 삶을 체험할 수 있습니다. 운이 나쁘면 식인종의 먹잇감으로 전락할지도 모르죠. 새로운 장비를 연구하거나 제작해 보세요.",Empire of Ember,"액션, 어드벤처, 인디, RPG, 전략","Become a battlemage, build a city, and command your troops in this fantasy warfare simulator. Jump into the fray and use your might, magic, and wits to fight enemies in battles of up to a hundred units and fully destructible city siege combat. The fate of an empire is in your hands.",,,
B0303,A02,Still Life / Jenny LeClue - Detectivu / Telling Lies,"어드벤처 / 액션, 어드벤처, 캐주얼, 인디 / 어드벤처, 인디, 시뮬레이션",[Still Life] Still Life 2 also now available! ‖ [Jenny LeClue - Detectivu] Jenny LeClue - Detectivu는 조사와 선택지로 가득한 스릴 넘치는 미스터리 어드벤처 게임입니다. ‖ [Telling Lies] 네 명의 삶. 그리고 하나의 큰 거짓말. 아무도 모르게 녹화된 은밀한 대화를 들으며 진실을 알아내십시오. 큰 호평을 받았던 Her Story의 계승작입니다.,of the Devil,"어드벤처, 인디","Immerse yourself in neon, smoke, and high-stakes legal gambles as a Defense Attorney with uniquely Killer insights in this episodic, diabolically stylish visual novel adventure game.",,,
B0304,A29,Salt and Sanctuary,"액션, 인디, RPG","[Salt and Sanctuary] 두렵고도 잔혹한 섬의 탐험을 시작합니다… Salt and Sanctuary는 신속하고, 잔인하며, 복잡한 전투 시스템을 지닌 2D RPG입니다. 저주받은 도시의 잊힌 영역이나, 피에 물든 던전이나, 오염된 기념비와 같은 장소를 돌아다니며, 한때 축복을 받았지만 지금은 타락하고 만 영주들을 조우하세요.",데블위딘 삿갓,"액션, 어드벤처, 인디, RPG","다채로운 검술 액션이 가미된 횡스크롤 액션 게임입니다. 당신은 이승을 침범한 수많은 지옥의 악귀들을 상대로 뛰어난 검술과 사격술, 그리고 적들에게서 흡수한 강력한 악귀의 힘을 조합하여 가장 효과적인 방식으로 이 땅 위에 모든 악귀를 베어내야 합니다.",,,
B0305,A07,Into the Breach / Monster Train / Mini Metro,"인디, RPG, 시뮬레이션, 전략 / 전략 / 인디, 시뮬레이션, 전략","[Into the Breach] 미래의 강력한 메크를 조종하여 외계 세력을 물리치세요. 이 턴제 전략 게임에서는 세계를 구하려 시도할 때마다 무작위로 새롭게 생성되는 도전이 여러분 앞에 나타납니다. ‖ [Monster Train] Monster Train is a strategic roguelike deck building game with a twist. Set on a train to hell, you’ll use tactical decision making to defend multiple vertical battlegrounds. With  ‖ [Mini Metro] 미니 메트로는 성장하는 도시를 위해 지하철 노선을 설계하는 게임입니다. 역과 역 사이에 노선을 그려서 열차 운행을 시작하세요. 새로운 역이 열리면 노선을 수정해서 노선도를 효율적으로 유지하세요. 한정된 자원을 어느 곳에 사용할 것인지 결정하세요. 도시를 얼마나 오래 유지할 수 있을까요?",City Bus Manager,"캐주얼, 시뮬레이션","시티 버스 매니저에서 나만의 버스 차고지를 처음부터 건설하고 개인 버스 노선을 만들어 보세요. 실제 지도 데이터로 자신의 고향이나 전 세계 유명 도시에서 플레이하세요. 버스를 구매하고, 관리하고, 직원을 관리하고, 버스 회사를 이끌고 마을에서 최고의 버스 회사가 되세요!",,,
B0306,A25,DOOMBLADE / Transiruby / Blast Brigade vs. the Evil Legion of Dr. Cread,"액션, 어드벤처, 인디 / 액션 / 액션, 어드벤처, 인디","[DOOMBLADE] Deep underground, Gloom Girl discovers DOOMBLADE, a sentient weapon hellbent on escape after eons in chains. Together, “Doom and Gloom” embark on a vengeful quest to unlock the pow ‖ [Transiruby] 차원 대륙의 의문을 풀어라! 는 사이보그 소녀 실비가 검과 엘리먼트 샷으로 적을 쓰러뜨리며 앞으로 나아가는 탐색형 액션 게임입니다! ‖ [Blast Brigade vs. the Evil Legion of Dr. Cread] 스릴 넘치는 플랫포밍과 깊이 있는 탐험 세계, 폭발적인 액션으로 가득한 2D 메트로이드배니아 어드벤처 게임을 즐겨보세요! Blast Brigade에서 영웅들로 팀을 구성해 세계를 구하세요!",Islets,"액션, 어드벤처","Take to the sky and reunite a fragmented world in this surprisingly wholesome metroidvania! Help Iko adventure across beautiful hand-painted islands, receive letters from a quirky cast of characters, and face powerful monstrous adversaries.",,,
B0307,A09,Roots of Yggdrasil / Ancient Gods / Flick Shot Rogues,"인디, 전략 / RPG, 전략 / 인디, 전략","[Roots of Yggdrasil] Build settlements, explore the Nine Realms, collect artifacts and upgrade your deck to reach the top of Yggdrasil in this post-Ragnarok roguelike city-builder! Can you survive the  ‖ [Ancient Gods] Ancient Gods is a fusion of hero collector and deck-building rogue-lite where you collect your character, fight, and experience exciting events. Any character can use all the cards ‖ [Flick Shot Rogues] 계획하고, 조준하고, 쏘세요! FLICK SHOT ROGUES는 테이블 위에서 물건을 튕기는 촉각적 만족감과 사람들이 좋아하는 턴제 로그라이크의 전략적 깊이를 결합한 게임입니다. 말도 안되는 콤보를 연결하고, 캐릭터, 아이템, 스킬을 잠금 해제하면서, 섬을 정복하세요!",尸姬之梦,"어드벤처, 인디, 전략","Cards, battle! Someone woke up the sleeping Corpse Lady... Perhaps, the world needs to pay a price for the awakening... In this game, you will play the role of the awakened Corpse Lady, try various strange construction combinations, discover powerful opponents, and then knock them all down!",,,
B0308,A07,Into the Breach / Monster Train / Mini Metro,"인디, RPG, 시뮬레이션, 전략 / 전략 / 인디, 시뮬레이션, 전략","[Into the Breach] 미래의 강력한 메크를 조종하여 외계 세력을 물리치세요. 이 턴제 전략 게임에서는 세계를 구하려 시도할 때마다 무작위로 새롭게 생성되는 도전이 여러분 앞에 나타납니다. ‖ [Monster Train] Monster Train is a strategic roguelike deck building game with a twist. Set on a train to hell, you’ll use tactical decision making to defend multiple vertical battlegrounds. With  ‖ [Mini Metro] 미니 메트로는 성장하는 도시를 위해 지하철 노선을 설계하는 게임입니다. 역과 역 사이에 노선을 그려서 열차 운행을 시작하세요. 새로운 역이 열리면 노선을 수정해서 노선도를 효율적으로 유지하세요. 한정된 자원을 어느 곳에 사용할 것인지 결정하세요. 도시를 얼마나 오래 유지할 수 있을까요?",Super Loco World - Cozy Train Automation,"캐주얼, 인디, 시뮬레이션, 전략","Effortlessly build and automate intricate railroads and deliver goods to meet the demands of a dynamic world! Make clever use of signals and signposts to avoid traffic jams, and watch your villages blossom into bustling towns in this cozy take on the train tycoon genre.",,,
B0309,A08,Sid Meier’s Civilization® VI / XCOM® 2 / Stellaris,"전략 / 전략 / 시뮬레이션, 전략","[Sid Meier’s Civilization® VI] 문명 VI 에서는 새로운 방식으로 세상과 소통하고, 제국의 영토를 확장시키며, 문화를 발전시키고, 역사속 위대한 지도자들에 맞서 오래도록 지속될 나만의 문명을 건설해볼 수 있습니다. 클레오파트라를 비롯한 20명의 역사 속 지도자들 중 한명으로 플레이 해보세요. ‖ [XCOM® 2] XCOM 2는 수상 경력이 있는 전략 게임 XCOM: Enemy Unknown의 속편입니다. 인류가 외계인 침략군에게 항복한 지 20년, 이제 지구 상에는 새로운 세계 질서가 존재합니다. 수년간을 어둠 속에서 숨어 있었던 XCOM 부대는 반드시 일어나 외계인의 지배를 무너뜨릴 것입니다. ‖ [Stellaris] 항성간 여행을 통해 우주를 탐험하며 수많은 종족들도 만나보세요. 과학선을 보내 우주를 조사하고 탐험하면서 은하 제국을 건설하고, 건축선을 보내 새로 발견한 행성에 기지를 건설하세요. 소속 사회를 위한 탐험에 나서 매장된 보물과 은하계의 경이를 발견하고, 탐험가의 한계치와 진화 범위를 설정하세요. 동맹이 체결되고, 전쟁이 ",Interstellar Transport Company,시뮬레이션,"Build a galactic transportation empire and supply humanity with everything it needs to colonize the stars. In this sci-fi logistics simulator, grow your company from a local transport agency into an interstellar logistics behemoth! Singleplayer, vs AI, and online multiplayer.",,,
B0310,A34,Pid / ChromaGun / Deer & Boy,"어드벤처, 인디 / 액션, 어드벤처, 인디 / 액션, 어드벤처, 인디","[Pid] You are stranded on a strange and peculiar planet. It’s time to embark on your journey and find your way home! Explore a gravity defying and challenging platformer with striking vi ‖ [ChromaGun] Welcome to ChromaTec’s test lab! You’re here to test our state-of-the-art military-grade color-technology: The ChromaGun (patent pending)! Use it to solve our meticulously designed ‖ [Deer & Boy] 도망친 소년은 길 잃은 어린 사슴을 만나 고요하면서도 위태로운 세상을 함께 헤쳐 나갑니다. 퍼즐을 풀고, 높은 곳에 오르고, 위협을 피해 나아가며 당신의 동료는 연약한 아기 사슴에서 어엿한 사슴으로 성장하죠. 혼자서는 할 수 없었던 일을 함께 해내는 법을 배우게 됩니다.",Creaks,"어드벤처, 캐주얼, 인디",전구는 깨졌고 당신의 방 벽 바로 뒤에서 뭔가 이상한 일이 일어나고 있습니다. 당신은 재치와 용기만으로 무장하고 조류 친구들과 치명적인 가구 몬스터들이 살고 있는 세계로 천천히 내려갑니다.,,,
B0311,A01,It Takes Two / Overcooked! 2 / What Remains of Edith Finch,"액션, 어드벤처 / 액션, 캐주얼, 인디 / 어드벤처, 인디","[It Takes Two] It Takes Two에서 생애 가장 정신없는 여정을 시작하세요. 친구가 무료로 참가할 수 있게 친구 패스*로 초대하고, 함께 힘을 합쳐서 수많은 유쾌하고 획기적인 게임 플레이 챌린지를 헤쳐나가세요. ‖ [Overcooked! 2] 혼란스러운 요리 액션으로 가득한 Overcooked가 돌아왔습니다! 양파 왕국으로 돌아가는 여행을 떠나세요. 클래식 협동 또는 온라인 플레이에서 셰프 팀을 만들어서 최대 4명까지 플레이하세요. 앞치마를 준비하세요... 다시 세상을 구할 때가 되었습니다! ‖ [What Remains of Edith Finch] What Remains of Edith Finch(워트 리메인스 오브 에디스 핀치)는 워싱턴 주에 있는 어느 가족에 대한 이상한 이야기의 모음입니다. 플레이어는 에디스가 되어 거대한 핀치 가택을 탐사하고, 가족사를 연구하며 이야기를 찾고, 왜 가족 중에서 그녀만 살아남았는지 알아내야 합니다. 각 이야기는 새로운 가족 구성",Mad Father,"어드벤처, 인디",당신이 보게 될 것은 어리석은 가족의 이야기. 명작이라고 많이 알려진 탐색형 호러 게임의 리메이크판이 등장.,,,
B0312,A28,Dordogne / A YEAR OF SPRINGS / Botany Manor,"어드벤처, 인디 / 캐주얼, 인디, 시뮬레이션 / 어드벤처","[Dordogne] 이 유년 시절의 여정에서 특별한 내러티브에 몰입하며 도르도뉴의 수천 가지 여름의 색을 탐험하고, 추억을 떠올리며 가족의 비밀을 밝히세요. ‖ [A YEAR OF SPRINGS] 세 명의 여성, 세 개의 이야기, 세 개의 봄. 세 명의 친구들이 사랑, 공감, 그리고 단지 함께하고 싶어하는 감정에 대한 방향을 찾아나가는 3 부작 비주얼 노벨 A YEAR OF SPRINGS 에서 하루, 에리카, 마나미의 이야기를 체험하세요. ‖ [Botany Manor] Welcome to Botany Manor, a stately home in 19th century England. You play as inhabitant Arabella Greene, a retired botanist. Explore your house and gardens, filled with research, t",UsoNatsu ~The Summer Romance Bloomed From A Lie~,"어드벤처, 캐주얼","This is a story about finding love to overwrite the feelings for the one they held dearest. A girls love visual novel about summer, love and adolescence.",,,
B0313,A11,Forza Horizon 5 / Hi-Fi RUSH / Street Fighter 6,"액션, 어드벤처, 레이싱, 시뮬레이션, 스포츠 / 액션 / 액션, 어드벤처","[Forza Horizon 5] 세계 최고의 자동차를 타고 생동감 넘치는 멕시코의 대자연을 탐험하며 재미있는 드라이빙 액션을 마음껏 즐겨보세요. ‖ [Hi-Fi RUSH] 아케이드 챌린지! 업데이트!로 추가되는 두 개의 신규 게임 모드에서 여러분의 능력을 시험하고, 새로운 보상을 획득해 보세요. 몇 가지 비밀도 숨어 있답니다! 락 스타 지망생 차이가 되어 비트를 타고, 세상 모든 게 음악에 싱크되는 세계에서 오합지졸 팀과 함께 사악한 거대 기업에 맞서 싸우세요. ‖ [Street Fighter 6] 시리즈 최신작 『Street Fighter 6』, 2023년 6월 2일 발매 결정! RE ENGINE으로 개발된 본 작품은 대형 모드 「World Tour」, 「Fighting Ground」, 「Battle Hub」로 구성되어 있다. 새로운 「스트리트 파이터」에는 지금까지의 시리즈에는 없었던 새로운 체험이 기다리고 있다.",Granblue Fantasy Versus: Rising,액션,격투 게임 입문의 결정판! 모든 요소가 업그레이드된 'GBVS' 시리즈 신작!,,,
B0314,A11,Forza Horizon 5 / Hi-Fi RUSH / Street Fighter 6,"액션, 어드벤처, 레이싱, 시뮬레이션, 스포츠 / 액션 / 액션, 어드벤처","[Forza Horizon 5] 세계 최고의 자동차를 타고 생동감 넘치는 멕시코의 대자연을 탐험하며 재미있는 드라이빙 액션을 마음껏 즐겨보세요. ‖ [Hi-Fi RUSH] 아케이드 챌린지! 업데이트!로 추가되는 두 개의 신규 게임 모드에서 여러분의 능력을 시험하고, 새로운 보상을 획득해 보세요. 몇 가지 비밀도 숨어 있답니다! 락 스타 지망생 차이가 되어 비트를 타고, 세상 모든 게 음악에 싱크되는 세계에서 오합지졸 팀과 함께 사악한 거대 기업에 맞서 싸우세요. ‖ [Street Fighter 6] 시리즈 최신작 『Street Fighter 6』, 2023년 6월 2일 발매 결정! RE ENGINE으로 개발된 본 작품은 대형 모드 「World Tour」, 「Fighting Ground」, 「Battle Hub」로 구성되어 있다. 새로운 「스트리트 파이터」에는 지금까지의 시리즈에는 없었던 새로운 체험이 기다리고 있다.",Arcana Heart 3 LOVEMAX SIXSTARS!!!!!! XTEND,액션,"New playable character ""Minori Amanohara"" and new Arcana ""Ichor"" the Blood joins the battle in ""Arcana Heart 3 LOVEMAX SIXSTARS!!!!!!""! More new characters to join in future updates!",,,
B0315,A01,It Takes Two / Overcooked! 2 / What Remains of Edith Finch,"액션, 어드벤처 / 액션, 캐주얼, 인디 / 어드벤처, 인디","[It Takes Two] It Takes Two에서 생애 가장 정신없는 여정을 시작하세요. 친구가 무료로 참가할 수 있게 친구 패스*로 초대하고, 함께 힘을 합쳐서 수많은 유쾌하고 획기적인 게임 플레이 챌린지를 헤쳐나가세요. ‖ [Overcooked! 2] 혼란스러운 요리 액션으로 가득한 Overcooked가 돌아왔습니다! 양파 왕국으로 돌아가는 여행을 떠나세요. 클래식 협동 또는 온라인 플레이에서 셰프 팀을 만들어서 최대 4명까지 플레이하세요. 앞치마를 준비하세요... 다시 세상을 구할 때가 되었습니다! ‖ [What Remains of Edith Finch] What Remains of Edith Finch(워트 리메인스 오브 에디스 핀치)는 워싱턴 주에 있는 어느 가족에 대한 이상한 이야기의 모음입니다. 플레이어는 에디스가 되어 거대한 핀치 가택을 탐사하고, 가족사를 연구하며 이야기를 찾고, 왜 가족 중에서 그녀만 살아남았는지 알아내야 합니다. 각 이야기는 새로운 가족 구성",피자 밴딧,"액션, 인디, 앞서 해보기","미션 기반 4인 협동 TPS PvE 슈터. 좁은 공간에서 도지 롤과 스태미나 관리로 전투를 펼치며, 전투 중 요리 목표를 동시에 수행해야 합니다.",,,
B0316,A01,It Takes Two / Overcooked! 2 / What Remains of Edith Finch,"액션, 어드벤처 / 액션, 캐주얼, 인디 / 어드벤처, 인디","[It Takes Two] It Takes Two에서 생애 가장 정신없는 여정을 시작하세요. 친구가 무료로 참가할 수 있게 친구 패스*로 초대하고, 함께 힘을 합쳐서 수많은 유쾌하고 획기적인 게임 플레이 챌린지를 헤쳐나가세요. ‖ [Overcooked! 2] 혼란스러운 요리 액션으로 가득한 Overcooked가 돌아왔습니다! 양파 왕국으로 돌아가는 여행을 떠나세요. 클래식 협동 또는 온라인 플레이에서 셰프 팀을 만들어서 최대 4명까지 플레이하세요. 앞치마를 준비하세요... 다시 세상을 구할 때가 되었습니다! ‖ [What Remains of Edith Finch] What Remains of Edith Finch(워트 리메인스 오브 에디스 핀치)는 워싱턴 주에 있는 어느 가족에 대한 이상한 이야기의 모음입니다. 플레이어는 에디스가 되어 거대한 핀치 가택을 탐사하고, 가족사를 연구하며 이야기를 찾고, 왜 가족 중에서 그녀만 살아남았는지 알아내야 합니다. 각 이야기는 새로운 가족 구성",Biped,"액션, 어드벤처, 캐주얼, 인디, 시뮬레이션",바이페드 어드벤처는 플레이어 간 협동이 필요한 어드벤처 게임입니다. 플레이어들은 두 발이 달린 외계 로봇 '에고'와 '힐라'가 되어 지구에서 흥미진진하고 재미있는 모험을 하게 됩니다.,,,
B0317,A29,Salt and Sanctuary,"액션, 인디, RPG","[Salt and Sanctuary] 두렵고도 잔혹한 섬의 탐험을 시작합니다… Salt and Sanctuary는 신속하고, 잔인하며, 복잡한 전투 시스템을 지닌 2D RPG입니다. 저주받은 도시의 잊힌 영역이나, 피에 물든 던전이나, 오염된 기념비와 같은 장소를 돌아다니며, 한때 축복을 받았지만 지금은 타락하고 만 영주들을 조우하세요.",Clash: Artifacts of Chaos,"액션, 어드벤처, 인디",막대한 힘을 가진 적의 용병에게 쫓기는 전사 Pseudo와 그의 보호를 받는 크리처가 기이한 땅의 끝으로 향하는 위험천만한 여정을 시작합니다.,,,
B0318,A12,Baldur's Gate 3 / Mount & Blade II: Bannerlord / Kenshi,"어드벤처, RPG, 전략 / 액션, 인디, RPG, 시뮬레이션, 전략 / 액션, 인디, RPG, 시뮬레이션, 전략","[Baldur's Gate 3] Baldur’s Gate 3 is a story-rich, party-based RPG set in the universe of Dungeons & Dragons, where your choices shape a tale of fellowship and betrayal, survival and sacrifice, and  ‖ [Mount & Blade II: Bannerlord] 본 게임은 전략/액션 RPG입니다. 캐릭터를 생성하고, 외교에 참여하고, 제작, 거래를 하고, 방대한 중세풍의 샌드박스에서 새로운 땅을 정복하십시오. 군대를 일으켜 전쟁에 뛰어들고, 깊이가 있으나 직관적인 실력 기반의 전투 시스템을 채용한 대규모 실시간 전투에서 자신의 부대에 명령을 내리고 함께 싸우십시오. ‖ [Kenshi] 자유롭게 돌아다니는 분대 기반의 RPG. 스토리를 따라가는 대신 제한 없는 샌드박스식 게임플레이에 중점을 두었습니다. 무역상, 도둑, 반란군, 전쟁 군주, 모험가, 농부, 노예 등 다양한 삶을 체험할 수 있습니다. 운이 나쁘면 식인종의 먹잇감으로 전락할지도 모르죠. 새로운 장비를 연구하거나 제작해 보세요.",Guild Wars 2®,"어드벤처, 대규모 멀티플레이어, RPG, 무료 플레이","Guild Wars 2 is an award-winning online roleplaying game with fast-paced action combat, deep character customization, and no subscription fee required. Choose from an arsenal of professions and weapons, explore a vast open world, compete in PVP modes and more. Join over 16 million players now!",,,
B0319,A15,서브노티카 / The Long Dark / No Man's Sky,"어드벤처, 인디 / 어드벤처, 인디, 시뮬레이션, 전략 / 액션, 어드벤처","[서브노티카] 위험과 경이로움이 가득한 외계의 바다 속으로 내려가세요. 장비를 제작하고, 잠수함을 조종하며 야생 생물보다 앞서가세요. 우거진 산호초, 화산, 동굴 같은 많은 장소들을 탐험하세요. 물론 살아남는 걸 잊으면 안 되겠죠. ‖ [The Long Dark] The Long Dark는 깊은 생각을 요구하는 탐험 생존 게임입니다. 플레이어는 지구 자기장 이상으로 인한 대재앙이 휩쓸고 간 세상에서 혼자 드넓은 설원 황무지를 탐험하며 살아남아야 합니다. 좀비는 등장하지 않으며 오직 플레이어와 추위, 그리고 자연 속의 위험들만 존재합니다. 고요한 종말의 세상에 오신 것을 환영합니다. ‖ [No Man's Sky] No Man's Sky는 무한히 펼쳐지는 우주에서의 탐험과 생존을 그린 SF 게임입니다.",The Last Caretaker,"액션, 어드벤처, 인디, 시뮬레이션, 앞서 해보기","Explore a drowned Earth, restore lost systems, and raise the last human seeds in this first-person survival-crafting adventure. Build, scavenge, defend, and launch humanity back to the stars.",,,
B0320,A24,Valheim / Grounded / My Time at Portia,"액션, 어드벤처, 인디, RPG, 앞서 해보기 / 액션, 어드벤처 / 어드벤처, 캐주얼, 인디, RPG, 시뮬레이션","[Valheim] 북구 신화와 바이킹 문화에 기반한 판타지 세계를 배경으로 펼쳐지는 생존 및 탐험 게임. ‖ [Grounded] The world is a vast, beautiful and dangerous place – especially when you have been shrunk to the size of an ant. Can you thrive alongside the hordes of giant insects, fighting to s ‖ [My Time at Portia] 아름다운 Portia 마을에서 새 삶을 시작하세요! 아버지가 방치한 작업장에서 제작을 부탁받고, 작물을 키우고, 가축을 기르고, 아름다운 세기말의 땅에서 특이한 친구들을 사귀며 작업장을 예전의 멋진 모습으로 복원하세요.",Plains of Pain,"액션, 어드벤처, 인디, 대규모 멀티플레이어, RPG, 시뮬레이션, 앞서 해보기","세상이 당신을 기다려 주지 않는, 살아 있는 포스트 아포칼립스 샌드박스에 뛰어드세요. 건설하고, 제작하고, 거래하고, 세력의 신뢰를 얻으며, 잔혹한 절차 생성 황무지에서 자신만의 길을 개척하세요.",,,
B0321,A14,Iron Brigade / Ancient Planet Tower Defense / Creeper World IXE,"액션, 전략 / 캐주얼, 인디, 전략 / 액션, 캐주얼, 인디, 시뮬레이션, 전략","[Iron Brigade] Join The Mobile Trench Brigade and protect humanity from the evil Monovision menace! ‖ [Ancient Planet Tower Defense] 고대 행성 타워 디펜스는 정통 타워 디펜스 게임입니다. 고대 문명의 요새가 외계 침략자들로부터 침략당했습니다. 고대의 강력한 기술을 사용하여 적군의 공격을 물리치십시오! ‖ [Creeper World IXE] The unstoppable alien force known as The Creeper has returned, devouring thousands of worlds in its path, and yours is next. Battle against the Creeper fluid in a groundbreaking pi",Children of a Dead Earth,"시뮬레이션, 전략",The most scientifically accurate space warfare simulator ever made. Now with Steam Workshop!,,,
B0322,A14,Iron Brigade / Ancient Planet Tower Defense / Creeper World IXE,"액션, 전략 / 캐주얼, 인디, 전략 / 액션, 캐주얼, 인디, 시뮬레이션, 전략","[Iron Brigade] Join The Mobile Trench Brigade and protect humanity from the evil Monovision menace! ‖ [Ancient Planet Tower Defense] 고대 행성 타워 디펜스는 정통 타워 디펜스 게임입니다. 고대 문명의 요새가 외계 침략자들로부터 침략당했습니다. 고대의 강력한 기술을 사용하여 적군의 공격을 물리치십시오! ‖ [Creeper World IXE] The unstoppable alien force known as The Creeper has returned, devouring thousands of worlds in its path, and yours is next. Battle against the Creeper fluid in a groundbreaking pi",Distant Worlds 2,"시뮬레이션, 전략","Distant Worlds 2 is a vast, pausable real-time 4X space strategy game.",,,
B0323,A02,Still Life / Jenny LeClue - Detectivu / Telling Lies,"어드벤처 / 액션, 어드벤처, 캐주얼, 인디 / 어드벤처, 인디, 시뮬레이션",[Still Life] Still Life 2 also now available! ‖ [Jenny LeClue - Detectivu] Jenny LeClue - Detectivu는 조사와 선택지로 가득한 스릴 넘치는 미스터리 어드벤처 게임입니다. ‖ [Telling Lies] 네 명의 삶. 그리고 하나의 큰 거짓말. 아무도 모르게 녹화된 은밀한 대화를 들으며 진실을 알아내십시오. 큰 호평을 받았던 Her Story의 계승작입니다.,미제사건은 끝내야 하니까,"어드벤처, 인디","전경 경감 퇴직 후 12년. 어느 날 찾아온 젊은 경찰관. 그녀는 전경이 해결하지 못한 '서원이 실종사건'을 끝낼 수 있도록 도와 달라고 요청한다. 전경은 흩어진 기억 조각들을 떠올리고 재구성하지만, 드러나는 진실은 서원이 주변의 모두가 거짓말쟁이라는 것뿐이다.",,,
B0324,A30,Stardew Valley / Slime Rancher / Raft,"인디, RPG, 시뮬레이션 / 액션, 어드벤처, 인디, 시뮬레이션 / 어드벤처, 인디, 시뮬레이션","[Stardew Valley] You've inherited your grandfather's old farm plot in Stardew Valley. Armed with hand-me-down tools and a few coins, you set out to begin your new life. Can you learn to live off th ‖ [Slime Rancher] 슬라임 랜쳐는 젊고 용감한 랜쳐, 베아트릭스 르뷰가 지구에서 1,000광년 떨어진 '머나먼 평야'에서 슬라임들과 씨름하며 생계를 꾸려나가는 이야기입니다. 긍정적인 마인드와 강인한 의지로 베아트릭스는 진공팩을 사용하여 끊임없이 말랑말랑하게 굴러나오는 슬라임들을 피하며 이름을 알리고, 부자가 되려 합니다. ‖ [Raft] Raft™ throws you and your friends into an epic oceanic adventure! Alone or together, players battle to survive a perilous voyage across a vast sea! Gather debris, scavenge reefs an",Lab Eject,"캐주얼, 인디, 무료 플레이","뭔지 모를 시스템 오류로 인해, 슬라임인 당신은 실험관에서 나오게 되었습니다. 여러 함정이 도사리는 구역들을 통과하고, 지상으로 나가는 것을 통해, 슬라임에게 자유를 되찾아 주세요!",,,
B0325,A10,A Short Hike / ISLANDERS / Gorogoa,"어드벤처, 인디 / 캐주얼, 인디, 전략 / 어드벤처, 캐주얼, 인디","[A Short Hike] Hike, climb, and soar through the peaceful mountainside landscapes of Hawk Peak Provincial Park as you make your way to the summit. ‖ [ISLANDERS] ISLANDERS is a minimalist strategy game about building cities on colorful islands. ‖ [Gorogoa] Gorogoa(고로고아)는 Jason Roberts가 디자인하고 일러스트레이션을 손으로 그린 아름다운 차세대 퍼즐 게임입니다.",Garden Galaxy,"캐주얼, 인디, 무료 플레이","Discover, collect and organise to create your own unique garden in this relaxing idle / creative sandbox!",,,
B0326,A11,Forza Horizon 5 / Hi-Fi RUSH / Street Fighter 6,"액션, 어드벤처, 레이싱, 시뮬레이션, 스포츠 / 액션 / 액션, 어드벤처","[Forza Horizon 5] 세계 최고의 자동차를 타고 생동감 넘치는 멕시코의 대자연을 탐험하며 재미있는 드라이빙 액션을 마음껏 즐겨보세요. ‖ [Hi-Fi RUSH] 아케이드 챌린지! 업데이트!로 추가되는 두 개의 신규 게임 모드에서 여러분의 능력을 시험하고, 새로운 보상을 획득해 보세요. 몇 가지 비밀도 숨어 있답니다! 락 스타 지망생 차이가 되어 비트를 타고, 세상 모든 게 음악에 싱크되는 세계에서 오합지졸 팀과 함께 사악한 거대 기업에 맞서 싸우세요. ‖ [Street Fighter 6] 시리즈 최신작 『Street Fighter 6』, 2023년 6월 2일 발매 결정! RE ENGINE으로 개발된 본 작품은 대형 모드 「World Tour」, 「Fighting Ground」, 「Battle Hub」로 구성되어 있다. 새로운 「스트리트 파이터」에는 지금까지의 시리즈에는 없었던 새로운 체험이 기다리고 있다.",Aqua Street,"레이싱, 시뮬레이션","Explore a huge open world, race powerful cars, escape police pursuits, customize your vehicles, and play online with friends in this action-packed open-world racing game. 🚗💨🌆🏁",,,
B0327,A19,ELDEN RING / Disco Elysium - The Final Cut / Outer Wilds,"액션, RPG / RPG / 액션, 어드벤처","[ELDEN RING] 본 게임은 본격적인 다크 판타지 세계를 무대로 한 액션 RPG입니다. 드넓은 필드와 던전 탐험을 통해 미지의 것들을 발견해 보세요. 앞길을 막아서는 난관과 그것을 극복했을 때의 달성감, 그리고 등장인물들의 의도가 교착하는 군상극도 즐기실 수 있습니다. ‖ [Disco Elysium - The Final Cut] 디스코 엘리시움 - 최종판은 획기적인 오픈 월드 롤플레잉 게임입니다. 당신은 독특한 스킬 시스템을 갖춘 형사로서 오롯한 도시 블록을 당신의 미래를 닦기 위해 다듬을 수 있습니다. 잊지 못할 등장인물들을 심문하거나, 살인 사건을 해결하거나, 뇌물을 받으세요. 영웅이 되거나 인류의 완전한 재앙이 되세요. ‖ [Outer Wilds] Giant Bomb, Polygon, Eurogamer, The Guardian에 의해 2019년 올해의 게임에 이름을 올리며 냉정한 호평과 수상 실적이 있는 Outer Wilds는 무한 시간 루프에 갇힌 태양계에 관한 공개된 세계의 미스터리 게임입니다.",Monster Hunter Wilds,"액션, 어드벤처, RPG",거칠고 치열한 자연의 습격. 시시각각 역동적으로 그 모습을 바꾸는 필드. 양면성을 지닌 세계를 살아가는 몬스터와 사람들의 이야기. 더욱더 발전한 헌팅 액션과 끊임없는 몰입감을 추구하는 궁극의 사냥 체험이 당신을 기다리고 있다.,,,
B0328,A06,Cities: Skylines / Factorio / Farming Simulator 22,"시뮬레이션, 전략 / 캐주얼, 인디, 시뮬레이션, 전략 / 시뮬레이션","[Cities: Skylines] Cities: Skylines is a modern take on the classic city simulation. The game introduces new game play elements to realize the thrill and hardships of creating and maintaining a real  ‖ [Factorio] Factorio는 무한한 2D 세상에서 복잡성이 증가하는 아이템을 생산하기 위해 자동화 공장을 만드는 게임입니다. - 당신의 상상력으로 공장을 설계, 독창적인 방법으로 간단한 요소를 결합하고 마지막엔 당신을 좋아하지 않는 생물들로 부터 공장을 지키세요. ‖ [Farming Simulator 22] 농장을 만들고 농사를 즐기세요! 작물을 수확하고, 동물을 돌보고, 생산을 관리하고, 계절에 따른 어려움을 이겨내세요.",Roots of Pacha,"인디, RPG, 시뮬레이션",매력적이고 편안한 석기시대 농사 시뮬레이션 게임에서 번성하는 공동체의 일원으로 살아가며 파챠의 놀라운 세계를 탐험해 보세요. '아이디어'를 발견하고 농작물을 재배하며 동물과 친구가 되고 마을의 성장을 도우세요. 친구와 함께 협동으로 플레이하거나 싱글 플레이어로 문명의 초창기를 탐험할 수 있습니다.,,,
B0329,A25,DOOMBLADE / Transiruby / Blast Brigade vs. the Evil Legion of Dr. Cread,"액션, 어드벤처, 인디 / 액션 / 액션, 어드벤처, 인디","[DOOMBLADE] Deep underground, Gloom Girl discovers DOOMBLADE, a sentient weapon hellbent on escape after eons in chains. Together, “Doom and Gloom” embark on a vengeful quest to unlock the pow ‖ [Transiruby] 차원 대륙의 의문을 풀어라! 는 사이보그 소녀 실비가 검과 엘리먼트 샷으로 적을 쓰러뜨리며 앞으로 나아가는 탐색형 액션 게임입니다! ‖ [Blast Brigade vs. the Evil Legion of Dr. Cread] 스릴 넘치는 플랫포밍과 깊이 있는 탐험 세계, 폭발적인 액션으로 가득한 2D 메트로이드배니아 어드벤처 게임을 즐겨보세요! Blast Brigade에서 영웅들로 팀을 구성해 세계를 구하세요!",오구와 비밀의 숲,어드벤처,"탐험 모자를 쓴 아기 오구와 함께 새로운 세계를 탐험하세요! 귀여운 캐릭터들과 수많은 비밀이 가득한 세계에서 새로운 친구들을 사귀고, 적을 물리치며 수수께끼를 풀어보세요",,,
B0330,A02,Still Life / Jenny LeClue - Detectivu / Telling Lies,"어드벤처 / 액션, 어드벤처, 캐주얼, 인디 / 어드벤처, 인디, 시뮬레이션",[Still Life] Still Life 2 also now available! ‖ [Jenny LeClue - Detectivu] Jenny LeClue - Detectivu는 조사와 선택지로 가득한 스릴 넘치는 미스터리 어드벤처 게임입니다. ‖ [Telling Lies] 네 명의 삶. 그리고 하나의 큰 거짓말. 아무도 모르게 녹화된 은밀한 대화를 들으며 진실을 알아내십시오. 큰 호평을 받았던 Her Story의 계승작입니다.,Marie's Travel,"어드벤처, 캐주얼, 인디, 시뮬레이션, 앞서 해보기","""The Traveller: Maries""는 고도로 인터랙티브한 숨은 그림 찾기 퍼즐 개발 게임입니다.",,,
B0331,A22,Deck of Ashes / Dicefolk / Cubic Cosmos,"어드벤처, 인디, RPG, 전략 / 캐주얼, 인디, 전략 / 전략","[Deck of Ashes] 덱 오브 애쉬즈(Deck of Ashes)는 전술 카드 전투를 벌이는 어드벤처 게임입니다. 한 번에 한 캐릭터씩 안티히어로 일행을 이끌어 속죄의 여행을 떠나보세요. 저주받은 판타지 세계를 탐험하며 강력한 카드를 찾아보세요. 독특한 전투 덱을 형성하여 적들을 무찌르세요! 잿빛 저주의 세계를 제거하실 수 있겠습니까? ‖ [Dicefolk] 마법 주사위의 힘을 휘두르고 강력한 키메라 팀을 구축해보세요! 수수께끼의 악을 멈추기 위한 택티컬 덱빌딩 로그라이트 모험이 다가오고 있습니다. 키메라 소환사로서, 신화적인 짐승들을 모집하고 완벽한 팀을 만들고, 다이스포크만의 독특한 주사위 메커니즘을 활용하여 승리로 이끌어주세요. ‖ [Cubic Cosmos] Cubic Cosmos is a thrilling fast-paced roguelike card game. You have been trapped in a deadly game. One wrong move could see you reduced to a plaything of the goddess. Can you free",RACCOIN: Coin Pusher Roguelike,"캐주얼, 인디, 시뮬레이션, 전략","코인 푸셔 도파민 생성기. RACCOIN은 로그라이크 덱 빌더로, 특별한 코인과 강력한 아이템을 조합하여 만족스러운 콤보를 만드는 게임입니다. 빛나는 타워를 쌓고, 행운의 휠을 돌리고, 모든 코인이 떨어질 때까지 기계를 흔드세요.",,,
B0332,A24,Valheim / Grounded / My Time at Portia,"액션, 어드벤처, 인디, RPG, 앞서 해보기 / 액션, 어드벤처 / 어드벤처, 캐주얼, 인디, RPG, 시뮬레이션","[Valheim] 북구 신화와 바이킹 문화에 기반한 판타지 세계를 배경으로 펼쳐지는 생존 및 탐험 게임. ‖ [Grounded] The world is a vast, beautiful and dangerous place – especially when you have been shrunk to the size of an ant. Can you thrive alongside the hordes of giant insects, fighting to s ‖ [My Time at Portia] 아름다운 Portia 마을에서 새 삶을 시작하세요! 아버지가 방치한 작업장에서 제작을 부탁받고, 작물을 키우고, 가축을 기르고, 아름다운 세기말의 땅에서 특이한 친구들을 사귀며 작업장을 예전의 멋진 모습으로 복원하세요.",Echoes of the Plum Grove,"캐주얼, 인디, 시뮬레이션","허니우드에서는 새로운 삶이 기다리고 있습니다! 이 아늑한 농장 시뮬레이터에서 여러 세대에 걸쳐 번성하는 커뮤니티를 구축해보세요. 농사를 짓고, 사교 활동을 하고, 친구를 사귀고, 요리하고, 공예하고, 먹이를 찾고, 섬의 비밀을 밝혀내보세요! 친구가 되고 싶지 않은 사람이 있다면? 방법은 언제나 있습니다.",,,
B0333,A34,Pid / ChromaGun / Deer & Boy,"어드벤처, 인디 / 액션, 어드벤처, 인디 / 액션, 어드벤처, 인디","[Pid] You are stranded on a strange and peculiar planet. It’s time to embark on your journey and find your way home! Explore a gravity defying and challenging platformer with striking vi ‖ [ChromaGun] Welcome to ChromaTec’s test lab! You’re here to test our state-of-the-art military-grade color-technology: The ChromaGun (patent pending)! Use it to solve our meticulously designed ‖ [Deer & Boy] 도망친 소년은 길 잃은 어린 사슴을 만나 고요하면서도 위태로운 세상을 함께 헤쳐 나갑니다. 퍼즐을 풀고, 높은 곳에 오르고, 위협을 피해 나아가며 당신의 동료는 연약한 아기 사슴에서 어엿한 사슴으로 성장하죠. 혼자서는 할 수 없었던 일을 함께 해내는 법을 배우게 됩니다.",Tick Tock: A Tale for Two,"어드벤처, 캐주얼, 인디","당신과 당신의 친구는 신비로운 세상에 갇혔습니다. 점점 복잡해지는 퍼즐 세상에서, 시간이 다 되기 전에 탈출하세요. 각 플레이어는 혼자서 모든 걸 볼 수 없으므로, 협력해야만 합니다! 로컬 또는 원격으로 두 개 장치에서 플레이할 수 있습니다. 서로 목소리만 이어져있으면 됩니다.",,,
B0334,A18,Euro Truck Simulator 2 / BeamNG.drive / 아세토 코르사 Assetto Corsa,"인디, 시뮬레이션 / 레이싱, 시뮬레이션, 앞서 해보기 / 인디, 레이싱, 시뮬레이션, 스포츠","[Euro Truck Simulator 2] 도로의 왕이 되어 인상적인 거리를 가로질러 중요한 화물을 배달하는 트럭 운전사가 되어 유럽을 여행하세요! 탐험할 도시가 수십 개나 되므로, 당신의 인내심, 기술, 속도가 모두 한계에 도달할 것입니다. ‖ [BeamNG.drive] 뭐든지 할 수 있는 동적 소프트 보디 물리 시뮬레이터입니다. ‖ [아세토 코르사 Assetto Corsa] 아세토 코르사(Assetto Corsa) v1.16은 새로운 레이저 스캔 트랙 ""라구나 세카(Laguna Seca)"" 및 기다리던 Alfa Romeo Giulia Quadrifoglio를 포함한 7개의 신차를 소개합니다! 체인지로그에서 더 자세한 내용을 확인하세요!",RACE Injection,레이싱,"RACE Injection is the final chapter in the RACE 07 series of games, ending the award winning series on a high note.RACE Injection contains 23 new unique car models and boasts 9 new tracks from across the globe.",,,
B0335,A33,Garry's Mod / Team Fortress 2 / Left 4 Dead 2,"캐주얼, 인디, 시뮬레이션 / 액션, 무료 플레이 / 액션","[Garry's Mod] Garry's Mod is a physics sandbox. There aren't any predefined aims or goals. We give you the tools and leave you to play. ‖ [Team Fortress 2] 다양한 전술적 능력과 뚜렷한 개성을 갖춘 9가지 병과의 캐릭터를 플레이하세요. 끊임없이 업데이트되는 새로운 게임 모드, 맵, 장비 그리고 가장 중요한 모자까지 지금 바로 즐겨보세요! ‖ [Left 4 Dead 2] Set in the zombie apocalypse, Left 4 Dead 2 is a co-operative action horror FPS takes you and your friends through the cities, swamps and cemeteries of the Deep South, from Savanna",Supraball,"액션, 캐주얼, 인디, 스포츠, 무료 플레이",Play football in first person view and develop your own tactics and tricks. Play with up to 9 of your friends or join alone. No Pay2Win!,,,
B0336,A25,DOOMBLADE / Transiruby / Blast Brigade vs. the Evil Legion of Dr. Cread,"액션, 어드벤처, 인디 / 액션 / 액션, 어드벤처, 인디","[DOOMBLADE] Deep underground, Gloom Girl discovers DOOMBLADE, a sentient weapon hellbent on escape after eons in chains. Together, “Doom and Gloom” embark on a vengeful quest to unlock the pow ‖ [Transiruby] 차원 대륙의 의문을 풀어라! 는 사이보그 소녀 실비가 검과 엘리먼트 샷으로 적을 쓰러뜨리며 앞으로 나아가는 탐색형 액션 게임입니다! ‖ [Blast Brigade vs. the Evil Legion of Dr. Cread] 스릴 넘치는 플랫포밍과 깊이 있는 탐험 세계, 폭발적인 액션으로 가득한 2D 메트로이드배니아 어드벤처 게임을 즐겨보세요! Blast Brigade에서 영웅들로 팀을 구성해 세계를 구하세요!",Other Worlds India,"액션, 어드벤처, 캐주얼, 인디","Pure metroidvania game, adventures, secret locations, tons of weapons, and of course hardcore gameplay.",,,
B0337,A21,DARK SOULS™ III / The Witcher 3: Wild Hunt / The Elder Scrolls V: Skyrim Special Edition,액션 / RPG / RPG,"[DARK SOULS™ III] 장르를 새로 개척했다는 평가를 들으며 많은 좋은 평가들을 얻고 있는 다크 소울 시리즈는 계속해서 한계를 넘어서, 더욱 야심찬 단계에 도전하고자 하고 있습니다. 준비를 하고 어둠을 밝히십시오! ‖ [The Witcher 3: Wild Hunt] 리비아의 게롤트가 되어 의뢰를 받고 괴물을 사냥하세요. 전쟁의 상처가 가득하고 괴물이 들끓는 대륙을 마음껏 탐험해 보세요. 지금 가장 중요한 일은 대륙의 판도를 뒤바꿀 수도 있는 살아 있는 무기이자 예언의 아이, 시리를 추적하는 것입니다. ‖ [The Elder Scrolls V: Skyrim Special Edition] 200회 이상 올해의 게임에 선정된 The Elder Scrolls V: Skyrim Special Edition이 놀라운 디테일로 판타지에 생명을 불어넣었습니다. Special Edition에는 비평가들의 극찬을 받은 게임 및 새로운 기능이 포함된 애드온이 들어 있습니다.",Eternal Strands,"액션, 어드벤처",흥미진진한 3인칭 액션 어드벤처 게임에서 다양한 마법과 강력한 무기들을 조합해 거대한 생물과 대규모 전투를 벌이며 무너져 가는 세계를 구원하세요.,,,
B0338,A13,Death's Door / Children of Morta / Roboquest / Spelunky 2 / Nuclear Throne / Streets of Rogue / Neon Abyss / Curse of the Dead Gods / Rogue Legacy 2 / Have a Nice Death,"액션, 어드벤처, 인디, RPG / 액션, 어드벤처, 인디, RPG / 액션, 인디 / 액션, 인디 / 액션, 인디, RPG / 액션, 어드벤처, 인디, RPG / 액션, 어드벤처, 인디, RPG / 액션, 어드벤처 / 액션, 어드벤처, 인디, RPG / 액션, 인디","[Death's Door] 죽은 자의 영혼을 수확하고 시간을 끝내는 것은 단조로울 수 있지만 까마귀에겐 평범한 일입니다. 하지만 주어진 영혼을 도둑맞게 되면 변화가 일어납니다. 영혼을 도난하고 죽음의 손길이 닿지 않는 영역으로 도망친 절망적인 도둑을 추적하십시오. ‖ [Children of Morta] Children of Morta는 비범한 가족 영웅에 대한 스토리 중심의 액션 RPG 게임입니다. 다가오는 부패에 맞서 모든 결함과 미덕을 갖춘 베르그송 가를 이끄세요. 여러분은 여러분이 아끼는 사람들을 구하기 위해 모든 것을 희생할 수 있으신가요? ‖ [Roboquest] 로보퀘스트는 멸망한 미래 세계의 빠른 FPS 로그라이트입니다. 당신은 재부팅된 수호자로, 강철 궁둥짝을 걷어 찰 준비를 하세요! 혼자서 혹은 친구와 함께 맞서거나 끊임없이 변화하는 환경에서 치명적인 로봇 군단을 섬멸하세요. ‖ [Spelunky 2] Spelunky 2 builds upon the unique, randomized challenges that made the original a roguelike classic, offering a huge adventure designed to satisfy players old and new. Meet the nex ‖ [Nuclear Throne] Nuclear Throne은 포스트 아포칼립스 세계관의 로그라이크 스타일 탑다운 슈터입니다. 여기서 말하는 포스트 아포칼립스는 '인류의 마지막 희망'이 남아 있는 세계가 아니라, '인류는 멸종했고 이제 돌연변이와 괴물들이 세상을 돌아다니는' 그런 세계입니다. 과연 당신은 뉴클리어 쓰론에 도달할 수 있을까요? ‖ [Streets of Rogue] 싸워서 몰래 들어가 임의 생성된 도시를 공격하세요. Nuclear Throne은 무법천지 GTA와 Deus Ex가 혼합된 형태입니다. Rogue-lite가 몰입도 높은 캐릭터를 만나 너무 재미있습니다. ‖ [Neon Abyss] Neon Abyss는 고속의 로그라이크 액션 플랫포머로, 하데스가 만든 '그림 스쿼드'의 일원이 되어 어비스로 총을 들고 뛰어드는 런 앤 건 게임입니다. 무한한 아이템 시너지와 던전 진화 시스템으로, 매번 게임을 할 때마다 다른 경험과 새로운 도전이 등장합니다. 진짜 지옥을 보여주세요! ‖ [Curse of the Dead Gods] 엄청난 부, 영원한 생명, 신성한 힘을 탐하는 마음이 당신을 끝없는 지옥 속의 미로, 치명적인 함정 및 몬스터가 우글거리는 이 저주받은 사원으로 이끌었습니다. ‖ [Rogue Legacy 2] 로그 레거시 2는 로그 레거시에 후속편을 끼얹은 작품입니다. 당신이 죽을 때마다 자식이 가업을 이어받습니다. 딸은 색맹 궁수이고 아들은 평화주의자 요리사일 수도 있죠. 어쨌거나 둘 중 한 명은 전장으로 나가야 합니다. ‖ [Have a Nice Death] Have a Nice Death는 과로에 고생하는 데스가 되어 플레이하는 2D 액션 로그라이크로, 통제 불능인 직원들 때문에 영혼의 균형과 데스의 휴가 계획이 틀어지고 말았습니다. 질서를 회복하려면 대낫을 들고 직원들과 서열 정리를 해야 합니다.",Where the forest ends,"액션, 어드벤처",Where the forest ends는 좀비로 가득한 포스트 아포칼립스를 배경으로 한 스토리 중심의 탑다운 호러 슈터입니다. 생생하고 현실감 넘치며 사실적인. 클래식 장르에 대한 신선한 접근.,,,
B0339,A22,Deck of Ashes / Dicefolk / Cubic Cosmos,"어드벤처, 인디, RPG, 전략 / 캐주얼, 인디, 전략 / 전략","[Deck of Ashes] 덱 오브 애쉬즈(Deck of Ashes)는 전술 카드 전투를 벌이는 어드벤처 게임입니다. 한 번에 한 캐릭터씩 안티히어로 일행을 이끌어 속죄의 여행을 떠나보세요. 저주받은 판타지 세계를 탐험하며 강력한 카드를 찾아보세요. 독특한 전투 덱을 형성하여 적들을 무찌르세요! 잿빛 저주의 세계를 제거하실 수 있겠습니까? ‖ [Dicefolk] 마법 주사위의 힘을 휘두르고 강력한 키메라 팀을 구축해보세요! 수수께끼의 악을 멈추기 위한 택티컬 덱빌딩 로그라이트 모험이 다가오고 있습니다. 키메라 소환사로서, 신화적인 짐승들을 모집하고 완벽한 팀을 만들고, 다이스포크만의 독특한 주사위 메커니즘을 활용하여 승리로 이끌어주세요. ‖ [Cubic Cosmos] Cubic Cosmos is a thrilling fast-paced roguelike card game. You have been trapped in a deadly game. One wrong move could see you reduced to a plaything of the goddess. Can you free",Dobbel Dungeon,"인디, RPG, 전략","로그라이크 턴제 전략 RPG 게임에서 파티를 모으고, 주사위를 굴리고, 섬을 가로질러 전투를 하며 강력한 저주를 완전히 끝내세요!",,,
B0340,A03,Balatro / Hades / Vampire Survivors,"캐주얼, 인디, 전략 / 액션, 인디, RPG / 액션, 캐주얼, 인디, RPG","[Balatro] 포커 로그라이크 게임. Balatro는 불법 포커 패로 게임을 하고, 판을 뒤엎는 조커를 발견하고, 아드레날린이 치솟는 강력한 콤보를 만드는 덱 빌딩 게임입니다. ‖ [Hades] Bastion, Transistor, Pyre의 제작사에서 선보이는 이 로그라이크 던전 탐색형 게임에서 핵 앤 슬래시로 지하 세계를 탈출하고 죽음의 신에게 도전하세요. ‖ [Vampire Survivors] 수많은 어둠의 피조물을 쓰러뜨리며 새벽이 올 때까지 생존하세요! Vampire Survivors는 로그라이트 요소를 갖춘 고딕 호러 케주얼 게임입니다. 당신의 선택으로 순식간에 수백 마리의 괴물이 눈덩이처럼 불어날 수 있죠.",Windblown,"액션, 인디, 앞서 해보기","Dead Cells의 제작사에서 개발한 플레이어 1~3인 초고속 협동 로그라이트. 조각난 세계 위에서 질주하고, 뛰어내리고, 파괴하세요. 강렬한 장비를 구성하고, 파괴적인 대체공격을 활용하고, 소용돌이에 맞서는 최후의 방어선이 되세요.",,,
B0341,A03,Balatro / Hades / Vampire Survivors,"캐주얼, 인디, 전략 / 액션, 인디, RPG / 액션, 캐주얼, 인디, RPG","[Balatro] 포커 로그라이크 게임. Balatro는 불법 포커 패로 게임을 하고, 판을 뒤엎는 조커를 발견하고, 아드레날린이 치솟는 강력한 콤보를 만드는 덱 빌딩 게임입니다. ‖ [Hades] Bastion, Transistor, Pyre의 제작사에서 선보이는 이 로그라이크 던전 탐색형 게임에서 핵 앤 슬래시로 지하 세계를 탈출하고 죽음의 신에게 도전하세요. ‖ [Vampire Survivors] 수많은 어둠의 피조물을 쓰러뜨리며 새벽이 올 때까지 생존하세요! Vampire Survivors는 로그라이트 요소를 갖춘 고딕 호러 케주얼 게임입니다. 당신의 선택으로 순식간에 수백 마리의 괴물이 눈덩이처럼 불어날 수 있죠.",신이 버린 땅-GOD FORSAKEN,"액션, 어드벤처, 인디, 전략","《신이 버린 땅》은 《디아블로》의 특색을 결합한 로그라이트 생존 모험 게임입니다. 이 버려진 절망의 땅에서 당신은 끝없는 몬스터들을 물리치고, 어둠 속에 불을 켜, 희미한 희망 빛을 찾습니다.",,,
B0342,A32,Hardspace: Shipbreaker / Hacknet / The Case of the Golden Idol / 방 탈출 시뮬레이터 / shapez 2 - Factory,"시뮬레이션 / 인디, 시뮬레이션 / 어드벤처, 인디 / 어드벤처, 캐주얼, 인디, 시뮬레이션 / 캐주얼, 인디, 시뮬레이션, 전략","[Hardspace: Shipbreaker] Equipped with cutting-edge salvaging tech, carve & slice spaceships to recover valuable materials. Upgrade your gear to take on more lucrative contracts and pay your billion credit ‖ [Hacknet] Hacknet은 터미널 기반의 몰입형 해킹 시뮬레이터입니다. 최근에 사망한, 그러나 언론 보도와는 달리 사고로 사망하지 않은 해커의 지시에 따라 진실을 추척하십시오. ‖ [The Case of the Golden Idol] A new kind of detective game that allows you to think and investigate freely. Discover clues surrounding 12 strange and gruesome deaths and build your own theory. Pick your suspect ‖ [방 탈출 시뮬레이터] Escape Simulator는 단독 또는 온라인 협동 플레이가 가능한 1인칭 퍼즐 게임입니다. 점점 더 많아지는, 고도의 상호 작용이 가능한 방탈출 세트를 탐험하세요. 가구를 옮기고, 모든 것을 집어 들고 검사하고, 냄비를 부수고 자물쇠를 부수세요! 레벨 편집기를 통해 커뮤니티가 만든 방을 지원합니다. ‖ [shapez 2 - Factory] 공장 건설 게임에 빠져들어 보세요. 단 한 가지에 집중하세요. 대규모 우주 공장을 건설하는 것! 방대하게 펼쳐지는 다층 공장과 만족스러운 생산 라인을 무제한으로 설계하세요. 계속해서 어려워지는 자동화 목표를 적의 위협 없이 자신만의 속도로 달성하세요.",Aviassembly,"시뮬레이션, 앞서 해보기","Build and fly your own airplane! Complete missions to earn money, upgrade your plane, and discover new locations in an open world.",,,
B0343,A04,Hollow Knight / Dead Cells / Celeste,"액션, 어드벤처, 인디 / 액션, 어드벤처, 인디 / 액션, 어드벤처, 인디","[Hollow Knight] 할로우 나이트에서 자신만의 길을 구축하세요! 크게 파괴된 곤충과 영웅의 왕국을 통한 서사 액션 어드벤처입니다. 손으로 그린 클래식 2D 스타일로 구불구불한 동굴을 탐험하고 오염된 생물과 싸우고 이상한 곤충들과 친구가 되어 보세요. ‖ [Dead Cells] 데드 셀(Dead Cells)는 메트로배니아에서 영감을 받은 로그라이트 액션 플랫포머 게임입니다. 2D 소울 라이트 전투에서 성을 지키는 수호자들을 물리치고 끊임없이 변화하는 거대한 성을 탐험하게 됩니다. 세이브 포인트는 없습니다. 죽이고, 죽고, 배우고, 반복하세요. ‖ [Celeste] 타워폴(TowerFall) 시리즈의 개발자들이 만든 이 초밀착형 플랫폼 게임을 플레이하고, 매들린이 셀레스트 산 정상으로 향하는 여정에서 내면의 악마에게서 살아남을 수 있게 도와주세요. 한땀 한땀 손수 제작한 수백 가지의 도전 과제에 맞서고, 사악한 비밀을 밝혀내고, 산에 숨겨진 수수께끼를 풀어보세요.",Knight vs Giant: The Broken Excalibur,"액션, 어드벤처","판타지 액션 로그라이트 게임에서 아서왕이 되어 부러진 엑스칼리버를 휘두르세요. 사방으로 흩어진 카멜롯의 시민들을 구하고, 무시무시한 공허의 거인을 물리치고, 이계에서 탈출해야 합니다.",,,
B0344,A21,DARK SOULS™ III / The Witcher 3: Wild Hunt / The Elder Scrolls V: Skyrim Special Edition,액션 / RPG / RPG,"[DARK SOULS™ III] 장르를 새로 개척했다는 평가를 들으며 많은 좋은 평가들을 얻고 있는 다크 소울 시리즈는 계속해서 한계를 넘어서, 더욱 야심찬 단계에 도전하고자 하고 있습니다. 준비를 하고 어둠을 밝히십시오! ‖ [The Witcher 3: Wild Hunt] 리비아의 게롤트가 되어 의뢰를 받고 괴물을 사냥하세요. 전쟁의 상처가 가득하고 괴물이 들끓는 대륙을 마음껏 탐험해 보세요. 지금 가장 중요한 일은 대륙의 판도를 뒤바꿀 수도 있는 살아 있는 무기이자 예언의 아이, 시리를 추적하는 것입니다. ‖ [The Elder Scrolls V: Skyrim Special Edition] 200회 이상 올해의 게임에 선정된 The Elder Scrolls V: Skyrim Special Edition이 놀라운 디테일로 판타지에 생명을 불어넣었습니다. Special Edition에는 비평가들의 극찬을 받은 게임 및 새로운 기능이 포함된 애드온이 들어 있습니다.",Spark in the Dark,"액션, 어드벤처, 인디, RPG, 앞서 해보기",The hardcore dark fantasy Dungeon Crawler where you will go to the endless depths of a mysterious grim Dungeon.,,,
B0345,A05,Opus Magnum,"인디, 시뮬레이션","[Opus Magnum] Opus Magnum은 SpaceChem, Infinifactory, SHENZHEN I/O를 제작한 Zachtronics의 신작 퍼즐게임입니다. 연금술사들의 최첨단 도구인 변성 기관을 이용해 물약과 독을 만들어내는 기계들을 설계하고 만들어 내세요!",Puzzle Dimension,"캐주얼, 인디","Find solutions to 100 unique puzzles and experience the satisfaction of ""Aha"" moments!",,,
B0346,A31,Hearts of Iron IV / Europa Universalis IV / Sid Meier's Civilization® V,"시뮬레이션, 전략 / 시뮬레이션, 전략 / 전략","[Hearts of Iron IV] Victory is at your fingertips! Your ability to lead your nation is your supreme weapon, the strategy game Hearts of Iron IV lets you take command of any nation in World War II; the ‖ [Europa Universalis IV] 비교할 수 없는 자유도, 깊이 있는 스토리, 정확한 역사적 고증을 즐기며 국토를 다스리고 세계를 정복하세요. 세계 역사를 새롭게 쓰며 시대를 풍미할 제국을 만드세요. ‖ [Sid Meier's Civilization® V] Create, discover, and download new player-created maps, scenarios, interfaces, and more!",63 Days,"액션, 어드벤처, 전략","자유를 얻은 1세대 중 한 명으로 자란 저는 제2차 세계대전으로 가족, 집, 미래를 모두 빼앗겼습니다. 이제 제게 남은 선택은 복수와 독립을 쟁취하느냐, 아니면 죽느냐 하는 단 한 가지뿐입니다. 우리의 전술, 은밀함, 팀워크가 충분할까요?",,,
B0347,A32,Hardspace: Shipbreaker / Hacknet / The Case of the Golden Idol / 방 탈출 시뮬레이터 / shapez 2 - Factory,"시뮬레이션 / 인디, 시뮬레이션 / 어드벤처, 인디 / 어드벤처, 캐주얼, 인디, 시뮬레이션 / 캐주얼, 인디, 시뮬레이션, 전략","[Hardspace: Shipbreaker] Equipped with cutting-edge salvaging tech, carve & slice spaceships to recover valuable materials. Upgrade your gear to take on more lucrative contracts and pay your billion credit ‖ [Hacknet] Hacknet은 터미널 기반의 몰입형 해킹 시뮬레이터입니다. 최근에 사망한, 그러나 언론 보도와는 달리 사고로 사망하지 않은 해커의 지시에 따라 진실을 추척하십시오. ‖ [The Case of the Golden Idol] A new kind of detective game that allows you to think and investigate freely. Discover clues surrounding 12 strange and gruesome deaths and build your own theory. Pick your suspect ‖ [방 탈출 시뮬레이터] Escape Simulator는 단독 또는 온라인 협동 플레이가 가능한 1인칭 퍼즐 게임입니다. 점점 더 많아지는, 고도의 상호 작용이 가능한 방탈출 세트를 탐험하세요. 가구를 옮기고, 모든 것을 집어 들고 검사하고, 냄비를 부수고 자물쇠를 부수세요! 레벨 편집기를 통해 커뮤니티가 만든 방을 지원합니다. ‖ [shapez 2 - Factory] 공장 건설 게임에 빠져들어 보세요. 단 한 가지에 집중하세요. 대규모 우주 공장을 건설하는 것! 방대하게 펼쳐지는 다층 공장과 만족스러운 생산 라인을 무제한으로 설계하세요. 계속해서 어려워지는 자동화 목표를 적의 위협 없이 자신만의 속도로 달성하세요.",Quadrilateral Cowboy,"액션, 어드벤처, 인디","When you have a top-of-the-line hacking deck armed with a 56.6k modem and a staggering 256k RAM, it means just one thing: you answer only to the highest bidder.",,,
B0348,A32,Hardspace: Shipbreaker / Hacknet / The Case of the Golden Idol / 방 탈출 시뮬레이터 / shapez 2 - Factory,"시뮬레이션 / 인디, 시뮬레이션 / 어드벤처, 인디 / 어드벤처, 캐주얼, 인디, 시뮬레이션 / 캐주얼, 인디, 시뮬레이션, 전략","[Hardspace: Shipbreaker] Equipped with cutting-edge salvaging tech, carve & slice spaceships to recover valuable materials. Upgrade your gear to take on more lucrative contracts and pay your billion credit ‖ [Hacknet] Hacknet은 터미널 기반의 몰입형 해킹 시뮬레이터입니다. 최근에 사망한, 그러나 언론 보도와는 달리 사고로 사망하지 않은 해커의 지시에 따라 진실을 추척하십시오. ‖ [The Case of the Golden Idol] A new kind of detective game that allows you to think and investigate freely. Discover clues surrounding 12 strange and gruesome deaths and build your own theory. Pick your suspect ‖ [방 탈출 시뮬레이터] Escape Simulator는 단독 또는 온라인 협동 플레이가 가능한 1인칭 퍼즐 게임입니다. 점점 더 많아지는, 고도의 상호 작용이 가능한 방탈출 세트를 탐험하세요. 가구를 옮기고, 모든 것을 집어 들고 검사하고, 냄비를 부수고 자물쇠를 부수세요! 레벨 편집기를 통해 커뮤니티가 만든 방을 지원합니다. ‖ [shapez 2 - Factory] 공장 건설 게임에 빠져들어 보세요. 단 한 가지에 집중하세요. 대규모 우주 공장을 건설하는 것! 방대하게 펼쳐지는 다층 공장과 만족스러운 생산 라인을 무제한으로 설계하세요. 계속해서 어려워지는 자동화 목표를 적의 위협 없이 자신만의 속도로 달성하세요.",Mad Experiments: Escape Room,"어드벤처, 캐주얼, 인디, 시뮬레이션, 전략","수상 후보에 오른 이스케이프 게임 1인 또는 최대 5인까지 플레이하며 3개의 독특한 방을 탐험하고, 두뇌를 자극하는 퍼즐을 풀며 체셔 교수와 그의 실험에 얽힌 어두운 비밀을 밝혀보세요.",,,
B0349,A21,DARK SOULS™ III / The Witcher 3: Wild Hunt / The Elder Scrolls V: Skyrim Special Edition,액션 / RPG / RPG,"[DARK SOULS™ III] 장르를 새로 개척했다는 평가를 들으며 많은 좋은 평가들을 얻고 있는 다크 소울 시리즈는 계속해서 한계를 넘어서, 더욱 야심찬 단계에 도전하고자 하고 있습니다. 준비를 하고 어둠을 밝히십시오! ‖ [The Witcher 3: Wild Hunt] 리비아의 게롤트가 되어 의뢰를 받고 괴물을 사냥하세요. 전쟁의 상처가 가득하고 괴물이 들끓는 대륙을 마음껏 탐험해 보세요. 지금 가장 중요한 일은 대륙의 판도를 뒤바꿀 수도 있는 살아 있는 무기이자 예언의 아이, 시리를 추적하는 것입니다. ‖ [The Elder Scrolls V: Skyrim Special Edition] 200회 이상 올해의 게임에 선정된 The Elder Scrolls V: Skyrim Special Edition이 놀라운 디테일로 판타지에 생명을 불어넣었습니다. Special Edition에는 비평가들의 극찬을 받은 게임 및 새로운 기능이 포함된 애드온이 들어 있습니다.",Darksburg,"액션, 인디","DARKSBURG is a co-op roguelite in which you must escape a procedurally generated medieval city overwhelmed by undead forces. Fight alongside up to 3 friends, overcome the revenants and get out while you can...",,,
B0350,A08,Sid Meier’s Civilization® VI / XCOM® 2 / Stellaris,"전략 / 전략 / 시뮬레이션, 전략","[Sid Meier’s Civilization® VI] 문명 VI 에서는 새로운 방식으로 세상과 소통하고, 제국의 영토를 확장시키며, 문화를 발전시키고, 역사속 위대한 지도자들에 맞서 오래도록 지속될 나만의 문명을 건설해볼 수 있습니다. 클레오파트라를 비롯한 20명의 역사 속 지도자들 중 한명으로 플레이 해보세요. ‖ [XCOM® 2] XCOM 2는 수상 경력이 있는 전략 게임 XCOM: Enemy Unknown의 속편입니다. 인류가 외계인 침략군에게 항복한 지 20년, 이제 지구 상에는 새로운 세계 질서가 존재합니다. 수년간을 어둠 속에서 숨어 있었던 XCOM 부대는 반드시 일어나 외계인의 지배를 무너뜨릴 것입니다. ‖ [Stellaris] 항성간 여행을 통해 우주를 탐험하며 수많은 종족들도 만나보세요. 과학선을 보내 우주를 조사하고 탐험하면서 은하 제국을 건설하고, 건축선을 보내 새로 발견한 행성에 기지를 건설하세요. 소속 사회를 위한 탐험에 나서 매장된 보물과 은하계의 경이를 발견하고, 탐험가의 한계치와 진화 범위를 설정하세요. 동맹이 체결되고, 전쟁이 ",Master of Orion 2,전략,Forge an empire in a universe where population growth is stripping away planetary resources. Colonize unknown planets and trade with other races for their knowledge.,,,
B0351,A20,Counter-Strike 2 / PUBG: BATTLEGROUNDS / 톰 클랜시의 레인보우식스 시즈,"액션, 무료 플레이 / 액션, 어드벤처, 대규모 멀티플레이어, 무료 플레이 / 액션, 무료 플레이","[Counter-Strike 2] Counter-Strike는 20년이 넘는 시간 동안 전 세계 수백만 명의 플레이어가 모여 수준 높은 경쟁을 펼칠 수 있는 플랫폼을 제공해 왔습니다. 그리고 이제 곧 Counter-Strike 2와 함께 새로운 CS 시대의 막이 열립니다. ‖ [PUBG: BATTLEGROUNDS] 배틀로얄 유행의 시작이자, 그 정수를 보여준 PUBG: 배틀그라운드를 지금 무료로 플레이하세요! 다양한 맵에 낙하하여 무기와 보급품을 확보하고, 점점 줄어드는 블루존 속에서 끝까지 살아남아 승리를 쟁취하세요. ‖ [톰 클랜시의 레인보우식스 시즈] 톰 클랜시의 레인보우식스 시즈는 탁월한 계획과 기술이 승부를 좌우하는 전술적인 정예 팀 기반 슈팅 게임입니다.",BEACHED,"액션, 어드벤처, 캐주얼, 인디, 대규모 멀티플레이어, 앞서 해보기","A free-to-play, low-poly, open-world survival shooter where you’ll battle other players, explore massive monuments, and fight to stay alive. Build and fortify your base to defend against enemy raids, gather resources, and conquer a harsh, competitive world. Survival means doing whatever it takes.",,,
B0352,A12,Baldur's Gate 3 / Mount & Blade II: Bannerlord / Kenshi,"어드벤처, RPG, 전략 / 액션, 인디, RPG, 시뮬레이션, 전략 / 액션, 인디, RPG, 시뮬레이션, 전략","[Baldur's Gate 3] Baldur’s Gate 3 is a story-rich, party-based RPG set in the universe of Dungeons & Dragons, where your choices shape a tale of fellowship and betrayal, survival and sacrifice, and  ‖ [Mount & Blade II: Bannerlord] 본 게임은 전략/액션 RPG입니다. 캐릭터를 생성하고, 외교에 참여하고, 제작, 거래를 하고, 방대한 중세풍의 샌드박스에서 새로운 땅을 정복하십시오. 군대를 일으켜 전쟁에 뛰어들고, 깊이가 있으나 직관적인 실력 기반의 전투 시스템을 채용한 대규모 실시간 전투에서 자신의 부대에 명령을 내리고 함께 싸우십시오. ‖ [Kenshi] 자유롭게 돌아다니는 분대 기반의 RPG. 스토리를 따라가는 대신 제한 없는 샌드박스식 게임플레이에 중점을 두었습니다. 무역상, 도둑, 반란군, 전쟁 군주, 모험가, 농부, 노예 등 다양한 삶을 체험할 수 있습니다. 운이 나쁘면 식인종의 먹잇감으로 전락할지도 모르죠. 새로운 장비를 연구하거나 제작해 보세요.",SpellForce 3 Reforced,"RPG, 전략",SpellForce 3 - RTS와 RPG 장르의 완벽한 결합!,,,
B0353,A08,Sid Meier’s Civilization® VI / XCOM® 2 / Stellaris,"전략 / 전략 / 시뮬레이션, 전략","[Sid Meier’s Civilization® VI] 문명 VI 에서는 새로운 방식으로 세상과 소통하고, 제국의 영토를 확장시키며, 문화를 발전시키고, 역사속 위대한 지도자들에 맞서 오래도록 지속될 나만의 문명을 건설해볼 수 있습니다. 클레오파트라를 비롯한 20명의 역사 속 지도자들 중 한명으로 플레이 해보세요. ‖ [XCOM® 2] XCOM 2는 수상 경력이 있는 전략 게임 XCOM: Enemy Unknown의 속편입니다. 인류가 외계인 침략군에게 항복한 지 20년, 이제 지구 상에는 새로운 세계 질서가 존재합니다. 수년간을 어둠 속에서 숨어 있었던 XCOM 부대는 반드시 일어나 외계인의 지배를 무너뜨릴 것입니다. ‖ [Stellaris] 항성간 여행을 통해 우주를 탐험하며 수많은 종족들도 만나보세요. 과학선을 보내 우주를 조사하고 탐험하면서 은하 제국을 건설하고, 건축선을 보내 새로 발견한 행성에 기지를 건설하세요. 소속 사회를 위한 탐험에 나서 매장된 보물과 은하계의 경이를 발견하고, 탐험가의 한계치와 진화 범위를 설정하세요. 동맹이 체결되고, 전쟁이 ",Marble Age,"인디, 시뮬레이션, 전략",Turn-based historical simulation strategy. Develop the Greek civilization from the small village to the great city-state when it will dominate the world!,,,
B0354,A01,It Takes Two / Overcooked! 2 / What Remains of Edith Finch,"액션, 어드벤처 / 액션, 캐주얼, 인디 / 어드벤처, 인디","[It Takes Two] It Takes Two에서 생애 가장 정신없는 여정을 시작하세요. 친구가 무료로 참가할 수 있게 친구 패스*로 초대하고, 함께 힘을 합쳐서 수많은 유쾌하고 획기적인 게임 플레이 챌린지를 헤쳐나가세요. ‖ [Overcooked! 2] 혼란스러운 요리 액션으로 가득한 Overcooked가 돌아왔습니다! 양파 왕국으로 돌아가는 여행을 떠나세요. 클래식 협동 또는 온라인 플레이에서 셰프 팀을 만들어서 최대 4명까지 플레이하세요. 앞치마를 준비하세요... 다시 세상을 구할 때가 되었습니다! ‖ [What Remains of Edith Finch] What Remains of Edith Finch(워트 리메인스 오브 에디스 핀치)는 워싱턴 주에 있는 어느 가족에 대한 이상한 이야기의 모음입니다. 플레이어는 에디스가 되어 거대한 핀치 가택을 탐사하고, 가족사를 연구하며 이야기를 찾고, 왜 가족 중에서 그녀만 살아남았는지 알아내야 합니다. 각 이야기는 새로운 가족 구성",Homesick,"어드벤처, 인디","Explore an abandoned building, encountering puzzles and clues to discover what happened, as you try to escape in both your nightmares and the waking world. Be immersed in the hauntingly beautiful 3D atmosphere in this puzzle exploration mystery game.",,,
B0355,A19,ELDEN RING / Disco Elysium - The Final Cut / Outer Wilds,"액션, RPG / RPG / 액션, 어드벤처","[ELDEN RING] 본 게임은 본격적인 다크 판타지 세계를 무대로 한 액션 RPG입니다. 드넓은 필드와 던전 탐험을 통해 미지의 것들을 발견해 보세요. 앞길을 막아서는 난관과 그것을 극복했을 때의 달성감, 그리고 등장인물들의 의도가 교착하는 군상극도 즐기실 수 있습니다. ‖ [Disco Elysium - The Final Cut] 디스코 엘리시움 - 최종판은 획기적인 오픈 월드 롤플레잉 게임입니다. 당신은 독특한 스킬 시스템을 갖춘 형사로서 오롯한 도시 블록을 당신의 미래를 닦기 위해 다듬을 수 있습니다. 잊지 못할 등장인물들을 심문하거나, 살인 사건을 해결하거나, 뇌물을 받으세요. 영웅이 되거나 인류의 완전한 재앙이 되세요. ‖ [Outer Wilds] Giant Bomb, Polygon, Eurogamer, The Guardian에 의해 2019년 올해의 게임에 이름을 올리며 냉정한 호평과 수상 실적이 있는 Outer Wilds는 무한 시간 루프에 갇힌 태양계에 관한 공개된 세계의 미스터리 게임입니다.",CaseCracker,"어드벤처, 캐주얼, 인디, RPG, 시뮬레이션, 전략","No flashy visuals, just pure mental gymnastics. Actively search, cross-reference, and unravel the truth from a complex database. In this hardcore text-based deduction game, the devil is always in the details. Detective, are you ready?",,,
B0356,A12,Baldur's Gate 3 / Mount & Blade II: Bannerlord / Kenshi,"어드벤처, RPG, 전략 / 액션, 인디, RPG, 시뮬레이션, 전략 / 액션, 인디, RPG, 시뮬레이션, 전략","[Baldur's Gate 3] Baldur’s Gate 3 is a story-rich, party-based RPG set in the universe of Dungeons & Dragons, where your choices shape a tale of fellowship and betrayal, survival and sacrifice, and  ‖ [Mount & Blade II: Bannerlord] 본 게임은 전략/액션 RPG입니다. 캐릭터를 생성하고, 외교에 참여하고, 제작, 거래를 하고, 방대한 중세풍의 샌드박스에서 새로운 땅을 정복하십시오. 군대를 일으켜 전쟁에 뛰어들고, 깊이가 있으나 직관적인 실력 기반의 전투 시스템을 채용한 대규모 실시간 전투에서 자신의 부대에 명령을 내리고 함께 싸우십시오. ‖ [Kenshi] 자유롭게 돌아다니는 분대 기반의 RPG. 스토리를 따라가는 대신 제한 없는 샌드박스식 게임플레이에 중점을 두었습니다. 무역상, 도둑, 반란군, 전쟁 군주, 모험가, 농부, 노예 등 다양한 삶을 체험할 수 있습니다. 운이 나쁘면 식인종의 먹잇감으로 전락할지도 모르죠. 새로운 장비를 연구하거나 제작해 보세요.",Viking Frontiers,"액션, 어드벤처, 인디, RPG, 시뮬레이션, 전략","Survival of your people - that's the only thing that matters. Become the leader of a newly founded Viking settlement and lead it to safety and glory. Gather, build, craft, hunt, raid and follow your Gods to endure hardships of nature and save your clan from violent destruction.",,,
B0357,A14,Iron Brigade / Ancient Planet Tower Defense / Creeper World IXE,"액션, 전략 / 캐주얼, 인디, 전략 / 액션, 캐주얼, 인디, 시뮬레이션, 전략","[Iron Brigade] Join The Mobile Trench Brigade and protect humanity from the evil Monovision menace! ‖ [Ancient Planet Tower Defense] 고대 행성 타워 디펜스는 정통 타워 디펜스 게임입니다. 고대 문명의 요새가 외계 침략자들로부터 침략당했습니다. 고대의 강력한 기술을 사용하여 적군의 공격을 물리치십시오! ‖ [Creeper World IXE] The unstoppable alien force known as The Creeper has returned, devouring thousands of worlds in its path, and yours is next. Battle against the Creeper fluid in a groundbreaking pi",Outlive 25,"액션, 시뮬레이션, 전략","Build your base, prepare your troops, and face your most epic battle yet in this old-school real-time strategy game. Choose between two factions, test your skills in three epic campaigns and engage in online battles with up to 16 players simultaneously.",,,
B0358,A16,The Talos Principle / Rust / Inscryption,"액션, 어드벤처, 인디 / 액션, 어드벤처, 인디, 대규모 멀티플레이어, RPG / 어드벤처, 인디, 전략","[The Talos Principle] 탈로스 법칙은 철학적 SF 소설의 전통을 따른 1인칭 퍼즐 게임입니다. 시리어스 샘을 개발한 크로팀에서 만들었으며, 톰 주버트(FTL, 더 스와퍼)와 조나스 카이라츠(바다는 모든 것을 요구한다.)가 스토리를 작성했습니다. ‖ [Rust] Rust에서의 목표는 오직 하나, 바로 살아남는 것입니다. 섬의 야생 동물, 다른 주민, 환경, 다른 생존자 모두가 여러분의 목숨을 노립니다. 하루 더 살아남을 수 있다면 수단과 방법을 가리지 마세요. ‖ [Inscryption] Inscryption은 검은 잉크로 그려진 카드를 기반으로 한 덱빌딩 로그라이크, 방탈출 퍼즐, 피가 흐르는 심리적 공포 등의 요소가 섞인 여정을 다룹니다. 카드에는 더 어두운 비밀이 새겨져 있습니다…",ReThink,"캐주얼, 인디","As an inmate of a government-controlled Correctional Facility in the year 2275, you have the right to prove yourself worthy of being part of Society again. Show your skills in logical thinking by solving puzzles of varying size, type and difficulty in this first-Person puzzle game, and redeem your f",,,
B0359,A30,Stardew Valley / Slime Rancher / Raft,"인디, RPG, 시뮬레이션 / 액션, 어드벤처, 인디, 시뮬레이션 / 어드벤처, 인디, 시뮬레이션","[Stardew Valley] You've inherited your grandfather's old farm plot in Stardew Valley. Armed with hand-me-down tools and a few coins, you set out to begin your new life. Can you learn to live off th ‖ [Slime Rancher] 슬라임 랜쳐는 젊고 용감한 랜쳐, 베아트릭스 르뷰가 지구에서 1,000광년 떨어진 '머나먼 평야'에서 슬라임들과 씨름하며 생계를 꾸려나가는 이야기입니다. 긍정적인 마인드와 강인한 의지로 베아트릭스는 진공팩을 사용하여 끊임없이 말랑말랑하게 굴러나오는 슬라임들을 피하며 이름을 알리고, 부자가 되려 합니다. ‖ [Raft] Raft™ throws you and your friends into an epic oceanic adventure! Alone or together, players battle to survive a perilous voyage across a vast sea! Gather debris, scavenge reefs an",Smushi Come Home,"어드벤처, 캐주얼, 인디, RPG",숲에서 길을 잃고 집으로 돌아가는 길을 찾지 못하는 작은 버섯이 되어 플레이하세요. 원하는 대로 자유롭게 특별한 장소를 탐험하고 친절한 주민들과 이야기를 나누고 다양한 모험을 통해 집으로 돌아가세요!,,,
B0360,A25,DOOMBLADE / Transiruby / Blast Brigade vs. the Evil Legion of Dr. Cread,"액션, 어드벤처, 인디 / 액션 / 액션, 어드벤처, 인디","[DOOMBLADE] Deep underground, Gloom Girl discovers DOOMBLADE, a sentient weapon hellbent on escape after eons in chains. Together, “Doom and Gloom” embark on a vengeful quest to unlock the pow ‖ [Transiruby] 차원 대륙의 의문을 풀어라! 는 사이보그 소녀 실비가 검과 엘리먼트 샷으로 적을 쓰러뜨리며 앞으로 나아가는 탐색형 액션 게임입니다! ‖ [Blast Brigade vs. the Evil Legion of Dr. Cread] 스릴 넘치는 플랫포밍과 깊이 있는 탐험 세계, 폭발적인 액션으로 가득한 2D 메트로이드배니아 어드벤처 게임을 즐겨보세요! Blast Brigade에서 영웅들로 팀을 구성해 세계를 구하세요!",La-Mulana 2,"액션, 어드벤처, 인디","The long-awaited sequel to La-Mulana, La-Mulana 2 follows Lumisa Kosugi as she explores the ancient ruins of La-Mulana. Desperate to find the cause of the recent slew of monsters appearing from the ruins, Lumisa discovers the ""other"" La-Mulana: the ruins known as Eg-Lana.",,,
B0361,A09,Roots of Yggdrasil / Ancient Gods / Flick Shot Rogues,"인디, 전략 / RPG, 전략 / 인디, 전략","[Roots of Yggdrasil] Build settlements, explore the Nine Realms, collect artifacts and upgrade your deck to reach the top of Yggdrasil in this post-Ragnarok roguelike city-builder! Can you survive the  ‖ [Ancient Gods] Ancient Gods is a fusion of hero collector and deck-building rogue-lite where you collect your character, fight, and experience exciting events. Any character can use all the cards ‖ [Flick Shot Rogues] 계획하고, 조준하고, 쏘세요! FLICK SHOT ROGUES는 테이블 위에서 물건을 튕기는 촉각적 만족감과 사람들이 좋아하는 턴제 로그라이크의 전략적 깊이를 결합한 게임입니다. 말도 안되는 콤보를 연결하고, 캐릭터, 아이템, 스킬을 잠금 해제하면서, 섬을 정복하세요!",The Bonfire 2: Uncharted Shores,"인디, 시뮬레이션, 전략","Build, survive, explore. Design your city, manage resource chains and workers, Send ships on expedition, trade with cities, discover mysterious dungeons and uncover secrets of ancients.",,,
B0362,A18,Euro Truck Simulator 2 / BeamNG.drive / 아세토 코르사 Assetto Corsa,"인디, 시뮬레이션 / 레이싱, 시뮬레이션, 앞서 해보기 / 인디, 레이싱, 시뮬레이션, 스포츠","[Euro Truck Simulator 2] 도로의 왕이 되어 인상적인 거리를 가로질러 중요한 화물을 배달하는 트럭 운전사가 되어 유럽을 여행하세요! 탐험할 도시가 수십 개나 되므로, 당신의 인내심, 기술, 속도가 모두 한계에 도달할 것입니다. ‖ [BeamNG.drive] 뭐든지 할 수 있는 동적 소프트 보디 물리 시뮬레이터입니다. ‖ [아세토 코르사 Assetto Corsa] 아세토 코르사(Assetto Corsa) v1.16은 새로운 레이저 스캔 트랙 ""라구나 세카(Laguna Seca)"" 및 기다리던 Alfa Romeo Giulia Quadrifoglio를 포함한 7개의 신차를 소개합니다! 체인지로그에서 더 자세한 내용을 확인하세요!",Road Trucker,시뮬레이션,트럭 운전대를 잡고 어려운 숲길을 따라 긴 여행을 떠나십시오.,,,
B0363,A23,Vomitoreum / Tales of Kenzera™: ZAU / Shantae: Half-Genie Hero,"액션, 어드벤처, 인디 / 액션, 어드벤처, 인디 / 액션, 어드벤처, 인디","[Vomitoreum] Vomitoreum is an FPS Metroidvania with a focus on atmosphere and horror, inspired by the paintings of Zdzisław Beksiński. ‖ [Tales of Kenzera™: ZAU] 샤먼의 춤을 추세요. 아버지의 영혼을 되찾으세요. Surgent Studios가 제작한 메트로이드바니아 스타일의 어드벤처 게임 Tales of Kenzera™: ZAU에서 죽음의 신과 함께 아름답고 위험한 켄제라의 땅으로 용감하게 모험을 떠나세요. ‖ [Shantae: Half-Genie Hero] Shantae embarks on her first full HD adventure! When a mysterious crime wave sweeps Sequin Land, it’s up to Half-Genie Hero Shantae to save the day! Use Shantae’s devastating Hair-",EARTH'S DAWN,"액션, 인디",Earth’s Dawn is looming and the fate of the planet hangs in the balance! Dive into frantic side-scrolling combat and take the fight to the alien horde before destroying hulking bosses!,,,
B0364,A09,Roots of Yggdrasil / Ancient Gods / Flick Shot Rogues,"인디, 전략 / RPG, 전략 / 인디, 전략","[Roots of Yggdrasil] Build settlements, explore the Nine Realms, collect artifacts and upgrade your deck to reach the top of Yggdrasil in this post-Ragnarok roguelike city-builder! Can you survive the  ‖ [Ancient Gods] Ancient Gods is a fusion of hero collector and deck-building rogue-lite where you collect your character, fight, and experience exciting events. Any character can use all the cards ‖ [Flick Shot Rogues] 계획하고, 조준하고, 쏘세요! FLICK SHOT ROGUES는 테이블 위에서 물건을 튕기는 촉각적 만족감과 사람들이 좋아하는 턴제 로그라이크의 전략적 깊이를 결합한 게임입니다. 말도 안되는 콤보를 연결하고, 캐릭터, 아이템, 스킬을 잠금 해제하면서, 섬을 정복하세요!",Dice Kingdoms,"인디, 전략","Compete against friends in games filled with unpredictable twists and turns. Roll the dice to gather resources and test your adaptability. Lead your kingdom to success through military power, religious knowledge, or architectural ingenuity.",,,
B0365,A15,서브노티카 / The Long Dark / No Man's Sky,"어드벤처, 인디 / 어드벤처, 인디, 시뮬레이션, 전략 / 액션, 어드벤처","[서브노티카] 위험과 경이로움이 가득한 외계의 바다 속으로 내려가세요. 장비를 제작하고, 잠수함을 조종하며 야생 생물보다 앞서가세요. 우거진 산호초, 화산, 동굴 같은 많은 장소들을 탐험하세요. 물론 살아남는 걸 잊으면 안 되겠죠. ‖ [The Long Dark] The Long Dark는 깊은 생각을 요구하는 탐험 생존 게임입니다. 플레이어는 지구 자기장 이상으로 인한 대재앙이 휩쓸고 간 세상에서 혼자 드넓은 설원 황무지를 탐험하며 살아남아야 합니다. 좀비는 등장하지 않으며 오직 플레이어와 추위, 그리고 자연 속의 위험들만 존재합니다. 고요한 종말의 세상에 오신 것을 환영합니다. ‖ [No Man's Sky] No Man's Sky는 무한히 펼쳐지는 우주에서의 탐험과 생존을 그린 SF 게임입니다.",Aground,"어드벤처, 인디, RPG","As one of the last human survivors, you find yourself stranded on an uninhabited island. With a few other victims of the crash, can you craft, mine, and build your way to survival?",,,
B0366,A17,Lethal Company / Phasmophobia / Deep Rock Galactic,"액션, 어드벤처, 인디, 앞서 해보기 / 액션, 인디, 앞서 해보기 / 액션","[Lethal Company] A co-op horror about scavenging at abandoned moons to sell scrap to the Company. ‖ [Phasmophobia] Phasmophobia is a 4 player online co-op psychological horror. Paranormal activity is on the rise and it’s up to you and your team to use all the ghost-hunting equipment at your dis ‖ [Deep Rock Galactic] 딥 락 갤럭틱은 1-4인의 플레이어가 협동하는 FPS 게임으로, 상남자 우주 드워프, 100% 파괴 가능한 맵 환경, 절차적 생성 동굴 지형, 그리고 끊임없이 등장하는 외계 괴물 무리가 특징입니다.",Odd Remedy,"어드벤처, 인디, 앞서 해보기","Escape the open-world island infested with monster spiders while on duty as a prisoner with your friends. Loot the city, destroy the caves, take some selfies on the way out in your car before you set sail.",,,
B0367,A17,Lethal Company / Phasmophobia / Deep Rock Galactic,"액션, 어드벤처, 인디, 앞서 해보기 / 액션, 인디, 앞서 해보기 / 액션","[Lethal Company] A co-op horror about scavenging at abandoned moons to sell scrap to the Company. ‖ [Phasmophobia] Phasmophobia is a 4 player online co-op psychological horror. Paranormal activity is on the rise and it’s up to you and your team to use all the ghost-hunting equipment at your dis ‖ [Deep Rock Galactic] 딥 락 갤럭틱은 1-4인의 플레이어가 협동하는 FPS 게임으로, 상남자 우주 드워프, 100% 파괴 가능한 맵 환경, 절차적 생성 동굴 지형, 그리고 끊임없이 등장하는 외계 괴물 무리가 특징입니다.",Paranormal Cleanup,"액션, 어드벤처, 인디",너무 끔찍한 청소 교대 근무를 시작해봐: 역겨운 화장실을 뚫고 에크토플라즘을 닦는 이 1-4인 온라인 협동 생존 호러 게임에서 일을 마무리하고 너를 사냥하려는 엔티티에게 잡히지 마!,,,
B0368,A01,It Takes Two / Overcooked! 2 / What Remains of Edith Finch,"액션, 어드벤처 / 액션, 캐주얼, 인디 / 어드벤처, 인디","[It Takes Two] It Takes Two에서 생애 가장 정신없는 여정을 시작하세요. 친구가 무료로 참가할 수 있게 친구 패스*로 초대하고, 함께 힘을 합쳐서 수많은 유쾌하고 획기적인 게임 플레이 챌린지를 헤쳐나가세요. ‖ [Overcooked! 2] 혼란스러운 요리 액션으로 가득한 Overcooked가 돌아왔습니다! 양파 왕국으로 돌아가는 여행을 떠나세요. 클래식 협동 또는 온라인 플레이에서 셰프 팀을 만들어서 최대 4명까지 플레이하세요. 앞치마를 준비하세요... 다시 세상을 구할 때가 되었습니다! ‖ [What Remains of Edith Finch] What Remains of Edith Finch(워트 리메인스 오브 에디스 핀치)는 워싱턴 주에 있는 어느 가족에 대한 이상한 이야기의 모음입니다. 플레이어는 에디스가 되어 거대한 핀치 가택을 탐사하고, 가족사를 연구하며 이야기를 찾고, 왜 가족 중에서 그녀만 살아남았는지 알아내야 합니다. 각 이야기는 새로운 가족 구성",Wrap House Simulator🌯,"캐주얼, 인디, 시뮬레이션","웰컴 투 랩 하우스 시뮬레이터! 이 요리 어드벤처에서 자신만의 랩 가게를 운영하고, 썰고, 굽고, 서빙하세요. 가게를 꾸미고, 그릴을 마스터하며, 최대 6명의 플레이어와 협력해 러시를 버텨보세요. 주문을 처리하고, 고객을 만족시키며, 꿈의 레스토랑을 만들어보세요!",,,
B0369,A20,Counter-Strike 2 / PUBG: BATTLEGROUNDS / 톰 클랜시의 레인보우식스 시즈,"액션, 무료 플레이 / 액션, 어드벤처, 대규모 멀티플레이어, 무료 플레이 / 액션, 무료 플레이","[Counter-Strike 2] Counter-Strike는 20년이 넘는 시간 동안 전 세계 수백만 명의 플레이어가 모여 수준 높은 경쟁을 펼칠 수 있는 플랫폼을 제공해 왔습니다. 그리고 이제 곧 Counter-Strike 2와 함께 새로운 CS 시대의 막이 열립니다. ‖ [PUBG: BATTLEGROUNDS] 배틀로얄 유행의 시작이자, 그 정수를 보여준 PUBG: 배틀그라운드를 지금 무료로 플레이하세요! 다양한 맵에 낙하하여 무기와 보급품을 확보하고, 점점 줄어드는 블루존 속에서 끝까지 살아남아 승리를 쟁취하세요. ‖ [톰 클랜시의 레인보우식스 시즈] 톰 클랜시의 레인보우식스 시즈는 탁월한 계획과 기술이 승부를 좌우하는 전술적인 정예 팀 기반 슈팅 게임입니다.",마라톤,액션,"헤일로와 데스티니 제작진이 선보이는, 긴장감 넘치는 1인칭 생존 슈팅 게임에서 타우 세티 IV의 잃어버린 식민지를 탐험하고 귀중한 전리품을 수집하세요.",,,
B0370,A13,Death's Door / Children of Morta / Roboquest / Spelunky 2 / Nuclear Throne / Streets of Rogue / Neon Abyss / Curse of the Dead Gods / Rogue Legacy 2 / Have a Nice Death,"액션, 어드벤처, 인디, RPG / 액션, 어드벤처, 인디, RPG / 액션, 인디 / 액션, 인디 / 액션, 인디, RPG / 액션, 어드벤처, 인디, RPG / 액션, 어드벤처, 인디, RPG / 액션, 어드벤처 / 액션, 어드벤처, 인디, RPG / 액션, 인디","[Death's Door] 죽은 자의 영혼을 수확하고 시간을 끝내는 것은 단조로울 수 있지만 까마귀에겐 평범한 일입니다. 하지만 주어진 영혼을 도둑맞게 되면 변화가 일어납니다. 영혼을 도난하고 죽음의 손길이 닿지 않는 영역으로 도망친 절망적인 도둑을 추적하십시오. ‖ [Children of Morta] Children of Morta는 비범한 가족 영웅에 대한 스토리 중심의 액션 RPG 게임입니다. 다가오는 부패에 맞서 모든 결함과 미덕을 갖춘 베르그송 가를 이끄세요. 여러분은 여러분이 아끼는 사람들을 구하기 위해 모든 것을 희생할 수 있으신가요? ‖ [Roboquest] 로보퀘스트는 멸망한 미래 세계의 빠른 FPS 로그라이트입니다. 당신은 재부팅된 수호자로, 강철 궁둥짝을 걷어 찰 준비를 하세요! 혼자서 혹은 친구와 함께 맞서거나 끊임없이 변화하는 환경에서 치명적인 로봇 군단을 섬멸하세요. ‖ [Spelunky 2] Spelunky 2 builds upon the unique, randomized challenges that made the original a roguelike classic, offering a huge adventure designed to satisfy players old and new. Meet the nex ‖ [Nuclear Throne] Nuclear Throne은 포스트 아포칼립스 세계관의 로그라이크 스타일 탑다운 슈터입니다. 여기서 말하는 포스트 아포칼립스는 '인류의 마지막 희망'이 남아 있는 세계가 아니라, '인류는 멸종했고 이제 돌연변이와 괴물들이 세상을 돌아다니는' 그런 세계입니다. 과연 당신은 뉴클리어 쓰론에 도달할 수 있을까요? ‖ [Streets of Rogue] 싸워서 몰래 들어가 임의 생성된 도시를 공격하세요. Nuclear Throne은 무법천지 GTA와 Deus Ex가 혼합된 형태입니다. Rogue-lite가 몰입도 높은 캐릭터를 만나 너무 재미있습니다. ‖ [Neon Abyss] Neon Abyss는 고속의 로그라이크 액션 플랫포머로, 하데스가 만든 '그림 스쿼드'의 일원이 되어 어비스로 총을 들고 뛰어드는 런 앤 건 게임입니다. 무한한 아이템 시너지와 던전 진화 시스템으로, 매번 게임을 할 때마다 다른 경험과 새로운 도전이 등장합니다. 진짜 지옥을 보여주세요! ‖ [Curse of the Dead Gods] 엄청난 부, 영원한 생명, 신성한 힘을 탐하는 마음이 당신을 끝없는 지옥 속의 미로, 치명적인 함정 및 몬스터가 우글거리는 이 저주받은 사원으로 이끌었습니다. ‖ [Rogue Legacy 2] 로그 레거시 2는 로그 레거시에 후속편을 끼얹은 작품입니다. 당신이 죽을 때마다 자식이 가업을 이어받습니다. 딸은 색맹 궁수이고 아들은 평화주의자 요리사일 수도 있죠. 어쨌거나 둘 중 한 명은 전장으로 나가야 합니다. ‖ [Have a Nice Death] Have a Nice Death는 과로에 고생하는 데스가 되어 플레이하는 2D 액션 로그라이크로, 통제 불능인 직원들 때문에 영혼의 균형과 데스의 휴가 계획이 틀어지고 말았습니다. 질서를 회복하려면 대낫을 들고 직원들과 서열 정리를 해야 합니다.",엔드리스 로드：Reborn,"어드벤처, 인디, RPG, 전략",엔드리스 로드: Reborn 로그라이크 카드 게임입니다. 플레이어는 다양한 장비와 스킬을 구사하여 엔드리스 로드에 숨어 있는 위험한 몬스터를 쓰러뜨리며 나아갑니다. 자신의 의사결정 능력과 서바이벌 능력을 시험하여 이겨나갑시다!,,,
B0371,A03,Balatro / Hades / Vampire Survivors,"캐주얼, 인디, 전략 / 액션, 인디, RPG / 액션, 캐주얼, 인디, RPG","[Balatro] 포커 로그라이크 게임. Balatro는 불법 포커 패로 게임을 하고, 판을 뒤엎는 조커를 발견하고, 아드레날린이 치솟는 강력한 콤보를 만드는 덱 빌딩 게임입니다. ‖ [Hades] Bastion, Transistor, Pyre의 제작사에서 선보이는 이 로그라이크 던전 탐색형 게임에서 핵 앤 슬래시로 지하 세계를 탈출하고 죽음의 신에게 도전하세요. ‖ [Vampire Survivors] 수많은 어둠의 피조물을 쓰러뜨리며 새벽이 올 때까지 생존하세요! Vampire Survivors는 로그라이트 요소를 갖춘 고딕 호러 케주얼 게임입니다. 당신의 선택으로 순식간에 수백 마리의 괴물이 눈덩이처럼 불어날 수 있죠.",악선,"액션, 인디, RPG, 앞서 해보기","한국 전통 무속 신앙에 뿌리를 둔 핵앤슬래시 로그라이트 게임입니다. 악선의 어두운 심연으로 내려가, 수백 가지 원소 귀물과 기술을 연쇄시켜 파괴적인 시너지를 폭발시키고 저주받은 윤회의 고리를 끊어내십시오.",,,
B0372,A33,Garry's Mod / Team Fortress 2 / Left 4 Dead 2,"캐주얼, 인디, 시뮬레이션 / 액션, 무료 플레이 / 액션","[Garry's Mod] Garry's Mod is a physics sandbox. There aren't any predefined aims or goals. We give you the tools and leave you to play. ‖ [Team Fortress 2] 다양한 전술적 능력과 뚜렷한 개성을 갖춘 9가지 병과의 캐릭터를 플레이하세요. 끊임없이 업데이트되는 새로운 게임 모드, 맵, 장비 그리고 가장 중요한 모자까지 지금 바로 즐겨보세요! ‖ [Left 4 Dead 2] Set in the zombie apocalypse, Left 4 Dead 2 is a co-operative action horror FPS takes you and your friends through the cities, swamps and cemeteries of the Deep South, from Savanna",Unreal Sandbox,캐주얼,Build and play with others with a physics based sandbox created in unreal engine 5,,,
B0373,A29,Salt and Sanctuary,"액션, 인디, RPG","[Salt and Sanctuary] 두렵고도 잔혹한 섬의 탐험을 시작합니다… Salt and Sanctuary는 신속하고, 잔인하며, 복잡한 전투 시스템을 지닌 2D RPG입니다. 저주받은 도시의 잊힌 영역이나, 피에 물든 던전이나, 오염된 기념비와 같은 장소를 돌아다니며, 한때 축복을 받았지만 지금은 타락하고 만 영주들을 조우하세요.",Dolmen,"액션, 어드벤처, 인디, RPG",미래적인 SF와 코즈믹 호러 요소의 융합으로 탄생한 새로운 공포 액션 RPG 을 만나보세요. 적 세력을 격퇴하고 임무를 달성하시겠습니까? 아니면 무력하게 세상에서 소멸하시겠습니까?,,,
B0374,A02,Still Life / Jenny LeClue - Detectivu / Telling Lies,"어드벤처 / 액션, 어드벤처, 캐주얼, 인디 / 어드벤처, 인디, 시뮬레이션",[Still Life] Still Life 2 also now available! ‖ [Jenny LeClue - Detectivu] Jenny LeClue - Detectivu는 조사와 선택지로 가득한 스릴 넘치는 미스터리 어드벤처 게임입니다. ‖ [Telling Lies] 네 명의 삶. 그리고 하나의 큰 거짓말. 아무도 모르게 녹화된 은밀한 대화를 들으며 진실을 알아내십시오. 큰 호평을 받았던 Her Story의 계승작입니다.,Demon Hunter: Chronicles from Beyond,"어드벤처, 캐주얼",진정한 자신의 자아를 발견하고 다른 차원에서 온 비밀스러운 존재를 무찌르세요!,,,
B0375,A35,Project Zomboid / Don't Starve / The Forest,"인디, RPG, 시뮬레이션, 앞서 해보기 / 어드벤처, 인디, 시뮬레이션 / 액션, 어드벤처, 인디, 시뮬레이션","[Project Zomboid] Project Zomboid is the ultimate in zombie survival. Alone or in MP: you loot, build, craft, fight, farm and fish in a struggle to survive. A hardcore RPG skillset, a vast map, mass ‖ [Don't Starve] Don’t Starve is an uncompromising wilderness survival game full of science and magic. Enter a strange and unexplored world full of strange creatures, dangers, and surprises. Gather ‖ [The Forest] As the lone survivor of a passenger jet crash, you find yourself in a mysterious forest battling to stay alive against a society of cannibalistic mutants. Build, explore, survive i",Animallica,"액션, 어드벤처, 인디, 시뮬레이션, 무료 플레이","In Animallica you are racing against extinction after a deadly virus ravaged the world. As the lone survivor of the last conservation center on Earth, the fate of every single animal and plant species lies in your hands.",,,
B0376,A32,Hardspace: Shipbreaker / Hacknet / The Case of the Golden Idol / 방 탈출 시뮬레이터 / shapez 2 - Factory,"시뮬레이션 / 인디, 시뮬레이션 / 어드벤처, 인디 / 어드벤처, 캐주얼, 인디, 시뮬레이션 / 캐주얼, 인디, 시뮬레이션, 전략","[Hardspace: Shipbreaker] Equipped with cutting-edge salvaging tech, carve & slice spaceships to recover valuable materials. Upgrade your gear to take on more lucrative contracts and pay your billion credit ‖ [Hacknet] Hacknet은 터미널 기반의 몰입형 해킹 시뮬레이터입니다. 최근에 사망한, 그러나 언론 보도와는 달리 사고로 사망하지 않은 해커의 지시에 따라 진실을 추척하십시오. ‖ [The Case of the Golden Idol] A new kind of detective game that allows you to think and investigate freely. Discover clues surrounding 12 strange and gruesome deaths and build your own theory. Pick your suspect ‖ [방 탈출 시뮬레이터] Escape Simulator는 단독 또는 온라인 협동 플레이가 가능한 1인칭 퍼즐 게임입니다. 점점 더 많아지는, 고도의 상호 작용이 가능한 방탈출 세트를 탐험하세요. 가구를 옮기고, 모든 것을 집어 들고 검사하고, 냄비를 부수고 자물쇠를 부수세요! 레벨 편집기를 통해 커뮤니티가 만든 방을 지원합니다. ‖ [shapez 2 - Factory] 공장 건설 게임에 빠져들어 보세요. 단 한 가지에 집중하세요. 대규모 우주 공장을 건설하는 것! 방대하게 펼쳐지는 다층 공장과 만족스러운 생산 라인을 무제한으로 설계하세요. 계속해서 어려워지는 자동화 목표를 적의 위협 없이 자신만의 속도로 달성하세요.",Tick Tock: A Tale for Two,"어드벤처, 캐주얼, 인디","당신과 당신의 친구는 신비로운 세상에 갇혔습니다. 점점 복잡해지는 퍼즐 세상에서, 시간이 다 되기 전에 탈출하세요. 각 플레이어는 혼자서 모든 걸 볼 수 없으므로, 협력해야만 합니다! 로컬 또는 원격으로 두 개 장치에서 플레이할 수 있습니다. 서로 목소리만 이어져있으면 됩니다.",,,
B0377,A19,ELDEN RING / Disco Elysium - The Final Cut / Outer Wilds,"액션, RPG / RPG / 액션, 어드벤처","[ELDEN RING] 본 게임은 본격적인 다크 판타지 세계를 무대로 한 액션 RPG입니다. 드넓은 필드와 던전 탐험을 통해 미지의 것들을 발견해 보세요. 앞길을 막아서는 난관과 그것을 극복했을 때의 달성감, 그리고 등장인물들의 의도가 교착하는 군상극도 즐기실 수 있습니다. ‖ [Disco Elysium - The Final Cut] 디스코 엘리시움 - 최종판은 획기적인 오픈 월드 롤플레잉 게임입니다. 당신은 독특한 스킬 시스템을 갖춘 형사로서 오롯한 도시 블록을 당신의 미래를 닦기 위해 다듬을 수 있습니다. 잊지 못할 등장인물들을 심문하거나, 살인 사건을 해결하거나, 뇌물을 받으세요. 영웅이 되거나 인류의 완전한 재앙이 되세요. ‖ [Outer Wilds] Giant Bomb, Polygon, Eurogamer, The Guardian에 의해 2019년 올해의 게임에 이름을 올리며 냉정한 호평과 수상 실적이 있는 Outer Wilds는 무한 시간 루프에 갇힌 태양계에 관한 공개된 세계의 미스터리 게임입니다.",The Witness,"어드벤처, 인디",당신은 크나큰 도전과 놀라움의 퍼즐로 가득 찬 낯선 섬에서 외로이 깨어납니다.,,,
B0378,A21,DARK SOULS™ III / The Witcher 3: Wild Hunt / The Elder Scrolls V: Skyrim Special Edition,액션 / RPG / RPG,"[DARK SOULS™ III] 장르를 새로 개척했다는 평가를 들으며 많은 좋은 평가들을 얻고 있는 다크 소울 시리즈는 계속해서 한계를 넘어서, 더욱 야심찬 단계에 도전하고자 하고 있습니다. 준비를 하고 어둠을 밝히십시오! ‖ [The Witcher 3: Wild Hunt] 리비아의 게롤트가 되어 의뢰를 받고 괴물을 사냥하세요. 전쟁의 상처가 가득하고 괴물이 들끓는 대륙을 마음껏 탐험해 보세요. 지금 가장 중요한 일은 대륙의 판도를 뒤바꿀 수도 있는 살아 있는 무기이자 예언의 아이, 시리를 추적하는 것입니다. ‖ [The Elder Scrolls V: Skyrim Special Edition] 200회 이상 올해의 게임에 선정된 The Elder Scrolls V: Skyrim Special Edition이 놀라운 디테일로 판타지에 생명을 불어넣었습니다. Special Edition에는 비평가들의 극찬을 받은 게임 및 새로운 기능이 포함된 애드온이 들어 있습니다.",Tearscape,"액션, 어드벤처, 인디, RPG","사냥꾼이 되어 던전으로 가득한 어둡고 서로 연결된 세계를 탐험하세요. 정교한 전투 기술로 살아남고, 기괴한 괴물들과 싸우며, 무기를 확장하고, 비선형 구조 속 숨겨진 길을 발견하세요.",,,
B0379,A33,Garry's Mod / Team Fortress 2 / Left 4 Dead 2,"캐주얼, 인디, 시뮬레이션 / 액션, 무료 플레이 / 액션","[Garry's Mod] Garry's Mod is a physics sandbox. There aren't any predefined aims or goals. We give you the tools and leave you to play. ‖ [Team Fortress 2] 다양한 전술적 능력과 뚜렷한 개성을 갖춘 9가지 병과의 캐릭터를 플레이하세요. 끊임없이 업데이트되는 새로운 게임 모드, 맵, 장비 그리고 가장 중요한 모자까지 지금 바로 즐겨보세요! ‖ [Left 4 Dead 2] Set in the zombie apocalypse, Left 4 Dead 2 is a co-operative action horror FPS takes you and your friends through the cities, swamps and cemeteries of the Deep South, from Savanna",Rogue Company,"액션, 무료 플레이","Join 20+ million players in Rogue Company, the ultimate third-person tactical action shooter! Become an agent of Rogue Company and wield powerful weapons, high-tech gadgets, and game-changing abilities. Accept the mission and jump into a variety of 4v4 and 6v6 game modes. Play FREE today!",,,
B0380,A02,Still Life / Jenny LeClue - Detectivu / Telling Lies,"어드벤처 / 액션, 어드벤처, 캐주얼, 인디 / 어드벤처, 인디, 시뮬레이션",[Still Life] Still Life 2 also now available! ‖ [Jenny LeClue - Detectivu] Jenny LeClue - Detectivu는 조사와 선택지로 가득한 스릴 넘치는 미스터리 어드벤처 게임입니다. ‖ [Telling Lies] 네 명의 삶. 그리고 하나의 큰 거짓말. 아무도 모르게 녹화된 은밀한 대화를 들으며 진실을 알아내십시오. 큰 호평을 받았던 Her Story의 계승작입니다.,女神保卫战,"캐주얼, 인디, RPG",一觉醒来？好像是醒来了，又好像是梦境，这是一个我和4名女子关于回忆的故事。,,,
B0381,A29,Salt and Sanctuary,"액션, 인디, RPG","[Salt and Sanctuary] 두렵고도 잔혹한 섬의 탐험을 시작합니다… Salt and Sanctuary는 신속하고, 잔인하며, 복잡한 전투 시스템을 지닌 2D RPG입니다. 저주받은 도시의 잊힌 영역이나, 피에 물든 던전이나, 오염된 기념비와 같은 장소를 돌아다니며, 한때 축복을 받았지만 지금은 타락하고 만 영주들을 조우하세요.",Spelunky 2,"액션, 인디","Spelunky 2 builds upon the unique, randomized challenges that made the original a roguelike classic, offering a huge adventure designed to satisfy players old and new. Meet the next generation of explorers as they find themselves on the Moon, searching for treasure and missing family.",,,
B0382,A11,Forza Horizon 5 / Hi-Fi RUSH / Street Fighter 6,"액션, 어드벤처, 레이싱, 시뮬레이션, 스포츠 / 액션 / 액션, 어드벤처","[Forza Horizon 5] 세계 최고의 자동차를 타고 생동감 넘치는 멕시코의 대자연을 탐험하며 재미있는 드라이빙 액션을 마음껏 즐겨보세요. ‖ [Hi-Fi RUSH] 아케이드 챌린지! 업데이트!로 추가되는 두 개의 신규 게임 모드에서 여러분의 능력을 시험하고, 새로운 보상을 획득해 보세요. 몇 가지 비밀도 숨어 있답니다! 락 스타 지망생 차이가 되어 비트를 타고, 세상 모든 게 음악에 싱크되는 세계에서 오합지졸 팀과 함께 사악한 거대 기업에 맞서 싸우세요. ‖ [Street Fighter 6] 시리즈 최신작 『Street Fighter 6』, 2023년 6월 2일 발매 결정! RE ENGINE으로 개발된 본 작품은 대형 모드 「World Tour」, 「Fighting Ground」, 「Battle Hub」로 구성되어 있다. 새로운 「스트리트 파이터」에는 지금까지의 시리즈에는 없었던 새로운 체험이 기다리고 있다.",Coreupt,"액션, 인디","힘을 발휘하고, 자신의 운명을 선택하고, 싸우세요! 우주의 운명을 건 전투에 뛰어드세요. 미칠 듯한 콤보를 마스터하고, 리더보드를 정복하고, 온라인 멀티플레이어로 다른 플레이어를 쓰러트리세요.",,,
B0383,A03,Balatro / Hades / Vampire Survivors,"캐주얼, 인디, 전략 / 액션, 인디, RPG / 액션, 캐주얼, 인디, RPG","[Balatro] 포커 로그라이크 게임. Balatro는 불법 포커 패로 게임을 하고, 판을 뒤엎는 조커를 발견하고, 아드레날린이 치솟는 강력한 콤보를 만드는 덱 빌딩 게임입니다. ‖ [Hades] Bastion, Transistor, Pyre의 제작사에서 선보이는 이 로그라이크 던전 탐색형 게임에서 핵 앤 슬래시로 지하 세계를 탈출하고 죽음의 신에게 도전하세요. ‖ [Vampire Survivors] 수많은 어둠의 피조물을 쓰러뜨리며 새벽이 올 때까지 생존하세요! Vampire Survivors는 로그라이트 요소를 갖춘 고딕 호러 케주얼 게임입니다. 당신의 선택으로 순식간에 수백 마리의 괴물이 눈덩이처럼 불어날 수 있죠.",Silly Survivors,"액션, 캐주얼, 인디","Silly Survivors — 간단하고 군더더기 없는 캐주얼 로그라이크 게임으로, 당신은 귀엽지만 굳게 결의한 털복숭이 여우를 조종합니다. 장비는… 손전등! 임무는 단순합니다: 계속 다가와 온갖 우스꽝스러운 짓을 해대는 수상쩍게 어리숙한 유령들의 물결을 견뎌 살아남으세요. 이 전투에서 빛이 당신의 주무기입니다.",,,
B0384,A07,Into the Breach / Monster Train / Mini Metro,"인디, RPG, 시뮬레이션, 전략 / 전략 / 인디, 시뮬레이션, 전략","[Into the Breach] 미래의 강력한 메크를 조종하여 외계 세력을 물리치세요. 이 턴제 전략 게임에서는 세계를 구하려 시도할 때마다 무작위로 새롭게 생성되는 도전이 여러분 앞에 나타납니다. ‖ [Monster Train] Monster Train is a strategic roguelike deck building game with a twist. Set on a train to hell, you’ll use tactical decision making to defend multiple vertical battlegrounds. With  ‖ [Mini Metro] 미니 메트로는 성장하는 도시를 위해 지하철 노선을 설계하는 게임입니다. 역과 역 사이에 노선을 그려서 열차 운행을 시작하세요. 새로운 역이 열리면 노선을 수정해서 노선도를 효율적으로 유지하세요. 한정된 자원을 어느 곳에 사용할 것인지 결정하세요. 도시를 얼마나 오래 유지할 수 있을까요?",Stoplights,"캐주얼, 인디, 시뮬레이션, 전략","Stoplights는 도시의 증가하는 요구를 지원하기 위한 효율적인 철도 네트워크를 만드는 전략 시뮬레이션 게임입니다. 철도를 놓아 교차로를 만들고, 신호기로 열차 교통을 제어하여 필수 자원이 필요한 곳에 제때에 도착하도록 하세요.",,,
B0385,A29,Salt and Sanctuary,"액션, 인디, RPG","[Salt and Sanctuary] 두렵고도 잔혹한 섬의 탐험을 시작합니다… Salt and Sanctuary는 신속하고, 잔인하며, 복잡한 전투 시스템을 지닌 2D RPG입니다. 저주받은 도시의 잊힌 영역이나, 피에 물든 던전이나, 오염된 기념비와 같은 장소를 돌아다니며, 한때 축복을 받았지만 지금은 타락하고 만 영주들을 조우하세요.",Demelia's Isle,"어드벤처, 인디, RPG, 앞서 해보기","You just woke up on a beach. Simply trying to survive, you find yourself immersed in a quest against the demonic forces that are awakening again in this isolated kingdom.",,,
B0386,A20,Counter-Strike 2 / PUBG: BATTLEGROUNDS / 톰 클랜시의 레인보우식스 시즈,"액션, 무료 플레이 / 액션, 어드벤처, 대규모 멀티플레이어, 무료 플레이 / 액션, 무료 플레이","[Counter-Strike 2] Counter-Strike는 20년이 넘는 시간 동안 전 세계 수백만 명의 플레이어가 모여 수준 높은 경쟁을 펼칠 수 있는 플랫폼을 제공해 왔습니다. 그리고 이제 곧 Counter-Strike 2와 함께 새로운 CS 시대의 막이 열립니다. ‖ [PUBG: BATTLEGROUNDS] 배틀로얄 유행의 시작이자, 그 정수를 보여준 PUBG: 배틀그라운드를 지금 무료로 플레이하세요! 다양한 맵에 낙하하여 무기와 보급품을 확보하고, 점점 줄어드는 블루존 속에서 끝까지 살아남아 승리를 쟁취하세요. ‖ [톰 클랜시의 레인보우식스 시즈] 톰 클랜시의 레인보우식스 시즈는 탁월한 계획과 기술이 승부를 좌우하는 전술적인 정예 팀 기반 슈팅 게임입니다.",Sniper: Ghost Warrior 2,액션,Sniper: Ghost Warrior 2 takes the bulls-eye precision of its predecessor to new and exciting heights!,,,
B0387,A10,A Short Hike / ISLANDERS / Gorogoa,"어드벤처, 인디 / 캐주얼, 인디, 전략 / 어드벤처, 캐주얼, 인디","[A Short Hike] Hike, climb, and soar through the peaceful mountainside landscapes of Hawk Peak Provincial Park as you make your way to the summit. ‖ [ISLANDERS] ISLANDERS is a minimalist strategy game about building cities on colorful islands. ‖ [Gorogoa] Gorogoa(고로고아)는 Jason Roberts가 디자인하고 일러스트레이션을 손으로 그린 아름다운 차세대 퍼즐 게임입니다.",Heal,"어드벤처, 인디","마우스로 진행하는 2D 추상 퍼즐 어드벤처 게임 속에서, 어둡고 분위기 있는 세계를 지나갈 수 있도록 노인을 안내하세요.",,,
B0388,A28,Dordogne / A YEAR OF SPRINGS / Botany Manor,"어드벤처, 인디 / 캐주얼, 인디, 시뮬레이션 / 어드벤처","[Dordogne] 이 유년 시절의 여정에서 특별한 내러티브에 몰입하며 도르도뉴의 수천 가지 여름의 색을 탐험하고, 추억을 떠올리며 가족의 비밀을 밝히세요. ‖ [A YEAR OF SPRINGS] 세 명의 여성, 세 개의 이야기, 세 개의 봄. 세 명의 친구들이 사랑, 공감, 그리고 단지 함께하고 싶어하는 감정에 대한 방향을 찾아나가는 3 부작 비주얼 노벨 A YEAR OF SPRINGS 에서 하루, 에리카, 마나미의 이야기를 체험하세요. ‖ [Botany Manor] Welcome to Botany Manor, a stately home in 19th century England. You play as inhabitant Arabella Greene, a retired botanist. Explore your house and gardens, filled with research, t",Once Again,"어드벤처, 캐주얼, 인디","Make up for lost time with Once Again, If you could travel through time, who’s the first person you’d meet? An interactive story about a boy who spends his summers wandering between past and present... After meeting her, summer will never be the same again...Who is she, and what journey awaits you?",,,
B0389,A21,DARK SOULS™ III / The Witcher 3: Wild Hunt / The Elder Scrolls V: Skyrim Special Edition,액션 / RPG / RPG,"[DARK SOULS™ III] 장르를 새로 개척했다는 평가를 들으며 많은 좋은 평가들을 얻고 있는 다크 소울 시리즈는 계속해서 한계를 넘어서, 더욱 야심찬 단계에 도전하고자 하고 있습니다. 준비를 하고 어둠을 밝히십시오! ‖ [The Witcher 3: Wild Hunt] 리비아의 게롤트가 되어 의뢰를 받고 괴물을 사냥하세요. 전쟁의 상처가 가득하고 괴물이 들끓는 대륙을 마음껏 탐험해 보세요. 지금 가장 중요한 일은 대륙의 판도를 뒤바꿀 수도 있는 살아 있는 무기이자 예언의 아이, 시리를 추적하는 것입니다. ‖ [The Elder Scrolls V: Skyrim Special Edition] 200회 이상 올해의 게임에 선정된 The Elder Scrolls V: Skyrim Special Edition이 놀라운 디테일로 판타지에 생명을 불어넣었습니다. Special Edition에는 비평가들의 극찬을 받은 게임 및 새로운 기능이 포함된 애드온이 들어 있습니다.",Spells & Secrets - Character Creator,"어드벤처, 캐주얼, 인디, RPG, 시뮬레이션",Shape your own student wizard in this cozy character editor of Spells & Secret. Dive into a treasure trove of customization choices and get your character ready for the wizard Academy of Greifenstein.,,,
B0390,A28,Dordogne / A YEAR OF SPRINGS / Botany Manor,"어드벤처, 인디 / 캐주얼, 인디, 시뮬레이션 / 어드벤처","[Dordogne] 이 유년 시절의 여정에서 특별한 내러티브에 몰입하며 도르도뉴의 수천 가지 여름의 색을 탐험하고, 추억을 떠올리며 가족의 비밀을 밝히세요. ‖ [A YEAR OF SPRINGS] 세 명의 여성, 세 개의 이야기, 세 개의 봄. 세 명의 친구들이 사랑, 공감, 그리고 단지 함께하고 싶어하는 감정에 대한 방향을 찾아나가는 3 부작 비주얼 노벨 A YEAR OF SPRINGS 에서 하루, 에리카, 마나미의 이야기를 체험하세요. ‖ [Botany Manor] Welcome to Botany Manor, a stately home in 19th century England. You play as inhabitant Arabella Greene, a retired botanist. Explore your house and gardens, filled with research, t",WITCH ON THE HOLY NIGHT,어드벤처,"다채롭고 선려한 비주얼, 풍성한 보이스와 함께, TYPE-MOON 정통파 비주얼 노벨이 찾아옵니다.",,,
B0391,A24,Valheim / Grounded / My Time at Portia,"액션, 어드벤처, 인디, RPG, 앞서 해보기 / 액션, 어드벤처 / 어드벤처, 캐주얼, 인디, RPG, 시뮬레이션","[Valheim] 북구 신화와 바이킹 문화에 기반한 판타지 세계를 배경으로 펼쳐지는 생존 및 탐험 게임. ‖ [Grounded] The world is a vast, beautiful and dangerous place – especially when you have been shrunk to the size of an ant. Can you thrive alongside the hordes of giant insects, fighting to s ‖ [My Time at Portia] 아름다운 Portia 마을에서 새 삶을 시작하세요! 아버지가 방치한 작업장에서 제작을 부탁받고, 작물을 키우고, 가축을 기르고, 아름다운 세기말의 땅에서 특이한 친구들을 사귀며 작업장을 예전의 멋진 모습으로 복원하세요.",DREADZONE,"액션, 어드벤처, 인디, 앞서 해보기","Dreadzone is a survival game set in a deadly quarantine zone. Scavenge for resources, craft tools, build shelter, and survive against dangerous animals, zombies, mutants, and other survivors. Explore the zone where desperation drives everyone to do whatever it takes to survive.",,,
B0392,A10,A Short Hike / ISLANDERS / Gorogoa,"어드벤처, 인디 / 캐주얼, 인디, 전략 / 어드벤처, 캐주얼, 인디","[A Short Hike] Hike, climb, and soar through the peaceful mountainside landscapes of Hawk Peak Provincial Park as you make your way to the summit. ‖ [ISLANDERS] ISLANDERS is a minimalist strategy game about building cities on colorful islands. ‖ [Gorogoa] Gorogoa(고로고아)는 Jason Roberts가 디자인하고 일러스트레이션을 손으로 그린 아름다운 차세대 퍼즐 게임입니다.",The Block,"캐주얼, 인디",The Block은 세상에서 가장 작은 도시 건설 게임입니다. 사각형 땅 위에 무작위로 생성된 건물을 배치하고 작은 도시가 살아 움직이는 모습을 지켜보세요!,,,
B0393,A02,Still Life / Jenny LeClue - Detectivu / Telling Lies,"어드벤처 / 액션, 어드벤처, 캐주얼, 인디 / 어드벤처, 인디, 시뮬레이션",[Still Life] Still Life 2 also now available! ‖ [Jenny LeClue - Detectivu] Jenny LeClue - Detectivu는 조사와 선택지로 가득한 스릴 넘치는 미스터리 어드벤처 게임입니다. ‖ [Telling Lies] 네 명의 삶. 그리고 하나의 큰 거짓말. 아무도 모르게 녹화된 은밀한 대화를 들으며 진실을 알아내십시오. 큰 호평을 받았던 Her Story의 계승작입니다.,The Ghost of Redstone Manor,"어드벤처, 인디","A first-person mystery game with puzzles and story-rich dialogue. Explore a 3D environment with original art, character design, and a distinct cartoon-y style. Investigate your own murder through branching conversations and a unique possession mechanic. Featuring original music by Svetlana Rudenko.",,,
B0394,A21,DARK SOULS™ III / The Witcher 3: Wild Hunt / The Elder Scrolls V: Skyrim Special Edition,액션 / RPG / RPG,"[DARK SOULS™ III] 장르를 새로 개척했다는 평가를 들으며 많은 좋은 평가들을 얻고 있는 다크 소울 시리즈는 계속해서 한계를 넘어서, 더욱 야심찬 단계에 도전하고자 하고 있습니다. 준비를 하고 어둠을 밝히십시오! ‖ [The Witcher 3: Wild Hunt] 리비아의 게롤트가 되어 의뢰를 받고 괴물을 사냥하세요. 전쟁의 상처가 가득하고 괴물이 들끓는 대륙을 마음껏 탐험해 보세요. 지금 가장 중요한 일은 대륙의 판도를 뒤바꿀 수도 있는 살아 있는 무기이자 예언의 아이, 시리를 추적하는 것입니다. ‖ [The Elder Scrolls V: Skyrim Special Edition] 200회 이상 올해의 게임에 선정된 The Elder Scrolls V: Skyrim Special Edition이 놀라운 디테일로 판타지에 생명을 불어넣었습니다. Special Edition에는 비평가들의 극찬을 받은 게임 및 새로운 기능이 포함된 애드온이 들어 있습니다.",Day of Dragons,"인디, 대규모 멀티플레이어, RPG, 시뮬레이션, 앞서 해보기","Day of Dragons is an online creature survival game set in a large, beautiful, sandbox open world with multiple biomes and distinct creatures. Rule the world as one of several dragon species, or play as an elemental.",,,
B0395,A15,서브노티카 / The Long Dark / No Man's Sky,"어드벤처, 인디 / 어드벤처, 인디, 시뮬레이션, 전략 / 액션, 어드벤처","[서브노티카] 위험과 경이로움이 가득한 외계의 바다 속으로 내려가세요. 장비를 제작하고, 잠수함을 조종하며 야생 생물보다 앞서가세요. 우거진 산호초, 화산, 동굴 같은 많은 장소들을 탐험하세요. 물론 살아남는 걸 잊으면 안 되겠죠. ‖ [The Long Dark] The Long Dark는 깊은 생각을 요구하는 탐험 생존 게임입니다. 플레이어는 지구 자기장 이상으로 인한 대재앙이 휩쓸고 간 세상에서 혼자 드넓은 설원 황무지를 탐험하며 살아남아야 합니다. 좀비는 등장하지 않으며 오직 플레이어와 추위, 그리고 자연 속의 위험들만 존재합니다. 고요한 종말의 세상에 오신 것을 환영합니다. ‖ [No Man's Sky] No Man's Sky는 무한히 펼쳐지는 우주에서의 탐험과 생존을 그린 SF 게임입니다.",helionaut,"액션, 어드벤처, 인디, 시뮬레이션","An open-world galaxy adventure game ✨🚀🌠 Explore a procedurally-generated universe filled with diverse micro-planets, asteroid belts and UFOs. 👽",,,
B0396,A05,Opus Magnum,"인디, 시뮬레이션","[Opus Magnum] Opus Magnum은 SpaceChem, Infinifactory, SHENZHEN I/O를 제작한 Zachtronics의 신작 퍼즐게임입니다. 연금술사들의 최첨단 도구인 변성 기관을 이용해 물약과 독을 만들어내는 기계들을 설계하고 만들어 내세요!",Farlight Explorers,"인디, 시뮬레이션, 전략","Extract and gather resources from different planets. Manage the supply of electricity, water, food and oxygen of your base in order to survive. Automate the creation of new products. Build a spaceship to transport your products to other places...",,,
B0397,A10,A Short Hike / ISLANDERS / Gorogoa,"어드벤처, 인디 / 캐주얼, 인디, 전략 / 어드벤처, 캐주얼, 인디","[A Short Hike] Hike, climb, and soar through the peaceful mountainside landscapes of Hawk Peak Provincial Park as you make your way to the summit. ‖ [ISLANDERS] ISLANDERS is a minimalist strategy game about building cities on colorful islands. ‖ [Gorogoa] Gorogoa(고로고아)는 Jason Roberts가 디자인하고 일러스트레이션을 손으로 그린 아름다운 차세대 퍼즐 게임입니다.",Rotate Maze: G.O.T.S,"어드벤처, 캐주얼, 인디",Game may be rage inducing when exploring a new maze. Play as G.O.T.S(Gear Of Time & Space) and explore increasingly complicated mazes! Rotate the maze to traverse!,,,
B0398,A05,Opus Magnum,"인디, 시뮬레이션","[Opus Magnum] Opus Magnum은 SpaceChem, Infinifactory, SHENZHEN I/O를 제작한 Zachtronics의 신작 퍼즐게임입니다. 연금술사들의 최첨단 도구인 변성 기관을 이용해 물약과 독을 만들어내는 기계들을 설계하고 만들어 내세요!",Waveform,"어드벤처, 인디, 전략",Navigate the beauty and hazards of the solar system while riding a wave of light through 100+ levels in this innovative action-puzzle game!,,,
B0399,A19,ELDEN RING / Disco Elysium - The Final Cut / Outer Wilds,"액션, RPG / RPG / 액션, 어드벤처","[ELDEN RING] 본 게임은 본격적인 다크 판타지 세계를 무대로 한 액션 RPG입니다. 드넓은 필드와 던전 탐험을 통해 미지의 것들을 발견해 보세요. 앞길을 막아서는 난관과 그것을 극복했을 때의 달성감, 그리고 등장인물들의 의도가 교착하는 군상극도 즐기실 수 있습니다. ‖ [Disco Elysium - The Final Cut] 디스코 엘리시움 - 최종판은 획기적인 오픈 월드 롤플레잉 게임입니다. 당신은 독특한 스킬 시스템을 갖춘 형사로서 오롯한 도시 블록을 당신의 미래를 닦기 위해 다듬을 수 있습니다. 잊지 못할 등장인물들을 심문하거나, 살인 사건을 해결하거나, 뇌물을 받으세요. 영웅이 되거나 인류의 완전한 재앙이 되세요. ‖ [Outer Wilds] Giant Bomb, Polygon, Eurogamer, The Guardian에 의해 2019년 올해의 게임에 이름을 올리며 냉정한 호평과 수상 실적이 있는 Outer Wilds는 무한 시간 루프에 갇힌 태양계에 관한 공개된 세계의 미스터리 게임입니다.",冷血症骰子,"캐주얼, 인디, RPG, 시뮬레이션",主人公目太郎，是一位因为犯下重罪而入狱的少年。 在狱中，一位神秘的男子提出了一个主意，二人一起逃狱，用骰子选出一个人来当帮对方逃跑的诱饵。 一次又一次败给男子的目太郎，进入了平稳但又扭曲的新世界。 在这些世界中，他将成为「私立高识学园」高中二年级的学生，与七七和雪丸成为发小。 接着，将被逐一出现的患有冷血症的少女们玩弄与迫害…… 他的命运，将由你决定——,,,
B0400,A12,Baldur's Gate 3 / Mount & Blade II: Bannerlord / Kenshi,"어드벤처, RPG, 전략 / 액션, 인디, RPG, 시뮬레이션, 전략 / 액션, 인디, RPG, 시뮬레이션, 전략","[Baldur's Gate 3] Baldur’s Gate 3 is a story-rich, party-based RPG set in the universe of Dungeons & Dragons, where your choices shape a tale of fellowship and betrayal, survival and sacrifice, and  ‖ [Mount & Blade II: Bannerlord] 본 게임은 전략/액션 RPG입니다. 캐릭터를 생성하고, 외교에 참여하고, 제작, 거래를 하고, 방대한 중세풍의 샌드박스에서 새로운 땅을 정복하십시오. 군대를 일으켜 전쟁에 뛰어들고, 깊이가 있으나 직관적인 실력 기반의 전투 시스템을 채용한 대규모 실시간 전투에서 자신의 부대에 명령을 내리고 함께 싸우십시오. ‖ [Kenshi] 자유롭게 돌아다니는 분대 기반의 RPG. 스토리를 따라가는 대신 제한 없는 샌드박스식 게임플레이에 중점을 두었습니다. 무역상, 도둑, 반란군, 전쟁 군주, 모험가, 농부, 노예 등 다양한 삶을 체험할 수 있습니다. 운이 나쁘면 식인종의 먹잇감으로 전락할지도 모르죠. 새로운 장비를 연구하거나 제작해 보세요.",Dawn of Ages,전략,"실제 중세 전쟁을 경험하십시오. 다양한 무기와 전술을 사용하여 잔혹하고 대규모의 전투에서 거대한 군대를 지휘하십시오. 역사적 캠페인에서 라이벌 왕국과 싸우거나, 웅장한 PvP 전쟁에서 실제 상대와 맞서 싸우십시오.",,,
B0401,A06,Cities: Skylines / Factorio / Farming Simulator 22,"시뮬레이션, 전략 / 캐주얼, 인디, 시뮬레이션, 전략 / 시뮬레이션","[Cities: Skylines] Cities: Skylines is a modern take on the classic city simulation. The game introduces new game play elements to realize the thrill and hardships of creating and maintaining a real  ‖ [Factorio] Factorio는 무한한 2D 세상에서 복잡성이 증가하는 아이템을 생산하기 위해 자동화 공장을 만드는 게임입니다. - 당신의 상상력으로 공장을 설계, 독창적인 방법으로 간단한 요소를 결합하고 마지막엔 당신을 좋아하지 않는 생물들로 부터 공장을 지키세요. ‖ [Farming Simulator 22] 농장을 만들고 농사를 즐기세요! 작물을 수확하고, 동물을 돌보고, 생산을 관리하고, 계절에 따른 어려움을 이겨내세요.",ReFactory,"캐주얼, 인디, 시뮬레이션, 전략","Build, explore, fight! ReFactory is a 2D strategy game with a focus on construction and logistics where you build an automated mega-factory on an alien planet.",,,
B0402,A01,It Takes Two / Overcooked! 2 / What Remains of Edith Finch,"액션, 어드벤처 / 액션, 캐주얼, 인디 / 어드벤처, 인디","[It Takes Two] It Takes Two에서 생애 가장 정신없는 여정을 시작하세요. 친구가 무료로 참가할 수 있게 친구 패스*로 초대하고, 함께 힘을 합쳐서 수많은 유쾌하고 획기적인 게임 플레이 챌린지를 헤쳐나가세요. ‖ [Overcooked! 2] 혼란스러운 요리 액션으로 가득한 Overcooked가 돌아왔습니다! 양파 왕국으로 돌아가는 여행을 떠나세요. 클래식 협동 또는 온라인 플레이에서 셰프 팀을 만들어서 최대 4명까지 플레이하세요. 앞치마를 준비하세요... 다시 세상을 구할 때가 되었습니다! ‖ [What Remains of Edith Finch] What Remains of Edith Finch(워트 리메인스 오브 에디스 핀치)는 워싱턴 주에 있는 어느 가족에 대한 이상한 이야기의 모음입니다. 플레이어는 에디스가 되어 거대한 핀치 가택을 탐사하고, 가족사를 연구하며 이야기를 찾고, 왜 가족 중에서 그녀만 살아남았는지 알아내야 합니다. 각 이야기는 새로운 가족 구성",CUFFBUST,"액션, 어드벤처, 캐주얼, 인디, 전략","도구를 챙기고, 간수를 피하고, 탈옥 계획을 실행하여 친구들과 함께 감옥을 탈출하세요. 파괴 가능한 환경, 근접 채팅, 다양한 탈출 경로, 10인 플레이어 로비, 완벽한 커스텀 맵 편집기를 경험해 보세요!",,,
B0403,A15,서브노티카 / The Long Dark / No Man's Sky,"어드벤처, 인디 / 어드벤처, 인디, 시뮬레이션, 전략 / 액션, 어드벤처","[서브노티카] 위험과 경이로움이 가득한 외계의 바다 속으로 내려가세요. 장비를 제작하고, 잠수함을 조종하며 야생 생물보다 앞서가세요. 우거진 산호초, 화산, 동굴 같은 많은 장소들을 탐험하세요. 물론 살아남는 걸 잊으면 안 되겠죠. ‖ [The Long Dark] The Long Dark는 깊은 생각을 요구하는 탐험 생존 게임입니다. 플레이어는 지구 자기장 이상으로 인한 대재앙이 휩쓸고 간 세상에서 혼자 드넓은 설원 황무지를 탐험하며 살아남아야 합니다. 좀비는 등장하지 않으며 오직 플레이어와 추위, 그리고 자연 속의 위험들만 존재합니다. 고요한 종말의 세상에 오신 것을 환영합니다. ‖ [No Man's Sky] No Man's Sky는 무한히 펼쳐지는 우주에서의 탐험과 생존을 그린 SF 게임입니다.",Skin Deep,"액션, 인디, 시뮬레이션","Skin Deep은 몰입감 넘치는 1인칭 슈팅 게임입니다. 플레이어는 재채기를 하고 뾰족한 물건을 밟으면 발이 다칩니다. 광대한 비선형 우주선을 잠입하여 파괴 공작을 펼치고, 적들을 방해하여 이 우주의 샌드박스에서 생존해 보세요. 플레이어는 수적으로 열세이며, 화력도 적보다 약하고, 신발도 없습니다. Skin Deep에 오신 것을 환영합니다!",,,
B0404,A26,RimWorld / Oxygen Not Included / Unpacking 언패킹,"인디, 시뮬레이션, 전략 / 인디, 시뮬레이션 / 캐주얼, 인디, 시뮬레이션","[RimWorld] 지능형 AI 이야기꾼이 주도하는 공상과학 정착지 시뮬레이터입니다. 심리, 생태, 총격전과 근접전, 날씨, 기후, 외교, 사람 사이의 관계, 예술, 의학, 무역, 그 외 많은 것들을 시뮬레이션하여 이야기를 생성합니다. ‖ [Oxygen Not Included] Oxygen Not Included는 우주 콜로니 시뮬레이션 게임입니다. 외계의 우주 암석 깊은 곳에서 근면한 일꾼들은 생존하고 나아가 번영하기 위해 과학을 마스터하고, 낯선 새로운 생명체에 맞서며, 경이로운 우주 테크놀로지를 활용해야 합니다. ‖ [Unpacking 언패킹] Unpacking은 상자에서 짐을 꺼내 새집에 맞게 배치하는 친숙한 체험에 대한 명상적 퍼즐 게임입니다. 게임의 일부인 블록 맞추기 게임과 집 꾸미기를 하는 동안, 푸는 짐에 닮긴 삶의 실마리를 찾아가며 만족할 만한 생활 공간을 만들어 보세요.",Declutterer,캐주얼,"Declutterer is a tidying and storage simulation game. Take on commission requests from various clients, clear clutter and arrange items as required, and restore a spotless, tidy look to every space.",,,
B0405,A16,The Talos Principle / Rust / Inscryption,"액션, 어드벤처, 인디 / 액션, 어드벤처, 인디, 대규모 멀티플레이어, RPG / 어드벤처, 인디, 전략","[The Talos Principle] 탈로스 법칙은 철학적 SF 소설의 전통을 따른 1인칭 퍼즐 게임입니다. 시리어스 샘을 개발한 크로팀에서 만들었으며, 톰 주버트(FTL, 더 스와퍼)와 조나스 카이라츠(바다는 모든 것을 요구한다.)가 스토리를 작성했습니다. ‖ [Rust] Rust에서의 목표는 오직 하나, 바로 살아남는 것입니다. 섬의 야생 동물, 다른 주민, 환경, 다른 생존자 모두가 여러분의 목숨을 노립니다. 하루 더 살아남을 수 있다면 수단과 방법을 가리지 마세요. ‖ [Inscryption] Inscryption은 검은 잉크로 그려진 카드를 기반으로 한 덱빌딩 로그라이크, 방탈출 퍼즐, 피가 흐르는 심리적 공포 등의 요소가 섞인 여정을 다룹니다. 카드에는 더 어두운 비밀이 새겨져 있습니다…",사냥의 밤：소브린 신디케이트,"어드벤처, RPG, 전략","이 덱 빌딩 게임에서 수백 종의 독특한 카드로 수천 가지의 전술 체계를 구축하고, 역병으로 변이된 강력한 괴물에 맞서며 임무를 완수하세요. 자원을 수집하고 전략을 조정해 나가며 위기 속에서 숨겨진 진실을 밝혀내세요.",,,
B0406,A16,The Talos Principle / Rust / Inscryption,"액션, 어드벤처, 인디 / 액션, 어드벤처, 인디, 대규모 멀티플레이어, RPG / 어드벤처, 인디, 전략","[The Talos Principle] 탈로스 법칙은 철학적 SF 소설의 전통을 따른 1인칭 퍼즐 게임입니다. 시리어스 샘을 개발한 크로팀에서 만들었으며, 톰 주버트(FTL, 더 스와퍼)와 조나스 카이라츠(바다는 모든 것을 요구한다.)가 스토리를 작성했습니다. ‖ [Rust] Rust에서의 목표는 오직 하나, 바로 살아남는 것입니다. 섬의 야생 동물, 다른 주민, 환경, 다른 생존자 모두가 여러분의 목숨을 노립니다. 하루 더 살아남을 수 있다면 수단과 방법을 가리지 마세요. ‖ [Inscryption] Inscryption은 검은 잉크로 그려진 카드를 기반으로 한 덱빌딩 로그라이크, 방탈출 퍼즐, 피가 흐르는 심리적 공포 등의 요소가 섞인 여정을 다룹니다. 카드에는 더 어두운 비밀이 새겨져 있습니다…",Hade,"캐주얼, 인디, 전략",심하게 어려운 퍼즐과 부드럽고 편안한 사운드 트랙이있는 미니멀리스트 논리 게임.,,,
B0407,A18,Euro Truck Simulator 2 / BeamNG.drive / 아세토 코르사 Assetto Corsa,"인디, 시뮬레이션 / 레이싱, 시뮬레이션, 앞서 해보기 / 인디, 레이싱, 시뮬레이션, 스포츠","[Euro Truck Simulator 2] 도로의 왕이 되어 인상적인 거리를 가로질러 중요한 화물을 배달하는 트럭 운전사가 되어 유럽을 여행하세요! 탐험할 도시가 수십 개나 되므로, 당신의 인내심, 기술, 속도가 모두 한계에 도달할 것입니다. ‖ [BeamNG.drive] 뭐든지 할 수 있는 동적 소프트 보디 물리 시뮬레이터입니다. ‖ [아세토 코르사 Assetto Corsa] 아세토 코르사(Assetto Corsa) v1.16은 새로운 레이저 스캔 트랙 ""라구나 세카(Laguna Seca)"" 및 기다리던 Alfa Romeo Giulia Quadrifoglio를 포함한 7개의 신차를 소개합니다! 체인지로그에서 더 자세한 내용을 확인하세요!",Project Motor Racing,"레이싱, 시뮬레이션","프로 모터스포츠의 열정과 아름다움, 강렬함이 가장 상징적인 차량과 서킷, 핸들링 성능의 새로운 기준과 만나 완벽하게 융합됩니다.",,,
B0408,A34,Pid / ChromaGun / Deer & Boy,"어드벤처, 인디 / 액션, 어드벤처, 인디 / 액션, 어드벤처, 인디","[Pid] You are stranded on a strange and peculiar planet. It’s time to embark on your journey and find your way home! Explore a gravity defying and challenging platformer with striking vi ‖ [ChromaGun] Welcome to ChromaTec’s test lab! You’re here to test our state-of-the-art military-grade color-technology: The ChromaGun (patent pending)! Use it to solve our meticulously designed ‖ [Deer & Boy] 도망친 소년은 길 잃은 어린 사슴을 만나 고요하면서도 위태로운 세상을 함께 헤쳐 나갑니다. 퍼즐을 풀고, 높은 곳에 오르고, 위협을 피해 나아가며 당신의 동료는 연약한 아기 사슴에서 어엿한 사슴으로 성장하죠. 혼자서는 할 수 없었던 일을 함께 해내는 법을 배우게 됩니다.",Aegis Defenders,"액션, 어드벤처, 인디, RPG, 전략","Take on wild beasts, ruthless soldiers, and ancient gods in this 2D Action-Platformer inspired by Tower-Defense combat.",,,
B0409,A03,Balatro / Hades / Vampire Survivors,"캐주얼, 인디, 전략 / 액션, 인디, RPG / 액션, 캐주얼, 인디, RPG","[Balatro] 포커 로그라이크 게임. Balatro는 불법 포커 패로 게임을 하고, 판을 뒤엎는 조커를 발견하고, 아드레날린이 치솟는 강력한 콤보를 만드는 덱 빌딩 게임입니다. ‖ [Hades] Bastion, Transistor, Pyre의 제작사에서 선보이는 이 로그라이크 던전 탐색형 게임에서 핵 앤 슬래시로 지하 세계를 탈출하고 죽음의 신에게 도전하세요. ‖ [Vampire Survivors] 수많은 어둠의 피조물을 쓰러뜨리며 새벽이 올 때까지 생존하세요! Vampire Survivors는 로그라이트 요소를 갖춘 고딕 호러 케주얼 게임입니다. 당신의 선택으로 순식간에 수백 마리의 괴물이 눈덩이처럼 불어날 수 있죠.",커맨더 퀘스트(Commander Quest),"인디, 시뮬레이션, 전략","축하합니다! 덱 빌딩 카드 게임과 자동 전투 전략 게임을 결합한, 세상에 하나뿐인 로그라이크를 발견하셨군요. 유닛 간의 상성을 고민하고, 필드와 카드를 넘나드는 독창적인 시너지를 만들고, 다양한 전투를 승리로 이끄세요!",,,
B0410,A18,Euro Truck Simulator 2 / BeamNG.drive / 아세토 코르사 Assetto Corsa,"인디, 시뮬레이션 / 레이싱, 시뮬레이션, 앞서 해보기 / 인디, 레이싱, 시뮬레이션, 스포츠","[Euro Truck Simulator 2] 도로의 왕이 되어 인상적인 거리를 가로질러 중요한 화물을 배달하는 트럭 운전사가 되어 유럽을 여행하세요! 탐험할 도시가 수십 개나 되므로, 당신의 인내심, 기술, 속도가 모두 한계에 도달할 것입니다. ‖ [BeamNG.drive] 뭐든지 할 수 있는 동적 소프트 보디 물리 시뮬레이터입니다. ‖ [아세토 코르사 Assetto Corsa] 아세토 코르사(Assetto Corsa) v1.16은 새로운 레이저 스캔 트랙 ""라구나 세카(Laguna Seca)"" 및 기다리던 Alfa Romeo Giulia Quadrifoglio를 포함한 7개의 신차를 소개합니다! 체인지로그에서 더 자세한 내용을 확인하세요!",Drive Beyond Horizons,"액션, 어드벤처, 캐주얼, 인디, 레이싱, 시뮬레이션, 앞서 해보기","광활한 절차적 생성 오픈 월드에서 탐험하고 생존하며 한계를 넘어보세요. 차량을 커스터마이즈하고 예측 불가능한 이벤트에 맞서며 자원을 수집하고, 솔로 또는 최대 4인과 함께하는 독특한 모험을 경험하세요.",,,
B0411,A26,RimWorld / Oxygen Not Included / Unpacking 언패킹,"인디, 시뮬레이션, 전략 / 인디, 시뮬레이션 / 캐주얼, 인디, 시뮬레이션","[RimWorld] 지능형 AI 이야기꾼이 주도하는 공상과학 정착지 시뮬레이터입니다. 심리, 생태, 총격전과 근접전, 날씨, 기후, 외교, 사람 사이의 관계, 예술, 의학, 무역, 그 외 많은 것들을 시뮬레이션하여 이야기를 생성합니다. ‖ [Oxygen Not Included] Oxygen Not Included는 우주 콜로니 시뮬레이션 게임입니다. 외계의 우주 암석 깊은 곳에서 근면한 일꾼들은 생존하고 나아가 번영하기 위해 과학을 마스터하고, 낯선 새로운 생명체에 맞서며, 경이로운 우주 테크놀로지를 활용해야 합니다. ‖ [Unpacking 언패킹] Unpacking은 상자에서 짐을 꺼내 새집에 맞게 배치하는 친숙한 체험에 대한 명상적 퍼즐 게임입니다. 게임의 일부인 블록 맞추기 게임과 집 꾸미기를 하는 동안, 푸는 짐에 닮긴 삶의 실마리를 찾아가며 만족할 만한 생활 공간을 만들어 보세요.",Raccoon Packer: A Cozy Puzzle Game,"캐주얼, 인디, 시뮬레이션","장난기 많은 너구리들이 가져오는 이상한 물건들을 포장해 보세요! 모든 것을 완벽하게 배치하고, 올바른 스티커를 붙인 뒤 배송하세요. 아늑하면서도 만족스럽고, 약간의 혼란이 더해진 퍼즐 경험입니다.",,,
B0412,A35,Project Zomboid / Don't Starve / The Forest,"인디, RPG, 시뮬레이션, 앞서 해보기 / 어드벤처, 인디, 시뮬레이션 / 액션, 어드벤처, 인디, 시뮬레이션","[Project Zomboid] Project Zomboid is the ultimate in zombie survival. Alone or in MP: you loot, build, craft, fight, farm and fish in a struggle to survive. A hardcore RPG skillset, a vast map, mass ‖ [Don't Starve] Don’t Starve is an uncompromising wilderness survival game full of science and magic. Enter a strange and unexplored world full of strange creatures, dangers, and surprises. Gather ‖ [The Forest] As the lone survivor of a passenger jet crash, you find yourself in a mysterious forest battling to stay alive against a society of cannibalistic mutants. Build, explore, survive i",서브노티카,"어드벤처, 인디","위험과 경이로움이 가득한 외계의 바다 속으로 내려가세요. 장비를 제작하고, 잠수함을 조종하며 야생 생물보다 앞서가세요. 우거진 산호초, 화산, 동굴 같은 많은 장소들을 탐험하세요. 물론 살아남는 걸 잊으면 안 되겠죠.",,,
B0413,A08,Sid Meier’s Civilization® VI / XCOM® 2 / Stellaris,"전략 / 전략 / 시뮬레이션, 전략","[Sid Meier’s Civilization® VI] 문명 VI 에서는 새로운 방식으로 세상과 소통하고, 제국의 영토를 확장시키며, 문화를 발전시키고, 역사속 위대한 지도자들에 맞서 오래도록 지속될 나만의 문명을 건설해볼 수 있습니다. 클레오파트라를 비롯한 20명의 역사 속 지도자들 중 한명으로 플레이 해보세요. ‖ [XCOM® 2] XCOM 2는 수상 경력이 있는 전략 게임 XCOM: Enemy Unknown의 속편입니다. 인류가 외계인 침략군에게 항복한 지 20년, 이제 지구 상에는 새로운 세계 질서가 존재합니다. 수년간을 어둠 속에서 숨어 있었던 XCOM 부대는 반드시 일어나 외계인의 지배를 무너뜨릴 것입니다. ‖ [Stellaris] 항성간 여행을 통해 우주를 탐험하며 수많은 종족들도 만나보세요. 과학선을 보내 우주를 조사하고 탐험하면서 은하 제국을 건설하고, 건축선을 보내 새로 발견한 행성에 기지를 건설하세요. 소속 사회를 위한 탐험에 나서 매장된 보물과 은하계의 경이를 발견하고, 탐험가의 한계치와 진화 범위를 설정하세요. 동맹이 체결되고, 전쟁이 ",X3: Terran Conflict,"액션, 시뮬레이션, 전략","It is the year 2938. The long wished-for encounter of the X Universe and the Earth holds both joy and sorrow for the people. Despite flourishing trade, the clash of the diverse races, cultures and life forms creates new tensions, mistrust and open conflict that need to be overcome!",,,
B0414,A22,Deck of Ashes / Dicefolk / Cubic Cosmos,"어드벤처, 인디, RPG, 전략 / 캐주얼, 인디, 전략 / 전략","[Deck of Ashes] 덱 오브 애쉬즈(Deck of Ashes)는 전술 카드 전투를 벌이는 어드벤처 게임입니다. 한 번에 한 캐릭터씩 안티히어로 일행을 이끌어 속죄의 여행을 떠나보세요. 저주받은 판타지 세계를 탐험하며 강력한 카드를 찾아보세요. 독특한 전투 덱을 형성하여 적들을 무찌르세요! 잿빛 저주의 세계를 제거하실 수 있겠습니까? ‖ [Dicefolk] 마법 주사위의 힘을 휘두르고 강력한 키메라 팀을 구축해보세요! 수수께끼의 악을 멈추기 위한 택티컬 덱빌딩 로그라이트 모험이 다가오고 있습니다. 키메라 소환사로서, 신화적인 짐승들을 모집하고 완벽한 팀을 만들고, 다이스포크만의 독특한 주사위 메커니즘을 활용하여 승리로 이끌어주세요. ‖ [Cubic Cosmos] Cubic Cosmos is a thrilling fast-paced roguelike card game. You have been trapped in a deadly game. One wrong move could see you reduced to a plaything of the goddess. Can you free",Void Tyrant,"RPG, 전략","Collect an intergalactic bounty of eccentric allies and deadly weapons, explore vibrant planets, and engage in risky turn-based battles to restore the Eyes of Chronos and save the galaxy in this strategic roguelike deckbuilder!",,,
B0415,A06,Cities: Skylines / Factorio / Farming Simulator 22,"시뮬레이션, 전략 / 캐주얼, 인디, 시뮬레이션, 전략 / 시뮬레이션","[Cities: Skylines] Cities: Skylines is a modern take on the classic city simulation. The game introduces new game play elements to realize the thrill and hardships of creating and maintaining a real  ‖ [Factorio] Factorio는 무한한 2D 세상에서 복잡성이 증가하는 아이템을 생산하기 위해 자동화 공장을 만드는 게임입니다. - 당신의 상상력으로 공장을 설계, 독창적인 방법으로 간단한 요소를 결합하고 마지막엔 당신을 좋아하지 않는 생물들로 부터 공장을 지키세요. ‖ [Farming Simulator 22] 농장을 만들고 농사를 즐기세요! 작물을 수확하고, 동물을 돌보고, 생산을 관리하고, 계절에 따른 어려움을 이겨내세요.",Foundation,"인디, 시뮬레이션, 전략","Foundation is a grid-less, laidback medieval city-building game with a focus on organic development, monument construction and resource management.",,,
B0416,A32,Hardspace: Shipbreaker / Hacknet / The Case of the Golden Idol / 방 탈출 시뮬레이터 / shapez 2 - Factory,"시뮬레이션 / 인디, 시뮬레이션 / 어드벤처, 인디 / 어드벤처, 캐주얼, 인디, 시뮬레이션 / 캐주얼, 인디, 시뮬레이션, 전략","[Hardspace: Shipbreaker] Equipped with cutting-edge salvaging tech, carve & slice spaceships to recover valuable materials. Upgrade your gear to take on more lucrative contracts and pay your billion credit ‖ [Hacknet] Hacknet은 터미널 기반의 몰입형 해킹 시뮬레이터입니다. 최근에 사망한, 그러나 언론 보도와는 달리 사고로 사망하지 않은 해커의 지시에 따라 진실을 추척하십시오. ‖ [The Case of the Golden Idol] A new kind of detective game that allows you to think and investigate freely. Discover clues surrounding 12 strange and gruesome deaths and build your own theory. Pick your suspect ‖ [방 탈출 시뮬레이터] Escape Simulator는 단독 또는 온라인 협동 플레이가 가능한 1인칭 퍼즐 게임입니다. 점점 더 많아지는, 고도의 상호 작용이 가능한 방탈출 세트를 탐험하세요. 가구를 옮기고, 모든 것을 집어 들고 검사하고, 냄비를 부수고 자물쇠를 부수세요! 레벨 편집기를 통해 커뮤니티가 만든 방을 지원합니다. ‖ [shapez 2 - Factory] 공장 건설 게임에 빠져들어 보세요. 단 한 가지에 집중하세요. 대규모 우주 공장을 건설하는 것! 방대하게 펼쳐지는 다층 공장과 만족스러운 생산 라인을 무제한으로 설계하세요. 계속해서 어려워지는 자동화 목표를 적의 위협 없이 자신만의 속도로 달성하세요.",Still Life,어드벤처,Still Life 2 also now available!,,,
B0417,A22,Deck of Ashes / Dicefolk / Cubic Cosmos,"어드벤처, 인디, RPG, 전략 / 캐주얼, 인디, 전략 / 전략","[Deck of Ashes] 덱 오브 애쉬즈(Deck of Ashes)는 전술 카드 전투를 벌이는 어드벤처 게임입니다. 한 번에 한 캐릭터씩 안티히어로 일행을 이끌어 속죄의 여행을 떠나보세요. 저주받은 판타지 세계를 탐험하며 강력한 카드를 찾아보세요. 독특한 전투 덱을 형성하여 적들을 무찌르세요! 잿빛 저주의 세계를 제거하실 수 있겠습니까? ‖ [Dicefolk] 마법 주사위의 힘을 휘두르고 강력한 키메라 팀을 구축해보세요! 수수께끼의 악을 멈추기 위한 택티컬 덱빌딩 로그라이트 모험이 다가오고 있습니다. 키메라 소환사로서, 신화적인 짐승들을 모집하고 완벽한 팀을 만들고, 다이스포크만의 독특한 주사위 메커니즘을 활용하여 승리로 이끌어주세요. ‖ [Cubic Cosmos] Cubic Cosmos is a thrilling fast-paced roguelike card game. You have been trapped in a deadly game. One wrong move could see you reduced to a plaything of the goddess. Can you free",Merge Maestro,"인디, 전략","Combine 100's of unique emoji based tokens in this roguelike merge-builder! Find ever more creative combinations of Tokens and Powers to fuse unique strategies and beat this ever more challenging twist on rogue-likes, puzzlers and arcadey games!",,,
B0418,A15,서브노티카 / The Long Dark / No Man's Sky,"어드벤처, 인디 / 어드벤처, 인디, 시뮬레이션, 전략 / 액션, 어드벤처","[서브노티카] 위험과 경이로움이 가득한 외계의 바다 속으로 내려가세요. 장비를 제작하고, 잠수함을 조종하며 야생 생물보다 앞서가세요. 우거진 산호초, 화산, 동굴 같은 많은 장소들을 탐험하세요. 물론 살아남는 걸 잊으면 안 되겠죠. ‖ [The Long Dark] The Long Dark는 깊은 생각을 요구하는 탐험 생존 게임입니다. 플레이어는 지구 자기장 이상으로 인한 대재앙이 휩쓸고 간 세상에서 혼자 드넓은 설원 황무지를 탐험하며 살아남아야 합니다. 좀비는 등장하지 않으며 오직 플레이어와 추위, 그리고 자연 속의 위험들만 존재합니다. 고요한 종말의 세상에 오신 것을 환영합니다. ‖ [No Man's Sky] No Man's Sky는 무한히 펼쳐지는 우주에서의 탐험과 생존을 그린 SF 게임입니다.",Forever Skies,"액션, 어드벤처, 인디, 시뮬레이션","생태학적으로 폐허가 된 포스트 아포칼립스 지구에서 펼쳐지는 1인칭 생존 게임입니다. 혼자 혹은 최대 3명의 친구와 플레이해 최첨단 비행선을 건설하고, 업그레이드하고, 운전하여 비행하세요. 지상에서 자원을 찾아 뒤지고, 도구를 제작하며, 위험에 맞서 인류를 구하기 위한 치유법을 찾아보세요.",,,
B0419,A02,Still Life / Jenny LeClue - Detectivu / Telling Lies,"어드벤처 / 액션, 어드벤처, 캐주얼, 인디 / 어드벤처, 인디, 시뮬레이션",[Still Life] Still Life 2 also now available! ‖ [Jenny LeClue - Detectivu] Jenny LeClue - Detectivu는 조사와 선택지로 가득한 스릴 넘치는 미스터리 어드벤처 게임입니다. ‖ [Telling Lies] 네 명의 삶. 그리고 하나의 큰 거짓말. 아무도 모르게 녹화된 은밀한 대화를 들으며 진실을 알아내십시오. 큰 호평을 받았던 Her Story의 계승작입니다.,情感反诈模拟器,"어드벤처, 인디, RPG, 전략","In this first FMV game about emotional fraud, you’ll face their true colors. As a hunter of hearts, strike back against a secret network of gold diggers. Unmask lies, evade traps, and let revenge ignite. Will they burn—or you? Or could love still rise from the ashes? The choice is yours to make.",,,
B0420,A27,The Raven Remastered / The Frostrune / Mad Experiments: Escape Room,"어드벤처 / 어드벤처 / 어드벤처, 캐주얼, 인디, 시뮬레이션, 전략","[The Raven Remastered] London, 1964. An ancient ruby is stolen from the British Museum. At the crime scene: a raven feather. Is somebody trying to follow in the footsteps of The Raven, the legendary mast ‖ [The Frostrune] Unravel a mystery inspired by Viking myth and legend in The Frostrune, a classic point-and-click adventure based on historically accurate Norse culture and environments. ‖ [Mad Experiments: Escape Room] 수상 후보에 오른 이스케이프 게임 1인 또는 최대 5인까지 플레이하며 3개의 독특한 방을 탐험하고, 두뇌를 자극하는 퍼즐을 풀며 체셔 교수와 그의 실험에 얽힌 어두운 비밀을 밝혀보세요.",√Letter - Root Letter -,어드벤처,"When a letter is delivered 15 years late - you discover an old pen-friend was involved in a murder, before she disappeared. Travelling to her hometown, you must investigate the murder, using her past letters as clues to uncover the disturbing truth.",,,
B0421,A35,Project Zomboid / Don't Starve / The Forest,"인디, RPG, 시뮬레이션, 앞서 해보기 / 어드벤처, 인디, 시뮬레이션 / 액션, 어드벤처, 인디, 시뮬레이션","[Project Zomboid] Project Zomboid is the ultimate in zombie survival. Alone or in MP: you loot, build, craft, fight, farm and fish in a struggle to survive. A hardcore RPG skillset, a vast map, mass ‖ [Don't Starve] Don’t Starve is an uncompromising wilderness survival game full of science and magic. Enter a strange and unexplored world full of strange creatures, dangers, and surprises. Gather ‖ [The Forest] As the lone survivor of a passenger jet crash, you find yourself in a mysterious forest battling to stay alive against a society of cannibalistic mutants. Build, explore, survive i",DREADZONE,"액션, 어드벤처, 인디, 앞서 해보기","Dreadzone is a survival game set in a deadly quarantine zone. Scavenge for resources, craft tools, build shelter, and survive against dangerous animals, zombies, mutants, and other survivors. Explore the zone where desperation drives everyone to do whatever it takes to survive.",,,
B0422,A12,Baldur's Gate 3 / Mount & Blade II: Bannerlord / Kenshi,"어드벤처, RPG, 전략 / 액션, 인디, RPG, 시뮬레이션, 전략 / 액션, 인디, RPG, 시뮬레이션, 전략","[Baldur's Gate 3] Baldur’s Gate 3 is a story-rich, party-based RPG set in the universe of Dungeons & Dragons, where your choices shape a tale of fellowship and betrayal, survival and sacrifice, and  ‖ [Mount & Blade II: Bannerlord] 본 게임은 전략/액션 RPG입니다. 캐릭터를 생성하고, 외교에 참여하고, 제작, 거래를 하고, 방대한 중세풍의 샌드박스에서 새로운 땅을 정복하십시오. 군대를 일으켜 전쟁에 뛰어들고, 깊이가 있으나 직관적인 실력 기반의 전투 시스템을 채용한 대규모 실시간 전투에서 자신의 부대에 명령을 내리고 함께 싸우십시오. ‖ [Kenshi] 자유롭게 돌아다니는 분대 기반의 RPG. 스토리를 따라가는 대신 제한 없는 샌드박스식 게임플레이에 중점을 두었습니다. 무역상, 도둑, 반란군, 전쟁 군주, 모험가, 농부, 노예 등 다양한 삶을 체험할 수 있습니다. 운이 나쁘면 식인종의 먹잇감으로 전락할지도 모르죠. 새로운 장비를 연구하거나 제작해 보세요.",City 20,"어드벤처, 인디, 시뮬레이션, 앞서 해보기","Survive in a living post-apocalyptic city. Build trust or spark conflict with NPCs and factions, uncover mysteries, and watch the world change with your every choice.",,,
B0423,A07,Into the Breach / Monster Train / Mini Metro,"인디, RPG, 시뮬레이션, 전략 / 전략 / 인디, 시뮬레이션, 전략","[Into the Breach] 미래의 강력한 메크를 조종하여 외계 세력을 물리치세요. 이 턴제 전략 게임에서는 세계를 구하려 시도할 때마다 무작위로 새롭게 생성되는 도전이 여러분 앞에 나타납니다. ‖ [Monster Train] Monster Train is a strategic roguelike deck building game with a twist. Set on a train to hell, you’ll use tactical decision making to defend multiple vertical battlegrounds. With  ‖ [Mini Metro] 미니 메트로는 성장하는 도시를 위해 지하철 노선을 설계하는 게임입니다. 역과 역 사이에 노선을 그려서 열차 운행을 시작하세요. 새로운 역이 열리면 노선을 수정해서 노선도를 효율적으로 유지하세요. 한정된 자원을 어느 곳에 사용할 것인지 결정하세요. 도시를 얼마나 오래 유지할 수 있을까요?",Quasimorph,"액션, 어드벤처, 인디, RPG, 시뮬레이션, 전략, 앞서 해보기","어두운 제거형 턴제 RPG에서 강화된 PMC 파이터 역할을 수행하세요. 용서란 없는 전투에 참여하고, 우주선을 관리하고, 클론의 시체를 쌓아 모든 생명을 위협하는 존재 뒤에 숨겨진 어두운 미스터리를 풀어내십시오.",,,
B0424,A06,Cities: Skylines / Factorio / Farming Simulator 22,"시뮬레이션, 전략 / 캐주얼, 인디, 시뮬레이션, 전략 / 시뮬레이션","[Cities: Skylines] Cities: Skylines is a modern take on the classic city simulation. The game introduces new game play elements to realize the thrill and hardships of creating and maintaining a real  ‖ [Factorio] Factorio는 무한한 2D 세상에서 복잡성이 증가하는 아이템을 생산하기 위해 자동화 공장을 만드는 게임입니다. - 당신의 상상력으로 공장을 설계, 독창적인 방법으로 간단한 요소를 결합하고 마지막엔 당신을 좋아하지 않는 생물들로 부터 공장을 지키세요. ‖ [Farming Simulator 22] 농장을 만들고 농사를 즐기세요! 작물을 수확하고, 동물을 돌보고, 생산을 관리하고, 계절에 따른 어려움을 이겨내세요.",Multiply Factory,"캐주얼, 인디, 시뮬레이션, 전략","Multiply Factory is a factory building game. Build your own multiple-layer factory within a 3-D space with belts, inserters, factories and stairs. Enjoy the fantasy of manufacturing.",,,
B0425,A10,A Short Hike / ISLANDERS / Gorogoa,"어드벤처, 인디 / 캐주얼, 인디, 전략 / 어드벤처, 캐주얼, 인디","[A Short Hike] Hike, climb, and soar through the peaceful mountainside landscapes of Hawk Peak Provincial Park as you make your way to the summit. ‖ [ISLANDERS] ISLANDERS is a minimalist strategy game about building cities on colorful islands. ‖ [Gorogoa] Gorogoa(고로고아)는 Jason Roberts가 디자인하고 일러스트레이션을 손으로 그린 아름다운 차세대 퍼즐 게임입니다.",Shape of the World,"캐주얼, 인디","1인칭 시점으로 주변의 감춰진 세계를 조용히 탐험하십시오. 화려한 꽃, 시골길의 폭포, 점점 추가되는 산들, 극찬이 절로 나오는 거대한 돌기둥과 아름다운 생명체들을 환상적으로 다양한 환각 효과의 여정으로 즐겨 보십시오. 일, 긴장, 스트레스에서 벗어나는 한시간에서 세시간 될 겁니다...",,,
B0426,A03,Balatro / Hades / Vampire Survivors,"캐주얼, 인디, 전략 / 액션, 인디, RPG / 액션, 캐주얼, 인디, RPG","[Balatro] 포커 로그라이크 게임. Balatro는 불법 포커 패로 게임을 하고, 판을 뒤엎는 조커를 발견하고, 아드레날린이 치솟는 강력한 콤보를 만드는 덱 빌딩 게임입니다. ‖ [Hades] Bastion, Transistor, Pyre의 제작사에서 선보이는 이 로그라이크 던전 탐색형 게임에서 핵 앤 슬래시로 지하 세계를 탈출하고 죽음의 신에게 도전하세요. ‖ [Vampire Survivors] 수많은 어둠의 피조물을 쓰러뜨리며 새벽이 올 때까지 생존하세요! Vampire Survivors는 로그라이트 요소를 갖춘 고딕 호러 케주얼 게임입니다. 당신의 선택으로 순식간에 수백 마리의 괴물이 눈덩이처럼 불어날 수 있죠.",Huntervania,"액션, RPG","Huntervania is a fast-paced roguelike where you battle endless hordes, craft powerful builds, and fight to survive. Inspired by Vampire Survivors, every second matters. How long can you last?",,,
B0427,A07,Into the Breach / Monster Train / Mini Metro,"인디, RPG, 시뮬레이션, 전략 / 전략 / 인디, 시뮬레이션, 전략","[Into the Breach] 미래의 강력한 메크를 조종하여 외계 세력을 물리치세요. 이 턴제 전략 게임에서는 세계를 구하려 시도할 때마다 무작위로 새롭게 생성되는 도전이 여러분 앞에 나타납니다. ‖ [Monster Train] Monster Train is a strategic roguelike deck building game with a twist. Set on a train to hell, you’ll use tactical decision making to defend multiple vertical battlegrounds. With  ‖ [Mini Metro] 미니 메트로는 성장하는 도시를 위해 지하철 노선을 설계하는 게임입니다. 역과 역 사이에 노선을 그려서 열차 운행을 시작하세요. 새로운 역이 열리면 노선을 수정해서 노선도를 효율적으로 유지하세요. 한정된 자원을 어느 곳에 사용할 것인지 결정하세요. 도시를 얼마나 오래 유지할 수 있을까요?",Looper Tactics,"어드벤처, 캐주얼, 인디, RPG, 전략","Welcome again, wandering soul. Will this be the time of your success? Watch your steps as you advance in this roguelike-deck builder and engage in auto-battler card encounters of increasing difficulty. Get stronger in each battle, rise from the ashes, and break free from endless reincarnation!",,,
B0428,A28,Dordogne / A YEAR OF SPRINGS / Botany Manor,"어드벤처, 인디 / 캐주얼, 인디, 시뮬레이션 / 어드벤처","[Dordogne] 이 유년 시절의 여정에서 특별한 내러티브에 몰입하며 도르도뉴의 수천 가지 여름의 색을 탐험하고, 추억을 떠올리며 가족의 비밀을 밝히세요. ‖ [A YEAR OF SPRINGS] 세 명의 여성, 세 개의 이야기, 세 개의 봄. 세 명의 친구들이 사랑, 공감, 그리고 단지 함께하고 싶어하는 감정에 대한 방향을 찾아나가는 3 부작 비주얼 노벨 A YEAR OF SPRINGS 에서 하루, 에리카, 마나미의 이야기를 체험하세요. ‖ [Botany Manor] Welcome to Botany Manor, a stately home in 19th century England. You play as inhabitant Arabella Greene, a retired botanist. Explore your house and gardens, filled with research, t",Smushi Come Home,"어드벤처, 캐주얼, 인디, RPG",숲에서 길을 잃고 집으로 돌아가는 길을 찾지 못하는 작은 버섯이 되어 플레이하세요. 원하는 대로 자유롭게 특별한 장소를 탐험하고 친절한 주민들과 이야기를 나누고 다양한 모험을 통해 집으로 돌아가세요!,,,
B0429,A04,Hollow Knight / Dead Cells / Celeste,"액션, 어드벤처, 인디 / 액션, 어드벤처, 인디 / 액션, 어드벤처, 인디","[Hollow Knight] 할로우 나이트에서 자신만의 길을 구축하세요! 크게 파괴된 곤충과 영웅의 왕국을 통한 서사 액션 어드벤처입니다. 손으로 그린 클래식 2D 스타일로 구불구불한 동굴을 탐험하고 오염된 생물과 싸우고 이상한 곤충들과 친구가 되어 보세요. ‖ [Dead Cells] 데드 셀(Dead Cells)는 메트로배니아에서 영감을 받은 로그라이트 액션 플랫포머 게임입니다. 2D 소울 라이트 전투에서 성을 지키는 수호자들을 물리치고 끊임없이 변화하는 거대한 성을 탐험하게 됩니다. 세이브 포인트는 없습니다. 죽이고, 죽고, 배우고, 반복하세요. ‖ [Celeste] 타워폴(TowerFall) 시리즈의 개발자들이 만든 이 초밀착형 플랫폼 게임을 플레이하고, 매들린이 셀레스트 산 정상으로 향하는 여정에서 내면의 악마에게서 살아남을 수 있게 도와주세요. 한땀 한땀 손수 제작한 수백 가지의 도전 과제에 맞서고, 사악한 비밀을 밝혀내고, 산에 숨겨진 수수께끼를 풀어보세요.",Wonder Boy: The Dragon's Trap,"액션, 어드벤처, 인디","Boasting beautiful, hand-drawn animations and a re-orchestrated soundtrack, the cult classic returns with a unique blend of exploration, action, and adventure!",,,
B0430,A20,Counter-Strike 2 / PUBG: BATTLEGROUNDS / 톰 클랜시의 레인보우식스 시즈,"액션, 무료 플레이 / 액션, 어드벤처, 대규모 멀티플레이어, 무료 플레이 / 액션, 무료 플레이","[Counter-Strike 2] Counter-Strike는 20년이 넘는 시간 동안 전 세계 수백만 명의 플레이어가 모여 수준 높은 경쟁을 펼칠 수 있는 플랫폼을 제공해 왔습니다. 그리고 이제 곧 Counter-Strike 2와 함께 새로운 CS 시대의 막이 열립니다. ‖ [PUBG: BATTLEGROUNDS] 배틀로얄 유행의 시작이자, 그 정수를 보여준 PUBG: 배틀그라운드를 지금 무료로 플레이하세요! 다양한 맵에 낙하하여 무기와 보급품을 확보하고, 점점 줄어드는 블루존 속에서 끝까지 살아남아 승리를 쟁취하세요. ‖ [톰 클랜시의 레인보우식스 시즈] 톰 클랜시의 레인보우식스 시즈는 탁월한 계획과 기술이 승부를 좌우하는 전술적인 정예 팀 기반 슈팅 게임입니다.",Arcadegeddon,"액션, 어드벤처, 무료 플레이","이제 이 변화무쌍한 멀티플레이어 슈터에서 최대 3명의 친구들과 함께 플레이할 수 있습니다. 다양한 생물군계와 미니 게임을 탐험하고, 숨겨진 상자를 발견하고, 셀 수 없는 적과 보스를 처치해보세요.",,,
B0431,A08,Sid Meier’s Civilization® VI / XCOM® 2 / Stellaris,"전략 / 전략 / 시뮬레이션, 전략","[Sid Meier’s Civilization® VI] 문명 VI 에서는 새로운 방식으로 세상과 소통하고, 제국의 영토를 확장시키며, 문화를 발전시키고, 역사속 위대한 지도자들에 맞서 오래도록 지속될 나만의 문명을 건설해볼 수 있습니다. 클레오파트라를 비롯한 20명의 역사 속 지도자들 중 한명으로 플레이 해보세요. ‖ [XCOM® 2] XCOM 2는 수상 경력이 있는 전략 게임 XCOM: Enemy Unknown의 속편입니다. 인류가 외계인 침략군에게 항복한 지 20년, 이제 지구 상에는 새로운 세계 질서가 존재합니다. 수년간을 어둠 속에서 숨어 있었던 XCOM 부대는 반드시 일어나 외계인의 지배를 무너뜨릴 것입니다. ‖ [Stellaris] 항성간 여행을 통해 우주를 탐험하며 수많은 종족들도 만나보세요. 과학선을 보내 우주를 조사하고 탐험하면서 은하 제국을 건설하고, 건축선을 보내 새로 발견한 행성에 기지를 건설하세요. 소속 사회를 위한 탐험에 나서 매장된 보물과 은하계의 경이를 발견하고, 탐험가의 한계치와 진화 범위를 설정하세요. 동맹이 체결되고, 전쟁이 ",Showgunners,,"As a contestant on a high stakes reality game show of the future, you must survive a dangerous urban environment packed with traps, confounding puzzles, and heavily armed psychopaths. Turn-based combat in hand crafted levels, built for entertainment.",,,
B0432,A04,Hollow Knight / Dead Cells / Celeste,"액션, 어드벤처, 인디 / 액션, 어드벤처, 인디 / 액션, 어드벤처, 인디","[Hollow Knight] 할로우 나이트에서 자신만의 길을 구축하세요! 크게 파괴된 곤충과 영웅의 왕국을 통한 서사 액션 어드벤처입니다. 손으로 그린 클래식 2D 스타일로 구불구불한 동굴을 탐험하고 오염된 생물과 싸우고 이상한 곤충들과 친구가 되어 보세요. ‖ [Dead Cells] 데드 셀(Dead Cells)는 메트로배니아에서 영감을 받은 로그라이트 액션 플랫포머 게임입니다. 2D 소울 라이트 전투에서 성을 지키는 수호자들을 물리치고 끊임없이 변화하는 거대한 성을 탐험하게 됩니다. 세이브 포인트는 없습니다. 죽이고, 죽고, 배우고, 반복하세요. ‖ [Celeste] 타워폴(TowerFall) 시리즈의 개발자들이 만든 이 초밀착형 플랫폼 게임을 플레이하고, 매들린이 셀레스트 산 정상으로 향하는 여정에서 내면의 악마에게서 살아남을 수 있게 도와주세요. 한땀 한땀 손수 제작한 수백 가지의 도전 과제에 맞서고, 사악한 비밀을 밝혀내고, 산에 숨겨진 수수께끼를 풀어보세요.",Bee: The Knight,"액션, 어드벤처, 인디",[2D 정밀 플랫폼 게임] 숲을 지나 적진을 넘어 여왕을 구출해보세요! 벽에 부딪히지 않도록 관성을 잘 컨트롤해야 할겁니다!,,,
B0433,A07,Into the Breach / Monster Train / Mini Metro,"인디, RPG, 시뮬레이션, 전략 / 전략 / 인디, 시뮬레이션, 전략","[Into the Breach] 미래의 강력한 메크를 조종하여 외계 세력을 물리치세요. 이 턴제 전략 게임에서는 세계를 구하려 시도할 때마다 무작위로 새롭게 생성되는 도전이 여러분 앞에 나타납니다. ‖ [Monster Train] Monster Train is a strategic roguelike deck building game with a twist. Set on a train to hell, you’ll use tactical decision making to defend multiple vertical battlegrounds. With  ‖ [Mini Metro] 미니 메트로는 성장하는 도시를 위해 지하철 노선을 설계하는 게임입니다. 역과 역 사이에 노선을 그려서 열차 운행을 시작하세요. 새로운 역이 열리면 노선을 수정해서 노선도를 효율적으로 유지하세요. 한정된 자원을 어느 곳에 사용할 것인지 결정하세요. 도시를 얼마나 오래 유지할 수 있을까요?",Galaxy Squad,전략,"Galaxy squad is a hardcore turn-based tactical roguelike, inspired by FTL and XCOM.",,,
B0434,A04,Hollow Knight / Dead Cells / Celeste,"액션, 어드벤처, 인디 / 액션, 어드벤처, 인디 / 액션, 어드벤처, 인디","[Hollow Knight] 할로우 나이트에서 자신만의 길을 구축하세요! 크게 파괴된 곤충과 영웅의 왕국을 통한 서사 액션 어드벤처입니다. 손으로 그린 클래식 2D 스타일로 구불구불한 동굴을 탐험하고 오염된 생물과 싸우고 이상한 곤충들과 친구가 되어 보세요. ‖ [Dead Cells] 데드 셀(Dead Cells)는 메트로배니아에서 영감을 받은 로그라이트 액션 플랫포머 게임입니다. 2D 소울 라이트 전투에서 성을 지키는 수호자들을 물리치고 끊임없이 변화하는 거대한 성을 탐험하게 됩니다. 세이브 포인트는 없습니다. 죽이고, 죽고, 배우고, 반복하세요. ‖ [Celeste] 타워폴(TowerFall) 시리즈의 개발자들이 만든 이 초밀착형 플랫폼 게임을 플레이하고, 매들린이 셀레스트 산 정상으로 향하는 여정에서 내면의 악마에게서 살아남을 수 있게 도와주세요. 한땀 한땀 손수 제작한 수백 가지의 도전 과제에 맞서고, 사악한 비밀을 밝혀내고, 산에 숨겨진 수수께끼를 풀어보세요.",Planet of Lana,"액션, 어드벤처, 인디","자연의 은총과 차가운 기계의 침공이 충돌하며 무너진 세계에서, 한 소녀와 소녀의 동료는 서로의 유대감만을 믿으며 생존하고 소중한 것들을 보호해야 합니다. 여정이 끝나도 오래도록 마음에 남을 희망과 상실, 사랑의 이야기가 펼쳐집니다.",,,
B0435,A10,A Short Hike / ISLANDERS / Gorogoa,"어드벤처, 인디 / 캐주얼, 인디, 전략 / 어드벤처, 캐주얼, 인디","[A Short Hike] Hike, climb, and soar through the peaceful mountainside landscapes of Hawk Peak Provincial Park as you make your way to the summit. ‖ [ISLANDERS] ISLANDERS is a minimalist strategy game about building cities on colorful islands. ‖ [Gorogoa] Gorogoa(고로고아)는 Jason Roberts가 디자인하고 일러스트레이션을 손으로 그린 아름다운 차세대 퍼즐 게임입니다.",Polar Jump,"어드벤처, 캐주얼, 인디",Polar Jump is a first person parkour platformer. Prepare to explore and save this ice-cold world.,,,
B0436,A05,Opus Magnum,"인디, 시뮬레이션","[Opus Magnum] Opus Magnum은 SpaceChem, Infinifactory, SHENZHEN I/O를 제작한 Zachtronics의 신작 퍼즐게임입니다. 연금술사들의 최첨단 도구인 변성 기관을 이용해 물약과 독을 만들어내는 기계들을 설계하고 만들어 내세요!",Reincarnated as a Dark Lord Before Taking Over the World with Power 999999999,"어드벤처, 인디, RPG, 시뮬레이션, 전략",잔혹할 정도로 도전적인 퍼즐 소설 RPG. 마왕으로 환생하여 전략을 세우고 세계를 정복하라. *단순한 방치형 게임이 아닙니다*,,,
B0437,A18,Euro Truck Simulator 2 / BeamNG.drive / 아세토 코르사 Assetto Corsa,"인디, 시뮬레이션 / 레이싱, 시뮬레이션, 앞서 해보기 / 인디, 레이싱, 시뮬레이션, 스포츠","[Euro Truck Simulator 2] 도로의 왕이 되어 인상적인 거리를 가로질러 중요한 화물을 배달하는 트럭 운전사가 되어 유럽을 여행하세요! 탐험할 도시가 수십 개나 되므로, 당신의 인내심, 기술, 속도가 모두 한계에 도달할 것입니다. ‖ [BeamNG.drive] 뭐든지 할 수 있는 동적 소프트 보디 물리 시뮬레이터입니다. ‖ [아세토 코르사 Assetto Corsa] 아세토 코르사(Assetto Corsa) v1.16은 새로운 레이저 스캔 트랙 ""라구나 세카(Laguna Seca)"" 및 기다리던 Alfa Romeo Giulia Quadrifoglio를 포함한 7개의 신차를 소개합니다! 체인지로그에서 더 자세한 내용을 확인하세요!",Train Sim World® 6,시뮬레이션,Embark on your next journey and discover the joy of train simulation. Be ready for anything as you master formidable trains across 3 new routes. Unlock new skills and expand your hobby - Expect the Unexpected in Train Sim World 6!,,,
B0438,A34,Pid / ChromaGun / Deer & Boy,"어드벤처, 인디 / 액션, 어드벤처, 인디 / 액션, 어드벤처, 인디","[Pid] You are stranded on a strange and peculiar planet. It’s time to embark on your journey and find your way home! Explore a gravity defying and challenging platformer with striking vi ‖ [ChromaGun] Welcome to ChromaTec’s test lab! You’re here to test our state-of-the-art military-grade color-technology: The ChromaGun (patent pending)! Use it to solve our meticulously designed ‖ [Deer & Boy] 도망친 소년은 길 잃은 어린 사슴을 만나 고요하면서도 위태로운 세상을 함께 헤쳐 나갑니다. 퍼즐을 풀고, 높은 곳에 오르고, 위협을 피해 나아가며 당신의 동료는 연약한 아기 사슴에서 어엿한 사슴으로 성장하죠. 혼자서는 할 수 없었던 일을 함께 해내는 법을 배우게 됩니다.",Colorgrid,"캐주얼, 전략",Colorgrid is a puzzle game about mixing colors in a Lab. Find the correct positions for your lasers and mirrors to get the right mix of colors in each material.,,,
B0439,A23,Vomitoreum / Tales of Kenzera™: ZAU / Shantae: Half-Genie Hero,"액션, 어드벤처, 인디 / 액션, 어드벤처, 인디 / 액션, 어드벤처, 인디","[Vomitoreum] Vomitoreum is an FPS Metroidvania with a focus on atmosphere and horror, inspired by the paintings of Zdzisław Beksiński. ‖ [Tales of Kenzera™: ZAU] 샤먼의 춤을 추세요. 아버지의 영혼을 되찾으세요. Surgent Studios가 제작한 메트로이드바니아 스타일의 어드벤처 게임 Tales of Kenzera™: ZAU에서 죽음의 신과 함께 아름답고 위험한 켄제라의 땅으로 용감하게 모험을 떠나세요. ‖ [Shantae: Half-Genie Hero] Shantae embarks on her first full HD adventure! When a mysterious crime wave sweeps Sequin Land, it’s up to Half-Genie Hero Shantae to save the day! Use Shantae’s devastating Hair-",Noitu Love 2: Devolution,"액션, 인디","A century after the legendary boy Noitu Love saved the world from the evil Darns, they rise again, but in a chaos of time-bending mayhem!",,,
B0440,A33,Garry's Mod / Team Fortress 2 / Left 4 Dead 2,"캐주얼, 인디, 시뮬레이션 / 액션, 무료 플레이 / 액션","[Garry's Mod] Garry's Mod is a physics sandbox. There aren't any predefined aims or goals. We give you the tools and leave you to play. ‖ [Team Fortress 2] 다양한 전술적 능력과 뚜렷한 개성을 갖춘 9가지 병과의 캐릭터를 플레이하세요. 끊임없이 업데이트되는 새로운 게임 모드, 맵, 장비 그리고 가장 중요한 모자까지 지금 바로 즐겨보세요! ‖ [Left 4 Dead 2] Set in the zombie apocalypse, Left 4 Dead 2 is a co-operative action horror FPS takes you and your friends through the cities, swamps and cemeteries of the Deep South, from Savanna",ZIC – Zombies in City,"액션, 어드벤처, 인디","Control a team of 4 characters, switching between them to use their unique abilities. ZIC: Zombies In City is a first person zombie survival shooter.",,,
B0441,A18,Euro Truck Simulator 2 / BeamNG.drive / 아세토 코르사 Assetto Corsa,"인디, 시뮬레이션 / 레이싱, 시뮬레이션, 앞서 해보기 / 인디, 레이싱, 시뮬레이션, 스포츠","[Euro Truck Simulator 2] 도로의 왕이 되어 인상적인 거리를 가로질러 중요한 화물을 배달하는 트럭 운전사가 되어 유럽을 여행하세요! 탐험할 도시가 수십 개나 되므로, 당신의 인내심, 기술, 속도가 모두 한계에 도달할 것입니다. ‖ [BeamNG.drive] 뭐든지 할 수 있는 동적 소프트 보디 물리 시뮬레이터입니다. ‖ [아세토 코르사 Assetto Corsa] 아세토 코르사(Assetto Corsa) v1.16은 새로운 레이저 스캔 트랙 ""라구나 세카(Laguna Seca)"" 및 기다리던 Alfa Romeo Giulia Quadrifoglio를 포함한 7개의 신차를 소개합니다! 체인지로그에서 더 자세한 내용을 확인하세요!",Disassembly 3D,"인디, 시뮬레이션",Disassembly and destruction physics sandbox simulator. Detailed models of objects and vehicles and their internal parts. Disassemble objects successfully to unlock weapons mode and destruction. Fight evil mannequins with everything you got in physical combat!,,,
B0442,A04,Hollow Knight / Dead Cells / Celeste,"액션, 어드벤처, 인디 / 액션, 어드벤처, 인디 / 액션, 어드벤처, 인디","[Hollow Knight] 할로우 나이트에서 자신만의 길을 구축하세요! 크게 파괴된 곤충과 영웅의 왕국을 통한 서사 액션 어드벤처입니다. 손으로 그린 클래식 2D 스타일로 구불구불한 동굴을 탐험하고 오염된 생물과 싸우고 이상한 곤충들과 친구가 되어 보세요. ‖ [Dead Cells] 데드 셀(Dead Cells)는 메트로배니아에서 영감을 받은 로그라이트 액션 플랫포머 게임입니다. 2D 소울 라이트 전투에서 성을 지키는 수호자들을 물리치고 끊임없이 변화하는 거대한 성을 탐험하게 됩니다. 세이브 포인트는 없습니다. 죽이고, 죽고, 배우고, 반복하세요. ‖ [Celeste] 타워폴(TowerFall) 시리즈의 개발자들이 만든 이 초밀착형 플랫폼 게임을 플레이하고, 매들린이 셀레스트 산 정상으로 향하는 여정에서 내면의 악마에게서 살아남을 수 있게 도와주세요. 한땀 한땀 손수 제작한 수백 가지의 도전 과제에 맞서고, 사악한 비밀을 밝혀내고, 산에 숨겨진 수수께끼를 풀어보세요.",Rift Riff,"액션, 인디, 전략","균열을 넘고, 괴물을 물리치고, 그들의 세계를 강탈하세요. 군침 도는 타워 로드아웃, 다양한 괴물들의 행동, 너그러운 메커니즘을 전략적으로 혼합했습니다.",,,
B0443,A16,The Talos Principle / Rust / Inscryption,"액션, 어드벤처, 인디 / 액션, 어드벤처, 인디, 대규모 멀티플레이어, RPG / 어드벤처, 인디, 전략","[The Talos Principle] 탈로스 법칙은 철학적 SF 소설의 전통을 따른 1인칭 퍼즐 게임입니다. 시리어스 샘을 개발한 크로팀에서 만들었으며, 톰 주버트(FTL, 더 스와퍼)와 조나스 카이라츠(바다는 모든 것을 요구한다.)가 스토리를 작성했습니다. ‖ [Rust] Rust에서의 목표는 오직 하나, 바로 살아남는 것입니다. 섬의 야생 동물, 다른 주민, 환경, 다른 생존자 모두가 여러분의 목숨을 노립니다. 하루 더 살아남을 수 있다면 수단과 방법을 가리지 마세요. ‖ [Inscryption] Inscryption은 검은 잉크로 그려진 카드를 기반으로 한 덱빌딩 로그라이크, 방탈출 퍼즐, 피가 흐르는 심리적 공포 등의 요소가 섞인 여정을 다룹니다. 카드에는 더 어두운 비밀이 새겨져 있습니다…",Alina of the Arena,"인디, 전략","'Alina of the Arena'는 Slay The Spire와 Into the Breach를 결합한 로그라이크 덱빌딩 전략 게임입니다. 플레이어는 노예 투사 알리나로서 투기장에서 살아남아야 합니다. 로그라이크 덱빌딩과 육각형 타일이 만나, 공격과 방어에 그치지 않고 공격을 피하거나 적을 밀쳐내는 등 다양한 전략을 시도할 수 있습니다!",,,
B0444,A21,DARK SOULS™ III / The Witcher 3: Wild Hunt / The Elder Scrolls V: Skyrim Special Edition,액션 / RPG / RPG,"[DARK SOULS™ III] 장르를 새로 개척했다는 평가를 들으며 많은 좋은 평가들을 얻고 있는 다크 소울 시리즈는 계속해서 한계를 넘어서, 더욱 야심찬 단계에 도전하고자 하고 있습니다. 준비를 하고 어둠을 밝히십시오! ‖ [The Witcher 3: Wild Hunt] 리비아의 게롤트가 되어 의뢰를 받고 괴물을 사냥하세요. 전쟁의 상처가 가득하고 괴물이 들끓는 대륙을 마음껏 탐험해 보세요. 지금 가장 중요한 일은 대륙의 판도를 뒤바꿀 수도 있는 살아 있는 무기이자 예언의 아이, 시리를 추적하는 것입니다. ‖ [The Elder Scrolls V: Skyrim Special Edition] 200회 이상 올해의 게임에 선정된 The Elder Scrolls V: Skyrim Special Edition이 놀라운 디테일로 판타지에 생명을 불어넣었습니다. Special Edition에는 비평가들의 극찬을 받은 게임 및 새로운 기능이 포함된 애드온이 들어 있습니다.",Old School RuneScape,"어드벤처, 대규모 멀티플레이어, RPG, 무료 플레이","The best retro fantasy MMORPG on the planet. Old School is RuneScape but… older! This is the open world you know and love, but as it was in 2007. Saying that, it’s even better than that – Old School is shaped by you, its players, with regular new content, fixes and expansions voted for by the fans!",,,
B0445,A18,Euro Truck Simulator 2 / BeamNG.drive / 아세토 코르사 Assetto Corsa,"인디, 시뮬레이션 / 레이싱, 시뮬레이션, 앞서 해보기 / 인디, 레이싱, 시뮬레이션, 스포츠","[Euro Truck Simulator 2] 도로의 왕이 되어 인상적인 거리를 가로질러 중요한 화물을 배달하는 트럭 운전사가 되어 유럽을 여행하세요! 탐험할 도시가 수십 개나 되므로, 당신의 인내심, 기술, 속도가 모두 한계에 도달할 것입니다. ‖ [BeamNG.drive] 뭐든지 할 수 있는 동적 소프트 보디 물리 시뮬레이터입니다. ‖ [아세토 코르사 Assetto Corsa] 아세토 코르사(Assetto Corsa) v1.16은 새로운 레이저 스캔 트랙 ""라구나 세카(Laguna Seca)"" 및 기다리던 Alfa Romeo Giulia Quadrifoglio를 포함한 7개의 신차를 소개합니다! 체인지로그에서 더 자세한 내용을 확인하세요!",Space Ribbon - Slipstream to the Extreme,"액션, 캐주얼, 인디, 레이싱, 시뮬레이션, 스포츠",절차 적으로 생성 된 트랙의 무한 다양한 환각 공간 레이싱을 경험해보십시오. 이 드라이버 기술의 진정한 테스트입니다. 4 플레이어 분할 화면에서와 친구 경주 또는 싱글 플레이어 우승을 완료합니다. 놀라운 몰입 공간 VR 모드는 믿을 수 볼 수있다.,,,
B0446,A32,Hardspace: Shipbreaker / Hacknet / The Case of the Golden Idol / 방 탈출 시뮬레이터 / shapez 2 - Factory,"시뮬레이션 / 인디, 시뮬레이션 / 어드벤처, 인디 / 어드벤처, 캐주얼, 인디, 시뮬레이션 / 캐주얼, 인디, 시뮬레이션, 전략","[Hardspace: Shipbreaker] Equipped with cutting-edge salvaging tech, carve & slice spaceships to recover valuable materials. Upgrade your gear to take on more lucrative contracts and pay your billion credit ‖ [Hacknet] Hacknet은 터미널 기반의 몰입형 해킹 시뮬레이터입니다. 최근에 사망한, 그러나 언론 보도와는 달리 사고로 사망하지 않은 해커의 지시에 따라 진실을 추척하십시오. ‖ [The Case of the Golden Idol] A new kind of detective game that allows you to think and investigate freely. Discover clues surrounding 12 strange and gruesome deaths and build your own theory. Pick your suspect ‖ [방 탈출 시뮬레이터] Escape Simulator는 단독 또는 온라인 협동 플레이가 가능한 1인칭 퍼즐 게임입니다. 점점 더 많아지는, 고도의 상호 작용이 가능한 방탈출 세트를 탐험하세요. 가구를 옮기고, 모든 것을 집어 들고 검사하고, 냄비를 부수고 자물쇠를 부수세요! 레벨 편집기를 통해 커뮤니티가 만든 방을 지원합니다. ‖ [shapez 2 - Factory] 공장 건설 게임에 빠져들어 보세요. 단 한 가지에 집중하세요. 대규모 우주 공장을 건설하는 것! 방대하게 펼쳐지는 다층 공장과 만족스러운 생산 라인을 무제한으로 설계하세요. 계속해서 어려워지는 자동화 목표를 적의 위협 없이 자신만의 속도로 달성하세요.",Astral Shipwright,시뮬레이션,Build and upgrade your personal ship to travel around a strange planet.,,,
B0447,A25,DOOMBLADE / Transiruby / Blast Brigade vs. the Evil Legion of Dr. Cread,"액션, 어드벤처, 인디 / 액션 / 액션, 어드벤처, 인디","[DOOMBLADE] Deep underground, Gloom Girl discovers DOOMBLADE, a sentient weapon hellbent on escape after eons in chains. Together, “Doom and Gloom” embark on a vengeful quest to unlock the pow ‖ [Transiruby] 차원 대륙의 의문을 풀어라! 는 사이보그 소녀 실비가 검과 엘리먼트 샷으로 적을 쓰러뜨리며 앞으로 나아가는 탐색형 액션 게임입니다! ‖ [Blast Brigade vs. the Evil Legion of Dr. Cread] 스릴 넘치는 플랫포밍과 깊이 있는 탐험 세계, 폭발적인 액션으로 가득한 2D 메트로이드배니아 어드벤처 게임을 즐겨보세요! Blast Brigade에서 영웅들로 팀을 구성해 세계를 구하세요!",Mage,"어드벤처, 캐주얼, 인디","Dungeon exploring Wizard action! Learn spells, defeat bosses and escape the evil in this 2D metroidvania.",,,
B0448,A31,Hearts of Iron IV / Europa Universalis IV / Sid Meier's Civilization® V,"시뮬레이션, 전략 / 시뮬레이션, 전략 / 전략","[Hearts of Iron IV] Victory is at your fingertips! Your ability to lead your nation is your supreme weapon, the strategy game Hearts of Iron IV lets you take command of any nation in World War II; the ‖ [Europa Universalis IV] 비교할 수 없는 자유도, 깊이 있는 스토리, 정확한 역사적 고증을 즐기며 국토를 다스리고 세계를 정복하세요. 세계 역사를 새롭게 쓰며 시대를 풍미할 제국을 만드세요. ‖ [Sid Meier's Civilization® V] Create, discover, and download new player-created maps, scenarios, interfaces, and more!",블라인드삼국,"시뮬레이션, 전략, 앞서 해보기",장수들이 이름과 능력을 감춘 세상. 과연 당신은 제갈량을 알아볼 수 있을까? 진짜 삼국지 매니아를 위한 하드코어 턴제 전략 시뮬레이션.,,,
B0449,A02,Still Life / Jenny LeClue - Detectivu / Telling Lies,"어드벤처 / 액션, 어드벤처, 캐주얼, 인디 / 어드벤처, 인디, 시뮬레이션",[Still Life] Still Life 2 also now available! ‖ [Jenny LeClue - Detectivu] Jenny LeClue - Detectivu는 조사와 선택지로 가득한 스릴 넘치는 미스터리 어드벤처 게임입니다. ‖ [Telling Lies] 네 명의 삶. 그리고 하나의 큰 거짓말. 아무도 모르게 녹화된 은밀한 대화를 들으며 진실을 알아내십시오. 큰 호평을 받았던 Her Story의 계승작입니다.,Whispered Secrets: Poisoner's Masquerade Collector's Edition,"어드벤처, 캐주얼",Bring your detective skills to the party for a murder mystery like none other!,,,
B0450,A13,Death's Door / Children of Morta / Roboquest / Spelunky 2 / Nuclear Throne / Streets of Rogue / Neon Abyss / Curse of the Dead Gods / Rogue Legacy 2 / Have a Nice Death,"액션, 어드벤처, 인디, RPG / 액션, 어드벤처, 인디, RPG / 액션, 인디 / 액션, 인디 / 액션, 인디, RPG / 액션, 어드벤처, 인디, RPG / 액션, 어드벤처, 인디, RPG / 액션, 어드벤처 / 액션, 어드벤처, 인디, RPG / 액션, 인디","[Death's Door] 죽은 자의 영혼을 수확하고 시간을 끝내는 것은 단조로울 수 있지만 까마귀에겐 평범한 일입니다. 하지만 주어진 영혼을 도둑맞게 되면 변화가 일어납니다. 영혼을 도난하고 죽음의 손길이 닿지 않는 영역으로 도망친 절망적인 도둑을 추적하십시오. ‖ [Children of Morta] Children of Morta는 비범한 가족 영웅에 대한 스토리 중심의 액션 RPG 게임입니다. 다가오는 부패에 맞서 모든 결함과 미덕을 갖춘 베르그송 가를 이끄세요. 여러분은 여러분이 아끼는 사람들을 구하기 위해 모든 것을 희생할 수 있으신가요? ‖ [Roboquest] 로보퀘스트는 멸망한 미래 세계의 빠른 FPS 로그라이트입니다. 당신은 재부팅된 수호자로, 강철 궁둥짝을 걷어 찰 준비를 하세요! 혼자서 혹은 친구와 함께 맞서거나 끊임없이 변화하는 환경에서 치명적인 로봇 군단을 섬멸하세요. ‖ [Spelunky 2] Spelunky 2 builds upon the unique, randomized challenges that made the original a roguelike classic, offering a huge adventure designed to satisfy players old and new. Meet the nex ‖ [Nuclear Throne] Nuclear Throne은 포스트 아포칼립스 세계관의 로그라이크 스타일 탑다운 슈터입니다. 여기서 말하는 포스트 아포칼립스는 '인류의 마지막 희망'이 남아 있는 세계가 아니라, '인류는 멸종했고 이제 돌연변이와 괴물들이 세상을 돌아다니는' 그런 세계입니다. 과연 당신은 뉴클리어 쓰론에 도달할 수 있을까요? ‖ [Streets of Rogue] 싸워서 몰래 들어가 임의 생성된 도시를 공격하세요. Nuclear Throne은 무법천지 GTA와 Deus Ex가 혼합된 형태입니다. Rogue-lite가 몰입도 높은 캐릭터를 만나 너무 재미있습니다. ‖ [Neon Abyss] Neon Abyss는 고속의 로그라이크 액션 플랫포머로, 하데스가 만든 '그림 스쿼드'의 일원이 되어 어비스로 총을 들고 뛰어드는 런 앤 건 게임입니다. 무한한 아이템 시너지와 던전 진화 시스템으로, 매번 게임을 할 때마다 다른 경험과 새로운 도전이 등장합니다. 진짜 지옥을 보여주세요! ‖ [Curse of the Dead Gods] 엄청난 부, 영원한 생명, 신성한 힘을 탐하는 마음이 당신을 끝없는 지옥 속의 미로, 치명적인 함정 및 몬스터가 우글거리는 이 저주받은 사원으로 이끌었습니다. ‖ [Rogue Legacy 2] 로그 레거시 2는 로그 레거시에 후속편을 끼얹은 작품입니다. 당신이 죽을 때마다 자식이 가업을 이어받습니다. 딸은 색맹 궁수이고 아들은 평화주의자 요리사일 수도 있죠. 어쨌거나 둘 중 한 명은 전장으로 나가야 합니다. ‖ [Have a Nice Death] Have a Nice Death는 과로에 고생하는 데스가 되어 플레이하는 2D 액션 로그라이크로, 통제 불능인 직원들 때문에 영혼의 균형과 데스의 휴가 계획이 틀어지고 말았습니다. 질서를 회복하려면 대낫을 들고 직원들과 서열 정리를 해야 합니다.",Death's Gambit: Afterlife,"액션, 어드벤처, 인디, RPG","Death's Gambit: Afterlife is a challenging 2D action platformer with deep RPG elements. As an agent of Death bound to his service, unravel the mystery of Siradon and discover the true price of immortality.",,,
B0451,A21,DARK SOULS™ III / The Witcher 3: Wild Hunt / The Elder Scrolls V: Skyrim Special Edition,액션 / RPG / RPG,"[DARK SOULS™ III] 장르를 새로 개척했다는 평가를 들으며 많은 좋은 평가들을 얻고 있는 다크 소울 시리즈는 계속해서 한계를 넘어서, 더욱 야심찬 단계에 도전하고자 하고 있습니다. 준비를 하고 어둠을 밝히십시오! ‖ [The Witcher 3: Wild Hunt] 리비아의 게롤트가 되어 의뢰를 받고 괴물을 사냥하세요. 전쟁의 상처가 가득하고 괴물이 들끓는 대륙을 마음껏 탐험해 보세요. 지금 가장 중요한 일은 대륙의 판도를 뒤바꿀 수도 있는 살아 있는 무기이자 예언의 아이, 시리를 추적하는 것입니다. ‖ [The Elder Scrolls V: Skyrim Special Edition] 200회 이상 올해의 게임에 선정된 The Elder Scrolls V: Skyrim Special Edition이 놀라운 디테일로 판타지에 생명을 불어넣었습니다. Special Edition에는 비평가들의 극찬을 받은 게임 및 새로운 기능이 포함된 애드온이 들어 있습니다.",Game of Thrones,"액션, RPG","Experience an amazing adventure in one of the most fascinating universes! Amidst conspiracy and betrayal, try to survive the orchestrated machinations around the Iron Throne.",,,
B0452,A20,Counter-Strike 2 / PUBG: BATTLEGROUNDS / 톰 클랜시의 레인보우식스 시즈,"액션, 무료 플레이 / 액션, 어드벤처, 대규모 멀티플레이어, 무료 플레이 / 액션, 무료 플레이","[Counter-Strike 2] Counter-Strike는 20년이 넘는 시간 동안 전 세계 수백만 명의 플레이어가 모여 수준 높은 경쟁을 펼칠 수 있는 플랫폼을 제공해 왔습니다. 그리고 이제 곧 Counter-Strike 2와 함께 새로운 CS 시대의 막이 열립니다. ‖ [PUBG: BATTLEGROUNDS] 배틀로얄 유행의 시작이자, 그 정수를 보여준 PUBG: 배틀그라운드를 지금 무료로 플레이하세요! 다양한 맵에 낙하하여 무기와 보급품을 확보하고, 점점 줄어드는 블루존 속에서 끝까지 살아남아 승리를 쟁취하세요. ‖ [톰 클랜시의 레인보우식스 시즈] 톰 클랜시의 레인보우식스 시즈는 탁월한 계획과 기술이 승부를 좌우하는 전술적인 정예 팀 기반 슈팅 게임입니다.",Vengeance,"액션, 캐주얼, 인디, 대규모 멀티플레이어, 스포츠, 전략, 무료 플레이","Experience the thrill of classic arena shooters reborn. Vengeance delivers nonstop, skill-driven combat with fast respawns, chaotic maps, and authentic weapon recoil. Forget microtransactions—just pure, old-school shooting fun. Play fast. Play the past!",,,
B0453,A18,Euro Truck Simulator 2 / BeamNG.drive / 아세토 코르사 Assetto Corsa,"인디, 시뮬레이션 / 레이싱, 시뮬레이션, 앞서 해보기 / 인디, 레이싱, 시뮬레이션, 스포츠","[Euro Truck Simulator 2] 도로의 왕이 되어 인상적인 거리를 가로질러 중요한 화물을 배달하는 트럭 운전사가 되어 유럽을 여행하세요! 탐험할 도시가 수십 개나 되므로, 당신의 인내심, 기술, 속도가 모두 한계에 도달할 것입니다. ‖ [BeamNG.drive] 뭐든지 할 수 있는 동적 소프트 보디 물리 시뮬레이터입니다. ‖ [아세토 코르사 Assetto Corsa] 아세토 코르사(Assetto Corsa) v1.16은 새로운 레이저 스캔 트랙 ""라구나 세카(Laguna Seca)"" 및 기다리던 Alfa Romeo Giulia Quadrifoglio를 포함한 7개의 신차를 소개합니다! 체인지로그에서 더 자세한 내용을 확인하세요!",Car Mechanic: City Driving,"액션, 어드벤처, 캐주얼, 인디, RPG, 시뮬레이션",Customize your own car and go on a serene ride through the city streets!,,,
B0454,A33,Garry's Mod / Team Fortress 2 / Left 4 Dead 2,"캐주얼, 인디, 시뮬레이션 / 액션, 무료 플레이 / 액션","[Garry's Mod] Garry's Mod is a physics sandbox. There aren't any predefined aims or goals. We give you the tools and leave you to play. ‖ [Team Fortress 2] 다양한 전술적 능력과 뚜렷한 개성을 갖춘 9가지 병과의 캐릭터를 플레이하세요. 끊임없이 업데이트되는 새로운 게임 모드, 맵, 장비 그리고 가장 중요한 모자까지 지금 바로 즐겨보세요! ‖ [Left 4 Dead 2] Set in the zombie apocalypse, Left 4 Dead 2 is a co-operative action horror FPS takes you and your friends through the cities, swamps and cemeteries of the Deep South, from Savanna",BLOCKADE 3D,"액션, 무료 플레이, 앞서 해보기","BLOCKADE 3D! First Person Shooter in an editable procedural cubic world. A large arsenal of weapons, 4 teams at the same time and up to 32 players on one map. A large number of game modes!",,,
B0455,A25,DOOMBLADE / Transiruby / Blast Brigade vs. the Evil Legion of Dr. Cread,"액션, 어드벤처, 인디 / 액션 / 액션, 어드벤처, 인디","[DOOMBLADE] Deep underground, Gloom Girl discovers DOOMBLADE, a sentient weapon hellbent on escape after eons in chains. Together, “Doom and Gloom” embark on a vengeful quest to unlock the pow ‖ [Transiruby] 차원 대륙의 의문을 풀어라! 는 사이보그 소녀 실비가 검과 엘리먼트 샷으로 적을 쓰러뜨리며 앞으로 나아가는 탐색형 액션 게임입니다! ‖ [Blast Brigade vs. the Evil Legion of Dr. Cread] 스릴 넘치는 플랫포밍과 깊이 있는 탐험 세계, 폭발적인 액션으로 가득한 2D 메트로이드배니아 어드벤처 게임을 즐겨보세요! Blast Brigade에서 영웅들로 팀을 구성해 세계를 구하세요!",FLARE NUINUI QUEST,"액션, 어드벤처, 캐주얼, 인디","Play as Shiranui Flare in this retro action platformer, wielding her dual pistols, as you explore the world on a quest to save your friends!",,,
B0456,A26,RimWorld / Oxygen Not Included / Unpacking 언패킹,"인디, 시뮬레이션, 전략 / 인디, 시뮬레이션 / 캐주얼, 인디, 시뮬레이션","[RimWorld] 지능형 AI 이야기꾼이 주도하는 공상과학 정착지 시뮬레이터입니다. 심리, 생태, 총격전과 근접전, 날씨, 기후, 외교, 사람 사이의 관계, 예술, 의학, 무역, 그 외 많은 것들을 시뮬레이션하여 이야기를 생성합니다. ‖ [Oxygen Not Included] Oxygen Not Included는 우주 콜로니 시뮬레이션 게임입니다. 외계의 우주 암석 깊은 곳에서 근면한 일꾼들은 생존하고 나아가 번영하기 위해 과학을 마스터하고, 낯선 새로운 생명체에 맞서며, 경이로운 우주 테크놀로지를 활용해야 합니다. ‖ [Unpacking 언패킹] Unpacking은 상자에서 짐을 꺼내 새집에 맞게 배치하는 친숙한 체험에 대한 명상적 퍼즐 게임입니다. 게임의 일부인 블록 맞추기 게임과 집 꾸미기를 하는 동안, 푸는 짐에 닮긴 삶의 실마리를 찾아가며 만족할 만한 생활 공간을 만들어 보세요.",고블린의 업사이클 공방,"캐주얼, 시뮬레이션","스트레스 해소형 경량 가게 경영 게임으로, 편안한 마음으로 이 작은 골동품 가게를 운영해 보세요! 발굴, 청소, 조립을 거쳐 다양한 고객들에게 골동품을 판매하여 그들의 기묘한 요구를 충족시키고, 그들이 경험한 기이한 이야기도 들어보세요.",,,
B0457,A17,Lethal Company / Phasmophobia / Deep Rock Galactic,"액션, 어드벤처, 인디, 앞서 해보기 / 액션, 인디, 앞서 해보기 / 액션","[Lethal Company] A co-op horror about scavenging at abandoned moons to sell scrap to the Company. ‖ [Phasmophobia] Phasmophobia is a 4 player online co-op psychological horror. Paranormal activity is on the rise and it’s up to you and your team to use all the ghost-hunting equipment at your dis ‖ [Deep Rock Galactic] 딥 락 갤럭틱은 1-4인의 플레이어가 협동하는 FPS 게임으로, 상남자 우주 드워프, 100% 파괴 가능한 맵 환경, 절차적 생성 동굴 지형, 그리고 끊임없이 등장하는 외계 괴물 무리가 특징입니다.",INTO EVIL,"액션, 어드벤처, 인디, RPG, 앞서 해보기","핫라인 마이애미 x 다크 소울. 그레이트 소드, 악마, 미니건, 최대 4명의 플레이어. 과연 준비가 되셨을까요?",,,
B0458,A04,Hollow Knight / Dead Cells / Celeste,"액션, 어드벤처, 인디 / 액션, 어드벤처, 인디 / 액션, 어드벤처, 인디","[Hollow Knight] 할로우 나이트에서 자신만의 길을 구축하세요! 크게 파괴된 곤충과 영웅의 왕국을 통한 서사 액션 어드벤처입니다. 손으로 그린 클래식 2D 스타일로 구불구불한 동굴을 탐험하고 오염된 생물과 싸우고 이상한 곤충들과 친구가 되어 보세요. ‖ [Dead Cells] 데드 셀(Dead Cells)는 메트로배니아에서 영감을 받은 로그라이트 액션 플랫포머 게임입니다. 2D 소울 라이트 전투에서 성을 지키는 수호자들을 물리치고 끊임없이 변화하는 거대한 성을 탐험하게 됩니다. 세이브 포인트는 없습니다. 죽이고, 죽고, 배우고, 반복하세요. ‖ [Celeste] 타워폴(TowerFall) 시리즈의 개발자들이 만든 이 초밀착형 플랫폼 게임을 플레이하고, 매들린이 셀레스트 산 정상으로 향하는 여정에서 내면의 악마에게서 살아남을 수 있게 도와주세요. 한땀 한땀 손수 제작한 수백 가지의 도전 과제에 맞서고, 사악한 비밀을 밝혀내고, 산에 숨겨진 수수께끼를 풀어보세요.",Super Meat Boy 3D,"액션, 인디",어렵기로 소문난 이 플랫폼 게임을 이제 3D로 만나보세요!,,,
B0459,A17,Lethal Company / Phasmophobia / Deep Rock Galactic,"액션, 어드벤처, 인디, 앞서 해보기 / 액션, 인디, 앞서 해보기 / 액션","[Lethal Company] A co-op horror about scavenging at abandoned moons to sell scrap to the Company. ‖ [Phasmophobia] Phasmophobia is a 4 player online co-op psychological horror. Paranormal activity is on the rise and it’s up to you and your team to use all the ghost-hunting equipment at your dis ‖ [Deep Rock Galactic] 딥 락 갤럭틱은 1-4인의 플레이어가 협동하는 FPS 게임으로, 상남자 우주 드워프, 100% 파괴 가능한 맵 환경, 절차적 생성 동굴 지형, 그리고 끊임없이 등장하는 외계 괴물 무리가 특징입니다.",Backrooms Society,"액션, 어드벤처, 인디, 앞서 해보기","Backrooms Society is a 1-8 player co-op horror game. Make your way through unique levels of the backrooms while trying to survive and avoid mysterious entities. Scavenge each level for gear and resources, bring it back to The Hub where you can sell valuables and buy/craft new gear.",,,
B0460,A26,RimWorld / Oxygen Not Included / Unpacking 언패킹,"인디, 시뮬레이션, 전략 / 인디, 시뮬레이션 / 캐주얼, 인디, 시뮬레이션","[RimWorld] 지능형 AI 이야기꾼이 주도하는 공상과학 정착지 시뮬레이터입니다. 심리, 생태, 총격전과 근접전, 날씨, 기후, 외교, 사람 사이의 관계, 예술, 의학, 무역, 그 외 많은 것들을 시뮬레이션하여 이야기를 생성합니다. ‖ [Oxygen Not Included] Oxygen Not Included는 우주 콜로니 시뮬레이션 게임입니다. 외계의 우주 암석 깊은 곳에서 근면한 일꾼들은 생존하고 나아가 번영하기 위해 과학을 마스터하고, 낯선 새로운 생명체에 맞서며, 경이로운 우주 테크놀로지를 활용해야 합니다. ‖ [Unpacking 언패킹] Unpacking은 상자에서 짐을 꺼내 새집에 맞게 배치하는 친숙한 체험에 대한 명상적 퍼즐 게임입니다. 게임의 일부인 블록 맞추기 게임과 집 꾸미기를 하는 동안, 푸는 짐에 닮긴 삶의 실마리를 찾아가며 만족할 만한 생활 공간을 만들어 보세요.",Astrometica,"어드벤처, 인디, 앞서 해보기",Astrometica는 우주 탐사와 기지 건설 생존 게임입니다. 재난 후 우주를 탐험하고 자원을 수집하며 기지를 건설하고 우주의 신비를 밝혀내세요. 첨단 기술을 사용하고 도구를 제작하며 새로운 청사진을 발견하여 생존하세요.,,,
B0461,A02,Still Life / Jenny LeClue - Detectivu / Telling Lies,"어드벤처 / 액션, 어드벤처, 캐주얼, 인디 / 어드벤처, 인디, 시뮬레이션",[Still Life] Still Life 2 also now available! ‖ [Jenny LeClue - Detectivu] Jenny LeClue - Detectivu는 조사와 선택지로 가득한 스릴 넘치는 미스터리 어드벤처 게임입니다. ‖ [Telling Lies] 네 명의 삶. 그리고 하나의 큰 거짓말. 아무도 모르게 녹화된 은밀한 대화를 들으며 진실을 알아내십시오. 큰 호평을 받았던 Her Story의 계승작입니다.,Post Mortem,어드벤처,"After returning to the quiet streets of Paris to pursue a life of painting, Gus Macpherson could not escape his true art…",,,
B0462,A12,Baldur's Gate 3 / Mount & Blade II: Bannerlord / Kenshi,"어드벤처, RPG, 전략 / 액션, 인디, RPG, 시뮬레이션, 전략 / 액션, 인디, RPG, 시뮬레이션, 전략","[Baldur's Gate 3] Baldur’s Gate 3 is a story-rich, party-based RPG set in the universe of Dungeons & Dragons, where your choices shape a tale of fellowship and betrayal, survival and sacrifice, and  ‖ [Mount & Blade II: Bannerlord] 본 게임은 전략/액션 RPG입니다. 캐릭터를 생성하고, 외교에 참여하고, 제작, 거래를 하고, 방대한 중세풍의 샌드박스에서 새로운 땅을 정복하십시오. 군대를 일으켜 전쟁에 뛰어들고, 깊이가 있으나 직관적인 실력 기반의 전투 시스템을 채용한 대규모 실시간 전투에서 자신의 부대에 명령을 내리고 함께 싸우십시오. ‖ [Kenshi] 자유롭게 돌아다니는 분대 기반의 RPG. 스토리를 따라가는 대신 제한 없는 샌드박스식 게임플레이에 중점을 두었습니다. 무역상, 도둑, 반란군, 전쟁 군주, 모험가, 농부, 노예 등 다양한 삶을 체험할 수 있습니다. 운이 나쁘면 식인종의 먹잇감으로 전락할지도 모르죠. 새로운 장비를 연구하거나 제작해 보세요.",GreedFall,RPG,"Engage in a core roleplaying experience, and forge the destiny of a new world seeping with magic, and filled with riches, lost secrets, and fantastic creatures. With diplomacy, deception and force, become part of a living, evolving world - influence its course and shape your story.",,,
B0463,A30,Stardew Valley / Slime Rancher / Raft,"인디, RPG, 시뮬레이션 / 액션, 어드벤처, 인디, 시뮬레이션 / 어드벤처, 인디, 시뮬레이션","[Stardew Valley] You've inherited your grandfather's old farm plot in Stardew Valley. Armed with hand-me-down tools and a few coins, you set out to begin your new life. Can you learn to live off th ‖ [Slime Rancher] 슬라임 랜쳐는 젊고 용감한 랜쳐, 베아트릭스 르뷰가 지구에서 1,000광년 떨어진 '머나먼 평야'에서 슬라임들과 씨름하며 생계를 꾸려나가는 이야기입니다. 긍정적인 마인드와 강인한 의지로 베아트릭스는 진공팩을 사용하여 끊임없이 말랑말랑하게 굴러나오는 슬라임들을 피하며 이름을 알리고, 부자가 되려 합니다. ‖ [Raft] Raft™ throws you and your friends into an epic oceanic adventure! Alone or together, players battle to survive a perilous voyage across a vast sea! Gather debris, scavenge reefs an",Project Castaway,"액션, 어드벤처, 캐주얼, RPG","이 얼리 액세스 생존 경험에서 혼자 또는 친구와 함께 생존, 건설, 제작, 사냥 및 탐험하세요. 각 섬에는 동일한 두 개의 섬이 없는 고유한 자원이 있습니다.",,,
B0464,A09,Roots of Yggdrasil / Ancient Gods / Flick Shot Rogues,"인디, 전략 / RPG, 전략 / 인디, 전략","[Roots of Yggdrasil] Build settlements, explore the Nine Realms, collect artifacts and upgrade your deck to reach the top of Yggdrasil in this post-Ragnarok roguelike city-builder! Can you survive the  ‖ [Ancient Gods] Ancient Gods is a fusion of hero collector and deck-building rogue-lite where you collect your character, fight, and experience exciting events. Any character can use all the cards ‖ [Flick Shot Rogues] 계획하고, 조준하고, 쏘세요! FLICK SHOT ROGUES는 테이블 위에서 물건을 튕기는 촉각적 만족감과 사람들이 좋아하는 턴제 로그라이크의 전략적 깊이를 결합한 게임입니다. 말도 안되는 콤보를 연결하고, 캐릭터, 아이템, 스킬을 잠금 해제하면서, 섬을 정복하세요!",Poker Quest: Swords and Spades,"어드벤처, 인디, RPG, 전략","Poker Quest is a fantasy roguelike where players use a standard 52-card deck to take on fierce enemies in epic battles. Featuring over 20 unique heroes, thousands of items, and deep gameplay that will test even the most experienced players.",,,
B0465,A29,Salt and Sanctuary,"액션, 인디, RPG","[Salt and Sanctuary] 두렵고도 잔혹한 섬의 탐험을 시작합니다… Salt and Sanctuary는 신속하고, 잔인하며, 복잡한 전투 시스템을 지닌 2D RPG입니다. 저주받은 도시의 잊힌 영역이나, 피에 물든 던전이나, 오염된 기념비와 같은 장소를 돌아다니며, 한때 축복을 받았지만 지금은 타락하고 만 영주들을 조우하세요.",Dungeons of Sundaria,"액션, 어드벤처, 인디, RPG","Adventure through epic dungeons facing fearsome creatures either solo or with a group of friends. Master your class, loot everything, and destroy the foul creatures of the deep! Will you become a hero of legend?",,,
B0466,A35,Project Zomboid / Don't Starve / The Forest,"인디, RPG, 시뮬레이션, 앞서 해보기 / 어드벤처, 인디, 시뮬레이션 / 액션, 어드벤처, 인디, 시뮬레이션","[Project Zomboid] Project Zomboid is the ultimate in zombie survival. Alone or in MP: you loot, build, craft, fight, farm and fish in a struggle to survive. A hardcore RPG skillset, a vast map, mass ‖ [Don't Starve] Don’t Starve is an uncompromising wilderness survival game full of science and magic. Enter a strange and unexplored world full of strange creatures, dangers, and surprises. Gather ‖ [The Forest] As the lone survivor of a passenger jet crash, you find yourself in a mysterious forest battling to stay alive against a society of cannibalistic mutants. Build, explore, survive i",Survivalist,"액션, 어드벤처, 인디, RPG, 시뮬레이션, 전략",It's one year after the collapse of civilization and self-centered hedge fund manager Joe Wheeler emerges from his specially constructed bunker in search of food. This is a huge open-world RPG where you have the freedom to play how you want - but your choices have consequences.,,,
B0467,A26,RimWorld / Oxygen Not Included / Unpacking 언패킹,"인디, 시뮬레이션, 전략 / 인디, 시뮬레이션 / 캐주얼, 인디, 시뮬레이션","[RimWorld] 지능형 AI 이야기꾼이 주도하는 공상과학 정착지 시뮬레이터입니다. 심리, 생태, 총격전과 근접전, 날씨, 기후, 외교, 사람 사이의 관계, 예술, 의학, 무역, 그 외 많은 것들을 시뮬레이션하여 이야기를 생성합니다. ‖ [Oxygen Not Included] Oxygen Not Included는 우주 콜로니 시뮬레이션 게임입니다. 외계의 우주 암석 깊은 곳에서 근면한 일꾼들은 생존하고 나아가 번영하기 위해 과학을 마스터하고, 낯선 새로운 생명체에 맞서며, 경이로운 우주 테크놀로지를 활용해야 합니다. ‖ [Unpacking 언패킹] Unpacking은 상자에서 짐을 꺼내 새집에 맞게 배치하는 친숙한 체험에 대한 명상적 퍼즐 게임입니다. 게임의 일부인 블록 맞추기 게임과 집 꾸미기를 하는 동안, 푸는 짐에 닮긴 삶의 실마리를 찾아가며 만족할 만한 생활 공간을 만들어 보세요.",Crypto Mining Simulator,"캐주얼, 인디, 시뮬레이션, 전략","Realistic Mining simulator with custom builds mechanics! A lot of GPUs, CPUs, Motherboards, RAMs, SSDs, PSUs and more! Build your dream farm with 1000+ GPUs!",,,
B0468,A32,Hardspace: Shipbreaker / Hacknet / The Case of the Golden Idol / 방 탈출 시뮬레이터 / shapez 2 - Factory,"시뮬레이션 / 인디, 시뮬레이션 / 어드벤처, 인디 / 어드벤처, 캐주얼, 인디, 시뮬레이션 / 캐주얼, 인디, 시뮬레이션, 전략","[Hardspace: Shipbreaker] Equipped with cutting-edge salvaging tech, carve & slice spaceships to recover valuable materials. Upgrade your gear to take on more lucrative contracts and pay your billion credit ‖ [Hacknet] Hacknet은 터미널 기반의 몰입형 해킹 시뮬레이터입니다. 최근에 사망한, 그러나 언론 보도와는 달리 사고로 사망하지 않은 해커의 지시에 따라 진실을 추척하십시오. ‖ [The Case of the Golden Idol] A new kind of detective game that allows you to think and investigate freely. Discover clues surrounding 12 strange and gruesome deaths and build your own theory. Pick your suspect ‖ [방 탈출 시뮬레이터] Escape Simulator는 단독 또는 온라인 협동 플레이가 가능한 1인칭 퍼즐 게임입니다. 점점 더 많아지는, 고도의 상호 작용이 가능한 방탈출 세트를 탐험하세요. 가구를 옮기고, 모든 것을 집어 들고 검사하고, 냄비를 부수고 자물쇠를 부수세요! 레벨 편집기를 통해 커뮤니티가 만든 방을 지원합니다. ‖ [shapez 2 - Factory] 공장 건설 게임에 빠져들어 보세요. 단 한 가지에 집중하세요. 대규모 우주 공장을 건설하는 것! 방대하게 펼쳐지는 다층 공장과 만족스러운 생산 라인을 무제한으로 설계하세요. 계속해서 어려워지는 자동화 목표를 적의 위협 없이 자신만의 속도로 달성하세요.",Lamplight City,"어드벤처, 인디",A steampunk-ish detective adventure from the creator of A Golden Wake and Shardlight! Can you help private investigator Miles Fordham find justice for his clients and track down his partner's killer before his entire world comes apart?,,,
B0469,A11,Forza Horizon 5 / Hi-Fi RUSH / Street Fighter 6,"액션, 어드벤처, 레이싱, 시뮬레이션, 스포츠 / 액션 / 액션, 어드벤처","[Forza Horizon 5] 세계 최고의 자동차를 타고 생동감 넘치는 멕시코의 대자연을 탐험하며 재미있는 드라이빙 액션을 마음껏 즐겨보세요. ‖ [Hi-Fi RUSH] 아케이드 챌린지! 업데이트!로 추가되는 두 개의 신규 게임 모드에서 여러분의 능력을 시험하고, 새로운 보상을 획득해 보세요. 몇 가지 비밀도 숨어 있답니다! 락 스타 지망생 차이가 되어 비트를 타고, 세상 모든 게 음악에 싱크되는 세계에서 오합지졸 팀과 함께 사악한 거대 기업에 맞서 싸우세요. ‖ [Street Fighter 6] 시리즈 최신작 『Street Fighter 6』, 2023년 6월 2일 발매 결정! RE ENGINE으로 개발된 본 작품은 대형 모드 「World Tour」, 「Fighting Ground」, 「Battle Hub」로 구성되어 있다. 새로운 「스트리트 파이터」에는 지금까지의 시리즈에는 없었던 새로운 체험이 기다리고 있다.",Bloody Knuckles Street Boxing,"액션, 인디, 시뮬레이션, 스포츠, 전략, 앞서 해보기",The Sweet Science Meets The STREETS!,,,
B0470,A24,Valheim / Grounded / My Time at Portia,"액션, 어드벤처, 인디, RPG, 앞서 해보기 / 액션, 어드벤처 / 어드벤처, 캐주얼, 인디, RPG, 시뮬레이션","[Valheim] 북구 신화와 바이킹 문화에 기반한 판타지 세계를 배경으로 펼쳐지는 생존 및 탐험 게임. ‖ [Grounded] The world is a vast, beautiful and dangerous place – especially when you have been shrunk to the size of an ant. Can you thrive alongside the hordes of giant insects, fighting to s ‖ [My Time at Portia] 아름다운 Portia 마을에서 새 삶을 시작하세요! 아버지가 방치한 작업장에서 제작을 부탁받고, 작물을 키우고, 가축을 기르고, 아름다운 세기말의 땅에서 특이한 친구들을 사귀며 작업장을 예전의 멋진 모습으로 복원하세요.",Research Story,"캐주얼, 인디, RPG, 시뮬레이션","Set out to discover and record plants and creatures for the Violet Archive. Grow crops, tame animals, and build the perfect farm! Forge friendships along the way as you begin your life as a researcher!",,,
B0471,A02,Still Life / Jenny LeClue - Detectivu / Telling Lies,"어드벤처 / 액션, 어드벤처, 캐주얼, 인디 / 어드벤처, 인디, 시뮬레이션",[Still Life] Still Life 2 also now available! ‖ [Jenny LeClue - Detectivu] Jenny LeClue - Detectivu는 조사와 선택지로 가득한 스릴 넘치는 미스터리 어드벤처 게임입니다. ‖ [Telling Lies] 네 명의 삶. 그리고 하나의 큰 거짓말. 아무도 모르게 녹화된 은밀한 대화를 들으며 진실을 알아내십시오. 큰 호평을 받았던 Her Story의 계승작입니다.,Tiny Room Stories: Town Mystery,"어드벤처, 인디",Everybody are missing in a town. Find the answers of town mystery in a point and click adventure game with escape the room mechanics,,,
B0472,A29,Salt and Sanctuary,"액션, 인디, RPG","[Salt and Sanctuary] 두렵고도 잔혹한 섬의 탐험을 시작합니다… Salt and Sanctuary는 신속하고, 잔인하며, 복잡한 전투 시스템을 지닌 2D RPG입니다. 저주받은 도시의 잊힌 영역이나, 피에 물든 던전이나, 오염된 기념비와 같은 장소를 돌아다니며, 한때 축복을 받았지만 지금은 타락하고 만 영주들을 조우하세요.",The Surge 2,"액션, RPG",살아남으려면 광대하게 펼쳐친 황량한 제리코 시티를 탐험하세요. 무자비하고 가차없는 전투 속에서 휘몰아치는 맹렬한 공격에 맞서 싸우며 상대의 사지를 찢어발긴 뒤 장비를 탈취하세요.,,,
B0473,A20,Counter-Strike 2 / PUBG: BATTLEGROUNDS / 톰 클랜시의 레인보우식스 시즈,"액션, 무료 플레이 / 액션, 어드벤처, 대규모 멀티플레이어, 무료 플레이 / 액션, 무료 플레이","[Counter-Strike 2] Counter-Strike는 20년이 넘는 시간 동안 전 세계 수백만 명의 플레이어가 모여 수준 높은 경쟁을 펼칠 수 있는 플랫폼을 제공해 왔습니다. 그리고 이제 곧 Counter-Strike 2와 함께 새로운 CS 시대의 막이 열립니다. ‖ [PUBG: BATTLEGROUNDS] 배틀로얄 유행의 시작이자, 그 정수를 보여준 PUBG: 배틀그라운드를 지금 무료로 플레이하세요! 다양한 맵에 낙하하여 무기와 보급품을 확보하고, 점점 줄어드는 블루존 속에서 끝까지 살아남아 승리를 쟁취하세요. ‖ [톰 클랜시의 레인보우식스 시즈] 톰 클랜시의 레인보우식스 시즈는 탁월한 계획과 기술이 승부를 좌우하는 전술적인 정예 팀 기반 슈팅 게임입니다.",빈 배틀즈,"액션, 인디",배틀로얄 인기 장르를 독특하게 변형한 게임입니다. 빠른 속도로 진행되는 여러 라운드에서 킬과 생존이 동일하게 보상됩니다. 팀을 구성하고 복수하며 마지막까지 살아남은 콩이 되어 보세요.,,,
B0474,A30,Stardew Valley / Slime Rancher / Raft,"인디, RPG, 시뮬레이션 / 액션, 어드벤처, 인디, 시뮬레이션 / 어드벤처, 인디, 시뮬레이션","[Stardew Valley] You've inherited your grandfather's old farm plot in Stardew Valley. Armed with hand-me-down tools and a few coins, you set out to begin your new life. Can you learn to live off th ‖ [Slime Rancher] 슬라임 랜쳐는 젊고 용감한 랜쳐, 베아트릭스 르뷰가 지구에서 1,000광년 떨어진 '머나먼 평야'에서 슬라임들과 씨름하며 생계를 꾸려나가는 이야기입니다. 긍정적인 마인드와 강인한 의지로 베아트릭스는 진공팩을 사용하여 끊임없이 말랑말랑하게 굴러나오는 슬라임들을 피하며 이름을 알리고, 부자가 되려 합니다. ‖ [Raft] Raft™ throws you and your friends into an epic oceanic adventure! Alone or together, players battle to survive a perilous voyage across a vast sea! Gather debris, scavenge reefs an",슬라임이 온다,"액션, 어드벤처, 인디, RPG","슬라임이 세계를 침략했습니다! 6명의 영웅이 세상을 구하고 원인을 조사해야 합니다. Slime Coming은 가벼운 로그라이크 요소와 생존자 유형의 캐주얼 게임입니다. 완전 자동 공격, 영웅을 강화하고 슬라임과 몬스터를 물리치세요.",,,
B0475,A25,DOOMBLADE / Transiruby / Blast Brigade vs. the Evil Legion of Dr. Cread,"액션, 어드벤처, 인디 / 액션 / 액션, 어드벤처, 인디","[DOOMBLADE] Deep underground, Gloom Girl discovers DOOMBLADE, a sentient weapon hellbent on escape after eons in chains. Together, “Doom and Gloom” embark on a vengeful quest to unlock the pow ‖ [Transiruby] 차원 대륙의 의문을 풀어라! 는 사이보그 소녀 실비가 검과 엘리먼트 샷으로 적을 쓰러뜨리며 앞으로 나아가는 탐색형 액션 게임입니다! ‖ [Blast Brigade vs. the Evil Legion of Dr. Cread] 스릴 넘치는 플랫포밍과 깊이 있는 탐험 세계, 폭발적인 액션으로 가득한 2D 메트로이드배니아 어드벤처 게임을 즐겨보세요! Blast Brigade에서 영웅들로 팀을 구성해 세계를 구하세요!",Wavetale,어드벤처,수중 도시의 바다를 서핑하세요! 거대한 바다 괴물과 싸우고 이웃을 구하고 수면 아래에 숨겨진 비밀을 파헤치세요.,,,
B0476,A17,Lethal Company / Phasmophobia / Deep Rock Galactic,"액션, 어드벤처, 인디, 앞서 해보기 / 액션, 인디, 앞서 해보기 / 액션","[Lethal Company] A co-op horror about scavenging at abandoned moons to sell scrap to the Company. ‖ [Phasmophobia] Phasmophobia is a 4 player online co-op psychological horror. Paranormal activity is on the rise and it’s up to you and your team to use all the ghost-hunting equipment at your dis ‖ [Deep Rock Galactic] 딥 락 갤럭틱은 1-4인의 플레이어가 협동하는 FPS 게임으로, 상남자 우주 드워프, 100% 파괴 가능한 맵 환경, 절차적 생성 동굴 지형, 그리고 끊임없이 등장하는 외계 괴물 무리가 특징입니다.",The Headliners,"액션, 인디","협동 공포 게임으로, 1~8명의 기자 팀이 되어 치명적인 괴물로 가득 찬 뉴욕을 탐험하며 멋진 사진을 찍는 것이 목표입니다. 당신의 유일한 목표: 헤드라인에 오르는 것... 그리고 살아남아 그것을 직접 읽는 것.",,,
B0477,A31,Hearts of Iron IV / Europa Universalis IV / Sid Meier's Civilization® V,"시뮬레이션, 전략 / 시뮬레이션, 전략 / 전략","[Hearts of Iron IV] Victory is at your fingertips! Your ability to lead your nation is your supreme weapon, the strategy game Hearts of Iron IV lets you take command of any nation in World War II; the ‖ [Europa Universalis IV] 비교할 수 없는 자유도, 깊이 있는 스토리, 정확한 역사적 고증을 즐기며 국토를 다스리고 세계를 정복하세요. 세계 역사를 새롭게 쓰며 시대를 풍미할 제국을 만드세요. ‖ [Sid Meier's Civilization® V] Create, discover, and download new player-created maps, scenarios, interfaces, and more!",Flak,"캐주얼, 전략, 무료 플레이",Navigate the campaign map effectively. Generate an income and invade strategically. Destroy all enemy blimps for a Steam leaderboard position!,,,
B0478,A06,Cities: Skylines / Factorio / Farming Simulator 22,"시뮬레이션, 전략 / 캐주얼, 인디, 시뮬레이션, 전략 / 시뮬레이션","[Cities: Skylines] Cities: Skylines is a modern take on the classic city simulation. The game introduces new game play elements to realize the thrill and hardships of creating and maintaining a real  ‖ [Factorio] Factorio는 무한한 2D 세상에서 복잡성이 증가하는 아이템을 생산하기 위해 자동화 공장을 만드는 게임입니다. - 당신의 상상력으로 공장을 설계, 독창적인 방법으로 간단한 요소를 결합하고 마지막엔 당신을 좋아하지 않는 생물들로 부터 공장을 지키세요. ‖ [Farming Simulator 22] 농장을 만들고 농사를 즐기세요! 작물을 수확하고, 동물을 돌보고, 생산을 관리하고, 계절에 따른 어려움을 이겨내세요.",시너지 (Synergy),"인디, 시뮬레이션, 전략",Synergy는 기이하고 적대적인 세계에서 인류의 생존을 이끌어야 하는 도시 건설 게임입니다. 생태계를 존중하면서 도시를 건설하세요. 주위 환경을 탐험하고 분석하세요. 잊지 말고 시민들의 요구 사항을 충족해 주세요.,,,
B0479,A33,Garry's Mod / Team Fortress 2 / Left 4 Dead 2,"캐주얼, 인디, 시뮬레이션 / 액션, 무료 플레이 / 액션","[Garry's Mod] Garry's Mod is a physics sandbox. There aren't any predefined aims or goals. We give you the tools and leave you to play. ‖ [Team Fortress 2] 다양한 전술적 능력과 뚜렷한 개성을 갖춘 9가지 병과의 캐릭터를 플레이하세요. 끊임없이 업데이트되는 새로운 게임 모드, 맵, 장비 그리고 가장 중요한 모자까지 지금 바로 즐겨보세요! ‖ [Left 4 Dead 2] Set in the zombie apocalypse, Left 4 Dead 2 is a co-operative action horror FPS takes you and your friends through the cities, swamps and cemeteries of the Deep South, from Savanna",Fun with Ragdolls: The Game,"액션, 인디, 시뮬레이션","Become a ragdoll and create your own environments in Sandbox Mode, explore worlds created by others, or just flop around your destructible sets! Fun with Ragdolls®: The Game lets you enjoy everything you love about ragdolls!",,,
B0480,A10,A Short Hike / ISLANDERS / Gorogoa,"어드벤처, 인디 / 캐주얼, 인디, 전략 / 어드벤처, 캐주얼, 인디","[A Short Hike] Hike, climb, and soar through the peaceful mountainside landscapes of Hawk Peak Provincial Park as you make your way to the summit. ‖ [ISLANDERS] ISLANDERS is a minimalist strategy game about building cities on colorful islands. ‖ [Gorogoa] Gorogoa(고로고아)는 Jason Roberts가 디자인하고 일러스트레이션을 손으로 그린 아름다운 차세대 퍼즐 게임입니다.",토블라 - 신성한 길,"어드벤처, 캐주얼, 인디","토블라 - 신성한 길 에서는 창의적인 퍼즐 게임 플레이, Portal과 같은 클래식에서 영감을 받은 이야기, 그리고 인상적인 3D 그래픽이 결합됩니다. 모르트의 역할을 맡아 교활한 여신 토블라의 도전적인 퍼즐과 냉소적인 발언에 맞서 싸우며 집으로 가는 길을 찾으세요.",,,
B0481,A06,Cities: Skylines / Factorio / Farming Simulator 22,"시뮬레이션, 전략 / 캐주얼, 인디, 시뮬레이션, 전략 / 시뮬레이션","[Cities: Skylines] Cities: Skylines is a modern take on the classic city simulation. The game introduces new game play elements to realize the thrill and hardships of creating and maintaining a real  ‖ [Factorio] Factorio는 무한한 2D 세상에서 복잡성이 증가하는 아이템을 생산하기 위해 자동화 공장을 만드는 게임입니다. - 당신의 상상력으로 공장을 설계, 독창적인 방법으로 간단한 요소를 결합하고 마지막엔 당신을 좋아하지 않는 생물들로 부터 공장을 지키세요. ‖ [Farming Simulator 22] 농장을 만들고 농사를 즐기세요! 작물을 수확하고, 동물을 돌보고, 생산을 관리하고, 계절에 따른 어려움을 이겨내세요.",Banished,"인디, 시뮬레이션, 전략","In this city-building strategy game, you control a group of exiled travelers who decide to restart their lives in a new land. They have only the clothes on their backs and a cart filled with supplies from their homeland. The townspeople of Banished are your primary resource.",,,
B0482,A33,Garry's Mod / Team Fortress 2 / Left 4 Dead 2,"캐주얼, 인디, 시뮬레이션 / 액션, 무료 플레이 / 액션","[Garry's Mod] Garry's Mod is a physics sandbox. There aren't any predefined aims or goals. We give you the tools and leave you to play. ‖ [Team Fortress 2] 다양한 전술적 능력과 뚜렷한 개성을 갖춘 9가지 병과의 캐릭터를 플레이하세요. 끊임없이 업데이트되는 새로운 게임 모드, 맵, 장비 그리고 가장 중요한 모자까지 지금 바로 즐겨보세요! ‖ [Left 4 Dead 2] Set in the zombie apocalypse, Left 4 Dead 2 is a co-operative action horror FPS takes you and your friends through the cities, swamps and cemeteries of the Deep South, from Savanna",Solar 2,"액션, 어드벤처, 캐주얼, 인디, 시뮬레이션",Dynamic abstract sandbox universe. Changes and evolves as you do.,,,
B0483,A05,Opus Magnum,"인디, 시뮬레이션","[Opus Magnum] Opus Magnum은 SpaceChem, Infinifactory, SHENZHEN I/O를 제작한 Zachtronics의 신작 퍼즐게임입니다. 연금술사들의 최첨단 도구인 변성 기관을 이용해 물약과 독을 만들어내는 기계들을 설계하고 만들어 내세요!",Cloud Gardens,"캐주얼, 인디, 시뮬레이션",A chill game about using plants to overgrow abandoned wasteland dioramas,,,
B0484,A17,Lethal Company / Phasmophobia / Deep Rock Galactic,"액션, 어드벤처, 인디, 앞서 해보기 / 액션, 인디, 앞서 해보기 / 액션","[Lethal Company] A co-op horror about scavenging at abandoned moons to sell scrap to the Company. ‖ [Phasmophobia] Phasmophobia is a 4 player online co-op psychological horror. Paranormal activity is on the rise and it’s up to you and your team to use all the ghost-hunting equipment at your dis ‖ [Deep Rock Galactic] 딥 락 갤럭틱은 1-4인의 플레이어가 협동하는 FPS 게임으로, 상남자 우주 드워프, 100% 파괴 가능한 맵 환경, 절차적 생성 동굴 지형, 그리고 끊임없이 등장하는 외계 괴물 무리가 특징입니다.",Unpossess: Exorcism Simulator,"액션, 어드벤처, 인디, 시뮬레이션",Unpossess is a 1-4 co-op exorcism simulator game set in the early 1900s. Players take on the role of exorcists responsible for addressing cases of human possession.,,,
B0485,A35,Project Zomboid / Don't Starve / The Forest,"인디, RPG, 시뮬레이션, 앞서 해보기 / 어드벤처, 인디, 시뮬레이션 / 액션, 어드벤처, 인디, 시뮬레이션","[Project Zomboid] Project Zomboid is the ultimate in zombie survival. Alone or in MP: you loot, build, craft, fight, farm and fish in a struggle to survive. A hardcore RPG skillset, a vast map, mass ‖ [Don't Starve] Don’t Starve is an uncompromising wilderness survival game full of science and magic. Enter a strange and unexplored world full of strange creatures, dangers, and surprises. Gather ‖ [The Forest] As the lone survivor of a passenger jet crash, you find yourself in a mysterious forest battling to stay alive against a society of cannibalistic mutants. Build, explore, survive i",Welcome to ParadiZe,"액션, 어드벤처, RPG",이곳은 여러분이 그리던 낙원과는 다를 겁니다. 좀비로 들끓고 있기 때문이죠! 다행스럽게도 여러분이 좀비를 조종할 수 있습니다. 좀비를 잡아 농사를 짓거나 싸우도록 가르치세요. 여러분이 세상을 탐험하며... 새로운 낙원을 찾는 동안 좀비들이 캠프의 건설과 방어를 도와줄 겁니다.,,,
B0486,A09,Roots of Yggdrasil / Ancient Gods / Flick Shot Rogues,"인디, 전략 / RPG, 전략 / 인디, 전략","[Roots of Yggdrasil] Build settlements, explore the Nine Realms, collect artifacts and upgrade your deck to reach the top of Yggdrasil in this post-Ragnarok roguelike city-builder! Can you survive the  ‖ [Ancient Gods] Ancient Gods is a fusion of hero collector and deck-building rogue-lite where you collect your character, fight, and experience exciting events. Any character can use all the cards ‖ [Flick Shot Rogues] 계획하고, 조준하고, 쏘세요! FLICK SHOT ROGUES는 테이블 위에서 물건을 튕기는 촉각적 만족감과 사람들이 좋아하는 턴제 로그라이크의 전략적 깊이를 결합한 게임입니다. 말도 안되는 콤보를 연결하고, 캐릭터, 아이템, 스킬을 잠금 해제하면서, 섬을 정복하세요!",Encounter: The Lost Cards,"어드벤처, 인디, RPG, 전략","전략에 집착하는 이들을 위한 미친 로그라이크. 지도는 잊으세요—여정은 즉석에서 만들어가는 타로 카드 덱이에요. 한정된 인벤토리를 관리하고, 수상한 콤보를 이어가며, 장비가 박살나는 걸 지켜보세요. 운이 없었다고요? 덕을 쌓은 자는 부활할 수 있지만, 죄인은…",,,
B0487,A28,Dordogne / A YEAR OF SPRINGS / Botany Manor,"어드벤처, 인디 / 캐주얼, 인디, 시뮬레이션 / 어드벤처","[Dordogne] 이 유년 시절의 여정에서 특별한 내러티브에 몰입하며 도르도뉴의 수천 가지 여름의 색을 탐험하고, 추억을 떠올리며 가족의 비밀을 밝히세요. ‖ [A YEAR OF SPRINGS] 세 명의 여성, 세 개의 이야기, 세 개의 봄. 세 명의 친구들이 사랑, 공감, 그리고 단지 함께하고 싶어하는 감정에 대한 방향을 찾아나가는 3 부작 비주얼 노벨 A YEAR OF SPRINGS 에서 하루, 에리카, 마나미의 이야기를 체험하세요. ‖ [Botany Manor] Welcome to Botany Manor, a stately home in 19th century England. You play as inhabitant Arabella Greene, a retired botanist. Explore your house and gardens, filled with research, t",Yukiiro Sign,어드벤처,A story of three girls and one season in the snowy town of Minamiouse.,,,
B0488,A26,RimWorld / Oxygen Not Included / Unpacking 언패킹,"인디, 시뮬레이션, 전략 / 인디, 시뮬레이션 / 캐주얼, 인디, 시뮬레이션","[RimWorld] 지능형 AI 이야기꾼이 주도하는 공상과학 정착지 시뮬레이터입니다. 심리, 생태, 총격전과 근접전, 날씨, 기후, 외교, 사람 사이의 관계, 예술, 의학, 무역, 그 외 많은 것들을 시뮬레이션하여 이야기를 생성합니다. ‖ [Oxygen Not Included] Oxygen Not Included는 우주 콜로니 시뮬레이션 게임입니다. 외계의 우주 암석 깊은 곳에서 근면한 일꾼들은 생존하고 나아가 번영하기 위해 과학을 마스터하고, 낯선 새로운 생명체에 맞서며, 경이로운 우주 테크놀로지를 활용해야 합니다. ‖ [Unpacking 언패킹] Unpacking은 상자에서 짐을 꺼내 새집에 맞게 배치하는 친숙한 체험에 대한 명상적 퍼즐 게임입니다. 게임의 일부인 블록 맞추기 게임과 집 꾸미기를 하는 동안, 푸는 짐에 닮긴 삶의 실마리를 찾아가며 만족할 만한 생활 공간을 만들어 보세요.",Space Station Tycoon,"인디, 시뮬레이션, 전략","Create a thriving space station in a lost sector. Face thrilling challenges head-on, from pirate raids to asteroid impacts, as you lead your company to new heights.",,,
