pair_key,프로필,좋아하는_게임,좋아하는_게임_장르,좋아하는_게임_설명,추천_게임,추천_게임_장르,추천_게임_설명,적합도,이유태그,메모
B0001,A16,The Talos Principle / Rust / Inscryption,"액션, 어드벤처, 인디 / 액션, 어드벤처, 인디, 대규모 멀티플레이어, RPG / 어드벤처, 인디, 전략","[The Talos Principle] 탈로스 법칙은 철학적 SF 소설의 전통을 따른 1인칭 퍼즐 게임입니다. 시리어스 샘을 개발한 크로팀에서 만들었으며, 톰 주버트(FTL, 더 스와퍼)와 조나스 카이라츠(바다는 모든 것을 요구한다.)가 스토리를 작성했습니다. ‖ [Rust] Rust에서의 목표는 오직 하나, 바로 살아남는 것입니다. 섬의 야생 동물, 다른 주민, 환경, 다른 생존자 모두가 여러분의 목숨을 노립니다. 하루 더 살아남을 수 있다면 수단과 방법을 가리지 마세요. ‖ [Inscryption] Inscryption은 검은 잉크로 그려진 카드를 기반으로 한 덱빌딩 로그라이크, 방탈출 퍼즐, 피가 흐르는 심리적 공포 등의 요소가 섞인 여정을 다룹니다. 카드에는 더 어두운 비밀이 새겨져 있습니다…",14가지 변형 지뢰찾기 2,캐주얼,지뢰찾기입니다. (그런데 규칙이 바뀐) (게다가 속편인),,,
B0002,A18,Euro Truck Simulator 2 / BeamNG.drive / 아세토 코르사 Assetto Corsa,"인디, 시뮬레이션 / 레이싱, 시뮬레이션, 앞서 해보기 / 인디, 레이싱, 시뮬레이션, 스포츠","[Euro Truck Simulator 2] 도로의 왕이 되어 인상적인 거리를 가로질러 중요한 화물을 배달하는 트럭 운전사가 되어 유럽을 여행하세요! 탐험할 도시가 수십 개나 되므로, 당신의 인내심, 기술, 속도가 모두 한계에 도달할 것입니다. ‖ [BeamNG.drive] 뭐든지 할 수 있는 동적 소프트 보디 물리 시뮬레이터입니다. ‖ [아세토 코르사 Assetto Corsa] 아세토 코르사(Assetto Corsa) v1.16은 새로운 레이저 스캔 트랙 ""라구나 세카(Laguna Seca)"" 및 기다리던 Alfa Romeo Giulia Quadrifoglio를 포함한 7개의 신차를 소개합니다! 체인지로그에서 더 자세한 내용을 확인하세요!",SUSHI Race,"캐주얼, 인디, 레이싱, 스포츠",당신이 알고 사랑하는 스시가... 레이싱카로?! 스시 차량을 운전하고 계속해서 트랙을 질주하세요!,,,
B0003,A20,Counter-Strike 2 / PUBG: BATTLEGROUNDS / 톰 클랜시의 레인보우식스 시즈,"액션, 무료 플레이 / 액션, 어드벤처, 대규모 멀티플레이어, 무료 플레이 / 액션, 무료 플레이","[Counter-Strike 2] Counter-Strike는 20년이 넘는 시간 동안 전 세계 수백만 명의 플레이어가 모여 수준 높은 경쟁을 펼칠 수 있는 플랫폼을 제공해 왔습니다. 그리고 이제 곧 Counter-Strike 2와 함께 새로운 CS 시대의 막이 열립니다. ‖ [PUBG: BATTLEGROUNDS] 배틀로얄 유행의 시작이자, 그 정수를 보여준 PUBG: 배틀그라운드를 지금 무료로 플레이하세요! 다양한 맵에 낙하하여 무기와 보급품을 확보하고, 점점 줄어드는 블루존 속에서 끝까지 살아남아 승리를 쟁취하세요. ‖ [톰 클랜시의 레인보우식스 시즈] 톰 클랜시의 레인보우식스 시즈는 탁월한 계획과 기술이 승부를 좌우하는 전술적인 정예 팀 기반 슈팅 게임입니다.",World War 3,"액션, 무료 플레이","World War 3 is a free-to-play tactical online multiplayer FPS where the world is your battleground. Outgun the enemy in thrilling, team-based skirmishes with a huge arsenal of weapons, vehicles, gadgets, and drones at your disposal.",,,
B0004,A35,Project Zomboid / Don't Starve / The Forest,"인디, RPG, 시뮬레이션, 앞서 해보기 / 어드벤처, 인디, 시뮬레이션 / 액션, 어드벤처, 인디, 시뮬레이션","[Project Zomboid] Project Zomboid is the ultimate in zombie survival. Alone or in MP: you loot, build, craft, fight, farm and fish in a struggle to survive. A hardcore RPG skillset, a vast map, mass ‖ [Don't Starve] Don’t Starve is an uncompromising wilderness survival game full of science and magic. Enter a strange and unexplored world full of strange creatures, dangers, and surprises. Gather ‖ [The Forest] As the lone survivor of a passenger jet crash, you find yourself in a mysterious forest battling to stay alive against a society of cannibalistic mutants. Build, explore, survive i",Lost Shipwreck,"어드벤처, 인디, 시뮬레이션, 앞서 해보기","You wrecked on a deserted island, alone and desperate to survive, you will have to get food, water and build your shelter. Explore the island, its surroundings, protect yourself from wild animals, make weapons, build your home and stay alive in the nature.",,,
B0005,A19,ELDEN RING / Disco Elysium - The Final Cut / Outer Wilds,"액션, RPG / RPG / 액션, 어드벤처","[ELDEN RING] 본 게임은 본격적인 다크 판타지 세계를 무대로 한 액션 RPG입니다. 드넓은 필드와 던전 탐험을 통해 미지의 것들을 발견해 보세요. 앞길을 막아서는 난관과 그것을 극복했을 때의 달성감, 그리고 등장인물들의 의도가 교착하는 군상극도 즐기실 수 있습니다. ‖ [Disco Elysium - The Final Cut] 디스코 엘리시움 - 최종판은 획기적인 오픈 월드 롤플레잉 게임입니다. 당신은 독특한 스킬 시스템을 갖춘 형사로서 오롯한 도시 블록을 당신의 미래를 닦기 위해 다듬을 수 있습니다. 잊지 못할 등장인물들을 심문하거나, 살인 사건을 해결하거나, 뇌물을 받으세요. 영웅이 되거나 인류의 완전한 재앙이 되세요. ‖ [Outer Wilds] Giant Bomb, Polygon, Eurogamer, The Guardian에 의해 2019년 올해의 게임에 이름을 올리며 냉정한 호평과 수상 실적이 있는 Outer Wilds는 무한 시간 루프에 갇힌 태양계에 관한 공개된 세계의 미스터리 게임입니다.",Demon Skin,"액션, 어드벤처, 인디, RPG",까다로운 전투 시스템 기반의 잔혹한 핵 앤 슬래시 게임 속의 가혹한 다크 판타지 세계에서 여러분의 의지와 능력을 확인하세요. 데몬 스킨 속에 기꺼이 도전하는 자들만이 살아남을 수 있을 것입니다!,,,
B0006,A15,서브노티카 / The Long Dark / No Man's Sky,"어드벤처, 인디 / 어드벤처, 인디, 시뮬레이션, 전략 / 액션, 어드벤처","[서브노티카] 위험과 경이로움이 가득한 외계의 바다 속으로 내려가세요. 장비를 제작하고, 잠수함을 조종하며 야생 생물보다 앞서가세요. 우거진 산호초, 화산, 동굴 같은 많은 장소들을 탐험하세요. 물론 살아남는 걸 잊으면 안 되겠죠. ‖ [The Long Dark] The Long Dark는 깊은 생각을 요구하는 탐험 생존 게임입니다. 플레이어는 지구 자기장 이상으로 인한 대재앙이 휩쓸고 간 세상에서 혼자 드넓은 설원 황무지를 탐험하며 살아남아야 합니다. 좀비는 등장하지 않으며 오직 플레이어와 추위, 그리고 자연 속의 위험들만 존재합니다. 고요한 종말의 세상에 오신 것을 환영합니다. ‖ [No Man's Sky] No Man's Sky는 무한히 펼쳐지는 우주에서의 탐험과 생존을 그린 SF 게임입니다.",Crea,"액션, 어드벤처, 인디, RPG","Progress with every slain monster, learn over 80 skills through talents, craft hundreds of items, and explore vast procedurally-generated worlds in this ever-expanding sandbox RPG!",,,
B0007,A12,Baldur's Gate 3 / Mount & Blade II: Bannerlord / Kenshi,"어드벤처, RPG, 전략 / 액션, 인디, RPG, 시뮬레이션, 전략 / 액션, 인디, RPG, 시뮬레이션, 전략","[Baldur's Gate 3] Baldur’s Gate 3 is a story-rich, party-based RPG set in the universe of Dungeons & Dragons, where your choices shape a tale of fellowship and betrayal, survival and sacrifice, and  ‖ [Mount & Blade II: Bannerlord] 본 게임은 전략/액션 RPG입니다. 캐릭터를 생성하고, 외교에 참여하고, 제작, 거래를 하고, 방대한 중세풍의 샌드박스에서 새로운 땅을 정복하십시오. 군대를 일으켜 전쟁에 뛰어들고, 깊이가 있으나 직관적인 실력 기반의 전투 시스템을 채용한 대규모 실시간 전투에서 자신의 부대에 명령을 내리고 함께 싸우십시오. ‖ [Kenshi] 자유롭게 돌아다니는 분대 기반의 RPG. 스토리를 따라가는 대신 제한 없는 샌드박스식 게임플레이에 중점을 두었습니다. 무역상, 도둑, 반란군, 전쟁 군주, 모험가, 농부, 노예 등 다양한 삶을 체험할 수 있습니다. 운이 나쁘면 식인종의 먹잇감으로 전락할지도 모르죠. 새로운 장비를 연구하거나 제작해 보세요.",BROKE PROTOCOL,"액션, 어드벤처, 캐주얼, 인디, 대규모 멀티플레이어, RPG, 시뮬레이션, 무료 플레이","A fully moddable city sandbox with jobs, NPCs, apartments, garages, gangs, and more. Broke Protocol is an open-world action game focused on roleplaying and custom content. Define your goals and identity in a persistent, reactive world where you write your own story.",,,
B0008,A29,Salt and Sanctuary,"액션, 인디, RPG","[Salt and Sanctuary] 두렵고도 잔혹한 섬의 탐험을 시작합니다… Salt and Sanctuary는 신속하고, 잔인하며, 복잡한 전투 시스템을 지닌 2D RPG입니다. 저주받은 도시의 잊힌 영역이나, 피에 물든 던전이나, 오염된 기념비와 같은 장소를 돌아다니며, 한때 축복을 받았지만 지금은 타락하고 만 영주들을 조우하세요.",FOUNTAINS,"액션, 어드벤처, 인디, RPG",숙련된 전투를 마스터하여 전쟁으로 짓밟힌 제국의 비밀을 밝혀내고 감시자들로부터 탈출하세요. 거대하고 유기적으로 연결된 세계를 배경으로 한 하드보일드 소울라이크 RPG에서 자신만의 길을 개척하세요.,,,
B0009,A35,Project Zomboid / Don't Starve / The Forest,"인디, RPG, 시뮬레이션, 앞서 해보기 / 어드벤처, 인디, 시뮬레이션 / 액션, 어드벤처, 인디, 시뮬레이션","[Project Zomboid] Project Zomboid is the ultimate in zombie survival. Alone or in MP: you loot, build, craft, fight, farm and fish in a struggle to survive. A hardcore RPG skillset, a vast map, mass ‖ [Don't Starve] Don’t Starve is an uncompromising wilderness survival game full of science and magic. Enter a strange and unexplored world full of strange creatures, dangers, and surprises. Gather ‖ [The Forest] As the lone survivor of a passenger jet crash, you find yourself in a mysterious forest battling to stay alive against a society of cannibalistic mutants. Build, explore, survive i",Zector 7,"액션, 어드벤처, 캐주얼, 인디, 대규모 멀티플레이어, RPG, 시뮬레이션, 전략, 앞서 해보기","Craft, Build and Fight alongside your friends across this deadly open-world. Use both modern day and sci-fi tech as you Loot, Harvest and Trade for resources, gear and vehicles in order to survive the wasteland.",,,
B0010,A10,A Short Hike / ISLANDERS / Gorogoa,"어드벤처, 인디 / 캐주얼, 인디, 전략 / 어드벤처, 캐주얼, 인디","[A Short Hike] Hike, climb, and soar through the peaceful mountainside landscapes of Hawk Peak Provincial Park as you make your way to the summit. ‖ [ISLANDERS] ISLANDERS is a minimalist strategy game about building cities on colorful islands. ‖ [Gorogoa] Gorogoa(고로고아)는 Jason Roberts가 디자인하고 일러스트레이션을 손으로 그린 아름다운 차세대 퍼즐 게임입니다.",Transpire,인디,Short relaxing first-person 3D-platformer where you can play and progress through the levels at your own pace.,,,
B0011,A20,Counter-Strike 2 / PUBG: BATTLEGROUNDS / 톰 클랜시의 레인보우식스 시즈,"액션, 무료 플레이 / 액션, 어드벤처, 대규모 멀티플레이어, 무료 플레이 / 액션, 무료 플레이","[Counter-Strike 2] Counter-Strike는 20년이 넘는 시간 동안 전 세계 수백만 명의 플레이어가 모여 수준 높은 경쟁을 펼칠 수 있는 플랫폼을 제공해 왔습니다. 그리고 이제 곧 Counter-Strike 2와 함께 새로운 CS 시대의 막이 열립니다. ‖ [PUBG: BATTLEGROUNDS] 배틀로얄 유행의 시작이자, 그 정수를 보여준 PUBG: 배틀그라운드를 지금 무료로 플레이하세요! 다양한 맵에 낙하하여 무기와 보급품을 확보하고, 점점 줄어드는 블루존 속에서 끝까지 살아남아 승리를 쟁취하세요. ‖ [톰 클랜시의 레인보우식스 시즈] 톰 클랜시의 레인보우식스 시즈는 탁월한 계획과 기술이 승부를 좌우하는 전술적인 정예 팀 기반 슈팅 게임입니다.",Warface,"액션, 무료 플레이","Warface is a modern online shooter with intense PvP, thrilling PvE, missions around the world, and an active community. Bring the fire. Win together.",,,
B0012,A02,Still Life / Jenny LeClue - Detectivu / Telling Lies,"어드벤처 / 액션, 어드벤처, 캐주얼, 인디 / 어드벤처, 인디, 시뮬레이션",[Still Life] Still Life 2 also now available! ‖ [Jenny LeClue - Detectivu] Jenny LeClue - Detectivu는 조사와 선택지로 가득한 스릴 넘치는 미스터리 어드벤처 게임입니다. ‖ [Telling Lies] 네 명의 삶. 그리고 하나의 큰 거짓말. 아무도 모르게 녹화된 은밀한 대화를 들으며 진실을 알아내십시오. 큰 호평을 받았던 Her Story의 계승작입니다.,Thirty Flights of Loving,"어드벤처, 캐주얼, 인디","This surprising first-person story tells the tale of a heist gone wrong. Encounter high-flying schemers, lovelorn criminals, and more stray kittens than you can shake a stick at.",,,
B0013,A23,Vomitoreum / Tales of Kenzera™: ZAU / Shantae: Half-Genie Hero,"액션, 어드벤처, 인디 / 액션, 어드벤처, 인디 / 액션, 어드벤처, 인디","[Vomitoreum] Vomitoreum is an FPS Metroidvania with a focus on atmosphere and horror, inspired by the paintings of Zdzisław Beksiński. ‖ [Tales of Kenzera™: ZAU] 샤먼의 춤을 추세요. 아버지의 영혼을 되찾으세요. Surgent Studios가 제작한 메트로이드바니아 스타일의 어드벤처 게임 Tales of Kenzera™: ZAU에서 죽음의 신과 함께 아름답고 위험한 켄제라의 땅으로 용감하게 모험을 떠나세요. ‖ [Shantae: Half-Genie Hero] Shantae embarks on her first full HD adventure! When a mysterious crime wave sweeps Sequin Land, it’s up to Half-Genie Hero Shantae to save the day! Use Shantae’s devastating Hair-",Shovel Knight: Specter of Torment,"액션, 어드벤처, 인디","Take control of Specter Knight, servant to the Enchantress, in a quest to recruit a cadre of knights and create the Order of No Quarter. Experience perfect platforming, world-class visuals, impeccable stage design, incredible music, and even meet a friend or two in Shovel Knight: Specter of Torment!",,,
B0014,A05,Opus Magnum,"인디, 시뮬레이션","[Opus Magnum] Opus Magnum은 SpaceChem, Infinifactory, SHENZHEN I/O를 제작한 Zachtronics의 신작 퍼즐게임입니다. 연금술사들의 최첨단 도구인 변성 기관을 이용해 물약과 독을 만들어내는 기계들을 설계하고 만들어 내세요!",PC Creator - PC Building Simulator,시뮬레이션,"Try yourself as a PC builder and build your dream PC from 200+ real components!Complete different PC building and PC repair orders to upgrade your business: build a PC from zero, install popular OS', upgrade computers, install different programs and games, fix PC parts, and much more.",,,
B0015,A17,Lethal Company / Phasmophobia / Deep Rock Galactic,"액션, 어드벤처, 인디, 앞서 해보기 / 액션, 인디, 앞서 해보기 / 액션","[Lethal Company] A co-op horror about scavenging at abandoned moons to sell scrap to the Company. ‖ [Phasmophobia] Phasmophobia is a 4 player online co-op psychological horror. Paranormal activity is on the rise and it’s up to you and your team to use all the ghost-hunting equipment at your dis ‖ [Deep Rock Galactic] 딥 락 갤럭틱은 1-4인의 플레이어가 협동하는 FPS 게임으로, 상남자 우주 드워프, 100% 파괴 가능한 맵 환경, 절차적 생성 동굴 지형, 그리고 끊임없이 등장하는 외계 괴물 무리가 특징입니다.",Starground,"인디, 시뮬레이션, 전략, 앞서 해보기",강력한 공장을 건설하고 혼자 또는 친구들과 함께 던전을 탐험해보세요. 논리 퍼즐을 풀고 자원 수집 및 제작을 자동화하거나 위험과 보상으로 가득 찬 던전으로 모험을 떠나세요. 고유한 경로에 따라 스토리가 진행되므로 자신만의 이상적인 게임플레이 균형을 찾으세요!,,,
B0016,A12,Baldur's Gate 3 / Mount & Blade II: Bannerlord / Kenshi,"어드벤처, RPG, 전략 / 액션, 인디, RPG, 시뮬레이션, 전략 / 액션, 인디, RPG, 시뮬레이션, 전략","[Baldur's Gate 3] Baldur’s Gate 3 is a story-rich, party-based RPG set in the universe of Dungeons & Dragons, where your choices shape a tale of fellowship and betrayal, survival and sacrifice, and  ‖ [Mount & Blade II: Bannerlord] 본 게임은 전략/액션 RPG입니다. 캐릭터를 생성하고, 외교에 참여하고, 제작, 거래를 하고, 방대한 중세풍의 샌드박스에서 새로운 땅을 정복하십시오. 군대를 일으켜 전쟁에 뛰어들고, 깊이가 있으나 직관적인 실력 기반의 전투 시스템을 채용한 대규모 실시간 전투에서 자신의 부대에 명령을 내리고 함께 싸우십시오. ‖ [Kenshi] 자유롭게 돌아다니는 분대 기반의 RPG. 스토리를 따라가는 대신 제한 없는 샌드박스식 게임플레이에 중점을 두었습니다. 무역상, 도둑, 반란군, 전쟁 군주, 모험가, 농부, 노예 등 다양한 삶을 체험할 수 있습니다. 운이 나쁘면 식인종의 먹잇감으로 전락할지도 모르죠. 새로운 장비를 연구하거나 제작해 보세요.",Space Rangers HD: A War Apart,"액션, 어드벤처, RPG, 시뮬레이션, 전략","Space adventure, open world RPG, strategy, arcade, quest and more!",,,
B0017,A30,Stardew Valley / Slime Rancher / Raft,"인디, RPG, 시뮬레이션 / 액션, 어드벤처, 인디, 시뮬레이션 / 어드벤처, 인디, 시뮬레이션","[Stardew Valley] You've inherited your grandfather's old farm plot in Stardew Valley. Armed with hand-me-down tools and a few coins, you set out to begin your new life. Can you learn to live off th ‖ [Slime Rancher] 슬라임 랜쳐는 젊고 용감한 랜쳐, 베아트릭스 르뷰가 지구에서 1,000광년 떨어진 '머나먼 평야'에서 슬라임들과 씨름하며 생계를 꾸려나가는 이야기입니다. 긍정적인 마인드와 강인한 의지로 베아트릭스는 진공팩을 사용하여 끊임없이 말랑말랑하게 굴러나오는 슬라임들을 피하며 이름을 알리고, 부자가 되려 합니다. ‖ [Raft] Raft™ throws you and your friends into an epic oceanic adventure! Alone or together, players battle to survive a perilous voyage across a vast sea! Gather debris, scavenge reefs an","Ranch Simulator: Build, Hunt, Farm",시뮬레이션,건축. 농사. 사냥. 거래. 목장 경영은 만만한 일이 아닙니다. 당신에게는 허름한 가족의 농가를 계곡에서 가장 번창하는 목장으로 키울 저력이 있나요? 그렇다면 지금 이 흥미진진한 싱글 및 멀티 플레이어 오픈 월드 시뮬레이션 게임에서 대자연 속으로 떠나세요.,,,
B0018,A20,Counter-Strike 2 / PUBG: BATTLEGROUNDS / 톰 클랜시의 레인보우식스 시즈,"액션, 무료 플레이 / 액션, 어드벤처, 대규모 멀티플레이어, 무료 플레이 / 액션, 무료 플레이","[Counter-Strike 2] Counter-Strike는 20년이 넘는 시간 동안 전 세계 수백만 명의 플레이어가 모여 수준 높은 경쟁을 펼칠 수 있는 플랫폼을 제공해 왔습니다. 그리고 이제 곧 Counter-Strike 2와 함께 새로운 CS 시대의 막이 열립니다. ‖ [PUBG: BATTLEGROUNDS] 배틀로얄 유행의 시작이자, 그 정수를 보여준 PUBG: 배틀그라운드를 지금 무료로 플레이하세요! 다양한 맵에 낙하하여 무기와 보급품을 확보하고, 점점 줄어드는 블루존 속에서 끝까지 살아남아 승리를 쟁취하세요. ‖ [톰 클랜시의 레인보우식스 시즈] 톰 클랜시의 레인보우식스 시즈는 탁월한 계획과 기술이 승부를 좌우하는 전술적인 정예 팀 기반 슈팅 게임입니다.",Empires Apart,"무료 플레이, 전략","중세 시대를 배경으로 흥미진진하게 펼쳐지는 무료 실시간 전략 게임. 독특하게 설계된 세력, 맞춤 설정 옵션, 싱글플레이어 및 멀티플레이어 게임 플레이. 현대적으로 재해석한 이 클래식 RTS 속에서 자원을 모으고 군대를 일으켜서 자신의 문명을 승리로 이끄세요.",,,
B0019,A30,Stardew Valley / Slime Rancher / Raft,"인디, RPG, 시뮬레이션 / 액션, 어드벤처, 인디, 시뮬레이션 / 어드벤처, 인디, 시뮬레이션","[Stardew Valley] You've inherited your grandfather's old farm plot in Stardew Valley. Armed with hand-me-down tools and a few coins, you set out to begin your new life. Can you learn to live off th ‖ [Slime Rancher] 슬라임 랜쳐는 젊고 용감한 랜쳐, 베아트릭스 르뷰가 지구에서 1,000광년 떨어진 '머나먼 평야'에서 슬라임들과 씨름하며 생계를 꾸려나가는 이야기입니다. 긍정적인 마인드와 강인한 의지로 베아트릭스는 진공팩을 사용하여 끊임없이 말랑말랑하게 굴러나오는 슬라임들을 피하며 이름을 알리고, 부자가 되려 합니다. ‖ [Raft] Raft™ throws you and your friends into an epic oceanic adventure! Alone or together, players battle to survive a perilous voyage across a vast sea! Gather debris, scavenge reefs an",Cat Simulator : Animals on Farm,"어드벤처, 캐주얼, 인디, RPG, 시뮬레이션","Sneak up on your enemies, help Farmer, Goat and Piggy, and start a family!",,,
B0020,A28,Dordogne / A YEAR OF SPRINGS / Botany Manor,"어드벤처, 인디 / 캐주얼, 인디, 시뮬레이션 / 어드벤처","[Dordogne] 이 유년 시절의 여정에서 특별한 내러티브에 몰입하며 도르도뉴의 수천 가지 여름의 색을 탐험하고, 추억을 떠올리며 가족의 비밀을 밝히세요. ‖ [A YEAR OF SPRINGS] 세 명의 여성, 세 개의 이야기, 세 개의 봄. 세 명의 친구들이 사랑, 공감, 그리고 단지 함께하고 싶어하는 감정에 대한 방향을 찾아나가는 3 부작 비주얼 노벨 A YEAR OF SPRINGS 에서 하루, 에리카, 마나미의 이야기를 체험하세요. ‖ [Botany Manor] Welcome to Botany Manor, a stately home in 19th century England. You play as inhabitant Arabella Greene, a retired botanist. Explore your house and gardens, filled with research, t",We Are OFK,"어드벤처, 인디","Start a virtual indie band in this behind-the-music comedy. Date, dance, skate, and run for your life across 5 episodes and interactive music videos, in a heartfelt story of what you risk to chase your dreams. All episodes out now!",,,
B0021,A30,Stardew Valley / Slime Rancher / Raft,"인디, RPG, 시뮬레이션 / 액션, 어드벤처, 인디, 시뮬레이션 / 어드벤처, 인디, 시뮬레이션","[Stardew Valley] You've inherited your grandfather's old farm plot in Stardew Valley. Armed with hand-me-down tools and a few coins, you set out to begin your new life. Can you learn to live off th ‖ [Slime Rancher] 슬라임 랜쳐는 젊고 용감한 랜쳐, 베아트릭스 르뷰가 지구에서 1,000광년 떨어진 '머나먼 평야'에서 슬라임들과 씨름하며 생계를 꾸려나가는 이야기입니다. 긍정적인 마인드와 강인한 의지로 베아트릭스는 진공팩을 사용하여 끊임없이 말랑말랑하게 굴러나오는 슬라임들을 피하며 이름을 알리고, 부자가 되려 합니다. ‖ [Raft] Raft™ throws you and your friends into an epic oceanic adventure! Alone or together, players battle to survive a perilous voyage across a vast sea! Gather debris, scavenge reefs an",Whiplash - Crash Valley,"어드벤처, 캐주얼, 인디, 시뮬레이션",Whiplash - Crash Valley. Super-premium-deluxe interactive Ragdoll simulation system.,,,
B0022,A28,Dordogne / A YEAR OF SPRINGS / Botany Manor,"어드벤처, 인디 / 캐주얼, 인디, 시뮬레이션 / 어드벤처","[Dordogne] 이 유년 시절의 여정에서 특별한 내러티브에 몰입하며 도르도뉴의 수천 가지 여름의 색을 탐험하고, 추억을 떠올리며 가족의 비밀을 밝히세요. ‖ [A YEAR OF SPRINGS] 세 명의 여성, 세 개의 이야기, 세 개의 봄. 세 명의 친구들이 사랑, 공감, 그리고 단지 함께하고 싶어하는 감정에 대한 방향을 찾아나가는 3 부작 비주얼 노벨 A YEAR OF SPRINGS 에서 하루, 에리카, 마나미의 이야기를 체험하세요. ‖ [Botany Manor] Welcome to Botany Manor, a stately home in 19th century England. You play as inhabitant Arabella Greene, a retired botanist. Explore your house and gardens, filled with research, t",Memorrha,"어드벤처, 캐주얼, 인디","신비로운 문화의 흔적을 따라 모험을 떠나보세요. 다양한 자연 경관과 그 안에 잠들어있는 유물들을 발견하고, 오랜 잠에 빠져있는 독특한 기계들을 작동시켜 보세요.",,,
B0023,A20,Counter-Strike 2 / PUBG: BATTLEGROUNDS / 톰 클랜시의 레인보우식스 시즈,"액션, 무료 플레이 / 액션, 어드벤처, 대규모 멀티플레이어, 무료 플레이 / 액션, 무료 플레이","[Counter-Strike 2] Counter-Strike는 20년이 넘는 시간 동안 전 세계 수백만 명의 플레이어가 모여 수준 높은 경쟁을 펼칠 수 있는 플랫폼을 제공해 왔습니다. 그리고 이제 곧 Counter-Strike 2와 함께 새로운 CS 시대의 막이 열립니다. ‖ [PUBG: BATTLEGROUNDS] 배틀로얄 유행의 시작이자, 그 정수를 보여준 PUBG: 배틀그라운드를 지금 무료로 플레이하세요! 다양한 맵에 낙하하여 무기와 보급품을 확보하고, 점점 줄어드는 블루존 속에서 끝까지 살아남아 승리를 쟁취하세요. ‖ [톰 클랜시의 레인보우식스 시즈] 톰 클랜시의 레인보우식스 시즈는 탁월한 계획과 기술이 승부를 좌우하는 전술적인 정예 팀 기반 슈팅 게임입니다.",1v1 Deathmatch,"액션, 대규모 멀티플레이어",fps multi-player battle royal.,,,
B0024,A11,Forza Horizon 5 / Hi-Fi RUSH / Street Fighter 6,"액션, 어드벤처, 레이싱, 시뮬레이션, 스포츠 / 액션 / 액션, 어드벤처","[Forza Horizon 5] 세계 최고의 자동차를 타고 생동감 넘치는 멕시코의 대자연을 탐험하며 재미있는 드라이빙 액션을 마음껏 즐겨보세요. ‖ [Hi-Fi RUSH] 아케이드 챌린지! 업데이트!로 추가되는 두 개의 신규 게임 모드에서 여러분의 능력을 시험하고, 새로운 보상을 획득해 보세요. 몇 가지 비밀도 숨어 있답니다! 락 스타 지망생 차이가 되어 비트를 타고, 세상 모든 게 음악에 싱크되는 세계에서 오합지졸 팀과 함께 사악한 거대 기업에 맞서 싸우세요. ‖ [Street Fighter 6] 시리즈 최신작 『Street Fighter 6』, 2023년 6월 2일 발매 결정! RE ENGINE으로 개발된 본 작품은 대형 모드 「World Tour」, 「Fighting Ground」, 「Battle Hub」로 구성되어 있다. 새로운 「스트리트 파이터」에는 지금까지의 시리즈에는 없었던 새로운 체험이 기다리고 있다.",NeverSynth,"액션, 인디, 레이싱, 스포츠",NeverSynth - 리듬에 대한 운전 시뮬레이터인 3인칭 게임.이 게임은 리드미컬한 음악에 맞춰 차를 몰고 비트를 모아야 하는 다이나믹한 액션 게임입니다. 더 많은 비트를 수집할수록 더 많은 게임 포인트를 얻을 수 있습니다.,,,
B0025,A34,Pid / ChromaGun / Deer & Boy,"어드벤처, 인디 / 액션, 어드벤처, 인디 / 액션, 어드벤처, 인디","[Pid] You are stranded on a strange and peculiar planet. It’s time to embark on your journey and find your way home! Explore a gravity defying and challenging platformer with striking vi ‖ [ChromaGun] Welcome to ChromaTec’s test lab! You’re here to test our state-of-the-art military-grade color-technology: The ChromaGun (patent pending)! Use it to solve our meticulously designed ‖ [Deer & Boy] 도망친 소년은 길 잃은 어린 사슴을 만나 고요하면서도 위태로운 세상을 함께 헤쳐 나갑니다. 퍼즐을 풀고, 높은 곳에 오르고, 위협을 피해 나아가며 당신의 동료는 연약한 아기 사슴에서 어엿한 사슴으로 성장하죠. 혼자서는 할 수 없었던 일을 함께 해내는 법을 배우게 됩니다.",Time on Frog Island,"어드벤처, 인디","상냥한 개구리들이 있는 섬 낙원에 조난당한 당신. 샌드박스 게임에서 내가 원하는 속도로 생활과 탐험을 즐기고, 새 친구들과 어려운 상황을 헤쳐나가고, 배를 고치기 위해 거래를 하세요!",,,
B0026,A11,Forza Horizon 5 / Hi-Fi RUSH / Street Fighter 6,"액션, 어드벤처, 레이싱, 시뮬레이션, 스포츠 / 액션 / 액션, 어드벤처","[Forza Horizon 5] 세계 최고의 자동차를 타고 생동감 넘치는 멕시코의 대자연을 탐험하며 재미있는 드라이빙 액션을 마음껏 즐겨보세요. ‖ [Hi-Fi RUSH] 아케이드 챌린지! 업데이트!로 추가되는 두 개의 신규 게임 모드에서 여러분의 능력을 시험하고, 새로운 보상을 획득해 보세요. 몇 가지 비밀도 숨어 있답니다! 락 스타 지망생 차이가 되어 비트를 타고, 세상 모든 게 음악에 싱크되는 세계에서 오합지졸 팀과 함께 사악한 거대 기업에 맞서 싸우세요. ‖ [Street Fighter 6] 시리즈 최신작 『Street Fighter 6』, 2023년 6월 2일 발매 결정! RE ENGINE으로 개발된 본 작품은 대형 모드 「World Tour」, 「Fighting Ground」, 「Battle Hub」로 구성되어 있다. 새로운 「스트리트 파이터」에는 지금까지의 시리즈에는 없었던 새로운 체험이 기다리고 있다.",Umineko: Golden Fantasia,"액션, 인디","The tag-team fighting game based on the original ""Umineko When They Cry"" series, finally released on Steam, in English and with improved rollback netplay!",,,
B0027,A34,Pid / ChromaGun / Deer & Boy,"어드벤처, 인디 / 액션, 어드벤처, 인디 / 액션, 어드벤처, 인디","[Pid] You are stranded on a strange and peculiar planet. It’s time to embark on your journey and find your way home! Explore a gravity defying and challenging platformer with striking vi ‖ [ChromaGun] Welcome to ChromaTec’s test lab! You’re here to test our state-of-the-art military-grade color-technology: The ChromaGun (patent pending)! Use it to solve our meticulously designed ‖ [Deer & Boy] 도망친 소년은 길 잃은 어린 사슴을 만나 고요하면서도 위태로운 세상을 함께 헤쳐 나갑니다. 퍼즐을 풀고, 높은 곳에 오르고, 위협을 피해 나아가며 당신의 동료는 연약한 아기 사슴에서 어엿한 사슴으로 성장하죠. 혼자서는 할 수 없었던 일을 함께 해내는 법을 배우게 됩니다.",Paint it Back,캐주얼,논리로 퍼즐을 풀어 그림들을 완성해주세요. 데모를 보십시오!,,,
B0028,A18,Euro Truck Simulator 2 / BeamNG.drive / 아세토 코르사 Assetto Corsa,"인디, 시뮬레이션 / 레이싱, 시뮬레이션, 앞서 해보기 / 인디, 레이싱, 시뮬레이션, 스포츠","[Euro Truck Simulator 2] 도로의 왕이 되어 인상적인 거리를 가로질러 중요한 화물을 배달하는 트럭 운전사가 되어 유럽을 여행하세요! 탐험할 도시가 수십 개나 되므로, 당신의 인내심, 기술, 속도가 모두 한계에 도달할 것입니다. ‖ [BeamNG.drive] 뭐든지 할 수 있는 동적 소프트 보디 물리 시뮬레이터입니다. ‖ [아세토 코르사 Assetto Corsa] 아세토 코르사(Assetto Corsa) v1.16은 새로운 레이저 스캔 트랙 ""라구나 세카(Laguna Seca)"" 및 기다리던 Alfa Romeo Giulia Quadrifoglio를 포함한 7개의 신차를 소개합니다! 체인지로그에서 더 자세한 내용을 확인하세요!",OverDrift Festival,"대규모 멀티플레이어, 레이싱, 시뮬레이션, 스포츠","Become the star on festival of car culture and sports. Drift races and Free Style Drift tours on public roads with traffic. Huge game world, iconic tracks. Unique collection of cars. Wide range of tuning and styling options. Accurate physics: a sense of speed and lateral g-forces.",,,
B0029,A28,Dordogne / A YEAR OF SPRINGS / Botany Manor,"어드벤처, 인디 / 캐주얼, 인디, 시뮬레이션 / 어드벤처","[Dordogne] 이 유년 시절의 여정에서 특별한 내러티브에 몰입하며 도르도뉴의 수천 가지 여름의 색을 탐험하고, 추억을 떠올리며 가족의 비밀을 밝히세요. ‖ [A YEAR OF SPRINGS] 세 명의 여성, 세 개의 이야기, 세 개의 봄. 세 명의 친구들이 사랑, 공감, 그리고 단지 함께하고 싶어하는 감정에 대한 방향을 찾아나가는 3 부작 비주얼 노벨 A YEAR OF SPRINGS 에서 하루, 에리카, 마나미의 이야기를 체험하세요. ‖ [Botany Manor] Welcome to Botany Manor, a stately home in 19th century England. You play as inhabitant Arabella Greene, a retired botanist. Explore your house and gardens, filled with research, t",SOLE,"어드벤처, 인디",Explore the remnants of great cities and uncover the history of an ancient civilization on your journey through the dark world of SOLE.,,,
B0030,A01,It Takes Two / Overcooked! 2 / What Remains of Edith Finch,"액션, 어드벤처 / 액션, 캐주얼, 인디 / 어드벤처, 인디","[It Takes Two] It Takes Two에서 생애 가장 정신없는 여정을 시작하세요. 친구가 무료로 참가할 수 있게 친구 패스*로 초대하고, 함께 힘을 합쳐서 수많은 유쾌하고 획기적인 게임 플레이 챌린지를 헤쳐나가세요. ‖ [Overcooked! 2] 혼란스러운 요리 액션으로 가득한 Overcooked가 돌아왔습니다! 양파 왕국으로 돌아가는 여행을 떠나세요. 클래식 협동 또는 온라인 플레이에서 셰프 팀을 만들어서 최대 4명까지 플레이하세요. 앞치마를 준비하세요... 다시 세상을 구할 때가 되었습니다! ‖ [What Remains of Edith Finch] What Remains of Edith Finch(워트 리메인스 오브 에디스 핀치)는 워싱턴 주에 있는 어느 가족에 대한 이상한 이야기의 모음입니다. 플레이어는 에디스가 되어 거대한 핀치 가택을 탐사하고, 가족사를 연구하며 이야기를 찾고, 왜 가족 중에서 그녀만 살아남았는지 알아내야 합니다. 각 이야기는 새로운 가족 구성",CaseCracker3,"어드벤처, 인디, RPG, 시뮬레이션","Confronted with fragmented narratives and deceptive persons of interest, you must isolate crucial evidence. Shatter logical loopholes from testimonies and reconstruct the crime scene from subtle clues. Can you survive this immersive battle of wits?",,,
B0031,A19,ELDEN RING / Disco Elysium - The Final Cut / Outer Wilds,"액션, RPG / RPG / 액션, 어드벤처","[ELDEN RING] 본 게임은 본격적인 다크 판타지 세계를 무대로 한 액션 RPG입니다. 드넓은 필드와 던전 탐험을 통해 미지의 것들을 발견해 보세요. 앞길을 막아서는 난관과 그것을 극복했을 때의 달성감, 그리고 등장인물들의 의도가 교착하는 군상극도 즐기실 수 있습니다. ‖ [Disco Elysium - The Final Cut] 디스코 엘리시움 - 최종판은 획기적인 오픈 월드 롤플레잉 게임입니다. 당신은 독특한 스킬 시스템을 갖춘 형사로서 오롯한 도시 블록을 당신의 미래를 닦기 위해 다듬을 수 있습니다. 잊지 못할 등장인물들을 심문하거나, 살인 사건을 해결하거나, 뇌물을 받으세요. 영웅이 되거나 인류의 완전한 재앙이 되세요. ‖ [Outer Wilds] Giant Bomb, Polygon, Eurogamer, The Guardian에 의해 2019년 올해의 게임에 이름을 올리며 냉정한 호평과 수상 실적이 있는 Outer Wilds는 무한 시간 루프에 갇힌 태양계에 관한 공개된 세계의 미스터리 게임입니다.",Outbreak Island,"액션, 어드벤처, 인디, RPG, 시뮬레이션, 앞서 해보기","밤마다 신비한 사건으로 피에 굶주린 괴물들이 깨어나는 외딴 섬에서 살아남으세요. 오픈 월드 샌드박스 서바이벌 호러 게임인 아웃브레이크 아일랜드의 잔혹한 세계에서 물품을 만들고, 기지를 건설하고, 방어하세요.",,,
B0032,A03,Balatro / Hades / Vampire Survivors,"캐주얼, 인디, 전략 / 액션, 인디, RPG / 액션, 캐주얼, 인디, RPG","[Balatro] 포커 로그라이크 게임. Balatro는 불법 포커 패로 게임을 하고, 판을 뒤엎는 조커를 발견하고, 아드레날린이 치솟는 강력한 콤보를 만드는 덱 빌딩 게임입니다. ‖ [Hades] Bastion, Transistor, Pyre의 제작사에서 선보이는 이 로그라이크 던전 탐색형 게임에서 핵 앤 슬래시로 지하 세계를 탈출하고 죽음의 신에게 도전하세요. ‖ [Vampire Survivors] 수많은 어둠의 피조물을 쓰러뜨리며 새벽이 올 때까지 생존하세요! Vampire Survivors는 로그라이트 요소를 갖춘 고딕 호러 케주얼 게임입니다. 당신의 선택으로 순식간에 수백 마리의 괴물이 눈덩이처럼 불어날 수 있죠.",Dungeon Clawler,"액션, 캐주얼, RPG, 시뮬레이션, 전략","Dungeon Clawler는 로그라이크 인형 뽑기 덱 빌딩 게임입니다. 덱을 만들고, 뽑기 기계에서 무기와 아이템을 집어 적과 싸우고, 판도를 뒤집는 시너지를 생성하는 강력한 특전을 발견하고, 미친 듯한 콤보를 쏟아 내며 던전에서 앞으로 나아가세요!",,,
B0033,A01,It Takes Two / Overcooked! 2 / What Remains of Edith Finch,"액션, 어드벤처 / 액션, 캐주얼, 인디 / 어드벤처, 인디","[It Takes Two] It Takes Two에서 생애 가장 정신없는 여정을 시작하세요. 친구가 무료로 참가할 수 있게 친구 패스*로 초대하고, 함께 힘을 합쳐서 수많은 유쾌하고 획기적인 게임 플레이 챌린지를 헤쳐나가세요. ‖ [Overcooked! 2] 혼란스러운 요리 액션으로 가득한 Overcooked가 돌아왔습니다! 양파 왕국으로 돌아가는 여행을 떠나세요. 클래식 협동 또는 온라인 플레이에서 셰프 팀을 만들어서 최대 4명까지 플레이하세요. 앞치마를 준비하세요... 다시 세상을 구할 때가 되었습니다! ‖ [What Remains of Edith Finch] What Remains of Edith Finch(워트 리메인스 오브 에디스 핀치)는 워싱턴 주에 있는 어느 가족에 대한 이상한 이야기의 모음입니다. 플레이어는 에디스가 되어 거대한 핀치 가택을 탐사하고, 가족사를 연구하며 이야기를 찾고, 왜 가족 중에서 그녀만 살아남았는지 알아내야 합니다. 각 이야기는 새로운 가족 구성",언커버 더 스모킹 건,"어드벤처, 캐주얼, 인디, 시뮬레이션, 전략","AI와의 지능 대결, GPT를 통해 용의자 로봇과 대화를 하면서 증거를 수집하고 사건을 해결 해야 합니다. 수많은 대화와 정보들이 모여서 가리키는 단 하나의 진실은 무엇일까요?",,,
B0034,A16,The Talos Principle / Rust / Inscryption,"액션, 어드벤처, 인디 / 액션, 어드벤처, 인디, 대규모 멀티플레이어, RPG / 어드벤처, 인디, 전략","[The Talos Principle] 탈로스 법칙은 철학적 SF 소설의 전통을 따른 1인칭 퍼즐 게임입니다. 시리어스 샘을 개발한 크로팀에서 만들었으며, 톰 주버트(FTL, 더 스와퍼)와 조나스 카이라츠(바다는 모든 것을 요구한다.)가 스토리를 작성했습니다. ‖ [Rust] Rust에서의 목표는 오직 하나, 바로 살아남는 것입니다. 섬의 야생 동물, 다른 주민, 환경, 다른 생존자 모두가 여러분의 목숨을 노립니다. 하루 더 살아남을 수 있다면 수단과 방법을 가리지 마세요. ‖ [Inscryption] Inscryption은 검은 잉크로 그려진 카드를 기반으로 한 덱빌딩 로그라이크, 방탈출 퍼즐, 피가 흐르는 심리적 공포 등의 요소가 섞인 여정을 다룹니다. 카드에는 더 어두운 비밀이 새겨져 있습니다…",The Spectrum Retreat,"어드벤처, 인디, 전략",Check-in to The Spectrum Retreat for a stay you won’t forget. Manipulate your way to the truth in this captivating narrative-driven puzzler.,,,
B0035,A07,Into the Breach / Monster Train / Mini Metro,"인디, RPG, 시뮬레이션, 전략 / 전략 / 인디, 시뮬레이션, 전략","[Into the Breach] 미래의 강력한 메크를 조종하여 외계 세력을 물리치세요. 이 턴제 전략 게임에서는 세계를 구하려 시도할 때마다 무작위로 새롭게 생성되는 도전이 여러분 앞에 나타납니다. ‖ [Monster Train] Monster Train is a strategic roguelike deck building game with a twist. Set on a train to hell, you’ll use tactical decision making to defend multiple vertical battlegrounds. With  ‖ [Mini Metro] 미니 메트로는 성장하는 도시를 위해 지하철 노선을 설계하는 게임입니다. 역과 역 사이에 노선을 그려서 열차 운행을 시작하세요. 새로운 역이 열리면 노선을 수정해서 노선도를 효율적으로 유지하세요. 한정된 자원을 어느 곳에 사용할 것인지 결정하세요. 도시를 얼마나 오래 유지할 수 있을까요?",Monster Girls and the Mysterious Adventure 2,"인디, RPG, 시뮬레이션, 전략","This is a ""Mysterious Dungeon"" style roguelike game where the terrain changes with each challenge. Make the monsters your ""Friends"" and go on a new adventure!",,,
B0036,A06,Cities: Skylines / Factorio / Farming Simulator 22,"시뮬레이션, 전략 / 캐주얼, 인디, 시뮬레이션, 전략 / 시뮬레이션","[Cities: Skylines] Cities: Skylines is a modern take on the classic city simulation. The game introduces new game play elements to realize the thrill and hardships of creating and maintaining a real  ‖ [Factorio] Factorio는 무한한 2D 세상에서 복잡성이 증가하는 아이템을 생산하기 위해 자동화 공장을 만드는 게임입니다. - 당신의 상상력으로 공장을 설계, 독창적인 방법으로 간단한 요소를 결합하고 마지막엔 당신을 좋아하지 않는 생물들로 부터 공장을 지키세요. ‖ [Farming Simulator 22] 농장을 만들고 농사를 즐기세요! 작물을 수확하고, 동물을 돌보고, 생산을 관리하고, 계절에 따른 어려움을 이겨내세요.",Forage Wizard,"캐주얼, 인디, 시뮬레이션, 전략","Click, craft and collect your way to alchemical mastery. Progress through a branching skill tree and explore the forbidden woods. Collect resources and build machines of magic. Slay monsters, farm crops and automate your production to become the all-powerful Forage Wizard!",,,
B0037,A24,Valheim / Grounded / My Time at Portia,"액션, 어드벤처, 인디, RPG, 앞서 해보기 / 액션, 어드벤처 / 어드벤처, 캐주얼, 인디, RPG, 시뮬레이션","[Valheim] 북구 신화와 바이킹 문화에 기반한 판타지 세계를 배경으로 펼쳐지는 생존 및 탐험 게임. ‖ [Grounded] The world is a vast, beautiful and dangerous place – especially when you have been shrunk to the size of an ant. Can you thrive alongside the hordes of giant insects, fighting to s ‖ [My Time at Portia] 아름다운 Portia 마을에서 새 삶을 시작하세요! 아버지가 방치한 작업장에서 제작을 부탁받고, 작물을 키우고, 가축을 기르고, 아름다운 세기말의 땅에서 특이한 친구들을 사귀며 작업장을 예전의 멋진 모습으로 복원하세요.",MISERY,"액션, 어드벤처, 인디, 대규모 멀티플레이어, 시뮬레이션","MISERY는 핵 재앙이 덮친 구역을 배경으로 하는 1~10인용 협동 생존 게임입니다. 이곳에서는 매일이 생존을 위한 투쟁입니다. 방사능 폐허에서 자원을 찾고, 벙커를 짓고, 무기를 제작하며, 친구들과 함께 기묘하게 절차적으로 생성된 세계를 탐험하세요. 변칙과 괴물, 무장한 강도들을 조심하세요.",,,
B0038,A09,Roots of Yggdrasil / Ancient Gods / Flick Shot Rogues,"인디, 전략 / RPG, 전략 / 인디, 전략","[Roots of Yggdrasil] Build settlements, explore the Nine Realms, collect artifacts and upgrade your deck to reach the top of Yggdrasil in this post-Ragnarok roguelike city-builder! Can you survive the  ‖ [Ancient Gods] Ancient Gods is a fusion of hero collector and deck-building rogue-lite where you collect your character, fight, and experience exciting events. Any character can use all the cards ‖ [Flick Shot Rogues] 계획하고, 조준하고, 쏘세요! FLICK SHOT ROGUES는 테이블 위에서 물건을 튕기는 촉각적 만족감과 사람들이 좋아하는 턴제 로그라이크의 전략적 깊이를 결합한 게임입니다. 말도 안되는 콤보를 연결하고, 캐릭터, 아이템, 스킬을 잠금 해제하면서, 섬을 정복하세요!",Overlooting,"어드벤처, RPG, 전략","매 플레이마다 바뀌는 스킬 트리에 맞춰 전략을 조정하고, 장비를 조합하여 강력한 시너지 효과를 내고, 플레이어를 막아서는 보스를 물리칠 수 있는 판도를 바꾸는 빌드를 만들어 보세요. 이 인벤도리 관리 로그라이크 게임에서 두 게임은 완전히 다른 게임입니다!",,,
B0039,A23,Vomitoreum / Tales of Kenzera™: ZAU / Shantae: Half-Genie Hero,"액션, 어드벤처, 인디 / 액션, 어드벤처, 인디 / 액션, 어드벤처, 인디","[Vomitoreum] Vomitoreum is an FPS Metroidvania with a focus on atmosphere and horror, inspired by the paintings of Zdzisław Beksiński. ‖ [Tales of Kenzera™: ZAU] 샤먼의 춤을 추세요. 아버지의 영혼을 되찾으세요. Surgent Studios가 제작한 메트로이드바니아 스타일의 어드벤처 게임 Tales of Kenzera™: ZAU에서 죽음의 신과 함께 아름답고 위험한 켄제라의 땅으로 용감하게 모험을 떠나세요. ‖ [Shantae: Half-Genie Hero] Shantae embarks on her first full HD adventure! When a mysterious crime wave sweeps Sequin Land, it’s up to Half-Genie Hero Shantae to save the day! Use Shantae’s devastating Hair-",Cave Story+,"액션, 어드벤처, 인디","Run, jump, shoot, fly and explore your way through a massive action-adventure reminiscent of classic 8- and 16-bit games.",,,
B0040,A17,Lethal Company / Phasmophobia / Deep Rock Galactic,"액션, 어드벤처, 인디, 앞서 해보기 / 액션, 인디, 앞서 해보기 / 액션","[Lethal Company] A co-op horror about scavenging at abandoned moons to sell scrap to the Company. ‖ [Phasmophobia] Phasmophobia is a 4 player online co-op psychological horror. Paranormal activity is on the rise and it’s up to you and your team to use all the ghost-hunting equipment at your dis ‖ [Deep Rock Galactic] 딥 락 갤럭틱은 1-4인의 플레이어가 협동하는 FPS 게임으로, 상남자 우주 드워프, 100% 파괴 가능한 맵 환경, 절차적 생성 동굴 지형, 그리고 끊임없이 등장하는 외계 괴물 무리가 특징입니다.",Gauntlet™ Slayer Edition,"액션, 어드벤처, RPG","클래식 Gauntlet의 4인 협동 액션 게임플레이가 완전히 새로운 경험으로 돌아왔습니다! 로컬이나 온라인 co-op 멀티플레이어에서, 친구들과 함께 끝 없는 적 무리를 상대로 전투를 펼치고 보물과 영광을 차지하세요. 어둠 속으로 쳐들어가세요!",,,
B0041,A20,Counter-Strike 2 / PUBG: BATTLEGROUNDS / 톰 클랜시의 레인보우식스 시즈,"액션, 무료 플레이 / 액션, 어드벤처, 대규모 멀티플레이어, 무료 플레이 / 액션, 무료 플레이","[Counter-Strike 2] Counter-Strike는 20년이 넘는 시간 동안 전 세계 수백만 명의 플레이어가 모여 수준 높은 경쟁을 펼칠 수 있는 플랫폼을 제공해 왔습니다. 그리고 이제 곧 Counter-Strike 2와 함께 새로운 CS 시대의 막이 열립니다. ‖ [PUBG: BATTLEGROUNDS] 배틀로얄 유행의 시작이자, 그 정수를 보여준 PUBG: 배틀그라운드를 지금 무료로 플레이하세요! 다양한 맵에 낙하하여 무기와 보급품을 확보하고, 점점 줄어드는 블루존 속에서 끝까지 살아남아 승리를 쟁취하세요. ‖ [톰 클랜시의 레인보우식스 시즈] 톰 클랜시의 레인보우식스 시즈는 탁월한 계획과 기술이 승부를 좌우하는 전술적인 정예 팀 기반 슈팅 게임입니다.",Army Troop,"액션, 인디, 대규모 멀티플레이어",Army Troop는 멋진 차세대 그래픽과 매혹적인 게임 플레이를 제공하는 모두를 위한 현대적인 PvP 2차 세계 대전 온라인 멀티플레이어 FPS 슈팅 게임입니다.,,,
B0042,A34,Pid / ChromaGun / Deer & Boy,"어드벤처, 인디 / 액션, 어드벤처, 인디 / 액션, 어드벤처, 인디","[Pid] You are stranded on a strange and peculiar planet. It’s time to embark on your journey and find your way home! Explore a gravity defying and challenging platformer with striking vi ‖ [ChromaGun] Welcome to ChromaTec’s test lab! You’re here to test our state-of-the-art military-grade color-technology: The ChromaGun (patent pending)! Use it to solve our meticulously designed ‖ [Deer & Boy] 도망친 소년은 길 잃은 어린 사슴을 만나 고요하면서도 위태로운 세상을 함께 헤쳐 나갑니다. 퍼즐을 풀고, 높은 곳에 오르고, 위협을 피해 나아가며 당신의 동료는 연약한 아기 사슴에서 어엿한 사슴으로 성장하죠. 혼자서는 할 수 없었던 일을 함께 해내는 법을 배우게 됩니다.",Vortex,"어드벤처, 캐주얼, 전략",Welcome to the VortexLabs testing facility. Here we will test your ability to solve various puzzles in order for you to make your escape.,,,
B0043,A03,Balatro / Hades / Vampire Survivors,"캐주얼, 인디, 전략 / 액션, 인디, RPG / 액션, 캐주얼, 인디, RPG","[Balatro] 포커 로그라이크 게임. Balatro는 불법 포커 패로 게임을 하고, 판을 뒤엎는 조커를 발견하고, 아드레날린이 치솟는 강력한 콤보를 만드는 덱 빌딩 게임입니다. ‖ [Hades] Bastion, Transistor, Pyre의 제작사에서 선보이는 이 로그라이크 던전 탐색형 게임에서 핵 앤 슬래시로 지하 세계를 탈출하고 죽음의 신에게 도전하세요. ‖ [Vampire Survivors] 수많은 어둠의 피조물을 쓰러뜨리며 새벽이 올 때까지 생존하세요! Vampire Survivors는 로그라이트 요소를 갖춘 고딕 호러 케주얼 게임입니다. 당신의 선택으로 순식간에 수백 마리의 괴물이 눈덩이처럼 불어날 수 있죠.",GODBREAKERS,"액션, 인디","빠르고, 유려하고, 광적인 액션! 광란의 전투 루프 속에서 신을 무찌르고, 힘을 빼앗고, 능력을 연계하세요. 이 1-4인 플레이어 협동 액션 로그라이트는 간편하고 빠른 세션과 끝없이 재도전할 수 있는 혼돈을 선사하는 게임입니다. 치열한 전투를 즐기고 도전할 때마다 최고의 쾌감을 경험하세요!",,,
B0044,A23,Vomitoreum / Tales of Kenzera™: ZAU / Shantae: Half-Genie Hero,"액션, 어드벤처, 인디 / 액션, 어드벤처, 인디 / 액션, 어드벤처, 인디","[Vomitoreum] Vomitoreum is an FPS Metroidvania with a focus on atmosphere and horror, inspired by the paintings of Zdzisław Beksiński. ‖ [Tales of Kenzera™: ZAU] 샤먼의 춤을 추세요. 아버지의 영혼을 되찾으세요. Surgent Studios가 제작한 메트로이드바니아 스타일의 어드벤처 게임 Tales of Kenzera™: ZAU에서 죽음의 신과 함께 아름답고 위험한 켄제라의 땅으로 용감하게 모험을 떠나세요. ‖ [Shantae: Half-Genie Hero] Shantae embarks on her first full HD adventure! When a mysterious crime wave sweeps Sequin Land, it’s up to Half-Genie Hero Shantae to save the day! Use Shantae’s devastating Hair-",Vernal Edge,"액션, 어드벤처","Vernal Edge는 강렬한 전투 시스템, 치밀한 플랫포밍 시퀀스, 경쟁과 복수, 성장을 그리는 감동적인 스토리가 돋보이는 메트로이드배니아 스타일 2D 액션 게임입니다.",,,
B0045,A28,Dordogne / A YEAR OF SPRINGS / Botany Manor,"어드벤처, 인디 / 캐주얼, 인디, 시뮬레이션 / 어드벤처","[Dordogne] 이 유년 시절의 여정에서 특별한 내러티브에 몰입하며 도르도뉴의 수천 가지 여름의 색을 탐험하고, 추억을 떠올리며 가족의 비밀을 밝히세요. ‖ [A YEAR OF SPRINGS] 세 명의 여성, 세 개의 이야기, 세 개의 봄. 세 명의 친구들이 사랑, 공감, 그리고 단지 함께하고 싶어하는 감정에 대한 방향을 찾아나가는 3 부작 비주얼 노벨 A YEAR OF SPRINGS 에서 하루, 에리카, 마나미의 이야기를 체험하세요. ‖ [Botany Manor] Welcome to Botany Manor, a stately home in 19th century England. You play as inhabitant Arabella Greene, a retired botanist. Explore your house and gardens, filled with research, t",Tomboy Adventure,어드벤처,Start a relaxing adventure together with your childhood friend!,,,
B0046,A28,Dordogne / A YEAR OF SPRINGS / Botany Manor,"어드벤처, 인디 / 캐주얼, 인디, 시뮬레이션 / 어드벤처","[Dordogne] 이 유년 시절의 여정에서 특별한 내러티브에 몰입하며 도르도뉴의 수천 가지 여름의 색을 탐험하고, 추억을 떠올리며 가족의 비밀을 밝히세요. ‖ [A YEAR OF SPRINGS] 세 명의 여성, 세 개의 이야기, 세 개의 봄. 세 명의 친구들이 사랑, 공감, 그리고 단지 함께하고 싶어하는 감정에 대한 방향을 찾아나가는 3 부작 비주얼 노벨 A YEAR OF SPRINGS 에서 하루, 에리카, 마나미의 이야기를 체험하세요. ‖ [Botany Manor] Welcome to Botany Manor, a stately home in 19th century England. You play as inhabitant Arabella Greene, a retired botanist. Explore your house and gardens, filled with research, t",Treasure Hunter Simulator,"인디, 시뮬레이션","Dive into the exciting world of finding long forgotten treasures. Grab your metal detector and set off to explore the countryside. What today looks like a peaceful meadow might have been the scene of a fierce battle in the past, hiding now the valuable artefacts. Ready to dig in the past?",,,
B0047,A23,Vomitoreum / Tales of Kenzera™: ZAU / Shantae: Half-Genie Hero,"액션, 어드벤처, 인디 / 액션, 어드벤처, 인디 / 액션, 어드벤처, 인디","[Vomitoreum] Vomitoreum is an FPS Metroidvania with a focus on atmosphere and horror, inspired by the paintings of Zdzisław Beksiński. ‖ [Tales of Kenzera™: ZAU] 샤먼의 춤을 추세요. 아버지의 영혼을 되찾으세요. Surgent Studios가 제작한 메트로이드바니아 스타일의 어드벤처 게임 Tales of Kenzera™: ZAU에서 죽음의 신과 함께 아름답고 위험한 켄제라의 땅으로 용감하게 모험을 떠나세요. ‖ [Shantae: Half-Genie Hero] Shantae embarks on her first full HD adventure! When a mysterious crime wave sweeps Sequin Land, it’s up to Half-Genie Hero Shantae to save the day! Use Shantae’s devastating Hair-",KUNAI,"액션, 어드벤처, 인디",악몽 같은 사건이 세상을 뒤흔들었다. 사악한 레몬쿠스에 의해 인류는 전멸 직전까지 내몰렸다. 로봇들이 지상을 자유롭게 활보하고 있다. 플레이어는 고대 전사의 혼이 봉인된 살인 로봇 Tabby가 된다.,,,
B0048,A02,Still Life / Jenny LeClue - Detectivu / Telling Lies,"어드벤처 / 액션, 어드벤처, 캐주얼, 인디 / 어드벤처, 인디, 시뮬레이션",[Still Life] Still Life 2 also now available! ‖ [Jenny LeClue - Detectivu] Jenny LeClue - Detectivu는 조사와 선택지로 가득한 스릴 넘치는 미스터리 어드벤처 게임입니다. ‖ [Telling Lies] 네 명의 삶. 그리고 하나의 큰 거짓말. 아무도 모르게 녹화된 은밀한 대화를 들으며 진실을 알아내십시오. 큰 호평을 받았던 Her Story의 계승작입니다.,사람 속에 피는 꽃,"어드벤처, 인디, 시뮬레이션",누군가의 습격으로 쓰러져 기억을 잃은 당신. 기둥에 묶여 있는 소녀. 당신은 과연 소녀와 협력하여 지하실의 윤회에서 벗어날 수 있을까? 그리고 소녀의 어두운 비밀을 밝혀내고 소녀와 진실된 관계를 꽃피울 수 있을까?,,,
B0049,A22,Deck of Ashes / Dicefolk / Cubic Cosmos,"어드벤처, 인디, RPG, 전략 / 캐주얼, 인디, 전략 / 전략","[Deck of Ashes] 덱 오브 애쉬즈(Deck of Ashes)는 전술 카드 전투를 벌이는 어드벤처 게임입니다. 한 번에 한 캐릭터씩 안티히어로 일행을 이끌어 속죄의 여행을 떠나보세요. 저주받은 판타지 세계를 탐험하며 강력한 카드를 찾아보세요. 독특한 전투 덱을 형성하여 적들을 무찌르세요! 잿빛 저주의 세계를 제거하실 수 있겠습니까? ‖ [Dicefolk] 마법 주사위의 힘을 휘두르고 강력한 키메라 팀을 구축해보세요! 수수께끼의 악을 멈추기 위한 택티컬 덱빌딩 로그라이트 모험이 다가오고 있습니다. 키메라 소환사로서, 신화적인 짐승들을 모집하고 완벽한 팀을 만들고, 다이스포크만의 독특한 주사위 메커니즘을 활용하여 승리로 이끌어주세요. ‖ [Cubic Cosmos] Cubic Cosmos is a thrilling fast-paced roguelike card game. You have been trapped in a deadly game. One wrong move could see you reduced to a plaything of the goddess. Can you free",Dungeon Clawler,"액션, 캐주얼, RPG, 시뮬레이션, 전략","Dungeon Clawler는 로그라이크 인형 뽑기 덱 빌딩 게임입니다. 덱을 만들고, 뽑기 기계에서 무기와 아이템을 집어 적과 싸우고, 판도를 뒤집는 시너지를 생성하는 강력한 특전을 발견하고, 미친 듯한 콤보를 쏟아 내며 던전에서 앞으로 나아가세요!",,,
B0050,A16,The Talos Principle / Rust / Inscryption,"액션, 어드벤처, 인디 / 액션, 어드벤처, 인디, 대규모 멀티플레이어, RPG / 어드벤처, 인디, 전략","[The Talos Principle] 탈로스 법칙은 철학적 SF 소설의 전통을 따른 1인칭 퍼즐 게임입니다. 시리어스 샘을 개발한 크로팀에서 만들었으며, 톰 주버트(FTL, 더 스와퍼)와 조나스 카이라츠(바다는 모든 것을 요구한다.)가 스토리를 작성했습니다. ‖ [Rust] Rust에서의 목표는 오직 하나, 바로 살아남는 것입니다. 섬의 야생 동물, 다른 주민, 환경, 다른 생존자 모두가 여러분의 목숨을 노립니다. 하루 더 살아남을 수 있다면 수단과 방법을 가리지 마세요. ‖ [Inscryption] Inscryption은 검은 잉크로 그려진 카드를 기반으로 한 덱빌딩 로그라이크, 방탈출 퍼즐, 피가 흐르는 심리적 공포 등의 요소가 섞인 여정을 다룹니다. 카드에는 더 어두운 비밀이 새겨져 있습니다…",SOLAS 128,"캐주얼, 인디, 전략","모든 것은 어둠 속의 이상한 현상과 함께 시작되었습니다. 기이한 목적을 가진 고대 기계가 소환되었죠. 신스 음악과 번쩍거리는 네온, 그리고 복잡하게 얽힌 시스템으로 구성된 퍼즐이 기다립니다. 오직 당신만이 수리할 수 있습니다. 그러니 긴장을 풀고, 잊지 마세요. 모든 것은 연결되어 있습니다.",,,
B0051,A15,서브노티카 / The Long Dark / No Man's Sky,"어드벤처, 인디 / 어드벤처, 인디, 시뮬레이션, 전략 / 액션, 어드벤처","[서브노티카] 위험과 경이로움이 가득한 외계의 바다 속으로 내려가세요. 장비를 제작하고, 잠수함을 조종하며 야생 생물보다 앞서가세요. 우거진 산호초, 화산, 동굴 같은 많은 장소들을 탐험하세요. 물론 살아남는 걸 잊으면 안 되겠죠. ‖ [The Long Dark] The Long Dark는 깊은 생각을 요구하는 탐험 생존 게임입니다. 플레이어는 지구 자기장 이상으로 인한 대재앙이 휩쓸고 간 세상에서 혼자 드넓은 설원 황무지를 탐험하며 살아남아야 합니다. 좀비는 등장하지 않으며 오직 플레이어와 추위, 그리고 자연 속의 위험들만 존재합니다. 고요한 종말의 세상에 오신 것을 환영합니다. ‖ [No Man's Sky] No Man's Sky는 무한히 펼쳐지는 우주에서의 탐험과 생존을 그린 SF 게임입니다.",Out There: Oceans of Time,"어드벤처, 인디, RPG, 전략",Out There: Oceans of Time은 거대한 은하계를 누비며 임무를 지휘하는 우주 탐험 게임입니다.,,,
B0052,A05,Opus Magnum,"인디, 시뮬레이션","[Opus Magnum] Opus Magnum은 SpaceChem, Infinifactory, SHENZHEN I/O를 제작한 Zachtronics의 신작 퍼즐게임입니다. 연금술사들의 최첨단 도구인 변성 기관을 이용해 물약과 독을 만들어내는 기계들을 설계하고 만들어 내세요!",Deponia,"어드벤처, 인디","세계가 거대한 쓰레기장으로 변해 버린 데포니아에서, 짜증이 많은 루퍼스는 힘든 삶을 꾸역꾸역 이어 갑니다.",,,
B0053,A08,Sid Meier’s Civilization® VI / XCOM® 2 / Stellaris,"전략 / 전략 / 시뮬레이션, 전략","[Sid Meier’s Civilization® VI] 문명 VI 에서는 새로운 방식으로 세상과 소통하고, 제국의 영토를 확장시키며, 문화를 발전시키고, 역사속 위대한 지도자들에 맞서 오래도록 지속될 나만의 문명을 건설해볼 수 있습니다. 클레오파트라를 비롯한 20명의 역사 속 지도자들 중 한명으로 플레이 해보세요. ‖ [XCOM® 2] XCOM 2는 수상 경력이 있는 전략 게임 XCOM: Enemy Unknown의 속편입니다. 인류가 외계인 침략군에게 항복한 지 20년, 이제 지구 상에는 새로운 세계 질서가 존재합니다. 수년간을 어둠 속에서 숨어 있었던 XCOM 부대는 반드시 일어나 외계인의 지배를 무너뜨릴 것입니다. ‖ [Stellaris] 항성간 여행을 통해 우주를 탐험하며 수많은 종족들도 만나보세요. 과학선을 보내 우주를 조사하고 탐험하면서 은하 제국을 건설하고, 건축선을 보내 새로 발견한 행성에 기지를 건설하세요. 소속 사회를 위한 탐험에 나서 매장된 보물과 은하계의 경이를 발견하고, 탐험가의 한계치와 진화 범위를 설정하세요. 동맹이 체결되고, 전쟁이 ",Songs of Conquest,"어드벤처, RPG, 전략","Raise mighty armies, wield ancient magic and forge an empire. This turn-based strategy adventure game fuses strategic decision making, tactical combat and kingdom management.",,,
B0054,A24,Valheim / Grounded / My Time at Portia,"액션, 어드벤처, 인디, RPG, 앞서 해보기 / 액션, 어드벤처 / 어드벤처, 캐주얼, 인디, RPG, 시뮬레이션","[Valheim] 북구 신화와 바이킹 문화에 기반한 판타지 세계를 배경으로 펼쳐지는 생존 및 탐험 게임. ‖ [Grounded] The world is a vast, beautiful and dangerous place – especially when you have been shrunk to the size of an ant. Can you thrive alongside the hordes of giant insects, fighting to s ‖ [My Time at Portia] 아름다운 Portia 마을에서 새 삶을 시작하세요! 아버지가 방치한 작업장에서 제작을 부탁받고, 작물을 키우고, 가축을 기르고, 아름다운 세기말의 땅에서 특이한 친구들을 사귀며 작업장을 예전의 멋진 모습으로 복원하세요.",Savage Lands,"액션, 어드벤처, 인디, RPG, 시뮬레이션","Your fight for survival begins on the frozen shores of Tarvhas, where bitter cold and vicious creatures conspire to defeat the unprepared. Uncover the land’s dark history as you and fellow explorers traverse an unforgiving and hostile world to tame the Savage Lands.",,,
B0055,A22,Deck of Ashes / Dicefolk / Cubic Cosmos,"어드벤처, 인디, RPG, 전략 / 캐주얼, 인디, 전략 / 전략","[Deck of Ashes] 덱 오브 애쉬즈(Deck of Ashes)는 전술 카드 전투를 벌이는 어드벤처 게임입니다. 한 번에 한 캐릭터씩 안티히어로 일행을 이끌어 속죄의 여행을 떠나보세요. 저주받은 판타지 세계를 탐험하며 강력한 카드를 찾아보세요. 독특한 전투 덱을 형성하여 적들을 무찌르세요! 잿빛 저주의 세계를 제거하실 수 있겠습니까? ‖ [Dicefolk] 마법 주사위의 힘을 휘두르고 강력한 키메라 팀을 구축해보세요! 수수께끼의 악을 멈추기 위한 택티컬 덱빌딩 로그라이트 모험이 다가오고 있습니다. 키메라 소환사로서, 신화적인 짐승들을 모집하고 완벽한 팀을 만들고, 다이스포크만의 독특한 주사위 메커니즘을 활용하여 승리로 이끌어주세요. ‖ [Cubic Cosmos] Cubic Cosmos is a thrilling fast-paced roguelike card game. You have been trapped in a deadly game. One wrong move could see you reduced to a plaything of the goddess. Can you free",A Long Way Down,"인디, RPG, 전략","A deck-building roguelite RPG set in a dark and tormented world. Assemble your party and use your cards to survive, fight and build your way through a dark maze of monsters orchestrated by an evil mastermind. Your choices will lead you to judgement.",,,
B0056,A26,RimWorld / Oxygen Not Included / Unpacking 언패킹,"인디, 시뮬레이션, 전략 / 인디, 시뮬레이션 / 캐주얼, 인디, 시뮬레이션","[RimWorld] 지능형 AI 이야기꾼이 주도하는 공상과학 정착지 시뮬레이터입니다. 심리, 생태, 총격전과 근접전, 날씨, 기후, 외교, 사람 사이의 관계, 예술, 의학, 무역, 그 외 많은 것들을 시뮬레이션하여 이야기를 생성합니다. ‖ [Oxygen Not Included] Oxygen Not Included는 우주 콜로니 시뮬레이션 게임입니다. 외계의 우주 암석 깊은 곳에서 근면한 일꾼들은 생존하고 나아가 번영하기 위해 과학을 마스터하고, 낯선 새로운 생명체에 맞서며, 경이로운 우주 테크놀로지를 활용해야 합니다. ‖ [Unpacking 언패킹] Unpacking은 상자에서 짐을 꺼내 새집에 맞게 배치하는 친숙한 체험에 대한 명상적 퍼즐 게임입니다. 게임의 일부인 블록 맞추기 게임과 집 꾸미기를 하는 동안, 푸는 짐에 닮긴 삶의 실마리를 찾아가며 만족할 만한 생활 공간을 만들어 보세요.",AColony,"인디, 시뮬레이션, 전략, 앞서 해보기","예측불허의 상황, 온라인 협동, 그리고 특별한 공동체를 관리하는 것을 중심으로 한 정착지 건축 게임. 정착지를 지어 올리고, 정착민들을 먹여 살리고, 기술을 연구하고, 첨단 무기를 만들고, 세상을 탐험하고, 적들과 싸우며 당신의 땅을 지키세요.",,,
B0057,A10,A Short Hike / ISLANDERS / Gorogoa,"어드벤처, 인디 / 캐주얼, 인디, 전략 / 어드벤처, 캐주얼, 인디","[A Short Hike] Hike, climb, and soar through the peaceful mountainside landscapes of Hawk Peak Provincial Park as you make your way to the summit. ‖ [ISLANDERS] ISLANDERS is a minimalist strategy game about building cities on colorful islands. ‖ [Gorogoa] Gorogoa(고로고아)는 Jason Roberts가 디자인하고 일러스트레이션을 손으로 그린 아름다운 차세대 퍼즐 게임입니다.",8BitBoy™,"액션, 캐주얼, 인디",Huge classic platformer with several power-ups and 8-12 hours of main story & 300+ hidden locations just begging for exploration · 56 big Levels · 5 huge worlds,,,
B0058,A30,Stardew Valley / Slime Rancher / Raft,"인디, RPG, 시뮬레이션 / 액션, 어드벤처, 인디, 시뮬레이션 / 어드벤처, 인디, 시뮬레이션","[Stardew Valley] You've inherited your grandfather's old farm plot in Stardew Valley. Armed with hand-me-down tools and a few coins, you set out to begin your new life. Can you learn to live off th ‖ [Slime Rancher] 슬라임 랜쳐는 젊고 용감한 랜쳐, 베아트릭스 르뷰가 지구에서 1,000광년 떨어진 '머나먼 평야'에서 슬라임들과 씨름하며 생계를 꾸려나가는 이야기입니다. 긍정적인 마인드와 강인한 의지로 베아트릭스는 진공팩을 사용하여 끊임없이 말랑말랑하게 굴러나오는 슬라임들을 피하며 이름을 알리고, 부자가 되려 합니다. ‖ [Raft] Raft™ throws you and your friends into an epic oceanic adventure! Alone or together, players battle to survive a perilous voyage across a vast sea! Gather debris, scavenge reefs an",My Time at Sandrock,"어드벤처, 캐주얼, 인디, RPG, 시뮬레이션","사막 도시 샌드록으로 떠나 초보 공방주의 역할을 수행하세요. 여러분의 든든한 도구를 사용해 자원을 모으고, 기계를 만들고, 무너져가는 공방을 효율적인 생산 시설로 만들어, 마을을 경제 위기의 문턱으로부터 구하세요!",,,
B0059,A04,Hollow Knight / Dead Cells / Celeste,"액션, 어드벤처, 인디 / 액션, 어드벤처, 인디 / 액션, 어드벤처, 인디","[Hollow Knight] 할로우 나이트에서 자신만의 길을 구축하세요! 크게 파괴된 곤충과 영웅의 왕국을 통한 서사 액션 어드벤처입니다. 손으로 그린 클래식 2D 스타일로 구불구불한 동굴을 탐험하고 오염된 생물과 싸우고 이상한 곤충들과 친구가 되어 보세요. ‖ [Dead Cells] 데드 셀(Dead Cells)는 메트로배니아에서 영감을 받은 로그라이트 액션 플랫포머 게임입니다. 2D 소울 라이트 전투에서 성을 지키는 수호자들을 물리치고 끊임없이 변화하는 거대한 성을 탐험하게 됩니다. 세이브 포인트는 없습니다. 죽이고, 죽고, 배우고, 반복하세요. ‖ [Celeste] 타워폴(TowerFall) 시리즈의 개발자들이 만든 이 초밀착형 플랫폼 게임을 플레이하고, 매들린이 셀레스트 산 정상으로 향하는 여정에서 내면의 악마에게서 살아남을 수 있게 도와주세요. 한땀 한땀 손수 제작한 수백 가지의 도전 과제에 맞서고, 사악한 비밀을 밝혀내고, 산에 숨겨진 수수께끼를 풀어보세요.",Ocean Keeper: Dome Survival,"액션, 어드벤처, 인디, 시뮬레이션","던전을 탐험하고 몬스터 무리와 싸우며 거대한 맵에서 살아남으세요. Ocean Keeper 타워 디펜스 요소가 가미된 액션 로그라이크 게임입니다. 동굴에서 자원을 채굴하고, 기계 스파이더를 커스터마이징하고, 다양한 무기를 업그레이드하고, 위험한 보스와 맞서 싸우세요!",,,
B0060,A05,Opus Magnum,"인디, 시뮬레이션","[Opus Magnum] Opus Magnum은 SpaceChem, Infinifactory, SHENZHEN I/O를 제작한 Zachtronics의 신작 퍼즐게임입니다. 연금술사들의 최첨단 도구인 변성 기관을 이용해 물약과 독을 만들어내는 기계들을 설계하고 만들어 내세요!",Archean,"인디, 시뮬레이션, 앞서 해보기","Gather resources, craft components, build vehicles, and code their logic in a physics-driven engineering sandbox and full scale space sim.",,,
B0061,A10,A Short Hike / ISLANDERS / Gorogoa,"어드벤처, 인디 / 캐주얼, 인디, 전략 / 어드벤처, 캐주얼, 인디","[A Short Hike] Hike, climb, and soar through the peaceful mountainside landscapes of Hawk Peak Provincial Park as you make your way to the summit. ‖ [ISLANDERS] ISLANDERS is a minimalist strategy game about building cities on colorful islands. ‖ [Gorogoa] Gorogoa(고로고아)는 Jason Roberts가 디자인하고 일러스트레이션을 손으로 그린 아름다운 차세대 퍼즐 게임입니다.",LOK Digital,"캐주얼, 인디",세상을 바꾸는 단어를 배우고 마음을 사로잡는 효과를 익혀보세요. LOK 생물이 이 매력적인 퍼즐 어드벤처에서 번성할 수 있도록 도와주세요.,,,
B0062,A21,DARK SOULS™ III / The Witcher 3: Wild Hunt / The Elder Scrolls V: Skyrim Special Edition,액션 / RPG / RPG,"[DARK SOULS™ III] 장르를 새로 개척했다는 평가를 들으며 많은 좋은 평가들을 얻고 있는 다크 소울 시리즈는 계속해서 한계를 넘어서, 더욱 야심찬 단계에 도전하고자 하고 있습니다. 준비를 하고 어둠을 밝히십시오! ‖ [The Witcher 3: Wild Hunt] 리비아의 게롤트가 되어 의뢰를 받고 괴물을 사냥하세요. 전쟁의 상처가 가득하고 괴물이 들끓는 대륙을 마음껏 탐험해 보세요. 지금 가장 중요한 일은 대륙의 판도를 뒤바꿀 수도 있는 살아 있는 무기이자 예언의 아이, 시리를 추적하는 것입니다. ‖ [The Elder Scrolls V: Skyrim Special Edition] 200회 이상 올해의 게임에 선정된 The Elder Scrolls V: Skyrim Special Edition이 놀라운 디테일로 판타지에 생명을 불어넣었습니다. Special Edition에는 비평가들의 극찬을 받은 게임 및 새로운 기능이 포함된 애드온이 들어 있습니다.",Dragon's Dogma: Dark Arisen,"액션, 어드벤처, RPG","상상하던 모험이 소생한다. 가슴뛰는 대모험이 기다리는, 판타지의 세계로… 「드래곤즈 도그마 : 다크 어리즌」이 고해상도화를 실현하고 유료DLC도 수록하여 등장！",,,
B0063,A23,Vomitoreum / Tales of Kenzera™: ZAU / Shantae: Half-Genie Hero,"액션, 어드벤처, 인디 / 액션, 어드벤처, 인디 / 액션, 어드벤처, 인디","[Vomitoreum] Vomitoreum is an FPS Metroidvania with a focus on atmosphere and horror, inspired by the paintings of Zdzisław Beksiński. ‖ [Tales of Kenzera™: ZAU] 샤먼의 춤을 추세요. 아버지의 영혼을 되찾으세요. Surgent Studios가 제작한 메트로이드바니아 스타일의 어드벤처 게임 Tales of Kenzera™: ZAU에서 죽음의 신과 함께 아름답고 위험한 켄제라의 땅으로 용감하게 모험을 떠나세요. ‖ [Shantae: Half-Genie Hero] Shantae embarks on her first full HD adventure! When a mysterious crime wave sweeps Sequin Land, it’s up to Half-Genie Hero Shantae to save the day! Use Shantae’s devastating Hair-",Dreaming Sarah,"어드벤처, 캐주얼, 인디","Dreaming Sarah is an adventure platformer where you play as Sarah, a girl who is in a coma. Explore the world around her and help her wake up!",,,
B0064,A08,Sid Meier’s Civilization® VI / XCOM® 2 / Stellaris,"전략 / 전략 / 시뮬레이션, 전략","[Sid Meier’s Civilization® VI] 문명 VI 에서는 새로운 방식으로 세상과 소통하고, 제국의 영토를 확장시키며, 문화를 발전시키고, 역사속 위대한 지도자들에 맞서 오래도록 지속될 나만의 문명을 건설해볼 수 있습니다. 클레오파트라를 비롯한 20명의 역사 속 지도자들 중 한명으로 플레이 해보세요. ‖ [XCOM® 2] XCOM 2는 수상 경력이 있는 전략 게임 XCOM: Enemy Unknown의 속편입니다. 인류가 외계인 침략군에게 항복한 지 20년, 이제 지구 상에는 새로운 세계 질서가 존재합니다. 수년간을 어둠 속에서 숨어 있었던 XCOM 부대는 반드시 일어나 외계인의 지배를 무너뜨릴 것입니다. ‖ [Stellaris] 항성간 여행을 통해 우주를 탐험하며 수많은 종족들도 만나보세요. 과학선을 보내 우주를 조사하고 탐험하면서 은하 제국을 건설하고, 건축선을 보내 새로 발견한 행성에 기지를 건설하세요. 소속 사회를 위한 탐험에 나서 매장된 보물과 은하계의 경이를 발견하고, 탐험가의 한계치와 진화 범위를 설정하세요. 동맹이 체결되고, 전쟁이 ",Xenowars,"어드벤처, RPG, 전략","This is a turn-based strategy/RPG game set in the stars. In the early stages, you will recruit a team of experts on Earth for exploring a distant alien homeworld, choosing between scientists, mutants, and soldiers. Scour the planet for lost alien technology and uncover the secrets to Earth’s doom.",,,
B0065,A06,Cities: Skylines / Factorio / Farming Simulator 22,"시뮬레이션, 전략 / 캐주얼, 인디, 시뮬레이션, 전략 / 시뮬레이션","[Cities: Skylines] Cities: Skylines is a modern take on the classic city simulation. The game introduces new game play elements to realize the thrill and hardships of creating and maintaining a real  ‖ [Factorio] Factorio는 무한한 2D 세상에서 복잡성이 증가하는 아이템을 생산하기 위해 자동화 공장을 만드는 게임입니다. - 당신의 상상력으로 공장을 설계, 독창적인 방법으로 간단한 요소를 결합하고 마지막엔 당신을 좋아하지 않는 생물들로 부터 공장을 지키세요. ‖ [Farming Simulator 22] 농장을 만들고 농사를 즐기세요! 작물을 수확하고, 동물을 돌보고, 생산을 관리하고, 계절에 따른 어려움을 이겨내세요.",Per Aspera,"인디, 시뮬레이션, 전략","행성 규모의 도시 건설을 새로운 시각으로 경험해 보세요. 불가능에 가까운 확률을 극복하여 화성을 테라포밍하고, 붉은 행성의 숨겨진 자원을 채집하고, 과거에 이미 이 경이로운 과업을 시도했던 이들에 얽힌 수수께끼를 밝혀내세요. 인류의 미래가 당신에게 달려 있습니다.",,,
B0066,A27,The Raven Remastered / The Frostrune / Mad Experiments: Escape Room,"어드벤처 / 어드벤처 / 어드벤처, 캐주얼, 인디, 시뮬레이션, 전략","[The Raven Remastered] London, 1964. An ancient ruby is stolen from the British Museum. At the crime scene: a raven feather. Is somebody trying to follow in the footsteps of The Raven, the legendary mast ‖ [The Frostrune] Unravel a mystery inspired by Viking myth and legend in The Frostrune, a classic point-and-click adventure based on historically accurate Norse culture and environments. ‖ [Mad Experiments: Escape Room] 수상 후보에 오른 이스케이프 게임 1인 또는 최대 5인까지 플레이하며 3개의 독특한 방을 탐험하고, 두뇌를 자극하는 퍼즐을 풀며 체셔 교수와 그의 실험에 얽힌 어두운 비밀을 밝혀보세요.",Creepy Tale: Some Other Place,"어드벤처, 인디","Creepy Tale 수수께끼와 으스스한 분위기가 가득한 신비한 퀘스트입니다. 어느 가을 아침, 조용한 낚시 여행이 약속되었지만 사건이 우리의 주인공을 “다른 곳”으로 데려갔어요. 집으로 돌아가는 길을 찾고, 수많은 비밀을 밝혀내고, 가능한 모든 사람을 구하세요.",,,
B0067,A29,Salt and Sanctuary,"액션, 인디, RPG","[Salt and Sanctuary] 두렵고도 잔혹한 섬의 탐험을 시작합니다… Salt and Sanctuary는 신속하고, 잔인하며, 복잡한 전투 시스템을 지닌 2D RPG입니다. 저주받은 도시의 잊힌 영역이나, 피에 물든 던전이나, 오염된 기념비와 같은 장소를 돌아다니며, 한때 축복을 받았지만 지금은 타락하고 만 영주들을 조우하세요.",Pocket Rogues,"액션, 어드벤처, 인디, RPG, 앞서 해보기","Pocket Rogues is a dynamic 2D-Roguelike with elements of Action-RPG, played entirely in real time. Raid endless dungeons, upgrade your Guild’s Fortress, and develop your own heroes!",,,
B0068,A04,Hollow Knight / Dead Cells / Celeste,"액션, 어드벤처, 인디 / 액션, 어드벤처, 인디 / 액션, 어드벤처, 인디","[Hollow Knight] 할로우 나이트에서 자신만의 길을 구축하세요! 크게 파괴된 곤충과 영웅의 왕국을 통한 서사 액션 어드벤처입니다. 손으로 그린 클래식 2D 스타일로 구불구불한 동굴을 탐험하고 오염된 생물과 싸우고 이상한 곤충들과 친구가 되어 보세요. ‖ [Dead Cells] 데드 셀(Dead Cells)는 메트로배니아에서 영감을 받은 로그라이트 액션 플랫포머 게임입니다. 2D 소울 라이트 전투에서 성을 지키는 수호자들을 물리치고 끊임없이 변화하는 거대한 성을 탐험하게 됩니다. 세이브 포인트는 없습니다. 죽이고, 죽고, 배우고, 반복하세요. ‖ [Celeste] 타워폴(TowerFall) 시리즈의 개발자들이 만든 이 초밀착형 플랫폼 게임을 플레이하고, 매들린이 셀레스트 산 정상으로 향하는 여정에서 내면의 악마에게서 살아남을 수 있게 도와주세요. 한땀 한땀 손수 제작한 수백 가지의 도전 과제에 맞서고, 사악한 비밀을 밝혀내고, 산에 숨겨진 수수께끼를 풀어보세요.",Blade Assault,"액션, 인디",블레이드 어썰트는 2D 플랫포머 로그라이트 게임입니다. 화려한 픽셀아트와 SF 컨셉을 사용하고 있습니다. 여러분은 언더시티 저항군이 되어 에스페란자의 군대와 맞서게 됩니다. 동료들을 믿고 강력한 힘을 발견해보세요.,,,
B0069,A25,DOOMBLADE / Transiruby / Blast Brigade vs. the Evil Legion of Dr. Cread,"액션, 어드벤처, 인디 / 액션 / 액션, 어드벤처, 인디","[DOOMBLADE] Deep underground, Gloom Girl discovers DOOMBLADE, a sentient weapon hellbent on escape after eons in chains. Together, “Doom and Gloom” embark on a vengeful quest to unlock the pow ‖ [Transiruby] 차원 대륙의 의문을 풀어라! 는 사이보그 소녀 실비가 검과 엘리먼트 샷으로 적을 쓰러뜨리며 앞으로 나아가는 탐색형 액션 게임입니다! ‖ [Blast Brigade vs. the Evil Legion of Dr. Cread] 스릴 넘치는 플랫포밍과 깊이 있는 탐험 세계, 폭발적인 액션으로 가득한 2D 메트로이드배니아 어드벤처 게임을 즐겨보세요! Blast Brigade에서 영웅들로 팀을 구성해 세계를 구하세요!",Zombotron,"액션, 어드벤처, 인디","신비한 외계 행성에서 싸워서 생존하고, 악의적인 거주민을 물리치며, 끔찍한 바위에서 벗어날 수 있는 방법을 찾으십시오.",,,
B0070,A16,The Talos Principle / Rust / Inscryption,"액션, 어드벤처, 인디 / 액션, 어드벤처, 인디, 대규모 멀티플레이어, RPG / 어드벤처, 인디, 전략","[The Talos Principle] 탈로스 법칙은 철학적 SF 소설의 전통을 따른 1인칭 퍼즐 게임입니다. 시리어스 샘을 개발한 크로팀에서 만들었으며, 톰 주버트(FTL, 더 스와퍼)와 조나스 카이라츠(바다는 모든 것을 요구한다.)가 스토리를 작성했습니다. ‖ [Rust] Rust에서의 목표는 오직 하나, 바로 살아남는 것입니다. 섬의 야생 동물, 다른 주민, 환경, 다른 생존자 모두가 여러분의 목숨을 노립니다. 하루 더 살아남을 수 있다면 수단과 방법을 가리지 마세요. ‖ [Inscryption] Inscryption은 검은 잉크로 그려진 카드를 기반으로 한 덱빌딩 로그라이크, 방탈출 퍼즐, 피가 흐르는 심리적 공포 등의 요소가 섞인 여정을 다룹니다. 카드에는 더 어두운 비밀이 새겨져 있습니다…",Escape If You Can,"어드벤처, 캐주얼, 인디, 시뮬레이션, 전략","책장들의 고요한 미로에 갇힌 채, 탈출할 수 있는 건 오직 네 지혜뿐이다. 미로가 너를 삼키기 전에 퍼즐을 풀어라.",,,
B0071,A14,Iron Brigade / Ancient Planet Tower Defense / Creeper World IXE,"액션, 전략 / 캐주얼, 인디, 전략 / 액션, 캐주얼, 인디, 시뮬레이션, 전략","[Iron Brigade] Join The Mobile Trench Brigade and protect humanity from the evil Monovision menace! ‖ [Ancient Planet Tower Defense] 고대 행성 타워 디펜스는 정통 타워 디펜스 게임입니다. 고대 문명의 요새가 외계 침략자들로부터 침략당했습니다. 고대의 강력한 기술을 사용하여 적군의 공격을 물리치십시오! ‖ [Creeper World IXE] The unstoppable alien force known as The Creeper has returned, devouring thousands of worlds in its path, and yours is next. Battle against the Creeper fluid in a groundbreaking pi",Inbound UFO,"액션, 인디, 시뮬레이션, 전략","With a style inspired by the RTS games from early 2000's, a new tower defense combines in a unique way action, tactics, replay value and fun. They are here! Choose your targets, upgrade, replay, discover your enemies and your tactical skills.",,,
B0072,A33,Garry's Mod / Team Fortress 2 / Left 4 Dead 2,"캐주얼, 인디, 시뮬레이션 / 액션, 무료 플레이 / 액션","[Garry's Mod] Garry's Mod is a physics sandbox. There aren't any predefined aims or goals. We give you the tools and leave you to play. ‖ [Team Fortress 2] 다양한 전술적 능력과 뚜렷한 개성을 갖춘 9가지 병과의 캐릭터를 플레이하세요. 끊임없이 업데이트되는 새로운 게임 모드, 맵, 장비 그리고 가장 중요한 모자까지 지금 바로 즐겨보세요! ‖ [Left 4 Dead 2] Set in the zombie apocalypse, Left 4 Dead 2 is a co-operative action horror FPS takes you and your friends through the cities, swamps and cemeteries of the Deep South, from Savanna",Wee Tanks!,"액션, 캐주얼, 인디, 전략",폭발. 탱크. 보스. 그리고 더 많은 폭발. 당신은 많이 죽을 것입니다. 친구들과 함께. 수백 개의 맵. 붐.,,,
B0073,A27,The Raven Remastered / The Frostrune / Mad Experiments: Escape Room,"어드벤처 / 어드벤처 / 어드벤처, 캐주얼, 인디, 시뮬레이션, 전략","[The Raven Remastered] London, 1964. An ancient ruby is stolen from the British Museum. At the crime scene: a raven feather. Is somebody trying to follow in the footsteps of The Raven, the legendary mast ‖ [The Frostrune] Unravel a mystery inspired by Viking myth and legend in The Frostrune, a classic point-and-click adventure based on historically accurate Norse culture and environments. ‖ [Mad Experiments: Escape Room] 수상 후보에 오른 이스케이프 게임 1인 또는 최대 5인까지 플레이하며 3개의 독특한 방을 탐험하고, 두뇌를 자극하는 퍼즐을 풀며 체셔 교수와 그의 실험에 얽힌 어두운 비밀을 밝혀보세요.",古き薔薇の館 Old Rose Mansion,어드벤처,Escape game from a classic mansion,,,
B0074,A02,Still Life / Jenny LeClue - Detectivu / Telling Lies,"어드벤처 / 액션, 어드벤처, 캐주얼, 인디 / 어드벤처, 인디, 시뮬레이션",[Still Life] Still Life 2 also now available! ‖ [Jenny LeClue - Detectivu] Jenny LeClue - Detectivu는 조사와 선택지로 가득한 스릴 넘치는 미스터리 어드벤처 게임입니다. ‖ [Telling Lies] 네 명의 삶. 그리고 하나의 큰 거짓말. 아무도 모르게 녹화된 은밀한 대화를 들으며 진실을 알아내십시오. 큰 호평을 받았던 Her Story의 계승작입니다.,The Matriarch,캐주얼,모두가 사기꾼인 사악한 수녀원에서 Hide & Seek를 플레이하세요.,,,
B0075,A17,Lethal Company / Phasmophobia / Deep Rock Galactic,"액션, 어드벤처, 인디, 앞서 해보기 / 액션, 인디, 앞서 해보기 / 액션","[Lethal Company] A co-op horror about scavenging at abandoned moons to sell scrap to the Company. ‖ [Phasmophobia] Phasmophobia is a 4 player online co-op psychological horror. Paranormal activity is on the rise and it’s up to you and your team to use all the ghost-hunting equipment at your dis ‖ [Deep Rock Galactic] 딥 락 갤럭틱은 1-4인의 플레이어가 협동하는 FPS 게임으로, 상남자 우주 드워프, 100% 파괴 가능한 맵 환경, 절차적 생성 동굴 지형, 그리고 끊임없이 등장하는 외계 괴물 무리가 특징입니다.",DARK SOULS™ III,액션,"장르를 새로 개척했다는 평가를 들으며 많은 좋은 평가들을 얻고 있는 다크 소울 시리즈는 계속해서 한계를 넘어서, 더욱 야심찬 단계에 도전하고자 하고 있습니다. 준비를 하고 어둠을 밝히십시오!",,,
B0076,A06,Cities: Skylines / Factorio / Farming Simulator 22,"시뮬레이션, 전략 / 캐주얼, 인디, 시뮬레이션, 전략 / 시뮬레이션","[Cities: Skylines] Cities: Skylines is a modern take on the classic city simulation. The game introduces new game play elements to realize the thrill and hardships of creating and maintaining a real  ‖ [Factorio] Factorio는 무한한 2D 세상에서 복잡성이 증가하는 아이템을 생산하기 위해 자동화 공장을 만드는 게임입니다. - 당신의 상상력으로 공장을 설계, 독창적인 방법으로 간단한 요소를 결합하고 마지막엔 당신을 좋아하지 않는 생물들로 부터 공장을 지키세요. ‖ [Farming Simulator 22] 농장을 만들고 농사를 즐기세요! 작물을 수확하고, 동물을 돌보고, 생산을 관리하고, 계절에 따른 어려움을 이겨내세요.",Pocket City 2,"캐주얼, 인디, 시뮬레이션, 전략","도시 건설 게임에 색다른 요소! 직접 도시를 경험하세요. 도로, 구역, 인프라를 계획하고 경제를 성장시키며 자원을 관리하고 특수 건물을 해제하세요. 이벤트를 개최하고 대규모 프로젝트를 건설하며 도시의 번영을 지켜보세요.",,,
B0077,A14,Iron Brigade / Ancient Planet Tower Defense / Creeper World IXE,"액션, 전략 / 캐주얼, 인디, 전략 / 액션, 캐주얼, 인디, 시뮬레이션, 전략","[Iron Brigade] Join The Mobile Trench Brigade and protect humanity from the evil Monovision menace! ‖ [Ancient Planet Tower Defense] 고대 행성 타워 디펜스는 정통 타워 디펜스 게임입니다. 고대 문명의 요새가 외계 침략자들로부터 침략당했습니다. 고대의 강력한 기술을 사용하여 적군의 공격을 물리치십시오! ‖ [Creeper World IXE] The unstoppable alien force known as The Creeper has returned, devouring thousands of worlds in its path, and yours is next. Battle against the Creeper fluid in a groundbreaking pi",Tower Defense Ultimate: Crashfall Protocol,"액션, 인디, 전략","Defend your base against relentless alien waves in a sci-fi tower defense strategy game. Build deadly kill zones, unlock new towers and special abilities, and adapt your loadout to survive escalating assaults across a hostile campaign.",,,
B0078,A09,Roots of Yggdrasil / Ancient Gods / Flick Shot Rogues,"인디, 전략 / RPG, 전략 / 인디, 전략","[Roots of Yggdrasil] Build settlements, explore the Nine Realms, collect artifacts and upgrade your deck to reach the top of Yggdrasil in this post-Ragnarok roguelike city-builder! Can you survive the  ‖ [Ancient Gods] Ancient Gods is a fusion of hero collector and deck-building rogue-lite where you collect your character, fight, and experience exciting events. Any character can use all the cards ‖ [Flick Shot Rogues] 계획하고, 조준하고, 쏘세요! FLICK SHOT ROGUES는 테이블 위에서 물건을 튕기는 촉각적 만족감과 사람들이 좋아하는 턴제 로그라이크의 전략적 깊이를 결합한 게임입니다. 말도 안되는 콤보를 연결하고, 캐릭터, 아이템, 스킬을 잠금 해제하면서, 섬을 정복하세요!",Beneath Oresa,"인디, RPG, 전략","전투 로그라이크 덱 빌딩 Beneath Oresa. 적들과 마주하기 위해 도시의 깊숙한 곳으로 내려가세요. 전략가로서 카드, 업그레이드, 아티팩트를 현명하게 선택하세요. 투사로서는 적들의 위치를 여러분의 이점으로 삼으세요.",,,
B0079,A05,Opus Magnum,"인디, 시뮬레이션","[Opus Magnum] Opus Magnum은 SpaceChem, Infinifactory, SHENZHEN I/O를 제작한 Zachtronics의 신작 퍼즐게임입니다. 연금술사들의 최첨단 도구인 변성 기관을 이용해 물약과 독을 만들어내는 기계들을 설계하고 만들어 내세요!",Juno: New Origins,"인디, 시뮬레이션","Bring to life anything you can imagine from rockets and airplanes to cars and more. Automate them with a visual programming language. Explore 3D planets and make your own. Share your creations online. Complete contracts, conquer milestones, and unlock technology in the newly added Career Mode.",,,
B0080,A08,Sid Meier’s Civilization® VI / XCOM® 2 / Stellaris,"전략 / 전략 / 시뮬레이션, 전략","[Sid Meier’s Civilization® VI] 문명 VI 에서는 새로운 방식으로 세상과 소통하고, 제국의 영토를 확장시키며, 문화를 발전시키고, 역사속 위대한 지도자들에 맞서 오래도록 지속될 나만의 문명을 건설해볼 수 있습니다. 클레오파트라를 비롯한 20명의 역사 속 지도자들 중 한명으로 플레이 해보세요. ‖ [XCOM® 2] XCOM 2는 수상 경력이 있는 전략 게임 XCOM: Enemy Unknown의 속편입니다. 인류가 외계인 침략군에게 항복한 지 20년, 이제 지구 상에는 새로운 세계 질서가 존재합니다. 수년간을 어둠 속에서 숨어 있었던 XCOM 부대는 반드시 일어나 외계인의 지배를 무너뜨릴 것입니다. ‖ [Stellaris] 항성간 여행을 통해 우주를 탐험하며 수많은 종족들도 만나보세요. 과학선을 보내 우주를 조사하고 탐험하면서 은하 제국을 건설하고, 건축선을 보내 새로 발견한 행성에 기지를 건설하세요. 소속 사회를 위한 탐험에 나서 매장된 보물과 은하계의 경이를 발견하고, 탐험가의 한계치와 진화 범위를 설정하세요. 동맹이 체결되고, 전쟁이 ",Void Marauders,"인디, 전략",Lead a band of space pirates and loot and pillage your way across the stars in this turn based tactical game!,,,
B0081,A23,Vomitoreum / Tales of Kenzera™: ZAU / Shantae: Half-Genie Hero,"액션, 어드벤처, 인디 / 액션, 어드벤처, 인디 / 액션, 어드벤처, 인디","[Vomitoreum] Vomitoreum is an FPS Metroidvania with a focus on atmosphere and horror, inspired by the paintings of Zdzisław Beksiński. ‖ [Tales of Kenzera™: ZAU] 샤먼의 춤을 추세요. 아버지의 영혼을 되찾으세요. Surgent Studios가 제작한 메트로이드바니아 스타일의 어드벤처 게임 Tales of Kenzera™: ZAU에서 죽음의 신과 함께 아름답고 위험한 켄제라의 땅으로 용감하게 모험을 떠나세요. ‖ [Shantae: Half-Genie Hero] Shantae embarks on her first full HD adventure! When a mysterious crime wave sweeps Sequin Land, it’s up to Half-Genie Hero Shantae to save the day! Use Shantae’s devastating Hair-",GIGA WRECKER,"액션, 어드벤처",인간 이상의 존재가 되어 세계 멸망으로부터 인류를 구하세요! 전설적인 개발사 Game Freak이 선사하는 아주 특별한 액션 어드벤처. 주변 세상을 조작하고 사악한 아지트를 산산조각내세요!,,,
B0082,A14,Iron Brigade / Ancient Planet Tower Defense / Creeper World IXE,"액션, 전략 / 캐주얼, 인디, 전략 / 액션, 캐주얼, 인디, 시뮬레이션, 전략","[Iron Brigade] Join The Mobile Trench Brigade and protect humanity from the evil Monovision menace! ‖ [Ancient Planet Tower Defense] 고대 행성 타워 디펜스는 정통 타워 디펜스 게임입니다. 고대 문명의 요새가 외계 침략자들로부터 침략당했습니다. 고대의 강력한 기술을 사용하여 적군의 공격을 물리치십시오! ‖ [Creeper World IXE] The unstoppable alien force known as The Creeper has returned, devouring thousands of worlds in its path, and yours is next. Battle against the Creeper fluid in a groundbreaking pi",Dungeon Warfare 3,"액션, 전략","끝없이 몰려오는 탐욕스러운 모험가들에 맞서, 신비로운 세계를 재건하고 강력한 방어선을 설계하는 궁극의 K-디펜스 게임에 뛰어드십시오! 잃어버린 세계를 되찾고, 치명적인 함정을 배치해 적들을 물리치세요.",,,
B0083,A29,Salt and Sanctuary,"액션, 인디, RPG","[Salt and Sanctuary] 두렵고도 잔혹한 섬의 탐험을 시작합니다… Salt and Sanctuary는 신속하고, 잔인하며, 복잡한 전투 시스템을 지닌 2D RPG입니다. 저주받은 도시의 잊힌 영역이나, 피에 물든 던전이나, 오염된 기념비와 같은 장소를 돌아다니며, 한때 축복을 받았지만 지금은 타락하고 만 영주들을 조우하세요.",Mortal Shell,"액션, RPG","모탈 셸은 산산히 부서진 세계에서 여러분의 정신력과 멘탈 회복력을 테스트하는 무자비하고 심오한 액션 RPG입니다. 당신의 적은 냉혹하고 생존에 필요한 우수한 인지력, 정확성, 본능을 갖추고 있습니다. 잊혀진 용사를 소유하고 독실한 추종자의 숨겨진 성소를 찾아내 가공할만한 적을 상대하십시오.",,,
B0084,A32,Hardspace: Shipbreaker / Hacknet / The Case of the Golden Idol / 방 탈출 시뮬레이터 / shapez 2 - Factory,"시뮬레이션 / 인디, 시뮬레이션 / 어드벤처, 인디 / 어드벤처, 캐주얼, 인디, 시뮬레이션 / 캐주얼, 인디, 시뮬레이션, 전략","[Hardspace: Shipbreaker] Equipped with cutting-edge salvaging tech, carve & slice spaceships to recover valuable materials. Upgrade your gear to take on more lucrative contracts and pay your billion credit ‖ [Hacknet] Hacknet은 터미널 기반의 몰입형 해킹 시뮬레이터입니다. 최근에 사망한, 그러나 언론 보도와는 달리 사고로 사망하지 않은 해커의 지시에 따라 진실을 추척하십시오. ‖ [The Case of the Golden Idol] A new kind of detective game that allows you to think and investigate freely. Discover clues surrounding 12 strange and gruesome deaths and build your own theory. Pick your suspect ‖ [방 탈출 시뮬레이터] Escape Simulator는 단독 또는 온라인 협동 플레이가 가능한 1인칭 퍼즐 게임입니다. 점점 더 많아지는, 고도의 상호 작용이 가능한 방탈출 세트를 탐험하세요. 가구를 옮기고, 모든 것을 집어 들고 검사하고, 냄비를 부수고 자물쇠를 부수세요! 레벨 편집기를 통해 커뮤니티가 만든 방을 지원합니다. ‖ [shapez 2 - Factory] 공장 건설 게임에 빠져들어 보세요. 단 한 가지에 집중하세요. 대규모 우주 공장을 건설하는 것! 방대하게 펼쳐지는 다층 공장과 만족스러운 생산 라인을 무제한으로 설계하세요. 계속해서 어려워지는 자동화 목표를 적의 위협 없이 자신만의 속도로 달성하세요.",Murder Mystery Stories,"어드벤처, 인디","Murder Mystery Stories is a digital detective game featuring 4 unique murder cases. Examine evidence, interrogate witnesses, and uncover the truth. Each case challenges your logic and observation skills in a gripping interactive experience.",,,
B0085,A09,Roots of Yggdrasil / Ancient Gods / Flick Shot Rogues,"인디, 전략 / RPG, 전략 / 인디, 전략","[Roots of Yggdrasil] Build settlements, explore the Nine Realms, collect artifacts and upgrade your deck to reach the top of Yggdrasil in this post-Ragnarok roguelike city-builder! Can you survive the  ‖ [Ancient Gods] Ancient Gods is a fusion of hero collector and deck-building rogue-lite where you collect your character, fight, and experience exciting events. Any character can use all the cards ‖ [Flick Shot Rogues] 계획하고, 조준하고, 쏘세요! FLICK SHOT ROGUES는 테이블 위에서 물건을 튕기는 촉각적 만족감과 사람들이 좋아하는 턴제 로그라이크의 전략적 깊이를 결합한 게임입니다. 말도 안되는 콤보를 연결하고, 캐릭터, 아이템, 스킬을 잠금 해제하면서, 섬을 정복하세요!",TaxingTiles,"캐주얼, 인디, 전략",Shape your realm. Conquer chaos. Unveil mysteries. Deck-building roguelike fun!,,,
B0086,A30,Stardew Valley / Slime Rancher / Raft,"인디, RPG, 시뮬레이션 / 액션, 어드벤처, 인디, 시뮬레이션 / 어드벤처, 인디, 시뮬레이션","[Stardew Valley] You've inherited your grandfather's old farm plot in Stardew Valley. Armed with hand-me-down tools and a few coins, you set out to begin your new life. Can you learn to live off th ‖ [Slime Rancher] 슬라임 랜쳐는 젊고 용감한 랜쳐, 베아트릭스 르뷰가 지구에서 1,000광년 떨어진 '머나먼 평야'에서 슬라임들과 씨름하며 생계를 꾸려나가는 이야기입니다. 긍정적인 마인드와 강인한 의지로 베아트릭스는 진공팩을 사용하여 끊임없이 말랑말랑하게 굴러나오는 슬라임들을 피하며 이름을 알리고, 부자가 되려 합니다. ‖ [Raft] Raft™ throws you and your friends into an epic oceanic adventure! Alone or together, players battle to survive a perilous voyage across a vast sea! Gather debris, scavenge reefs an",My Island,"어드벤처, 캐주얼, 인디, RPG, 시뮬레이션","MyIsland is a relaxed and beautiful survival game,You will drift and survive on the tropical islands, hunt and travel, build houses and development farming, and create your own warm homeland.",,,
B0087,A01,It Takes Two / Overcooked! 2 / What Remains of Edith Finch,"액션, 어드벤처 / 액션, 캐주얼, 인디 / 어드벤처, 인디","[It Takes Two] It Takes Two에서 생애 가장 정신없는 여정을 시작하세요. 친구가 무료로 참가할 수 있게 친구 패스*로 초대하고, 함께 힘을 합쳐서 수많은 유쾌하고 획기적인 게임 플레이 챌린지를 헤쳐나가세요. ‖ [Overcooked! 2] 혼란스러운 요리 액션으로 가득한 Overcooked가 돌아왔습니다! 양파 왕국으로 돌아가는 여행을 떠나세요. 클래식 협동 또는 온라인 플레이에서 셰프 팀을 만들어서 최대 4명까지 플레이하세요. 앞치마를 준비하세요... 다시 세상을 구할 때가 되었습니다! ‖ [What Remains of Edith Finch] What Remains of Edith Finch(워트 리메인스 오브 에디스 핀치)는 워싱턴 주에 있는 어느 가족에 대한 이상한 이야기의 모음입니다. 플레이어는 에디스가 되어 거대한 핀치 가택을 탐사하고, 가족사를 연구하며 이야기를 찾고, 왜 가족 중에서 그녀만 살아남았는지 알아내야 합니다. 각 이야기는 새로운 가족 구성",True Fear: Forsaken Souls Part 2,"어드벤처, 캐주얼",가장 몰입감이 뛰어난 공포 탈출 게임 중 하나의 후속작. 미스터리 아래에 무엇이 숨겨져 있는지 밝혀 보세요!,,,
B0088,A08,Sid Meier’s Civilization® VI / XCOM® 2 / Stellaris,"전략 / 전략 / 시뮬레이션, 전략","[Sid Meier’s Civilization® VI] 문명 VI 에서는 새로운 방식으로 세상과 소통하고, 제국의 영토를 확장시키며, 문화를 발전시키고, 역사속 위대한 지도자들에 맞서 오래도록 지속될 나만의 문명을 건설해볼 수 있습니다. 클레오파트라를 비롯한 20명의 역사 속 지도자들 중 한명으로 플레이 해보세요. ‖ [XCOM® 2] XCOM 2는 수상 경력이 있는 전략 게임 XCOM: Enemy Unknown의 속편입니다. 인류가 외계인 침략군에게 항복한 지 20년, 이제 지구 상에는 새로운 세계 질서가 존재합니다. 수년간을 어둠 속에서 숨어 있었던 XCOM 부대는 반드시 일어나 외계인의 지배를 무너뜨릴 것입니다. ‖ [Stellaris] 항성간 여행을 통해 우주를 탐험하며 수많은 종족들도 만나보세요. 과학선을 보내 우주를 조사하고 탐험하면서 은하 제국을 건설하고, 건축선을 보내 새로 발견한 행성에 기지를 건설하세요. 소속 사회를 위한 탐험에 나서 매장된 보물과 은하계의 경이를 발견하고, 탐험가의 한계치와 진화 범위를 설정하세요. 동맹이 체결되고, 전쟁이 ",UFO: Afterlight,"인디, 전략","The story is situated on Mars. It starts where UFO: Aftermath left off and runs simultaneously with UFO: Aftershock. While the Laputans on Earth are fighting Wargots and Starghosts and finding out what caused the destruction of their home planet, a small colony on Mars is trying to survive and flour",,,
B0089,A35,Project Zomboid / Don't Starve / The Forest,"인디, RPG, 시뮬레이션, 앞서 해보기 / 어드벤처, 인디, 시뮬레이션 / 액션, 어드벤처, 인디, 시뮬레이션","[Project Zomboid] Project Zomboid is the ultimate in zombie survival. Alone or in MP: you loot, build, craft, fight, farm and fish in a struggle to survive. A hardcore RPG skillset, a vast map, mass ‖ [Don't Starve] Don’t Starve is an uncompromising wilderness survival game full of science and magic. Enter a strange and unexplored world full of strange creatures, dangers, and surprises. Gather ‖ [The Forest] As the lone survivor of a passenger jet crash, you find yourself in a mysterious forest battling to stay alive against a society of cannibalistic mutants. Build, explore, survive i",Rust,"액션, 어드벤처, 인디, 대규모 멀티플레이어, RPG","Rust에서의 목표는 오직 하나, 바로 살아남는 것입니다. 섬의 야생 동물, 다른 주민, 환경, 다른 생존자 모두가 여러분의 목숨을 노립니다. 하루 더 살아남을 수 있다면 수단과 방법을 가리지 마세요.",,,
B0090,A27,The Raven Remastered / The Frostrune / Mad Experiments: Escape Room,"어드벤처 / 어드벤처 / 어드벤처, 캐주얼, 인디, 시뮬레이션, 전략","[The Raven Remastered] London, 1964. An ancient ruby is stolen from the British Museum. At the crime scene: a raven feather. Is somebody trying to follow in the footsteps of The Raven, the legendary mast ‖ [The Frostrune] Unravel a mystery inspired by Viking myth and legend in The Frostrune, a classic point-and-click adventure based on historically accurate Norse culture and environments. ‖ [Mad Experiments: Escape Room] 수상 후보에 오른 이스케이프 게임 1인 또는 최대 5인까지 플레이하며 3개의 독특한 방을 탐험하고, 두뇌를 자극하는 퍼즐을 풀며 체셔 교수와 그의 실험에 얽힌 어두운 비밀을 밝혀보세요.",The Inheritance of Crimson Manor,"어드벤처, 인디","수수께끼의 철도 거물 Hadley Strangre의 마지막 의지 집행자로 플레이하는 내러티브 공포, 비밀 및 신비한 기계 퍼즐이있는이 1 인칭 퍼즐 및 탐험 게임에서 어두운 비밀이있는 아름답고 수수께끼의 빅토리아 저택을 탐험하세요.",,,
B0091,A31,Hearts of Iron IV / Europa Universalis IV / Sid Meier's Civilization® V,"시뮬레이션, 전략 / 시뮬레이션, 전략 / 전략","[Hearts of Iron IV] Victory is at your fingertips! Your ability to lead your nation is your supreme weapon, the strategy game Hearts of Iron IV lets you take command of any nation in World War II; the ‖ [Europa Universalis IV] 비교할 수 없는 자유도, 깊이 있는 스토리, 정확한 역사적 고증을 즐기며 국토를 다스리고 세계를 정복하세요. 세계 역사를 새롭게 쓰며 시대를 풍미할 제국을 만드세요. ‖ [Sid Meier's Civilization® V] Create, discover, and download new player-created maps, scenarios, interfaces, and more!",Realpolitiks II,"인디, 시뮬레이션, 전략","Lead your people to glory and write a new chapter of history in Realpolitiks II, a real-time grand strategy game where you lead any contemporary nation in an attempt to secure world dominance.",,,
B0092,A05,Opus Magnum,"인디, 시뮬레이션","[Opus Magnum] Opus Magnum은 SpaceChem, Infinifactory, SHENZHEN I/O를 제작한 Zachtronics의 신작 퍼즐게임입니다. 연금술사들의 최첨단 도구인 변성 기관을 이용해 물약과 독을 만들어내는 기계들을 설계하고 만들어 내세요!",Center Station Simulator,"인디, 시뮬레이션, 앞서 해보기","무한한 지하실에서 채굴하고, 농사를 짓고, 부품을 생산하고, 다양한 기계를 제작하세요. 자동화 덕분에 원시적인 작업은 잊으세요! 그리고 고객에게 제품을 판매하세요! 주차장, 주유소를 건설하세요...",,,
B0093,A34,Pid / ChromaGun / Deer & Boy,"어드벤처, 인디 / 액션, 어드벤처, 인디 / 액션, 어드벤처, 인디","[Pid] You are stranded on a strange and peculiar planet. It’s time to embark on your journey and find your way home! Explore a gravity defying and challenging platformer with striking vi ‖ [ChromaGun] Welcome to ChromaTec’s test lab! You’re here to test our state-of-the-art military-grade color-technology: The ChromaGun (patent pending)! Use it to solve our meticulously designed ‖ [Deer & Boy] 도망친 소년은 길 잃은 어린 사슴을 만나 고요하면서도 위태로운 세상을 함께 헤쳐 나갑니다. 퍼즐을 풀고, 높은 곳에 오르고, 위협을 피해 나아가며 당신의 동료는 연약한 아기 사슴에서 어엿한 사슴으로 성장하죠. 혼자서는 할 수 없었던 일을 함께 해내는 법을 배우게 됩니다.",Lab Rat,인디,"통계에 집착하는 인공지능이 100개가 넘는 장르를 넘나드는 퍼즐을 풀어나가는 동안 당신을 모니터링하고, 프로파일링하고, 즐겁게 해 줄 것입니다. 이 유쾌하고 풍자적인 어드벤처를 경험해 보세요.",,,
B0094,A12,Baldur's Gate 3 / Mount & Blade II: Bannerlord / Kenshi,"어드벤처, RPG, 전략 / 액션, 인디, RPG, 시뮬레이션, 전략 / 액션, 인디, RPG, 시뮬레이션, 전략","[Baldur's Gate 3] Baldur’s Gate 3 is a story-rich, party-based RPG set in the universe of Dungeons & Dragons, where your choices shape a tale of fellowship and betrayal, survival and sacrifice, and  ‖ [Mount & Blade II: Bannerlord] 본 게임은 전략/액션 RPG입니다. 캐릭터를 생성하고, 외교에 참여하고, 제작, 거래를 하고, 방대한 중세풍의 샌드박스에서 새로운 땅을 정복하십시오. 군대를 일으켜 전쟁에 뛰어들고, 깊이가 있으나 직관적인 실력 기반의 전투 시스템을 채용한 대규모 실시간 전투에서 자신의 부대에 명령을 내리고 함께 싸우십시오. ‖ [Kenshi] 자유롭게 돌아다니는 분대 기반의 RPG. 스토리를 따라가는 대신 제한 없는 샌드박스식 게임플레이에 중점을 두었습니다. 무역상, 도둑, 반란군, 전쟁 군주, 모험가, 농부, 노예 등 다양한 삶을 체험할 수 있습니다. 운이 나쁘면 식인종의 먹잇감으로 전락할지도 모르죠. 새로운 장비를 연구하거나 제작해 보세요.",Bellwright,"액션, RPG, 시뮬레이션, 전략, 앞서 해보기",자신만의 정착지를 건설하고 영토를 확장하여 땅을 해방시키고 주민들을 도와주세요. 과거의 삶에 대해 더 배우는 한편 다른 사람들을 당신의 대의에 끌어들여 동참시키세요. 군대를 지휘하고 전투를 통해 용맹함을 증명하며 국민의 영웅으로 자리 잡으세요.,,,
B0095,A09,Roots of Yggdrasil / Ancient Gods / Flick Shot Rogues,"인디, 전략 / RPG, 전략 / 인디, 전략","[Roots of Yggdrasil] Build settlements, explore the Nine Realms, collect artifacts and upgrade your deck to reach the top of Yggdrasil in this post-Ragnarok roguelike city-builder! Can you survive the  ‖ [Ancient Gods] Ancient Gods is a fusion of hero collector and deck-building rogue-lite where you collect your character, fight, and experience exciting events. Any character can use all the cards ‖ [Flick Shot Rogues] 계획하고, 조준하고, 쏘세요! FLICK SHOT ROGUES는 테이블 위에서 물건을 튕기는 촉각적 만족감과 사람들이 좋아하는 턴제 로그라이크의 전략적 깊이를 결합한 게임입니다. 말도 안되는 콤보를 연결하고, 캐릭터, 아이템, 스킬을 잠금 해제하면서, 섬을 정복하세요!",Void Tyrant,"RPG, 전략","Collect an intergalactic bounty of eccentric allies and deadly weapons, explore vibrant planets, and engage in risky turn-based battles to restore the Eyes of Chronos and save the galaxy in this strategic roguelike deckbuilder!",,,
B0096,A17,Lethal Company / Phasmophobia / Deep Rock Galactic,"액션, 어드벤처, 인디, 앞서 해보기 / 액션, 인디, 앞서 해보기 / 액션","[Lethal Company] A co-op horror about scavenging at abandoned moons to sell scrap to the Company. ‖ [Phasmophobia] Phasmophobia is a 4 player online co-op psychological horror. Paranormal activity is on the rise and it’s up to you and your team to use all the ghost-hunting equipment at your dis ‖ [Deep Rock Galactic] 딥 락 갤럭틱은 1-4인의 플레이어가 협동하는 FPS 게임으로, 상남자 우주 드워프, 100% 파괴 가능한 맵 환경, 절차적 생성 동굴 지형, 그리고 끊임없이 등장하는 외계 괴물 무리가 특징입니다.",Dark Hours,"액션, 어드벤처","Dark Hours는 1~4명이 즐기는 협동 생존 공포 게임으로, 여러분은 귀중품을 훔치던 와중 알 수 없는 초자연적인 현상으로 인해 사악한 존재와 한 공간에 갇히게 되었습니다. 이제 최우선 목표는 살아남는 것입니다. 곳곳을 탐색하고 팀원과 힘을 합쳐 탈출구를 찾으십시오.",,,
B0097,A24,Valheim / Grounded / My Time at Portia,"액션, 어드벤처, 인디, RPG, 앞서 해보기 / 액션, 어드벤처 / 어드벤처, 캐주얼, 인디, RPG, 시뮬레이션","[Valheim] 북구 신화와 바이킹 문화에 기반한 판타지 세계를 배경으로 펼쳐지는 생존 및 탐험 게임. ‖ [Grounded] The world is a vast, beautiful and dangerous place – especially when you have been shrunk to the size of an ant. Can you thrive alongside the hordes of giant insects, fighting to s ‖ [My Time at Portia] 아름다운 Portia 마을에서 새 삶을 시작하세요! 아버지가 방치한 작업장에서 제작을 부탁받고, 작물을 키우고, 가축을 기르고, 아름다운 세기말의 땅에서 특이한 친구들을 사귀며 작업장을 예전의 멋진 모습으로 복원하세요.",皓际大冒险,"어드벤처, 캐주얼, 인디, 앞서 해보기","You suddenly enter a whole new world empty-handed. Start a whole new adventure all your own. Farming, fishing, building, cooking, alchemy and living a quiet life. Or is it fighting monsters, learning skills, building equipment and discovering the world's hidden secrets? Or maybe I want them all.",,,
B0098,A34,Pid / ChromaGun / Deer & Boy,"어드벤처, 인디 / 액션, 어드벤처, 인디 / 액션, 어드벤처, 인디","[Pid] You are stranded on a strange and peculiar planet. It’s time to embark on your journey and find your way home! Explore a gravity defying and challenging platformer with striking vi ‖ [ChromaGun] Welcome to ChromaTec’s test lab! You’re here to test our state-of-the-art military-grade color-technology: The ChromaGun (patent pending)! Use it to solve our meticulously designed ‖ [Deer & Boy] 도망친 소년은 길 잃은 어린 사슴을 만나 고요하면서도 위태로운 세상을 함께 헤쳐 나갑니다. 퍼즐을 풀고, 높은 곳에 오르고, 위협을 피해 나아가며 당신의 동료는 연약한 아기 사슴에서 어엿한 사슴으로 성장하죠. 혼자서는 할 수 없었던 일을 함께 해내는 법을 배우게 됩니다.",Mimpi Dreams,"어드벤처, 인디","Mimpi가 가는 길의 모든 것에 오줌을 누어 친구들을 구하도록 그를 도우십시오! 아니요, 심각하게, 이 게임에서 체크포인트에 오줌을 누어 Mimpi의 진행 상황을 저장할 수 있습니다. 꿈을 맞추는 6개의 다른 레벨을 통한 플랫폼에서 이 개 모험을 꿈꿉니다. 이 비현실에서 편히 지내고, 캐주얼한 그림은 생생하게 나옵니다.",,,
B0099,A05,Opus Magnum,"인디, 시뮬레이션","[Opus Magnum] Opus Magnum은 SpaceChem, Infinifactory, SHENZHEN I/O를 제작한 Zachtronics의 신작 퍼즐게임입니다. 연금술사들의 최첨단 도구인 변성 기관을 이용해 물약과 독을 만들어내는 기계들을 설계하고 만들어 내세요!",Zenge,"캐주얼, 인디","멋진 미술과 음악을 통해 이언의 이야기를 들려주는, 마음을 느긋하게 해주는 퍼즐 게임입니다.",,,
B0100,A17,Lethal Company / Phasmophobia / Deep Rock Galactic,"액션, 어드벤처, 인디, 앞서 해보기 / 액션, 인디, 앞서 해보기 / 액션","[Lethal Company] A co-op horror about scavenging at abandoned moons to sell scrap to the Company. ‖ [Phasmophobia] Phasmophobia is a 4 player online co-op psychological horror. Paranormal activity is on the rise and it’s up to you and your team to use all the ghost-hunting equipment at your dis ‖ [Deep Rock Galactic] 딥 락 갤럭틱은 1-4인의 플레이어가 협동하는 FPS 게임으로, 상남자 우주 드워프, 100% 파괴 가능한 맵 환경, 절차적 생성 동굴 지형, 그리고 끊임없이 등장하는 외계 괴물 무리가 특징입니다.",Forsake: Urban horror,인디,"Forsake is a 1 to 4 player co-op online survival horror game where each player is a member of an urban explorer group. Choose your equipment to explore places full of paranormal and exorcise them, if you think you can handle it!",,,
B0101,A27,The Raven Remastered / The Frostrune / Mad Experiments: Escape Room,"어드벤처 / 어드벤처 / 어드벤처, 캐주얼, 인디, 시뮬레이션, 전략","[The Raven Remastered] London, 1964. An ancient ruby is stolen from the British Museum. At the crime scene: a raven feather. Is somebody trying to follow in the footsteps of The Raven, the legendary mast ‖ [The Frostrune] Unravel a mystery inspired by Viking myth and legend in The Frostrune, a classic point-and-click adventure based on historically accurate Norse culture and environments. ‖ [Mad Experiments: Escape Room] 수상 후보에 오른 이스케이프 게임 1인 또는 최대 5인까지 플레이하며 3개의 독특한 방을 탐험하고, 두뇌를 자극하는 퍼즐을 풀며 체셔 교수와 그의 실험에 얽힌 어두운 비밀을 밝혀보세요.",The Eyes of Ara,"어드벤처, 캐주얼, 인디, RPG, 전략, 무료 플레이","화려한 3D 환경에 펼쳐지는 숨가쁘게 진행되는 퍼즐 모험에 빠져보세요. 비밀 금고와 숨겨진 방들에 수수께끼로 가득한 대규모 고대 성을 탐험해야 합니다. 정교한 퍼즐을 풀고, 사라진 보물을 찾아내고, 과학과 마법이 연결된 미스터리를 파헤치세요.",,,
B0102,A14,Iron Brigade / Ancient Planet Tower Defense / Creeper World IXE,"액션, 전략 / 캐주얼, 인디, 전략 / 액션, 캐주얼, 인디, 시뮬레이션, 전략","[Iron Brigade] Join The Mobile Trench Brigade and protect humanity from the evil Monovision menace! ‖ [Ancient Planet Tower Defense] 고대 행성 타워 디펜스는 정통 타워 디펜스 게임입니다. 고대 문명의 요새가 외계 침략자들로부터 침략당했습니다. 고대의 강력한 기술을 사용하여 적군의 공격을 물리치십시오! ‖ [Creeper World IXE] The unstoppable alien force known as The Creeper has returned, devouring thousands of worlds in its path, and yours is next. Battle against the Creeper fluid in a groundbreaking pi",Bloons TD 5,"액션, 전략","Five-star tower defense with unrivaled depth and replayability. The Bloons are back in full HD glory and this time they mean business! Build awesome towers, choose your favorite upgrades, hire new Special Agents, and pop every last invading Bloon in the most popular tower defense series in history.",,,
B0103,A12,Baldur's Gate 3 / Mount & Blade II: Bannerlord / Kenshi,"어드벤처, RPG, 전략 / 액션, 인디, RPG, 시뮬레이션, 전략 / 액션, 인디, RPG, 시뮬레이션, 전략","[Baldur's Gate 3] Baldur’s Gate 3 is a story-rich, party-based RPG set in the universe of Dungeons & Dragons, where your choices shape a tale of fellowship and betrayal, survival and sacrifice, and  ‖ [Mount & Blade II: Bannerlord] 본 게임은 전략/액션 RPG입니다. 캐릭터를 생성하고, 외교에 참여하고, 제작, 거래를 하고, 방대한 중세풍의 샌드박스에서 새로운 땅을 정복하십시오. 군대를 일으켜 전쟁에 뛰어들고, 깊이가 있으나 직관적인 실력 기반의 전투 시스템을 채용한 대규모 실시간 전투에서 자신의 부대에 명령을 내리고 함께 싸우십시오. ‖ [Kenshi] 자유롭게 돌아다니는 분대 기반의 RPG. 스토리를 따라가는 대신 제한 없는 샌드박스식 게임플레이에 중점을 두었습니다. 무역상, 도둑, 반란군, 전쟁 군주, 모험가, 농부, 노예 등 다양한 삶을 체험할 수 있습니다. 운이 나쁘면 식인종의 먹잇감으로 전락할지도 모르죠. 새로운 장비를 연구하거나 제작해 보세요.",Popup Dungeon,"인디, RPG, 전략","A tactical roguelike RPG inspired by our favorite tabletop games that lets you create any ability, item, villain, hero, and game imaginable.",,,
B0104,A14,Iron Brigade / Ancient Planet Tower Defense / Creeper World IXE,"액션, 전략 / 캐주얼, 인디, 전략 / 액션, 캐주얼, 인디, 시뮬레이션, 전략","[Iron Brigade] Join The Mobile Trench Brigade and protect humanity from the evil Monovision menace! ‖ [Ancient Planet Tower Defense] 고대 행성 타워 디펜스는 정통 타워 디펜스 게임입니다. 고대 문명의 요새가 외계 침략자들로부터 침략당했습니다. 고대의 강력한 기술을 사용하여 적군의 공격을 물리치십시오! ‖ [Creeper World IXE] The unstoppable alien force known as The Creeper has returned, devouring thousands of worlds in its path, and yours is next. Battle against the Creeper fluid in a groundbreaking pi",Crush Your Enemies,"액션, 인디, 전략","Go back to the awesome glory days of Real-Time Strategy games. Crush Your Enemies has everything you love of the genre: Planning, choosing different types of units, managing resources, taking enemy territory and outwitting your opponent with the ingenious formations of your men.",,,
B0105,A13,Death's Door / Children of Morta / Roboquest / Spelunky 2 / Nuclear Throne / Streets of Rogue / Neon Abyss / Curse of the Dead Gods / Rogue Legacy 2 / Have a Nice Death,"액션, 어드벤처, 인디, RPG / 액션, 어드벤처, 인디, RPG / 액션, 인디 / 액션, 인디 / 액션, 인디, RPG / 액션, 어드벤처, 인디, RPG / 액션, 어드벤처, 인디, RPG / 액션, 어드벤처 / 액션, 어드벤처, 인디, RPG / 액션, 인디","[Death's Door] 죽은 자의 영혼을 수확하고 시간을 끝내는 것은 단조로울 수 있지만 까마귀에겐 평범한 일입니다. 하지만 주어진 영혼을 도둑맞게 되면 변화가 일어납니다. 영혼을 도난하고 죽음의 손길이 닿지 않는 영역으로 도망친 절망적인 도둑을 추적하십시오. ‖ [Children of Morta] Children of Morta는 비범한 가족 영웅에 대한 스토리 중심의 액션 RPG 게임입니다. 다가오는 부패에 맞서 모든 결함과 미덕을 갖춘 베르그송 가를 이끄세요. 여러분은 여러분이 아끼는 사람들을 구하기 위해 모든 것을 희생할 수 있으신가요? ‖ [Roboquest] 로보퀘스트는 멸망한 미래 세계의 빠른 FPS 로그라이트입니다. 당신은 재부팅된 수호자로, 강철 궁둥짝을 걷어 찰 준비를 하세요! 혼자서 혹은 친구와 함께 맞서거나 끊임없이 변화하는 환경에서 치명적인 로봇 군단을 섬멸하세요. ‖ [Spelunky 2] Spelunky 2 builds upon the unique, randomized challenges that made the original a roguelike classic, offering a huge adventure designed to satisfy players old and new. Meet the nex ‖ [Nuclear Throne] Nuclear Throne은 포스트 아포칼립스 세계관의 로그라이크 스타일 탑다운 슈터입니다. 여기서 말하는 포스트 아포칼립스는 '인류의 마지막 희망'이 남아 있는 세계가 아니라, '인류는 멸종했고 이제 돌연변이와 괴물들이 세상을 돌아다니는' 그런 세계입니다. 과연 당신은 뉴클리어 쓰론에 도달할 수 있을까요? ‖ [Streets of Rogue] 싸워서 몰래 들어가 임의 생성된 도시를 공격하세요. Nuclear Throne은 무법천지 GTA와 Deus Ex가 혼합된 형태입니다. Rogue-lite가 몰입도 높은 캐릭터를 만나 너무 재미있습니다. ‖ [Neon Abyss] Neon Abyss는 고속의 로그라이크 액션 플랫포머로, 하데스가 만든 '그림 스쿼드'의 일원이 되어 어비스로 총을 들고 뛰어드는 런 앤 건 게임입니다. 무한한 아이템 시너지와 던전 진화 시스템으로, 매번 게임을 할 때마다 다른 경험과 새로운 도전이 등장합니다. 진짜 지옥을 보여주세요! ‖ [Curse of the Dead Gods] 엄청난 부, 영원한 생명, 신성한 힘을 탐하는 마음이 당신을 끝없는 지옥 속의 미로, 치명적인 함정 및 몬스터가 우글거리는 이 저주받은 사원으로 이끌었습니다. ‖ [Rogue Legacy 2] 로그 레거시 2는 로그 레거시에 후속편을 끼얹은 작품입니다. 당신이 죽을 때마다 자식이 가업을 이어받습니다. 딸은 색맹 궁수이고 아들은 평화주의자 요리사일 수도 있죠. 어쨌거나 둘 중 한 명은 전장으로 나가야 합니다. ‖ [Have a Nice Death] Have a Nice Death는 과로에 고생하는 데스가 되어 플레이하는 2D 액션 로그라이크로, 통제 불능인 직원들 때문에 영혼의 균형과 데스의 휴가 계획이 틀어지고 말았습니다. 질서를 회복하려면 대낫을 들고 직원들과 서열 정리를 해야 합니다.",Sekiro™: Shadows Die Twice - GOTY Edition,"액션, 어드벤처",Dark Souls 시리즈를 개발한 FromSoftware의 새로운 어드벤처에서 복수를 향한 자신만의 길을 개척해보십시오. 복수하십시오. 명예를 회복하십시오. 무사답게 싸우십시오.,,,
B0106,A03,Balatro / Hades / Vampire Survivors,"캐주얼, 인디, 전략 / 액션, 인디, RPG / 액션, 캐주얼, 인디, RPG","[Balatro] 포커 로그라이크 게임. Balatro는 불법 포커 패로 게임을 하고, 판을 뒤엎는 조커를 발견하고, 아드레날린이 치솟는 강력한 콤보를 만드는 덱 빌딩 게임입니다. ‖ [Hades] Bastion, Transistor, Pyre의 제작사에서 선보이는 이 로그라이크 던전 탐색형 게임에서 핵 앤 슬래시로 지하 세계를 탈출하고 죽음의 신에게 도전하세요. ‖ [Vampire Survivors] 수많은 어둠의 피조물을 쓰러뜨리며 새벽이 올 때까지 생존하세요! Vampire Survivors는 로그라이트 요소를 갖춘 고딕 호러 케주얼 게임입니다. 당신의 선택으로 순식간에 수백 마리의 괴물이 눈덩이처럼 불어날 수 있죠.",Overdungeon,"액션, 어드벤처, 캐주얼, 인디, RPG, 전략","로그라이크와 타워 디펜스, 그리고 카드 게임을 융합시킨 완전히 새로운 스타일의 액션 카드 게임! 완전히 새로운 스타일의 신감각 리얼타임형 카드 배틀 게임을 즐겨보세요!",,,
B0107,A07,Into the Breach / Monster Train / Mini Metro,"인디, RPG, 시뮬레이션, 전략 / 전략 / 인디, 시뮬레이션, 전략","[Into the Breach] 미래의 강력한 메크를 조종하여 외계 세력을 물리치세요. 이 턴제 전략 게임에서는 세계를 구하려 시도할 때마다 무작위로 새롭게 생성되는 도전이 여러분 앞에 나타납니다. ‖ [Monster Train] Monster Train is a strategic roguelike deck building game with a twist. Set on a train to hell, you’ll use tactical decision making to defend multiple vertical battlegrounds. With  ‖ [Mini Metro] 미니 메트로는 성장하는 도시를 위해 지하철 노선을 설계하는 게임입니다. 역과 역 사이에 노선을 그려서 열차 운행을 시작하세요. 새로운 역이 열리면 노선을 수정해서 노선도를 효율적으로 유지하세요. 한정된 자원을 어느 곳에 사용할 것인지 결정하세요. 도시를 얼마나 오래 유지할 수 있을까요?",Rogue Waters,"액션, 어드벤처, RPG, 전략",Rogue Waters는 해적이 등장하는 전략 턴제 로그라이트 게임입니다. 커터 선장이 되어 특정 규칙에 따라 무작위로 생성되는 교전에서 선박과 선원을 지휘하고 복수를 꾀하세요. 선원을 모집하고 훈련하여 업그레이드하고 강력한 바다 괴물을 소환하여 박진감 넘치는 해상 및 근접 전투에서 승리하세요.,,,
B0108,A25,DOOMBLADE / Transiruby / Blast Brigade vs. the Evil Legion of Dr. Cread,"액션, 어드벤처, 인디 / 액션 / 액션, 어드벤처, 인디","[DOOMBLADE] Deep underground, Gloom Girl discovers DOOMBLADE, a sentient weapon hellbent on escape after eons in chains. Together, “Doom and Gloom” embark on a vengeful quest to unlock the pow ‖ [Transiruby] 차원 대륙의 의문을 풀어라! 는 사이보그 소녀 실비가 검과 엘리먼트 샷으로 적을 쓰러뜨리며 앞으로 나아가는 탐색형 액션 게임입니다! ‖ [Blast Brigade vs. the Evil Legion of Dr. Cread] 스릴 넘치는 플랫포밍과 깊이 있는 탐험 세계, 폭발적인 액션으로 가득한 2D 메트로이드배니아 어드벤처 게임을 즐겨보세요! Blast Brigade에서 영웅들로 팀을 구성해 세계를 구하세요!",Vision Soft Reset,"액션, 어드벤처, 인디",Perceive the future in this time-loop metroidvania.,,,
B0109,A07,Into the Breach / Monster Train / Mini Metro,"인디, RPG, 시뮬레이션, 전략 / 전략 / 인디, 시뮬레이션, 전략","[Into the Breach] 미래의 강력한 메크를 조종하여 외계 세력을 물리치세요. 이 턴제 전략 게임에서는 세계를 구하려 시도할 때마다 무작위로 새롭게 생성되는 도전이 여러분 앞에 나타납니다. ‖ [Monster Train] Monster Train is a strategic roguelike deck building game with a twist. Set on a train to hell, you’ll use tactical decision making to defend multiple vertical battlegrounds. With  ‖ [Mini Metro] 미니 메트로는 성장하는 도시를 위해 지하철 노선을 설계하는 게임입니다. 역과 역 사이에 노선을 그려서 열차 운행을 시작하세요. 새로운 역이 열리면 노선을 수정해서 노선도를 효율적으로 유지하세요. 한정된 자원을 어느 곳에 사용할 것인지 결정하세요. 도시를 얼마나 오래 유지할 수 있을까요?",Runestone Keeper,"캐주얼, 인디, RPG, 전략","Runestone Keeper is a roguelike dungeon crawler that blends classic RPG elements and turn based strategy. Heroes, monsters, equipment, events, magic and skills, traps and devices, shrines and altars, Goddesses and merchants. Choose your weapon and begin an epic adventure!",,,
B0110,A10,A Short Hike / ISLANDERS / Gorogoa,"어드벤처, 인디 / 캐주얼, 인디, 전략 / 어드벤처, 캐주얼, 인디","[A Short Hike] Hike, climb, and soar through the peaceful mountainside landscapes of Hawk Peak Provincial Park as you make your way to the summit. ‖ [ISLANDERS] ISLANDERS is a minimalist strategy game about building cities on colorful islands. ‖ [Gorogoa] Gorogoa(고로고아)는 Jason Roberts가 디자인하고 일러스트레이션을 손으로 그린 아름다운 차세대 퍼즐 게임입니다.",Glass Masquerade 2: Illusions,"캐주얼, 인디",Welcome to the Glass Masquerade sequel - an artistic puzzle game inspired by stained glass artisans and Wonderland depictions of the 20th century. You need to combine hidden glass pieces to solve every riddle and free yourself from a tangled dream.,,,
B0111,A25,DOOMBLADE / Transiruby / Blast Brigade vs. the Evil Legion of Dr. Cread,"액션, 어드벤처, 인디 / 액션 / 액션, 어드벤처, 인디","[DOOMBLADE] Deep underground, Gloom Girl discovers DOOMBLADE, a sentient weapon hellbent on escape after eons in chains. Together, “Doom and Gloom” embark on a vengeful quest to unlock the pow ‖ [Transiruby] 차원 대륙의 의문을 풀어라! 는 사이보그 소녀 실비가 검과 엘리먼트 샷으로 적을 쓰러뜨리며 앞으로 나아가는 탐색형 액션 게임입니다! ‖ [Blast Brigade vs. the Evil Legion of Dr. Cread] 스릴 넘치는 플랫포밍과 깊이 있는 탐험 세계, 폭발적인 액션으로 가득한 2D 메트로이드배니아 어드벤처 게임을 즐겨보세요! Blast Brigade에서 영웅들로 팀을 구성해 세계를 구하세요!",Tribal Hunter,"액션, 캐주얼, 인디",An action platformer with size-changing mechanics. Be quick and nimble or large and in-charge!,,,
B0112,A27,The Raven Remastered / The Frostrune / Mad Experiments: Escape Room,"어드벤처 / 어드벤처 / 어드벤처, 캐주얼, 인디, 시뮬레이션, 전략","[The Raven Remastered] London, 1964. An ancient ruby is stolen from the British Museum. At the crime scene: a raven feather. Is somebody trying to follow in the footsteps of The Raven, the legendary mast ‖ [The Frostrune] Unravel a mystery inspired by Viking myth and legend in The Frostrune, a classic point-and-click adventure based on historically accurate Norse culture and environments. ‖ [Mad Experiments: Escape Room] 수상 후보에 오른 이스케이프 게임 1인 또는 최대 5인까지 플레이하며 3개의 독특한 방을 탐험하고, 두뇌를 자극하는 퍼즐을 풀며 체셔 교수와 그의 실험에 얽힌 어두운 비밀을 밝혀보세요.",The Crimson Diamond,어드벤처,"Follow amateur geologist and reluctant detective Nancy Maple to the ghost town of Crimson, Ontario to investigate the discovery of a massive diamond in this retro-inspired, EGA text parser mystery adventure!",,,
B0113,A35,Project Zomboid / Don't Starve / The Forest,"인디, RPG, 시뮬레이션, 앞서 해보기 / 어드벤처, 인디, 시뮬레이션 / 액션, 어드벤처, 인디, 시뮬레이션","[Project Zomboid] Project Zomboid is the ultimate in zombie survival. Alone or in MP: you loot, build, craft, fight, farm and fish in a struggle to survive. A hardcore RPG skillset, a vast map, mass ‖ [Don't Starve] Don’t Starve is an uncompromising wilderness survival game full of science and magic. Enter a strange and unexplored world full of strange creatures, dangers, and surprises. Gather ‖ [The Forest] As the lone survivor of a passenger jet crash, you find yourself in a mysterious forest battling to stay alive against a society of cannibalistic mutants. Build, explore, survive i",Raft,"어드벤처, 인디, 시뮬레이션","Raft™ throws you and your friends into an epic oceanic adventure! Alone or together, players battle to survive a perilous voyage across a vast sea! Gather debris, scavenge reefs and build your own floating home, but be wary of the man-eating sharks!",,,
B0114,A14,Iron Brigade / Ancient Planet Tower Defense / Creeper World IXE,"액션, 전략 / 캐주얼, 인디, 전략 / 액션, 캐주얼, 인디, 시뮬레이션, 전략","[Iron Brigade] Join The Mobile Trench Brigade and protect humanity from the evil Monovision menace! ‖ [Ancient Planet Tower Defense] 고대 행성 타워 디펜스는 정통 타워 디펜스 게임입니다. 고대 문명의 요새가 외계 침략자들로부터 침략당했습니다. 고대의 강력한 기술을 사용하여 적군의 공격을 물리치십시오! ‖ [Creeper World IXE] The unstoppable alien force known as The Creeper has returned, devouring thousands of worlds in its path, and yours is next. Battle against the Creeper fluid in a groundbreaking pi",Toy Soldiers,"액션, 캐주얼, 시뮬레이션, 전략","Command your TOY SOLDIERS in epic, action-packed battles.",,,
B0115,A06,Cities: Skylines / Factorio / Farming Simulator 22,"시뮬레이션, 전략 / 캐주얼, 인디, 시뮬레이션, 전략 / 시뮬레이션","[Cities: Skylines] Cities: Skylines is a modern take on the classic city simulation. The game introduces new game play elements to realize the thrill and hardships of creating and maintaining a real  ‖ [Factorio] Factorio는 무한한 2D 세상에서 복잡성이 증가하는 아이템을 생산하기 위해 자동화 공장을 만드는 게임입니다. - 당신의 상상력으로 공장을 설계, 독창적인 방법으로 간단한 요소를 결합하고 마지막엔 당신을 좋아하지 않는 생물들로 부터 공장을 지키세요. ‖ [Farming Simulator 22] 농장을 만들고 농사를 즐기세요! 작물을 수확하고, 동물을 돌보고, 생산을 관리하고, 계절에 따른 어려움을 이겨내세요.",Waterpark Simulator,"캐주얼, 인디, 시뮬레이션","Build and run your own waterpark solo or with friends. Design slides, send guests flying with ragdoll physics, manage staff, and fully customize your park. Turn total madness into a diamond five-star empire in this first-person management simulator!",,,
B0116,A29,Salt and Sanctuary,"액션, 인디, RPG","[Salt and Sanctuary] 두렵고도 잔혹한 섬의 탐험을 시작합니다… Salt and Sanctuary는 신속하고, 잔인하며, 복잡한 전투 시스템을 지닌 2D RPG입니다. 저주받은 도시의 잊힌 영역이나, 피에 물든 던전이나, 오염된 기념비와 같은 장소를 돌아다니며, 한때 축복을 받았지만 지금은 타락하고 만 영주들을 조우하세요.",Legend of Dungeon,"액션, 인디, RPG","Legend of Dungeon is a randomly generated action RPG Beat'em'up with heavy Rogue-like elements, striking visuals, and dynamic music.",,,
B0117,A14,Iron Brigade / Ancient Planet Tower Defense / Creeper World IXE,"액션, 전략 / 캐주얼, 인디, 전략 / 액션, 캐주얼, 인디, 시뮬레이션, 전략","[Iron Brigade] Join The Mobile Trench Brigade and protect humanity from the evil Monovision menace! ‖ [Ancient Planet Tower Defense] 고대 행성 타워 디펜스는 정통 타워 디펜스 게임입니다. 고대 문명의 요새가 외계 침략자들로부터 침략당했습니다. 고대의 강력한 기술을 사용하여 적군의 공격을 물리치십시오! ‖ [Creeper World IXE] The unstoppable alien force known as The Creeper has returned, devouring thousands of worlds in its path, and yours is next. Battle against the Creeper fluid in a groundbreaking pi",Cataclismo 카타클리스모,"시뮬레이션, 전략","자원 관리, 공성 방어 및 탐험을 떠날 수 있는 실시간 전략 게임에서 끝없는 공포 무리에 맞서기 위해 벽돌을 쌓아 요새를 설계하고 건설하세요. 성곽에서 선두를 이끌고 어둠을 밀어내며 안개의 생명체에 맞서 굳건히 버티세요.",,,
B0118,A27,The Raven Remastered / The Frostrune / Mad Experiments: Escape Room,"어드벤처 / 어드벤처 / 어드벤처, 캐주얼, 인디, 시뮬레이션, 전략","[The Raven Remastered] London, 1964. An ancient ruby is stolen from the British Museum. At the crime scene: a raven feather. Is somebody trying to follow in the footsteps of The Raven, the legendary mast ‖ [The Frostrune] Unravel a mystery inspired by Viking myth and legend in The Frostrune, a classic point-and-click adventure based on historically accurate Norse culture and environments. ‖ [Mad Experiments: Escape Room] 수상 후보에 오른 이스케이프 게임 1인 또는 최대 5인까지 플레이하며 3개의 독특한 방을 탐험하고, 두뇌를 자극하는 퍼즐을 풀며 체셔 교수와 그의 실험에 얽힌 어두운 비밀을 밝혀보세요.",The Last Door - Collector's Edition,"어드벤처, 인디",Something ancient and evil is stirring in Victorian England. Only you can stop it. Journey to the brink of madness and beyond as you set forth alone into the dark.,,,
B0119,A34,Pid / ChromaGun / Deer & Boy,"어드벤처, 인디 / 액션, 어드벤처, 인디 / 액션, 어드벤처, 인디","[Pid] You are stranded on a strange and peculiar planet. It’s time to embark on your journey and find your way home! Explore a gravity defying and challenging platformer with striking vi ‖ [ChromaGun] Welcome to ChromaTec’s test lab! You’re here to test our state-of-the-art military-grade color-technology: The ChromaGun (patent pending)! Use it to solve our meticulously designed ‖ [Deer & Boy] 도망친 소년은 길 잃은 어린 사슴을 만나 고요하면서도 위태로운 세상을 함께 헤쳐 나갑니다. 퍼즐을 풀고, 높은 곳에 오르고, 위협을 피해 나아가며 당신의 동료는 연약한 아기 사슴에서 어엿한 사슴으로 성장하죠. 혼자서는 할 수 없었던 일을 함께 해내는 법을 배우게 됩니다.",Teslagrad 2,"액션, 어드벤처, 인디",어린 테슬라맨서 루미나는 자신의 비행선이 비림하임의 땅에 추돌한 후 멀고 위험한 북쪽 땅에 발이 묶였다는 사실을 알게 됩니다. 루미나를 집과 가족의 품으로 되돌리기 위한 여정에 올라 위험한 모험을 시작해 피오르사이드 계곡 위의 거대한 버려진 탑을 탐험하세요.,,,
B0120,A27,The Raven Remastered / The Frostrune / Mad Experiments: Escape Room,"어드벤처 / 어드벤처 / 어드벤처, 캐주얼, 인디, 시뮬레이션, 전략","[The Raven Remastered] London, 1964. An ancient ruby is stolen from the British Museum. At the crime scene: a raven feather. Is somebody trying to follow in the footsteps of The Raven, the legendary mast ‖ [The Frostrune] Unravel a mystery inspired by Viking myth and legend in The Frostrune, a classic point-and-click adventure based on historically accurate Norse culture and environments. ‖ [Mad Experiments: Escape Room] 수상 후보에 오른 이스케이프 게임 1인 또는 최대 5인까지 플레이하며 3개의 독특한 방을 탐험하고, 두뇌를 자극하는 퍼즐을 풀며 체셔 교수와 그의 실험에 얽힌 어두운 비밀을 밝혀보세요.",Last Room,"액션, 어드벤처, 캐주얼, 인디, 전략","Dive into a world of puzzles, medieval mysteries, and strategic challenges. Navigate, solve, and leap your way through a thrilling adventure.",,,
B0121,A29,Salt and Sanctuary,"액션, 인디, RPG","[Salt and Sanctuary] 두렵고도 잔혹한 섬의 탐험을 시작합니다… Salt and Sanctuary는 신속하고, 잔인하며, 복잡한 전투 시스템을 지닌 2D RPG입니다. 저주받은 도시의 잊힌 영역이나, 피에 물든 던전이나, 오염된 기념비와 같은 장소를 돌아다니며, 한때 축복을 받았지만 지금은 타락하고 만 영주들을 조우하세요.",소닉 매니아,"액션, 어드벤처, 캐주얼",대망의 2D 클래식 시리즈가 등장! 새로운 액션과 기믹이 함께하는 반갑고도 신선한 모험이 시작된다!,,,
B0122,A09,Roots of Yggdrasil / Ancient Gods / Flick Shot Rogues,"인디, 전략 / RPG, 전략 / 인디, 전략","[Roots of Yggdrasil] Build settlements, explore the Nine Realms, collect artifacts and upgrade your deck to reach the top of Yggdrasil in this post-Ragnarok roguelike city-builder! Can you survive the  ‖ [Ancient Gods] Ancient Gods is a fusion of hero collector and deck-building rogue-lite where you collect your character, fight, and experience exciting events. Any character can use all the cards ‖ [Flick Shot Rogues] 계획하고, 조준하고, 쏘세요! FLICK SHOT ROGUES는 테이블 위에서 물건을 튕기는 촉각적 만족감과 사람들이 좋아하는 턴제 로그라이크의 전략적 깊이를 결합한 게임입니다. 말도 안되는 콤보를 연결하고, 캐릭터, 아이템, 스킬을 잠금 해제하면서, 섬을 정복하세요!",Infinite Cards,"인디, 전략","Discover infinite cards in this roguelike deckbuilder. Every card is unique, every run a new experience. Craft, combine, and build your deck completely freely to defeat enemies and bosses, or take on cleverly designed puzzle challenges!",,,
B0123,A10,A Short Hike / ISLANDERS / Gorogoa,"어드벤처, 인디 / 캐주얼, 인디, 전략 / 어드벤처, 캐주얼, 인디","[A Short Hike] Hike, climb, and soar through the peaceful mountainside landscapes of Hawk Peak Provincial Park as you make your way to the summit. ‖ [ISLANDERS] ISLANDERS is a minimalist strategy game about building cities on colorful islands. ‖ [Gorogoa] Gorogoa(고로고아)는 Jason Roberts가 디자인하고 일러스트레이션을 손으로 그린 아름다운 차세대 퍼즐 게임입니다.",Arrog,"어드벤처, 인디",수수께끼의 퍼즐 어드벤처 게임 Arrog는 손으로 그린 그림과 컬러 포인트가 돋보이는 흑백 세계에서 펼쳐집니다.,,,
B0124,A27,The Raven Remastered / The Frostrune / Mad Experiments: Escape Room,"어드벤처 / 어드벤처 / 어드벤처, 캐주얼, 인디, 시뮬레이션, 전략","[The Raven Remastered] London, 1964. An ancient ruby is stolen from the British Museum. At the crime scene: a raven feather. Is somebody trying to follow in the footsteps of The Raven, the legendary mast ‖ [The Frostrune] Unravel a mystery inspired by Viking myth and legend in The Frostrune, a classic point-and-click adventure based on historically accurate Norse culture and environments. ‖ [Mad Experiments: Escape Room] 수상 후보에 오른 이스케이프 게임 1인 또는 최대 5인까지 플레이하며 3개의 독특한 방을 탐험하고, 두뇌를 자극하는 퍼즐을 풀며 체셔 교수와 그의 실험에 얽힌 어두운 비밀을 밝혀보세요.",The House of Da Vinci 3,"어드벤처, 인디",The grand finale to The House of Da Vinci trilogy is here! Solve numerous new puzzles and mind benders and explore new mystifying locations of ravishing beauty.,,,
B0125,A16,The Talos Principle / Rust / Inscryption,"액션, 어드벤처, 인디 / 액션, 어드벤처, 인디, 대규모 멀티플레이어, RPG / 어드벤처, 인디, 전략","[The Talos Principle] 탈로스 법칙은 철학적 SF 소설의 전통을 따른 1인칭 퍼즐 게임입니다. 시리어스 샘을 개발한 크로팀에서 만들었으며, 톰 주버트(FTL, 더 스와퍼)와 조나스 카이라츠(바다는 모든 것을 요구한다.)가 스토리를 작성했습니다. ‖ [Rust] Rust에서의 목표는 오직 하나, 바로 살아남는 것입니다. 섬의 야생 동물, 다른 주민, 환경, 다른 생존자 모두가 여러분의 목숨을 노립니다. 하루 더 살아남을 수 있다면 수단과 방법을 가리지 마세요. ‖ [Inscryption] Inscryption은 검은 잉크로 그려진 카드를 기반으로 한 덱빌딩 로그라이크, 방탈출 퍼즐, 피가 흐르는 심리적 공포 등의 요소가 섞인 여정을 다룹니다. 카드에는 더 어두운 비밀이 새겨져 있습니다…",Layers of Fear (2016),"어드벤처, 인디","분위기와 스토리텔링에 중점을 둔 1인칭 심리 호러 게임으로, 자신의 걸작을 완성하기 위해 제정신을 잃는 대가마저 마지않는 화가가 되어 끊임없이 변화하는 빅토리아 양식의 대저택을 탐험하세요.",,,
B0126,A10,A Short Hike / ISLANDERS / Gorogoa,"어드벤처, 인디 / 캐주얼, 인디, 전략 / 어드벤처, 캐주얼, 인디","[A Short Hike] Hike, climb, and soar through the peaceful mountainside landscapes of Hawk Peak Provincial Park as you make your way to the summit. ‖ [ISLANDERS] ISLANDERS is a minimalist strategy game about building cities on colorful islands. ‖ [Gorogoa] Gorogoa(고로고아)는 Jason Roberts가 디자인하고 일러스트레이션을 손으로 그린 아름다운 차세대 퍼즐 게임입니다.",Logicality,"어드벤처, 인디","Immerse yourself in an exciting journey on the island of dreams. Explore the open world and interesting places, while solving various puzzles that use environment.",,,
B0127,A24,Valheim / Grounded / My Time at Portia,"액션, 어드벤처, 인디, RPG, 앞서 해보기 / 액션, 어드벤처 / 어드벤처, 캐주얼, 인디, RPG, 시뮬레이션","[Valheim] 북구 신화와 바이킹 문화에 기반한 판타지 세계를 배경으로 펼쳐지는 생존 및 탐험 게임. ‖ [Grounded] The world is a vast, beautiful and dangerous place – especially when you have been shrunk to the size of an ant. Can you thrive alongside the hordes of giant insects, fighting to s ‖ [My Time at Portia] 아름다운 Portia 마을에서 새 삶을 시작하세요! 아버지가 방치한 작업장에서 제작을 부탁받고, 작물을 키우고, 가축을 기르고, 아름다운 세기말의 땅에서 특이한 친구들을 사귀며 작업장을 예전의 멋진 모습으로 복원하세요.",Crea,"액션, 어드벤처, 인디, RPG","Progress with every slain monster, learn over 80 skills through talents, craft hundreds of items, and explore vast procedurally-generated worlds in this ever-expanding sandbox RPG!",,,
B0128,A35,Project Zomboid / Don't Starve / The Forest,"인디, RPG, 시뮬레이션, 앞서 해보기 / 어드벤처, 인디, 시뮬레이션 / 액션, 어드벤처, 인디, 시뮬레이션","[Project Zomboid] Project Zomboid is the ultimate in zombie survival. Alone or in MP: you loot, build, craft, fight, farm and fish in a struggle to survive. A hardcore RPG skillset, a vast map, mass ‖ [Don't Starve] Don’t Starve is an uncompromising wilderness survival game full of science and magic. Enter a strange and unexplored world full of strange creatures, dangers, and surprises. Gather ‖ [The Forest] As the lone survivor of a passenger jet crash, you find yourself in a mysterious forest battling to stay alive against a society of cannibalistic mutants. Build, explore, survive i",Hand Simulator: Survival,"액션, 어드벤처, 인디, 대규모 멀티플레이어, RPG, 시뮬레이션","Wild island. Thirst and hunger. Dangerous animals and insects. The perfect place to test your survival skills, especially if you only have empty hands, especially if it is a hand simulator.",,,
B0129,A34,Pid / ChromaGun / Deer & Boy,"어드벤처, 인디 / 액션, 어드벤처, 인디 / 액션, 어드벤처, 인디","[Pid] You are stranded on a strange and peculiar planet. It’s time to embark on your journey and find your way home! Explore a gravity defying and challenging platformer with striking vi ‖ [ChromaGun] Welcome to ChromaTec’s test lab! You’re here to test our state-of-the-art military-grade color-technology: The ChromaGun (patent pending)! Use it to solve our meticulously designed ‖ [Deer & Boy] 도망친 소년은 길 잃은 어린 사슴을 만나 고요하면서도 위태로운 세상을 함께 헤쳐 나갑니다. 퍼즐을 풀고, 높은 곳에 오르고, 위협을 피해 나아가며 당신의 동료는 연약한 아기 사슴에서 어엿한 사슴으로 성장하죠. 혼자서는 할 수 없었던 일을 함께 해내는 법을 배우게 됩니다.",Forgotten Spirits,"어드벤처, 캐주얼, 인디","Discover the secrets of an abandoned world as two companions have to work together, using their unique abilities to solve puzzles - Enjoy this 2D Adventure game on your own or with a friend.",,,
B0130,A08,Sid Meier’s Civilization® VI / XCOM® 2 / Stellaris,"전략 / 전략 / 시뮬레이션, 전략","[Sid Meier’s Civilization® VI] 문명 VI 에서는 새로운 방식으로 세상과 소통하고, 제국의 영토를 확장시키며, 문화를 발전시키고, 역사속 위대한 지도자들에 맞서 오래도록 지속될 나만의 문명을 건설해볼 수 있습니다. 클레오파트라를 비롯한 20명의 역사 속 지도자들 중 한명으로 플레이 해보세요. ‖ [XCOM® 2] XCOM 2는 수상 경력이 있는 전략 게임 XCOM: Enemy Unknown의 속편입니다. 인류가 외계인 침략군에게 항복한 지 20년, 이제 지구 상에는 새로운 세계 질서가 존재합니다. 수년간을 어둠 속에서 숨어 있었던 XCOM 부대는 반드시 일어나 외계인의 지배를 무너뜨릴 것입니다. ‖ [Stellaris] 항성간 여행을 통해 우주를 탐험하며 수많은 종족들도 만나보세요. 과학선을 보내 우주를 조사하고 탐험하면서 은하 제국을 건설하고, 건축선을 보내 새로 발견한 행성에 기지를 건설하세요. 소속 사회를 위한 탐험에 나서 매장된 보물과 은하계의 경이를 발견하고, 탐험가의 한계치와 진화 범위를 설정하세요. 동맹이 체결되고, 전쟁이 ",Pharaoh™: A New Era,"시뮬레이션, 전략","The legendary city-builder returns! Lead the creation of one of the greatest civilizations the world has ever seen in this HD remake with modernized UI. Build monuments, manage your population and explore 4,000 years of history through over a hundred hours of gameplay.",,,
B0131,A20,Counter-Strike 2 / PUBG: BATTLEGROUNDS / 톰 클랜시의 레인보우식스 시즈,"액션, 무료 플레이 / 액션, 어드벤처, 대규모 멀티플레이어, 무료 플레이 / 액션, 무료 플레이","[Counter-Strike 2] Counter-Strike는 20년이 넘는 시간 동안 전 세계 수백만 명의 플레이어가 모여 수준 높은 경쟁을 펼칠 수 있는 플랫폼을 제공해 왔습니다. 그리고 이제 곧 Counter-Strike 2와 함께 새로운 CS 시대의 막이 열립니다. ‖ [PUBG: BATTLEGROUNDS] 배틀로얄 유행의 시작이자, 그 정수를 보여준 PUBG: 배틀그라운드를 지금 무료로 플레이하세요! 다양한 맵에 낙하하여 무기와 보급품을 확보하고, 점점 줄어드는 블루존 속에서 끝까지 살아남아 승리를 쟁취하세요. ‖ [톰 클랜시의 레인보우식스 시즈] 톰 클랜시의 레인보우식스 시즈는 탁월한 계획과 기술이 승부를 좌우하는 전술적인 정예 팀 기반 슈팅 게임입니다.",Hurtworld,"액션, 어드벤처, 시뮬레이션","Hurtworld is a hardcore multiplayer survival FPS with a focus on competitive gunplay and strategic map control. Built for hardcore gamers, Hurtworld aims to punish.",,,
B0132,A15,서브노티카 / The Long Dark / No Man's Sky,"어드벤처, 인디 / 어드벤처, 인디, 시뮬레이션, 전략 / 액션, 어드벤처","[서브노티카] 위험과 경이로움이 가득한 외계의 바다 속으로 내려가세요. 장비를 제작하고, 잠수함을 조종하며 야생 생물보다 앞서가세요. 우거진 산호초, 화산, 동굴 같은 많은 장소들을 탐험하세요. 물론 살아남는 걸 잊으면 안 되겠죠. ‖ [The Long Dark] The Long Dark는 깊은 생각을 요구하는 탐험 생존 게임입니다. 플레이어는 지구 자기장 이상으로 인한 대재앙이 휩쓸고 간 세상에서 혼자 드넓은 설원 황무지를 탐험하며 살아남아야 합니다. 좀비는 등장하지 않으며 오직 플레이어와 추위, 그리고 자연 속의 위험들만 존재합니다. 고요한 종말의 세상에 오신 것을 환영합니다. ‖ [No Man's Sky] No Man's Sky는 무한히 펼쳐지는 우주에서의 탐험과 생존을 그린 SF 게임입니다.",Gone: Survival,"액션, 어드벤처, 인디, 시뮬레이션",Gone Survival is a first-person survival game for one player. Where you have many opportunities and a completely open world,,,
B0133,A15,서브노티카 / The Long Dark / No Man's Sky,"어드벤처, 인디 / 어드벤처, 인디, 시뮬레이션, 전략 / 액션, 어드벤처","[서브노티카] 위험과 경이로움이 가득한 외계의 바다 속으로 내려가세요. 장비를 제작하고, 잠수함을 조종하며 야생 생물보다 앞서가세요. 우거진 산호초, 화산, 동굴 같은 많은 장소들을 탐험하세요. 물론 살아남는 걸 잊으면 안 되겠죠. ‖ [The Long Dark] The Long Dark는 깊은 생각을 요구하는 탐험 생존 게임입니다. 플레이어는 지구 자기장 이상으로 인한 대재앙이 휩쓸고 간 세상에서 혼자 드넓은 설원 황무지를 탐험하며 살아남아야 합니다. 좀비는 등장하지 않으며 오직 플레이어와 추위, 그리고 자연 속의 위험들만 존재합니다. 고요한 종말의 세상에 오신 것을 환영합니다. ‖ [No Man's Sky] No Man's Sky는 무한히 펼쳐지는 우주에서의 탐험과 생존을 그린 SF 게임입니다.",The Witness,"어드벤처, 인디",당신은 크나큰 도전과 놀라움의 퍼즐로 가득 찬 낯선 섬에서 외로이 깨어납니다.,,,
B0134,A32,Hardspace: Shipbreaker / Hacknet / The Case of the Golden Idol / 방 탈출 시뮬레이터 / shapez 2 - Factory,"시뮬레이션 / 인디, 시뮬레이션 / 어드벤처, 인디 / 어드벤처, 캐주얼, 인디, 시뮬레이션 / 캐주얼, 인디, 시뮬레이션, 전략","[Hardspace: Shipbreaker] Equipped with cutting-edge salvaging tech, carve & slice spaceships to recover valuable materials. Upgrade your gear to take on more lucrative contracts and pay your billion credit ‖ [Hacknet] Hacknet은 터미널 기반의 몰입형 해킹 시뮬레이터입니다. 최근에 사망한, 그러나 언론 보도와는 달리 사고로 사망하지 않은 해커의 지시에 따라 진실을 추척하십시오. ‖ [The Case of the Golden Idol] A new kind of detective game that allows you to think and investigate freely. Discover clues surrounding 12 strange and gruesome deaths and build your own theory. Pick your suspect ‖ [방 탈출 시뮬레이터] Escape Simulator는 단독 또는 온라인 협동 플레이가 가능한 1인칭 퍼즐 게임입니다. 점점 더 많아지는, 고도의 상호 작용이 가능한 방탈출 세트를 탐험하세요. 가구를 옮기고, 모든 것을 집어 들고 검사하고, 냄비를 부수고 자물쇠를 부수세요! 레벨 편집기를 통해 커뮤니티가 만든 방을 지원합니다. ‖ [shapez 2 - Factory] 공장 건설 게임에 빠져들어 보세요. 단 한 가지에 집중하세요. 대규모 우주 공장을 건설하는 것! 방대하게 펼쳐지는 다층 공장과 만족스러운 생산 라인을 무제한으로 설계하세요. 계속해서 어려워지는 자동화 목표를 적의 위협 없이 자신만의 속도로 달성하세요.",Farlight Explorers,"인디, 시뮬레이션, 전략","Extract and gather resources from different planets. Manage the supply of electricity, water, food and oxygen of your base in order to survive. Automate the creation of new products. Build a spaceship to transport your products to other places...",,,
B0135,A02,Still Life / Jenny LeClue - Detectivu / Telling Lies,"어드벤처 / 액션, 어드벤처, 캐주얼, 인디 / 어드벤처, 인디, 시뮬레이션",[Still Life] Still Life 2 also now available! ‖ [Jenny LeClue - Detectivu] Jenny LeClue - Detectivu는 조사와 선택지로 가득한 스릴 넘치는 미스터리 어드벤처 게임입니다. ‖ [Telling Lies] 네 명의 삶. 그리고 하나의 큰 거짓말. 아무도 모르게 녹화된 은밀한 대화를 들으며 진실을 알아내십시오. 큰 호평을 받았던 Her Story의 계승작입니다.,The Disappearing Municipality Worker,"어드벤처, 인디","Are you smart enough to figure out where he went, when the municipality worker disappeared without leaving a single trace? Inspired by popular lawyer game and primate based adventure game, the combination of interrogation and investigation gameplay pushes you to your mental limits!",,,
B0136,A17,Lethal Company / Phasmophobia / Deep Rock Galactic,"액션, 어드벤처, 인디, 앞서 해보기 / 액션, 인디, 앞서 해보기 / 액션","[Lethal Company] A co-op horror about scavenging at abandoned moons to sell scrap to the Company. ‖ [Phasmophobia] Phasmophobia is a 4 player online co-op psychological horror. Paranormal activity is on the rise and it’s up to you and your team to use all the ghost-hunting equipment at your dis ‖ [Deep Rock Galactic] 딥 락 갤럭틱은 1-4인의 플레이어가 협동하는 FPS 게임으로, 상남자 우주 드워프, 100% 파괴 가능한 맵 환경, 절차적 생성 동굴 지형, 그리고 끊임없이 등장하는 외계 괴물 무리가 특징입니다.",ELDEN RING,"액션, RPG","본 게임은 본격적인 다크 판타지 세계를 무대로 한 액션 RPG입니다. 드넓은 필드와 던전 탐험을 통해 미지의 것들을 발견해 보세요. 앞길을 막아서는 난관과 그것을 극복했을 때의 달성감, 그리고 등장인물들의 의도가 교착하는 군상극도 즐기실 수 있습니다.",,,
B0137,A25,DOOMBLADE / Transiruby / Blast Brigade vs. the Evil Legion of Dr. Cread,"액션, 어드벤처, 인디 / 액션 / 액션, 어드벤처, 인디","[DOOMBLADE] Deep underground, Gloom Girl discovers DOOMBLADE, a sentient weapon hellbent on escape after eons in chains. Together, “Doom and Gloom” embark on a vengeful quest to unlock the pow ‖ [Transiruby] 차원 대륙의 의문을 풀어라! 는 사이보그 소녀 실비가 검과 엘리먼트 샷으로 적을 쓰러뜨리며 앞으로 나아가는 탐색형 액션 게임입니다! ‖ [Blast Brigade vs. the Evil Legion of Dr. Cread] 스릴 넘치는 플랫포밍과 깊이 있는 탐험 세계, 폭발적인 액션으로 가득한 2D 메트로이드배니아 어드벤처 게임을 즐겨보세요! Blast Brigade에서 영웅들로 팀을 구성해 세계를 구하세요!",Dungeon of Zolthan,"액션, 어드벤처, 인디","Dungeon of Zolthan is a casual, arcade-style metroidvania platformer where your goal is to defeat Zolthan; a powerful mage that lives inside the dungeon. Using an array of powerups and your own wit and guile, guide your character through Zolthan's Dungeon!",,,
B0138,A24,Valheim / Grounded / My Time at Portia,"액션, 어드벤처, 인디, RPG, 앞서 해보기 / 액션, 어드벤처 / 어드벤처, 캐주얼, 인디, RPG, 시뮬레이션","[Valheim] 북구 신화와 바이킹 문화에 기반한 판타지 세계를 배경으로 펼쳐지는 생존 및 탐험 게임. ‖ [Grounded] The world is a vast, beautiful and dangerous place – especially when you have been shrunk to the size of an ant. Can you thrive alongside the hordes of giant insects, fighting to s ‖ [My Time at Portia] 아름다운 Portia 마을에서 새 삶을 시작하세요! 아버지가 방치한 작업장에서 제작을 부탁받고, 작물을 키우고, 가축을 기르고, 아름다운 세기말의 땅에서 특이한 친구들을 사귀며 작업장을 예전의 멋진 모습으로 복원하세요.",Cat Simulator : Animals on Farm,"어드벤처, 캐주얼, 인디, RPG, 시뮬레이션","Sneak up on your enemies, help Farmer, Goat and Piggy, and start a family!",,,
B0139,A11,Forza Horizon 5 / Hi-Fi RUSH / Street Fighter 6,"액션, 어드벤처, 레이싱, 시뮬레이션, 스포츠 / 액션 / 액션, 어드벤처","[Forza Horizon 5] 세계 최고의 자동차를 타고 생동감 넘치는 멕시코의 대자연을 탐험하며 재미있는 드라이빙 액션을 마음껏 즐겨보세요. ‖ [Hi-Fi RUSH] 아케이드 챌린지! 업데이트!로 추가되는 두 개의 신규 게임 모드에서 여러분의 능력을 시험하고, 새로운 보상을 획득해 보세요. 몇 가지 비밀도 숨어 있답니다! 락 스타 지망생 차이가 되어 비트를 타고, 세상 모든 게 음악에 싱크되는 세계에서 오합지졸 팀과 함께 사악한 거대 기업에 맞서 싸우세요. ‖ [Street Fighter 6] 시리즈 최신작 『Street Fighter 6』, 2023년 6월 2일 발매 결정! RE ENGINE으로 개발된 본 작품은 대형 모드 「World Tour」, 「Fighting Ground」, 「Battle Hub」로 구성되어 있다. 새로운 「스트리트 파이터」에는 지금까지의 시리즈에는 없었던 새로운 체험이 기다리고 있다.",First Racer,"액션, 캐주얼, 인디, 레이싱, 스포츠","First Racer - 아케이드 레이싱. 경쟁하고, 추월하고, 승리하세요. 자동차를 업그레이드하고 맞춤화하세요. 도시 자동차에서 고속 슈퍼카로의 여정을 떠나세요. 혼자 또는 친구들과 함께 레이스에 참여하고 놀라운 속도의 세계로 몰입하세요.",,,
B0140,A06,Cities: Skylines / Factorio / Farming Simulator 22,"시뮬레이션, 전략 / 캐주얼, 인디, 시뮬레이션, 전략 / 시뮬레이션","[Cities: Skylines] Cities: Skylines is a modern take on the classic city simulation. The game introduces new game play elements to realize the thrill and hardships of creating and maintaining a real  ‖ [Factorio] Factorio는 무한한 2D 세상에서 복잡성이 증가하는 아이템을 생산하기 위해 자동화 공장을 만드는 게임입니다. - 당신의 상상력으로 공장을 설계, 독창적인 방법으로 간단한 요소를 결합하고 마지막엔 당신을 좋아하지 않는 생물들로 부터 공장을 지키세요. ‖ [Farming Simulator 22] 농장을 만들고 농사를 즐기세요! 작물을 수확하고, 동물을 돌보고, 생산을 관리하고, 계절에 따른 어려움을 이겨내세요.",Good Company,"인디, 시뮬레이션, 전략","Good Company is an in-depth management sim about building a trail-blazing tech corporation. Assemble complex production lines, manage employee logistics, and sell high-quality products on the market to become the best company in the whole county!",,,
B0141,A33,Garry's Mod / Team Fortress 2 / Left 4 Dead 2,"캐주얼, 인디, 시뮬레이션 / 액션, 무료 플레이 / 액션","[Garry's Mod] Garry's Mod is a physics sandbox. There aren't any predefined aims or goals. We give you the tools and leave you to play. ‖ [Team Fortress 2] 다양한 전술적 능력과 뚜렷한 개성을 갖춘 9가지 병과의 캐릭터를 플레이하세요. 끊임없이 업데이트되는 새로운 게임 모드, 맵, 장비 그리고 가장 중요한 모자까지 지금 바로 즐겨보세요! ‖ [Left 4 Dead 2] Set in the zombie apocalypse, Left 4 Dead 2 is a co-operative action horror FPS takes you and your friends through the cities, swamps and cemeteries of the Deep South, from Savanna",Hyper Warfare,"액션, 무료 플레이","Fast-paced multiplayer team-based FPS where skill, strategy, and reflexes decide victory.",,,
B0142,A02,Still Life / Jenny LeClue - Detectivu / Telling Lies,"어드벤처 / 액션, 어드벤처, 캐주얼, 인디 / 어드벤처, 인디, 시뮬레이션",[Still Life] Still Life 2 also now available! ‖ [Jenny LeClue - Detectivu] Jenny LeClue - Detectivu는 조사와 선택지로 가득한 스릴 넘치는 미스터리 어드벤처 게임입니다. ‖ [Telling Lies] 네 명의 삶. 그리고 하나의 큰 거짓말. 아무도 모르게 녹화된 은밀한 대화를 들으며 진실을 알아내십시오. 큰 호평을 받았던 Her Story의 계승작입니다.,Ethel,"어드벤처, 인디, 시뮬레이션","Welcome to my first game! Where you'll Immerse yourself in a unbelievable, story-rich mystery, packed with jaw-dropping plot twist, horror, and multiple endings.",,,
B0143,A21,DARK SOULS™ III / The Witcher 3: Wild Hunt / The Elder Scrolls V: Skyrim Special Edition,액션 / RPG / RPG,"[DARK SOULS™ III] 장르를 새로 개척했다는 평가를 들으며 많은 좋은 평가들을 얻고 있는 다크 소울 시리즈는 계속해서 한계를 넘어서, 더욱 야심찬 단계에 도전하고자 하고 있습니다. 준비를 하고 어둠을 밝히십시오! ‖ [The Witcher 3: Wild Hunt] 리비아의 게롤트가 되어 의뢰를 받고 괴물을 사냥하세요. 전쟁의 상처가 가득하고 괴물이 들끓는 대륙을 마음껏 탐험해 보세요. 지금 가장 중요한 일은 대륙의 판도를 뒤바꿀 수도 있는 살아 있는 무기이자 예언의 아이, 시리를 추적하는 것입니다. ‖ [The Elder Scrolls V: Skyrim Special Edition] 200회 이상 올해의 게임에 선정된 The Elder Scrolls V: Skyrim Special Edition이 놀라운 디테일로 판타지에 생명을 불어넣었습니다. Special Edition에는 비평가들의 극찬을 받은 게임 및 새로운 기능이 포함된 애드온이 들어 있습니다.",Shattered - Tale of the Forgotten King,"액션, 어드벤처, 인디, RPG","The old world is gone, lost with the disappearance of the King. Reforge reality in this dark action RPG through skill-based combat, innovative open-world platforming and the testimonies of survivors… some more trustworthy than others. Are you ready, Wanderer?",,,
B0144,A19,ELDEN RING / Disco Elysium - The Final Cut / Outer Wilds,"액션, RPG / RPG / 액션, 어드벤처","[ELDEN RING] 본 게임은 본격적인 다크 판타지 세계를 무대로 한 액션 RPG입니다. 드넓은 필드와 던전 탐험을 통해 미지의 것들을 발견해 보세요. 앞길을 막아서는 난관과 그것을 극복했을 때의 달성감, 그리고 등장인물들의 의도가 교착하는 군상극도 즐기실 수 있습니다. ‖ [Disco Elysium - The Final Cut] 디스코 엘리시움 - 최종판은 획기적인 오픈 월드 롤플레잉 게임입니다. 당신은 독특한 스킬 시스템을 갖춘 형사로서 오롯한 도시 블록을 당신의 미래를 닦기 위해 다듬을 수 있습니다. 잊지 못할 등장인물들을 심문하거나, 살인 사건을 해결하거나, 뇌물을 받으세요. 영웅이 되거나 인류의 완전한 재앙이 되세요. ‖ [Outer Wilds] Giant Bomb, Polygon, Eurogamer, The Guardian에 의해 2019년 올해의 게임에 이름을 올리며 냉정한 호평과 수상 실적이 있는 Outer Wilds는 무한 시간 루프에 갇힌 태양계에 관한 공개된 세계의 미스터리 게임입니다.",The Narcotic Operation,"어드벤처, 인디, RPG","Step into the role of a shadowed undercover police officer in Dark Eyes, brave an area dominated by vice and crime, where allies and enemies blur. Every smirk, tear, and lie tightens the web of deceit—will you destroy the empire or lose yourself in its shadows?",,,
B0145,A31,Hearts of Iron IV / Europa Universalis IV / Sid Meier's Civilization® V,"시뮬레이션, 전략 / 시뮬레이션, 전략 / 전략","[Hearts of Iron IV] Victory is at your fingertips! Your ability to lead your nation is your supreme weapon, the strategy game Hearts of Iron IV lets you take command of any nation in World War II; the ‖ [Europa Universalis IV] 비교할 수 없는 자유도, 깊이 있는 스토리, 정확한 역사적 고증을 즐기며 국토를 다스리고 세계를 정복하세요. 세계 역사를 새롭게 쓰며 시대를 풍미할 제국을 만드세요. ‖ [Sid Meier's Civilization® V] Create, discover, and download new player-created maps, scenarios, interfaces, and more!",Songs of Conquest,"어드벤처, RPG, 전략","Raise mighty armies, wield ancient magic and forge an empire. This turn-based strategy adventure game fuses strategic decision making, tactical combat and kingdom management.",,,
B0146,A10,A Short Hike / ISLANDERS / Gorogoa,"어드벤처, 인디 / 캐주얼, 인디, 전략 / 어드벤처, 캐주얼, 인디","[A Short Hike] Hike, climb, and soar through the peaceful mountainside landscapes of Hawk Peak Provincial Park as you make your way to the summit. ‖ [ISLANDERS] ISLANDERS is a minimalist strategy game about building cities on colorful islands. ‖ [Gorogoa] Gorogoa(고로고아)는 Jason Roberts가 디자인하고 일러스트레이션을 손으로 그린 아름다운 차세대 퍼즐 게임입니다.",Haven Park,"어드벤처, 인디, RPG","Be Flint, who is doing his best to keep his grandma's park up and running and make it a place for the campers to enjoy. Learn the camper's wishes and build whatever their hearts desire to attract even more quirky characters and look forward to whimsical conversations and quests.",,,
B0147,A32,Hardspace: Shipbreaker / Hacknet / The Case of the Golden Idol / 방 탈출 시뮬레이터 / shapez 2 - Factory,"시뮬레이션 / 인디, 시뮬레이션 / 어드벤처, 인디 / 어드벤처, 캐주얼, 인디, 시뮬레이션 / 캐주얼, 인디, 시뮬레이션, 전략","[Hardspace: Shipbreaker] Equipped with cutting-edge salvaging tech, carve & slice spaceships to recover valuable materials. Upgrade your gear to take on more lucrative contracts and pay your billion credit ‖ [Hacknet] Hacknet은 터미널 기반의 몰입형 해킹 시뮬레이터입니다. 최근에 사망한, 그러나 언론 보도와는 달리 사고로 사망하지 않은 해커의 지시에 따라 진실을 추척하십시오. ‖ [The Case of the Golden Idol] A new kind of detective game that allows you to think and investigate freely. Discover clues surrounding 12 strange and gruesome deaths and build your own theory. Pick your suspect ‖ [방 탈출 시뮬레이터] Escape Simulator는 단독 또는 온라인 협동 플레이가 가능한 1인칭 퍼즐 게임입니다. 점점 더 많아지는, 고도의 상호 작용이 가능한 방탈출 세트를 탐험하세요. 가구를 옮기고, 모든 것을 집어 들고 검사하고, 냄비를 부수고 자물쇠를 부수세요! 레벨 편집기를 통해 커뮤니티가 만든 방을 지원합니다. ‖ [shapez 2 - Factory] 공장 건설 게임에 빠져들어 보세요. 단 한 가지에 집중하세요. 대규모 우주 공장을 건설하는 것! 방대하게 펼쳐지는 다층 공장과 만족스러운 생산 라인을 무제한으로 설계하세요. 계속해서 어려워지는 자동화 목표를 적의 위협 없이 자신만의 속도로 달성하세요.",스타베스터 - 별의 수확자,"캐주얼, 시뮬레이션, 전략","우주에서 거대한 메가스트럭처를 건설하기 위해 항성계 전반에 걸친 공장을 확장하는 짧은 인크리멘탈 게임입니다. 드론 무리를 배치해 자원을 채굴하고, 업그레이드를 해제하며, 별의 힘을 수확하세요!",,,
B0148,A29,Salt and Sanctuary,"액션, 인디, RPG","[Salt and Sanctuary] 두렵고도 잔혹한 섬의 탐험을 시작합니다… Salt and Sanctuary는 신속하고, 잔인하며, 복잡한 전투 시스템을 지닌 2D RPG입니다. 저주받은 도시의 잊힌 영역이나, 피에 물든 던전이나, 오염된 기념비와 같은 장소를 돌아다니며, 한때 축복을 받았지만 지금은 타락하고 만 영주들을 조우하세요.",Duel Corp.,"액션, 어드벤처, 인디, 대규모 멀티플레이어, RPG, 시뮬레이션, 앞서 해보기","소울즈에서 영감을 받은 액션 RPG, 샌드박스 오픈월드와 MMO 감각의 방향 기반 전투 시스템. 혼자 또는 최대 3인까지 협동 가능. 우정을 쌓고, 제한 없는 클래스 시스템을 마스터하며, 모든 이들의 눈을 검게 만든 원인을 밝혀라.",,,
B0149,A30,Stardew Valley / Slime Rancher / Raft,"인디, RPG, 시뮬레이션 / 액션, 어드벤처, 인디, 시뮬레이션 / 어드벤처, 인디, 시뮬레이션","[Stardew Valley] You've inherited your grandfather's old farm plot in Stardew Valley. Armed with hand-me-down tools and a few coins, you set out to begin your new life. Can you learn to live off th ‖ [Slime Rancher] 슬라임 랜쳐는 젊고 용감한 랜쳐, 베아트릭스 르뷰가 지구에서 1,000광년 떨어진 '머나먼 평야'에서 슬라임들과 씨름하며 생계를 꾸려나가는 이야기입니다. 긍정적인 마인드와 강인한 의지로 베아트릭스는 진공팩을 사용하여 끊임없이 말랑말랑하게 굴러나오는 슬라임들을 피하며 이름을 알리고, 부자가 되려 합니다. ‖ [Raft] Raft™ throws you and your friends into an epic oceanic adventure! Alone or together, players battle to survive a perilous voyage across a vast sea! Gather debris, scavenge reefs an",Slime Kingdom: Idle,"캐주얼, 인디",A casual idle game where you grow your slimes and your Slime Kingdom.,,,
B0150,A19,ELDEN RING / Disco Elysium - The Final Cut / Outer Wilds,"액션, RPG / RPG / 액션, 어드벤처","[ELDEN RING] 본 게임은 본격적인 다크 판타지 세계를 무대로 한 액션 RPG입니다. 드넓은 필드와 던전 탐험을 통해 미지의 것들을 발견해 보세요. 앞길을 막아서는 난관과 그것을 극복했을 때의 달성감, 그리고 등장인물들의 의도가 교착하는 군상극도 즐기실 수 있습니다. ‖ [Disco Elysium - The Final Cut] 디스코 엘리시움 - 최종판은 획기적인 오픈 월드 롤플레잉 게임입니다. 당신은 독특한 스킬 시스템을 갖춘 형사로서 오롯한 도시 블록을 당신의 미래를 닦기 위해 다듬을 수 있습니다. 잊지 못할 등장인물들을 심문하거나, 살인 사건을 해결하거나, 뇌물을 받으세요. 영웅이 되거나 인류의 완전한 재앙이 되세요. ‖ [Outer Wilds] Giant Bomb, Polygon, Eurogamer, The Guardian에 의해 2019년 올해의 게임에 이름을 올리며 냉정한 호평과 수상 실적이 있는 Outer Wilds는 무한 시간 루프에 갇힌 태양계에 관한 공개된 세계의 미스터리 게임입니다.",Retrace the Light,"액션, 어드벤처, 인디, RPG","공간 회귀를 핵심으로 한 액션 어드벤처 게임입니다.스타일리시한 배경을 탐험하고, 퍼즐을 풀고, 스킬을 조합하는 , 퍼즐 풀기 + 라이트 소울류 보스전을 경험하세요. 모든 역사적인 데이터를 잃은 집행자가 인간의 의식 공간에서 그들의 감정을 복구할때, 설정이외의 어떤 것들을 각성시킨듯......",,,
B0151,A05,Opus Magnum,"인디, 시뮬레이션","[Opus Magnum] Opus Magnum은 SpaceChem, Infinifactory, SHENZHEN I/O를 제작한 Zachtronics의 신작 퍼즐게임입니다. 연금술사들의 최첨단 도구인 변성 기관을 이용해 물약과 독을 만들어내는 기계들을 설계하고 만들어 내세요!",Alchemy Factory,"캐주얼, 인디, 시뮬레이션, 전략, 앞서 해보기","연금술사가 되어 직접 공방을 운영해 나가고, 마법 설비로 다양한 연금 제품을 자동으로 채집·가공·생산·판매하며, 의뢰 퀘스트를 완료하여 엄청난 재력을 자랑하는 연금 마스터로 거듭나세요. 게임은 멀티 플레이를 지원합니다. 공방이 너무 복잡해서 막막하시다고요? 얼른 디자이너 고수를 모셔(일꾼으로 부려) 공방의 생산을 기획해 보세요.",,,
B0152,A10,A Short Hike / ISLANDERS / Gorogoa,"어드벤처, 인디 / 캐주얼, 인디, 전략 / 어드벤처, 캐주얼, 인디","[A Short Hike] Hike, climb, and soar through the peaceful mountainside landscapes of Hawk Peak Provincial Park as you make your way to the summit. ‖ [ISLANDERS] ISLANDERS is a minimalist strategy game about building cities on colorful islands. ‖ [Gorogoa] Gorogoa(고로고아)는 Jason Roberts가 디자인하고 일러스트레이션을 손으로 그린 아름다운 차세대 퍼즐 게임입니다.",7Groves,"어드벤처, 캐주얼, 인디, 무료 플레이",A game in which you explore surreal and beautiful forests.,,,
B0153,A34,Pid / ChromaGun / Deer & Boy,"어드벤처, 인디 / 액션, 어드벤처, 인디 / 액션, 어드벤처, 인디","[Pid] You are stranded on a strange and peculiar planet. It’s time to embark on your journey and find your way home! Explore a gravity defying and challenging platformer with striking vi ‖ [ChromaGun] Welcome to ChromaTec’s test lab! You’re here to test our state-of-the-art military-grade color-technology: The ChromaGun (patent pending)! Use it to solve our meticulously designed ‖ [Deer & Boy] 도망친 소년은 길 잃은 어린 사슴을 만나 고요하면서도 위태로운 세상을 함께 헤쳐 나갑니다. 퍼즐을 풀고, 높은 곳에 오르고, 위협을 피해 나아가며 당신의 동료는 연약한 아기 사슴에서 어엿한 사슴으로 성장하죠. 혼자서는 할 수 없었던 일을 함께 해내는 법을 배우게 됩니다.",Happy Game,"어드벤처, 캐주얼, 인디",잠이 든 한 아이가 끔찍한 악몽에 빠져들고 맙니다. 그 아이를 다시 행복하게 만들어 줄 수 있나요?,,,
B0154,A03,Balatro / Hades / Vampire Survivors,"캐주얼, 인디, 전략 / 액션, 인디, RPG / 액션, 캐주얼, 인디, RPG","[Balatro] 포커 로그라이크 게임. Balatro는 불법 포커 패로 게임을 하고, 판을 뒤엎는 조커를 발견하고, 아드레날린이 치솟는 강력한 콤보를 만드는 덱 빌딩 게임입니다. ‖ [Hades] Bastion, Transistor, Pyre의 제작사에서 선보이는 이 로그라이크 던전 탐색형 게임에서 핵 앤 슬래시로 지하 세계를 탈출하고 죽음의 신에게 도전하세요. ‖ [Vampire Survivors] 수많은 어둠의 피조물을 쓰러뜨리며 새벽이 올 때까지 생존하세요! Vampire Survivors는 로그라이트 요소를 갖춘 고딕 호러 케주얼 게임입니다. 당신의 선택으로 순식간에 수백 마리의 괴물이 눈덩이처럼 불어날 수 있죠.",BlazBlue Entropy Effect,"액션, 어드벤처, 인디","미려한 액션, 짜릿한 배틀 연출, 그리고 호쾌하게 작렬하는 다채로운 콤보! 본 작품은 여러 개성 넘치는 플레이어블 캐릭터에 다수의 능력을 조합해 성장시키는 로그라이트 게임입니다. 특징적인 액션 메커니즘과 로그가 융합되어, 매 플레이마다 새로운 액션을 선사합니다.",,,
B0155,A20,Counter-Strike 2 / PUBG: BATTLEGROUNDS / 톰 클랜시의 레인보우식스 시즈,"액션, 무료 플레이 / 액션, 어드벤처, 대규모 멀티플레이어, 무료 플레이 / 액션, 무료 플레이","[Counter-Strike 2] Counter-Strike는 20년이 넘는 시간 동안 전 세계 수백만 명의 플레이어가 모여 수준 높은 경쟁을 펼칠 수 있는 플랫폼을 제공해 왔습니다. 그리고 이제 곧 Counter-Strike 2와 함께 새로운 CS 시대의 막이 열립니다. ‖ [PUBG: BATTLEGROUNDS] 배틀로얄 유행의 시작이자, 그 정수를 보여준 PUBG: 배틀그라운드를 지금 무료로 플레이하세요! 다양한 맵에 낙하하여 무기와 보급품을 확보하고, 점점 줄어드는 블루존 속에서 끝까지 살아남아 승리를 쟁취하세요. ‖ [톰 클랜시의 레인보우식스 시즈] 톰 클랜시의 레인보우식스 시즈는 탁월한 계획과 기술이 승부를 좌우하는 전술적인 정예 팀 기반 슈팅 게임입니다.",BLOCKPOST MOBILE,"액션, 인디, 대규모 멀티플레이어, 무료 플레이, 앞서 해보기",거대한 무기고를 갖춘 블록형 다이나믹 멀티플레이어 슈팅 게임. 재미에 동참하세요!,,,
B0156,A07,Into the Breach / Monster Train / Mini Metro,"인디, RPG, 시뮬레이션, 전략 / 전략 / 인디, 시뮬레이션, 전략","[Into the Breach] 미래의 강력한 메크를 조종하여 외계 세력을 물리치세요. 이 턴제 전략 게임에서는 세계를 구하려 시도할 때마다 무작위로 새롭게 생성되는 도전이 여러분 앞에 나타납니다. ‖ [Monster Train] Monster Train is a strategic roguelike deck building game with a twist. Set on a train to hell, you’ll use tactical decision making to defend multiple vertical battlegrounds. With  ‖ [Mini Metro] 미니 메트로는 성장하는 도시를 위해 지하철 노선을 설계하는 게임입니다. 역과 역 사이에 노선을 그려서 열차 운행을 시작하세요. 새로운 역이 열리면 노선을 수정해서 노선도를 효율적으로 유지하세요. 한정된 자원을 어느 곳에 사용할 것인지 결정하세요. 도시를 얼마나 오래 유지할 수 있을까요?",Linked,"캐주얼, 인디","Relaxing, minimalistic 2d-puzzle game.",,,
B0157,A13,Death's Door / Children of Morta / Roboquest / Spelunky 2 / Nuclear Throne / Streets of Rogue / Neon Abyss / Curse of the Dead Gods / Rogue Legacy 2 / Have a Nice Death,"액션, 어드벤처, 인디, RPG / 액션, 어드벤처, 인디, RPG / 액션, 인디 / 액션, 인디 / 액션, 인디, RPG / 액션, 어드벤처, 인디, RPG / 액션, 어드벤처, 인디, RPG / 액션, 어드벤처 / 액션, 어드벤처, 인디, RPG / 액션, 인디","[Death's Door] 죽은 자의 영혼을 수확하고 시간을 끝내는 것은 단조로울 수 있지만 까마귀에겐 평범한 일입니다. 하지만 주어진 영혼을 도둑맞게 되면 변화가 일어납니다. 영혼을 도난하고 죽음의 손길이 닿지 않는 영역으로 도망친 절망적인 도둑을 추적하십시오. ‖ [Children of Morta] Children of Morta는 비범한 가족 영웅에 대한 스토리 중심의 액션 RPG 게임입니다. 다가오는 부패에 맞서 모든 결함과 미덕을 갖춘 베르그송 가를 이끄세요. 여러분은 여러분이 아끼는 사람들을 구하기 위해 모든 것을 희생할 수 있으신가요? ‖ [Roboquest] 로보퀘스트는 멸망한 미래 세계의 빠른 FPS 로그라이트입니다. 당신은 재부팅된 수호자로, 강철 궁둥짝을 걷어 찰 준비를 하세요! 혼자서 혹은 친구와 함께 맞서거나 끊임없이 변화하는 환경에서 치명적인 로봇 군단을 섬멸하세요. ‖ [Spelunky 2] Spelunky 2 builds upon the unique, randomized challenges that made the original a roguelike classic, offering a huge adventure designed to satisfy players old and new. Meet the nex ‖ [Nuclear Throne] Nuclear Throne은 포스트 아포칼립스 세계관의 로그라이크 스타일 탑다운 슈터입니다. 여기서 말하는 포스트 아포칼립스는 '인류의 마지막 희망'이 남아 있는 세계가 아니라, '인류는 멸종했고 이제 돌연변이와 괴물들이 세상을 돌아다니는' 그런 세계입니다. 과연 당신은 뉴클리어 쓰론에 도달할 수 있을까요? ‖ [Streets of Rogue] 싸워서 몰래 들어가 임의 생성된 도시를 공격하세요. Nuclear Throne은 무법천지 GTA와 Deus Ex가 혼합된 형태입니다. Rogue-lite가 몰입도 높은 캐릭터를 만나 너무 재미있습니다. ‖ [Neon Abyss] Neon Abyss는 고속의 로그라이크 액션 플랫포머로, 하데스가 만든 '그림 스쿼드'의 일원이 되어 어비스로 총을 들고 뛰어드는 런 앤 건 게임입니다. 무한한 아이템 시너지와 던전 진화 시스템으로, 매번 게임을 할 때마다 다른 경험과 새로운 도전이 등장합니다. 진짜 지옥을 보여주세요! ‖ [Curse of the Dead Gods] 엄청난 부, 영원한 생명, 신성한 힘을 탐하는 마음이 당신을 끝없는 지옥 속의 미로, 치명적인 함정 및 몬스터가 우글거리는 이 저주받은 사원으로 이끌었습니다. ‖ [Rogue Legacy 2] 로그 레거시 2는 로그 레거시에 후속편을 끼얹은 작품입니다. 당신이 죽을 때마다 자식이 가업을 이어받습니다. 딸은 색맹 궁수이고 아들은 평화주의자 요리사일 수도 있죠. 어쨌거나 둘 중 한 명은 전장으로 나가야 합니다. ‖ [Have a Nice Death] Have a Nice Death는 과로에 고생하는 데스가 되어 플레이하는 2D 액션 로그라이크로, 통제 불능인 직원들 때문에 영혼의 균형과 데스의 휴가 계획이 틀어지고 말았습니다. 질서를 회복하려면 대낫을 들고 직원들과 서열 정리를 해야 합니다.",Ogre Chambers 2222,"액션, 인디","변화하는 아레나에서 외계 OGRE들과 맞서 살아남아라! 이 로그라이크 탄막 슈팅 게임에서 💥 무기를 개조하고, 현명하게 업그레이드를 선택하며, 우주선 조작을 마스터해 OGRE CHAMBERS를 정복하라!",,,
B0158,A28,Dordogne / A YEAR OF SPRINGS / Botany Manor,"어드벤처, 인디 / 캐주얼, 인디, 시뮬레이션 / 어드벤처","[Dordogne] 이 유년 시절의 여정에서 특별한 내러티브에 몰입하며 도르도뉴의 수천 가지 여름의 색을 탐험하고, 추억을 떠올리며 가족의 비밀을 밝히세요. ‖ [A YEAR OF SPRINGS] 세 명의 여성, 세 개의 이야기, 세 개의 봄. 세 명의 친구들이 사랑, 공감, 그리고 단지 함께하고 싶어하는 감정에 대한 방향을 찾아나가는 3 부작 비주얼 노벨 A YEAR OF SPRINGS 에서 하루, 에리카, 마나미의 이야기를 체험하세요. ‖ [Botany Manor] Welcome to Botany Manor, a stately home in 19th century England. You play as inhabitant Arabella Greene, a retired botanist. Explore your house and gardens, filled with research, t",Lilycle Rainbow Stage!!!,"어드벤처, 캐주얼, 인디","In this yuri visual novel featuring an all-star cast, you follow one main love triangle as they navigate their budding romance and the pursuit of their goals, unlocking new, heartwarming events to view from the perspectives of each cute girl in six other precious couples as well.",,,
B0159,A17,Lethal Company / Phasmophobia / Deep Rock Galactic,"액션, 어드벤처, 인디, 앞서 해보기 / 액션, 인디, 앞서 해보기 / 액션","[Lethal Company] A co-op horror about scavenging at abandoned moons to sell scrap to the Company. ‖ [Phasmophobia] Phasmophobia is a 4 player online co-op psychological horror. Paranormal activity is on the rise and it’s up to you and your team to use all the ghost-hunting equipment at your dis ‖ [Deep Rock Galactic] 딥 락 갤럭틱은 1-4인의 플레이어가 협동하는 FPS 게임으로, 상남자 우주 드워프, 100% 파괴 가능한 맵 환경, 절차적 생성 동굴 지형, 그리고 끊임없이 등장하는 외계 괴물 무리가 특징입니다.",Lunch Lady,"액션, 어드벤처, 인디",Lunch Lady is a 1-4 player online co-op survival horror game. The school final exams are coming up and the best idea you and your friends had was to steal the test answers. Find all 10 pages and don't get caught by the murderous Lunch Lady!,,,
B0160,A17,Lethal Company / Phasmophobia / Deep Rock Galactic,"액션, 어드벤처, 인디, 앞서 해보기 / 액션, 인디, 앞서 해보기 / 액션","[Lethal Company] A co-op horror about scavenging at abandoned moons to sell scrap to the Company. ‖ [Phasmophobia] Phasmophobia is a 4 player online co-op psychological horror. Paranormal activity is on the rise and it’s up to you and your team to use all the ghost-hunting equipment at your dis ‖ [Deep Rock Galactic] 딥 락 갤럭틱은 1-4인의 플레이어가 협동하는 FPS 게임으로, 상남자 우주 드워프, 100% 파괴 가능한 맵 환경, 절차적 생성 동굴 지형, 그리고 끊임없이 등장하는 외계 괴물 무리가 특징입니다.",HAUNTMATES,"액션, 어드벤처, 인디","Co-op horror investigation game across multiple maps. Enter procedurally generated environments, use your equipment to gather clues, and identify the entity. Watch your back, because monsters are hunting you down.",,,
B0161,A05,Opus Magnum,"인디, 시뮬레이션","[Opus Magnum] Opus Magnum은 SpaceChem, Infinifactory, SHENZHEN I/O를 제작한 Zachtronics의 신작 퍼즐게임입니다. 연금술사들의 최첨단 도구인 변성 기관을 이용해 물약과 독을 만들어내는 기계들을 설계하고 만들어 내세요!",uFactory,"인디, 시뮬레이션, 전략","uFactory is the ultimate in finely-tuned and customizable logistics challenges. Navigate the complexities of manufacturing processes inspired by real industrial methods, but do it your way.",,,
B0162,A23,Vomitoreum / Tales of Kenzera™: ZAU / Shantae: Half-Genie Hero,"액션, 어드벤처, 인디 / 액션, 어드벤처, 인디 / 액션, 어드벤처, 인디","[Vomitoreum] Vomitoreum is an FPS Metroidvania with a focus on atmosphere and horror, inspired by the paintings of Zdzisław Beksiński. ‖ [Tales of Kenzera™: ZAU] 샤먼의 춤을 추세요. 아버지의 영혼을 되찾으세요. Surgent Studios가 제작한 메트로이드바니아 스타일의 어드벤처 게임 Tales of Kenzera™: ZAU에서 죽음의 신과 함께 아름답고 위험한 켄제라의 땅으로 용감하게 모험을 떠나세요. ‖ [Shantae: Half-Genie Hero] Shantae embarks on her first full HD adventure! When a mysterious crime wave sweeps Sequin Land, it’s up to Half-Genie Hero Shantae to save the day! Use Shantae’s devastating Hair-",Islets,"액션, 어드벤처","Take to the sky and reunite a fragmented world in this surprisingly wholesome metroidvania! Help Iko adventure across beautiful hand-painted islands, receive letters from a quirky cast of characters, and face powerful monstrous adversaries.",,,
B0163,A06,Cities: Skylines / Factorio / Farming Simulator 22,"시뮬레이션, 전략 / 캐주얼, 인디, 시뮬레이션, 전략 / 시뮬레이션","[Cities: Skylines] Cities: Skylines is a modern take on the classic city simulation. The game introduces new game play elements to realize the thrill and hardships of creating and maintaining a real  ‖ [Factorio] Factorio는 무한한 2D 세상에서 복잡성이 증가하는 아이템을 생산하기 위해 자동화 공장을 만드는 게임입니다. - 당신의 상상력으로 공장을 설계, 독창적인 방법으로 간단한 요소를 결합하고 마지막엔 당신을 좋아하지 않는 생물들로 부터 공장을 지키세요. ‖ [Farming Simulator 22] 농장을 만들고 농사를 즐기세요! 작물을 수확하고, 동물을 돌보고, 생산을 관리하고, 계절에 따른 어려움을 이겨내세요.",Blueprint Tycoon,"캐주얼, 인디, 시뮬레이션","Build your settlement, gather goods, ensure maximum efficiency and make a profit!",,,
B0164,A24,Valheim / Grounded / My Time at Portia,"액션, 어드벤처, 인디, RPG, 앞서 해보기 / 액션, 어드벤처 / 어드벤처, 캐주얼, 인디, RPG, 시뮬레이션","[Valheim] 북구 신화와 바이킹 문화에 기반한 판타지 세계를 배경으로 펼쳐지는 생존 및 탐험 게임. ‖ [Grounded] The world is a vast, beautiful and dangerous place – especially when you have been shrunk to the size of an ant. Can you thrive alongside the hordes of giant insects, fighting to s ‖ [My Time at Portia] 아름다운 Portia 마을에서 새 삶을 시작하세요! 아버지가 방치한 작업장에서 제작을 부탁받고, 작물을 키우고, 가축을 기르고, 아름다운 세기말의 땅에서 특이한 친구들을 사귀며 작업장을 예전의 멋진 모습으로 복원하세요.",리: 레전드 Re:Legend,"액션, 어드벤처, 인디, RPG, 시뮬레이션","아름다운 풍경과 환상적인 생물이 있는 세계에서 친구들과 함께 모험을 떠나 보세요. 놀라운 반려동물을 키우고, 공예하고, 농사를 짓고, 물고기를 잡고, 기르고, 번식시키세요!",,,
B0165,A24,Valheim / Grounded / My Time at Portia,"액션, 어드벤처, 인디, RPG, 앞서 해보기 / 액션, 어드벤처 / 어드벤처, 캐주얼, 인디, RPG, 시뮬레이션","[Valheim] 북구 신화와 바이킹 문화에 기반한 판타지 세계를 배경으로 펼쳐지는 생존 및 탐험 게임. ‖ [Grounded] The world is a vast, beautiful and dangerous place – especially when you have been shrunk to the size of an ant. Can you thrive alongside the hordes of giant insects, fighting to s ‖ [My Time at Portia] 아름다운 Portia 마을에서 새 삶을 시작하세요! 아버지가 방치한 작업장에서 제작을 부탁받고, 작물을 키우고, 가축을 기르고, 아름다운 세기말의 땅에서 특이한 친구들을 사귀며 작업장을 예전의 멋진 모습으로 복원하세요.",Starbound,"액션, 어드벤처, 캐주얼, 인디, RPG","You’ve fled your home, only to find yourself lost in space with a damaged ship. Your only option is to beam down to the planet below, repair your ship and set off to explore the universe...",,,
B0166,A29,Salt and Sanctuary,"액션, 인디, RPG","[Salt and Sanctuary] 두렵고도 잔혹한 섬의 탐험을 시작합니다… Salt and Sanctuary는 신속하고, 잔인하며, 복잡한 전투 시스템을 지닌 2D RPG입니다. 저주받은 도시의 잊힌 영역이나, 피에 물든 던전이나, 오염된 기념비와 같은 장소를 돌아다니며, 한때 축복을 받았지만 지금은 타락하고 만 영주들을 조우하세요.",Vigil: The Longest Night,"액션, 인디, RPG","플레이어는 밤의 수호자 조직의 멤버 레일라로 변신하여, 태양 빛이 닿지 않는 나라에서 그녀의 여정을 시작합니다. 이 끝없는 긴 밤 속에서, 그녀는 끊임없이 싸우며, 영원한 어둠 속에 숨겨진 악의 세력이 수백 년 동안 이어온 음모를 밝히고, 그 뒤에 숨은 음산하고 기이한 괴물의 수수께끼를 탐구할 것입니다.",,,
B0167,A28,Dordogne / A YEAR OF SPRINGS / Botany Manor,"어드벤처, 인디 / 캐주얼, 인디, 시뮬레이션 / 어드벤처","[Dordogne] 이 유년 시절의 여정에서 특별한 내러티브에 몰입하며 도르도뉴의 수천 가지 여름의 색을 탐험하고, 추억을 떠올리며 가족의 비밀을 밝히세요. ‖ [A YEAR OF SPRINGS] 세 명의 여성, 세 개의 이야기, 세 개의 봄. 세 명의 친구들이 사랑, 공감, 그리고 단지 함께하고 싶어하는 감정에 대한 방향을 찾아나가는 3 부작 비주얼 노벨 A YEAR OF SPRINGS 에서 하루, 에리카, 마나미의 이야기를 체험하세요. ‖ [Botany Manor] Welcome to Botany Manor, a stately home in 19th century England. You play as inhabitant Arabella Greene, a retired botanist. Explore your house and gardens, filled with research, t",Lingering Fragrance,"어드벤처, 캐주얼, 인디","We walk together, play together, and do everything together. This is our last trip, our last memory. It is a short visual novel contains three story lines, after main story the other two will be unlocked. Which one is your side of story?",,,
B0168,A08,Sid Meier’s Civilization® VI / XCOM® 2 / Stellaris,"전략 / 전략 / 시뮬레이션, 전략","[Sid Meier’s Civilization® VI] 문명 VI 에서는 새로운 방식으로 세상과 소통하고, 제국의 영토를 확장시키며, 문화를 발전시키고, 역사속 위대한 지도자들에 맞서 오래도록 지속될 나만의 문명을 건설해볼 수 있습니다. 클레오파트라를 비롯한 20명의 역사 속 지도자들 중 한명으로 플레이 해보세요. ‖ [XCOM® 2] XCOM 2는 수상 경력이 있는 전략 게임 XCOM: Enemy Unknown의 속편입니다. 인류가 외계인 침략군에게 항복한 지 20년, 이제 지구 상에는 새로운 세계 질서가 존재합니다. 수년간을 어둠 속에서 숨어 있었던 XCOM 부대는 반드시 일어나 외계인의 지배를 무너뜨릴 것입니다. ‖ [Stellaris] 항성간 여행을 통해 우주를 탐험하며 수많은 종족들도 만나보세요. 과학선을 보내 우주를 조사하고 탐험하면서 은하 제국을 건설하고, 건축선을 보내 새로 발견한 행성에 기지를 건설하세요. 소속 사회를 위한 탐험에 나서 매장된 보물과 은하계의 경이를 발견하고, 탐험가의 한계치와 진화 범위를 설정하세요. 동맹이 체결되고, 전쟁이 ",Star Titans : War of the Galaxy,"액션, 인디, 시뮬레이션, 전략","강력한 함대를 지휘하며 스토리 중심의 SF 4X 전략 모험을 경험하세요. 미지의 은하를 탐험하고, 첨단 기술을 연구하며, 함선을 커스터마이징하고, 전략적인 턴제 전투를 통해 행성을 정복하세요. 당신만의 제국을 건설하고 별들의 운명을 결정하세요.",,,
B0169,A18,Euro Truck Simulator 2 / BeamNG.drive / 아세토 코르사 Assetto Corsa,"인디, 시뮬레이션 / 레이싱, 시뮬레이션, 앞서 해보기 / 인디, 레이싱, 시뮬레이션, 스포츠","[Euro Truck Simulator 2] 도로의 왕이 되어 인상적인 거리를 가로질러 중요한 화물을 배달하는 트럭 운전사가 되어 유럽을 여행하세요! 탐험할 도시가 수십 개나 되므로, 당신의 인내심, 기술, 속도가 모두 한계에 도달할 것입니다. ‖ [BeamNG.drive] 뭐든지 할 수 있는 동적 소프트 보디 물리 시뮬레이터입니다. ‖ [아세토 코르사 Assetto Corsa] 아세토 코르사(Assetto Corsa) v1.16은 새로운 레이저 스캔 트랙 ""라구나 세카(Laguna Seca)"" 및 기다리던 Alfa Romeo Giulia Quadrifoglio를 포함한 7개의 신차를 소개합니다! 체인지로그에서 더 자세한 내용을 확인하세요!",Pure Rock Crawling,시뮬레이션,"Pure Rock Crawling is a physics based off-road simulator. Featuring soft body tires, suspension customization that affects your handling, true to life drivetrain simulation and visual addons. Explore a variety of trails in free roam with multiple challenges.",,,
B0170,A24,Valheim / Grounded / My Time at Portia,"액션, 어드벤처, 인디, RPG, 앞서 해보기 / 액션, 어드벤처 / 어드벤처, 캐주얼, 인디, RPG, 시뮬레이션","[Valheim] 북구 신화와 바이킹 문화에 기반한 판타지 세계를 배경으로 펼쳐지는 생존 및 탐험 게임. ‖ [Grounded] The world is a vast, beautiful and dangerous place – especially when you have been shrunk to the size of an ant. Can you thrive alongside the hordes of giant insects, fighting to s ‖ [My Time at Portia] 아름다운 Portia 마을에서 새 삶을 시작하세요! 아버지가 방치한 작업장에서 제작을 부탁받고, 작물을 키우고, 가축을 기르고, 아름다운 세기말의 땅에서 특이한 친구들을 사귀며 작업장을 예전의 멋진 모습으로 복원하세요.",Zero-based World-从零开始,"액션, 어드벤처, 캐주얼, 인디, 대규모 멀티플레이어, 시뮬레이션, 앞서 해보기",Zero Based World is a multiplayer sandbox survival game.,,,
B0171,A09,Roots of Yggdrasil / Ancient Gods / Flick Shot Rogues,"인디, 전략 / RPG, 전략 / 인디, 전략","[Roots of Yggdrasil] Build settlements, explore the Nine Realms, collect artifacts and upgrade your deck to reach the top of Yggdrasil in this post-Ragnarok roguelike city-builder! Can you survive the  ‖ [Ancient Gods] Ancient Gods is a fusion of hero collector and deck-building rogue-lite where you collect your character, fight, and experience exciting events. Any character can use all the cards ‖ [Flick Shot Rogues] 계획하고, 조준하고, 쏘세요! FLICK SHOT ROGUES는 테이블 위에서 물건을 튕기는 촉각적 만족감과 사람들이 좋아하는 턴제 로그라이크의 전략적 깊이를 결합한 게임입니다. 말도 안되는 콤보를 연결하고, 캐릭터, 아이템, 스킬을 잠금 해제하면서, 섬을 정복하세요!",Caemdale,"인디, 전략","Build your city and expand your deck in CAEMDALE, a single-player deckbuilding roguelike. Plan your turns carefully, assemble a powerful deck, defend against enemy raids and encounter new strategical policies and disruptive revolutions in every run!",,,
B0172,A14,Iron Brigade / Ancient Planet Tower Defense / Creeper World IXE,"액션, 전략 / 캐주얼, 인디, 전략 / 액션, 캐주얼, 인디, 시뮬레이션, 전략","[Iron Brigade] Join The Mobile Trench Brigade and protect humanity from the evil Monovision menace! ‖ [Ancient Planet Tower Defense] 고대 행성 타워 디펜스는 정통 타워 디펜스 게임입니다. 고대 문명의 요새가 외계 침략자들로부터 침략당했습니다. 고대의 강력한 기술을 사용하여 적군의 공격을 물리치십시오! ‖ [Creeper World IXE] The unstoppable alien force known as The Creeper has returned, devouring thousands of worlds in its path, and yours is next. Battle against the Creeper fluid in a groundbreaking pi",Space Rangers HD: A War Apart,"액션, 어드벤처, RPG, 시뮬레이션, 전략","Space adventure, open world RPG, strategy, arcade, quest and more!",,,
B0173,A09,Roots of Yggdrasil / Ancient Gods / Flick Shot Rogues,"인디, 전략 / RPG, 전략 / 인디, 전략","[Roots of Yggdrasil] Build settlements, explore the Nine Realms, collect artifacts and upgrade your deck to reach the top of Yggdrasil in this post-Ragnarok roguelike city-builder! Can you survive the  ‖ [Ancient Gods] Ancient Gods is a fusion of hero collector and deck-building rogue-lite where you collect your character, fight, and experience exciting events. Any character can use all the cards ‖ [Flick Shot Rogues] 계획하고, 조준하고, 쏘세요! FLICK SHOT ROGUES는 테이블 위에서 물건을 튕기는 촉각적 만족감과 사람들이 좋아하는 턴제 로그라이크의 전략적 깊이를 결합한 게임입니다. 말도 안되는 콤보를 연결하고, 캐릭터, 아이템, 스킬을 잠금 해제하면서, 섬을 정복하세요!",사냥의 밤：소브린 신디케이트,"어드벤처, RPG, 전략","이 덱 빌딩 게임에서 수백 종의 독특한 카드로 수천 가지의 전술 체계를 구축하고, 역병으로 변이된 강력한 괴물에 맞서며 임무를 완수하세요. 자원을 수집하고 전략을 조정해 나가며 위기 속에서 숨겨진 진실을 밝혀내세요.",,,
B0174,A31,Hearts of Iron IV / Europa Universalis IV / Sid Meier's Civilization® V,"시뮬레이션, 전략 / 시뮬레이션, 전략 / 전략","[Hearts of Iron IV] Victory is at your fingertips! Your ability to lead your nation is your supreme weapon, the strategy game Hearts of Iron IV lets you take command of any nation in World War II; the ‖ [Europa Universalis IV] 비교할 수 없는 자유도, 깊이 있는 스토리, 정확한 역사적 고증을 즐기며 국토를 다스리고 세계를 정복하세요. 세계 역사를 새롭게 쓰며 시대를 풍미할 제국을 만드세요. ‖ [Sid Meier's Civilization® V] Create, discover, and download new player-created maps, scenarios, interfaces, and more!",Imperial Ambitions,"시뮬레이션, 전략","Discover and colonize the world, Allocate your labor force, Monopolize markets, Fight tactical battles, Survive the age of imperialism...",,,
B0175,A12,Baldur's Gate 3 / Mount & Blade II: Bannerlord / Kenshi,"어드벤처, RPG, 전략 / 액션, 인디, RPG, 시뮬레이션, 전략 / 액션, 인디, RPG, 시뮬레이션, 전략","[Baldur's Gate 3] Baldur’s Gate 3 is a story-rich, party-based RPG set in the universe of Dungeons & Dragons, where your choices shape a tale of fellowship and betrayal, survival and sacrifice, and  ‖ [Mount & Blade II: Bannerlord] 본 게임은 전략/액션 RPG입니다. 캐릭터를 생성하고, 외교에 참여하고, 제작, 거래를 하고, 방대한 중세풍의 샌드박스에서 새로운 땅을 정복하십시오. 군대를 일으켜 전쟁에 뛰어들고, 깊이가 있으나 직관적인 실력 기반의 전투 시스템을 채용한 대규모 실시간 전투에서 자신의 부대에 명령을 내리고 함께 싸우십시오. ‖ [Kenshi] 자유롭게 돌아다니는 분대 기반의 RPG. 스토리를 따라가는 대신 제한 없는 샌드박스식 게임플레이에 중점을 두었습니다. 무역상, 도둑, 반란군, 전쟁 군주, 모험가, 농부, 노예 등 다양한 삶을 체험할 수 있습니다. 운이 나쁘면 식인종의 먹잇감으로 전락할지도 모르죠. 새로운 장비를 연구하거나 제작해 보세요.",King of Dragon Pass,"어드벤처, RPG, 전략","Create your own epic saga of survival, mythology and diplomacy! Rule your clan, make strategic decisions that affect the game world, win battles and expand your influence in this unique mix of RPG, strategy and story-telling.",,,
B0176,A34,Pid / ChromaGun / Deer & Boy,"어드벤처, 인디 / 액션, 어드벤처, 인디 / 액션, 어드벤처, 인디","[Pid] You are stranded on a strange and peculiar planet. It’s time to embark on your journey and find your way home! Explore a gravity defying and challenging platformer with striking vi ‖ [ChromaGun] Welcome to ChromaTec’s test lab! You’re here to test our state-of-the-art military-grade color-technology: The ChromaGun (patent pending)! Use it to solve our meticulously designed ‖ [Deer & Boy] 도망친 소년은 길 잃은 어린 사슴을 만나 고요하면서도 위태로운 세상을 함께 헤쳐 나갑니다. 퍼즐을 풀고, 높은 곳에 오르고, 위협을 피해 나아가며 당신의 동료는 연약한 아기 사슴에서 어엿한 사슴으로 성장하죠. 혼자서는 할 수 없었던 일을 함께 해내는 법을 배우게 됩니다.",Newtonian Inversion,인디,Navigate from grav panel to grav panel by altering the flow of gravity with your grav gun.,,,
B0177,A19,ELDEN RING / Disco Elysium - The Final Cut / Outer Wilds,"액션, RPG / RPG / 액션, 어드벤처","[ELDEN RING] 본 게임은 본격적인 다크 판타지 세계를 무대로 한 액션 RPG입니다. 드넓은 필드와 던전 탐험을 통해 미지의 것들을 발견해 보세요. 앞길을 막아서는 난관과 그것을 극복했을 때의 달성감, 그리고 등장인물들의 의도가 교착하는 군상극도 즐기실 수 있습니다. ‖ [Disco Elysium - The Final Cut] 디스코 엘리시움 - 최종판은 획기적인 오픈 월드 롤플레잉 게임입니다. 당신은 독특한 스킬 시스템을 갖춘 형사로서 오롯한 도시 블록을 당신의 미래를 닦기 위해 다듬을 수 있습니다. 잊지 못할 등장인물들을 심문하거나, 살인 사건을 해결하거나, 뇌물을 받으세요. 영웅이 되거나 인류의 완전한 재앙이 되세요. ‖ [Outer Wilds] Giant Bomb, Polygon, Eurogamer, The Guardian에 의해 2019년 올해의 게임에 이름을 올리며 냉정한 호평과 수상 실적이 있는 Outer Wilds는 무한 시간 루프에 갇힌 태양계에 관한 공개된 세계의 미스터리 게임입니다.",Mirror Of Life,"액션, 어드벤처, 캐주얼, 인디",에피소드 1: 살인이 일어났고 누가 저질렀는지 알 수 없습니다. 그는 올리버 형사와 모르는 사람과 함께 이 살인 사건을 해결할 수 있을까요? 이 과정에서 당신은 아무도 믿지 않기로 선택할 수 있습니다 ...,,,
B0178,A01,It Takes Two / Overcooked! 2 / What Remains of Edith Finch,"액션, 어드벤처 / 액션, 캐주얼, 인디 / 어드벤처, 인디","[It Takes Two] It Takes Two에서 생애 가장 정신없는 여정을 시작하세요. 친구가 무료로 참가할 수 있게 친구 패스*로 초대하고, 함께 힘을 합쳐서 수많은 유쾌하고 획기적인 게임 플레이 챌린지를 헤쳐나가세요. ‖ [Overcooked! 2] 혼란스러운 요리 액션으로 가득한 Overcooked가 돌아왔습니다! 양파 왕국으로 돌아가는 여행을 떠나세요. 클래식 협동 또는 온라인 플레이에서 셰프 팀을 만들어서 최대 4명까지 플레이하세요. 앞치마를 준비하세요... 다시 세상을 구할 때가 되었습니다! ‖ [What Remains of Edith Finch] What Remains of Edith Finch(워트 리메인스 오브 에디스 핀치)는 워싱턴 주에 있는 어느 가족에 대한 이상한 이야기의 모음입니다. 플레이어는 에디스가 되어 거대한 핀치 가택을 탐사하고, 가족사를 연구하며 이야기를 찾고, 왜 가족 중에서 그녀만 살아남았는지 알아내야 합니다. 각 이야기는 새로운 가족 구성",Old Man's Journey,"어드벤처, 캐주얼, 인디","Old Man’s Journey, 영혼을 탐구하는 퍼즐 탐험, 삶, 상실, 희망에 대해 이야기합니다. 주변의 세상과 상호 작용하면서 이 노인의 앞길을 열어주세요. 햇살이 내리쬐는 세상 속으로 감성 여행을 떠나면서 인생의 상심과 희망을 느껴볼 수 있습니다.",,,
B0179,A32,Hardspace: Shipbreaker / Hacknet / The Case of the Golden Idol / 방 탈출 시뮬레이터 / shapez 2 - Factory,"시뮬레이션 / 인디, 시뮬레이션 / 어드벤처, 인디 / 어드벤처, 캐주얼, 인디, 시뮬레이션 / 캐주얼, 인디, 시뮬레이션, 전략","[Hardspace: Shipbreaker] Equipped with cutting-edge salvaging tech, carve & slice spaceships to recover valuable materials. Upgrade your gear to take on more lucrative contracts and pay your billion credit ‖ [Hacknet] Hacknet은 터미널 기반의 몰입형 해킹 시뮬레이터입니다. 최근에 사망한, 그러나 언론 보도와는 달리 사고로 사망하지 않은 해커의 지시에 따라 진실을 추척하십시오. ‖ [The Case of the Golden Idol] A new kind of detective game that allows you to think and investigate freely. Discover clues surrounding 12 strange and gruesome deaths and build your own theory. Pick your suspect ‖ [방 탈출 시뮬레이터] Escape Simulator는 단독 또는 온라인 협동 플레이가 가능한 1인칭 퍼즐 게임입니다. 점점 더 많아지는, 고도의 상호 작용이 가능한 방탈출 세트를 탐험하세요. 가구를 옮기고, 모든 것을 집어 들고 검사하고, 냄비를 부수고 자물쇠를 부수세요! 레벨 편집기를 통해 커뮤니티가 만든 방을 지원합니다. ‖ [shapez 2 - Factory] 공장 건설 게임에 빠져들어 보세요. 단 한 가지에 집중하세요. 대규모 우주 공장을 건설하는 것! 방대하게 펼쳐지는 다층 공장과 만족스러운 생산 라인을 무제한으로 설계하세요. 계속해서 어려워지는 자동화 목표를 적의 위협 없이 자신만의 속도로 달성하세요.",Song of Farca,"어드벤처, 인디, 시뮬레이션","Hack into crime scenes, look for evidence, analyze data, interrogate criminals, track suspects and deal with the consequences of your decisions. This is a dark and brutal detective story with a Black Mirror-esque atmosphere of digital dominance and the narrative structure of a US crime procedural.",,,
B0180,A23,Vomitoreum / Tales of Kenzera™: ZAU / Shantae: Half-Genie Hero,"액션, 어드벤처, 인디 / 액션, 어드벤처, 인디 / 액션, 어드벤처, 인디","[Vomitoreum] Vomitoreum is an FPS Metroidvania with a focus on atmosphere and horror, inspired by the paintings of Zdzisław Beksiński. ‖ [Tales of Kenzera™: ZAU] 샤먼의 춤을 추세요. 아버지의 영혼을 되찾으세요. Surgent Studios가 제작한 메트로이드바니아 스타일의 어드벤처 게임 Tales of Kenzera™: ZAU에서 죽음의 신과 함께 아름답고 위험한 켄제라의 땅으로 용감하게 모험을 떠나세요. ‖ [Shantae: Half-Genie Hero] Shantae embarks on her first full HD adventure! When a mysterious crime wave sweeps Sequin Land, it’s up to Half-Genie Hero Shantae to save the day! Use Shantae’s devastating Hair-",Ghost 1.0,"액션, 어드벤처, 인디","A mysterious agent, capable of becoming a digital ghost, sneaks aboard the Nakamura Space Station. This is where the fun begins: the station is well-protected with its heavy defences, never-ending arsenal of weapons, and mysterious artifacts. It will all have to be destroyed.",,,
B0181,A14,Iron Brigade / Ancient Planet Tower Defense / Creeper World IXE,"액션, 전략 / 캐주얼, 인디, 전략 / 액션, 캐주얼, 인디, 시뮬레이션, 전략","[Iron Brigade] Join The Mobile Trench Brigade and protect humanity from the evil Monovision menace! ‖ [Ancient Planet Tower Defense] 고대 행성 타워 디펜스는 정통 타워 디펜스 게임입니다. 고대 문명의 요새가 외계 침략자들로부터 침략당했습니다. 고대의 강력한 기술을 사용하여 적군의 공격을 물리치십시오! ‖ [Creeper World IXE] The unstoppable alien force known as The Creeper has returned, devouring thousands of worlds in its path, and yours is next. Battle against the Creeper fluid in a groundbreaking pi",비시 배시 봇스,"액션, 캐주얼, 전략",비시 배시 봇스는 타워 디펜스와 전략을 전면 난투전과 혼합한 독특한 형태의 게임입니다. 로컬 코옵이나 온라인 플레이로 함께 즐기거나 혼자서 용감하게 업그레이드 가능한 터렛을 만들고 새 장비를 잠금 해제하고 거대한 망치로 로봇들을 부숴버리세요.,,,
B0182,A05,Opus Magnum,"인디, 시뮬레이션","[Opus Magnum] Opus Magnum은 SpaceChem, Infinifactory, SHENZHEN I/O를 제작한 Zachtronics의 신작 퍼즐게임입니다. 연금술사들의 최첨단 도구인 변성 기관을 이용해 물약과 독을 만들어내는 기계들을 설계하고 만들어 내세요!",Recursed,"어드벤처, 인디","방이 아이템이고 아이템이 방인 퍼즐 게임. 방을 이동, 재정렬, 복제하거나 세계의 구조를 바꿔 목표를 달성하세요.",,,
B0183,A21,DARK SOULS™ III / The Witcher 3: Wild Hunt / The Elder Scrolls V: Skyrim Special Edition,액션 / RPG / RPG,"[DARK SOULS™ III] 장르를 새로 개척했다는 평가를 들으며 많은 좋은 평가들을 얻고 있는 다크 소울 시리즈는 계속해서 한계를 넘어서, 더욱 야심찬 단계에 도전하고자 하고 있습니다. 준비를 하고 어둠을 밝히십시오! ‖ [The Witcher 3: Wild Hunt] 리비아의 게롤트가 되어 의뢰를 받고 괴물을 사냥하세요. 전쟁의 상처가 가득하고 괴물이 들끓는 대륙을 마음껏 탐험해 보세요. 지금 가장 중요한 일은 대륙의 판도를 뒤바꿀 수도 있는 살아 있는 무기이자 예언의 아이, 시리를 추적하는 것입니다. ‖ [The Elder Scrolls V: Skyrim Special Edition] 200회 이상 올해의 게임에 선정된 The Elder Scrolls V: Skyrim Special Edition이 놀라운 디테일로 판타지에 생명을 불어넣었습니다. Special Edition에는 비평가들의 극찬을 받은 게임 및 새로운 기능이 포함된 애드온이 들어 있습니다.",The RPG,"액션, 어드벤처, 캐주얼, 인디, RPG","전통적인 롤플레잉 게임의 요소를 의도적으로 비틀어 재미있는 스토리, 기발한 캐릭터, 선택이 중요한 세계가 있는 RPG 어드벤처 게임입니다.",,,
B0184,A34,Pid / ChromaGun / Deer & Boy,"어드벤처, 인디 / 액션, 어드벤처, 인디 / 액션, 어드벤처, 인디","[Pid] You are stranded on a strange and peculiar planet. It’s time to embark on your journey and find your way home! Explore a gravity defying and challenging platformer with striking vi ‖ [ChromaGun] Welcome to ChromaTec’s test lab! You’re here to test our state-of-the-art military-grade color-technology: The ChromaGun (patent pending)! Use it to solve our meticulously designed ‖ [Deer & Boy] 도망친 소년은 길 잃은 어린 사슴을 만나 고요하면서도 위태로운 세상을 함께 헤쳐 나갑니다. 퍼즐을 풀고, 높은 곳에 오르고, 위협을 피해 나아가며 당신의 동료는 연약한 아기 사슴에서 어엿한 사슴으로 성장하죠. 혼자서는 할 수 없었던 일을 함께 해내는 법을 배우게 됩니다.",Sunshine Heavy Industries,"캐주얼, 인디, 시뮬레이션","Welcome to Sunshine Heavy Industries! As the new spaceship engineer, solve increasingly tricky design puzzles with your own personal style. Manage customer demands, juggle budget and ship performance, and survive the questionable decision making skills of your business partner.",,,
B0185,A34,Pid / ChromaGun / Deer & Boy,"어드벤처, 인디 / 액션, 어드벤처, 인디 / 액션, 어드벤처, 인디","[Pid] You are stranded on a strange and peculiar planet. It’s time to embark on your journey and find your way home! Explore a gravity defying and challenging platformer with striking vi ‖ [ChromaGun] Welcome to ChromaTec’s test lab! You’re here to test our state-of-the-art military-grade color-technology: The ChromaGun (patent pending)! Use it to solve our meticulously designed ‖ [Deer & Boy] 도망친 소년은 길 잃은 어린 사슴을 만나 고요하면서도 위태로운 세상을 함께 헤쳐 나갑니다. 퍼즐을 풀고, 높은 곳에 오르고, 위협을 피해 나아가며 당신의 동료는 연약한 아기 사슴에서 어엿한 사슴으로 성장하죠. 혼자서는 할 수 없었던 일을 함께 해내는 법을 배우게 됩니다.",The Beggar's Ride,"어드벤처, 캐주얼, 인디",The Beggar’s Ride is a unique and innovative Platform Puzzle Adventure Game where the player can manipulate the environment to solve puzzles in a deep and intriguing story of discovery.,,,
B0186,A02,Still Life / Jenny LeClue - Detectivu / Telling Lies,"어드벤처 / 액션, 어드벤처, 캐주얼, 인디 / 어드벤처, 인디, 시뮬레이션",[Still Life] Still Life 2 also now available! ‖ [Jenny LeClue - Detectivu] Jenny LeClue - Detectivu는 조사와 선택지로 가득한 스릴 넘치는 미스터리 어드벤처 게임입니다. ‖ [Telling Lies] 네 명의 삶. 그리고 하나의 큰 거짓말. 아무도 모르게 녹화된 은밀한 대화를 들으며 진실을 알아내십시오. 큰 호평을 받았던 Her Story의 계승작입니다.,Detectives United: Vengeance from the Past Collector's Edition,"어드벤처, 캐주얼",Can your all-star detective team crack the case in time?,,,
B0187,A21,DARK SOULS™ III / The Witcher 3: Wild Hunt / The Elder Scrolls V: Skyrim Special Edition,액션 / RPG / RPG,"[DARK SOULS™ III] 장르를 새로 개척했다는 평가를 들으며 많은 좋은 평가들을 얻고 있는 다크 소울 시리즈는 계속해서 한계를 넘어서, 더욱 야심찬 단계에 도전하고자 하고 있습니다. 준비를 하고 어둠을 밝히십시오! ‖ [The Witcher 3: Wild Hunt] 리비아의 게롤트가 되어 의뢰를 받고 괴물을 사냥하세요. 전쟁의 상처가 가득하고 괴물이 들끓는 대륙을 마음껏 탐험해 보세요. 지금 가장 중요한 일은 대륙의 판도를 뒤바꿀 수도 있는 살아 있는 무기이자 예언의 아이, 시리를 추적하는 것입니다. ‖ [The Elder Scrolls V: Skyrim Special Edition] 200회 이상 올해의 게임에 선정된 The Elder Scrolls V: Skyrim Special Edition이 놀라운 디테일로 판타지에 생명을 불어넣었습니다. Special Edition에는 비평가들의 극찬을 받은 게임 및 새로운 기능이 포함된 애드온이 들어 있습니다.",The Altered Lands,"액션, 어드벤처, 인디, RPG, 앞서 해보기","Start your journey in a dark fantasy world. Prepare to face challenging enemies with Swords, Bows and powerful Magics. Choose your path! Fight, Craft, Explore and find out the dark secret of The Altered Lands.",,,
B0188,A09,Roots of Yggdrasil / Ancient Gods / Flick Shot Rogues,"인디, 전략 / RPG, 전략 / 인디, 전략","[Roots of Yggdrasil] Build settlements, explore the Nine Realms, collect artifacts and upgrade your deck to reach the top of Yggdrasil in this post-Ragnarok roguelike city-builder! Can you survive the  ‖ [Ancient Gods] Ancient Gods is a fusion of hero collector and deck-building rogue-lite where you collect your character, fight, and experience exciting events. Any character can use all the cards ‖ [Flick Shot Rogues] 계획하고, 조준하고, 쏘세요! FLICK SHOT ROGUES는 테이블 위에서 물건을 튕기는 촉각적 만족감과 사람들이 좋아하는 턴제 로그라이크의 전략적 깊이를 결합한 게임입니다. 말도 안되는 콤보를 연결하고, 캐릭터, 아이템, 스킬을 잠금 해제하면서, 섬을 정복하세요!",Super Fantasy Kingdom 슈퍼 판타지 킹덤,"RPG, 시뮬레이션, 전략, 앞서 해보기",왕국을 재건하고 활기찬 판타지 세계를 탐험할 수 있는 로그라이트 도시 건설 게임입니다 . 수확하고 건설하고 채굴하고 요리하고 양조하고 재배하며 여러분만의 수비대로 몬스터 군단을 물리치세요. 하지만 방어에 실패하면 왕국 전체가 불타는 모습을 볼 각오를 해야 할 것입니다!,,,
B0189,A30,Stardew Valley / Slime Rancher / Raft,"인디, RPG, 시뮬레이션 / 액션, 어드벤처, 인디, 시뮬레이션 / 어드벤처, 인디, 시뮬레이션","[Stardew Valley] You've inherited your grandfather's old farm plot in Stardew Valley. Armed with hand-me-down tools and a few coins, you set out to begin your new life. Can you learn to live off th ‖ [Slime Rancher] 슬라임 랜쳐는 젊고 용감한 랜쳐, 베아트릭스 르뷰가 지구에서 1,000광년 떨어진 '머나먼 평야'에서 슬라임들과 씨름하며 생계를 꾸려나가는 이야기입니다. 긍정적인 마인드와 강인한 의지로 베아트릭스는 진공팩을 사용하여 끊임없이 말랑말랑하게 굴러나오는 슬라임들을 피하며 이름을 알리고, 부자가 되려 합니다. ‖ [Raft] Raft™ throws you and your friends into an epic oceanic adventure! Alone or together, players battle to survive a perilous voyage across a vast sea! Gather debris, scavenge reefs an",Idle Slayer,"캐주얼, 인디, 전략, 무료 플레이","아무것도 없는 상태에서 시작해 전설적인 Slayer로 성장하세요. 수많은 차원을 탐험하고, 영혼을 수집하며, 강력한 업그레이드를 해금하고, 강력한 장비를 제작하고, 장대한 보스들을 물리치세요. 능동적 플레이와 오프라인 진행을 모두 지원하는 깊이 있는 방치형 RPG를 경험해 보세요.",,,
B0190,A06,Cities: Skylines / Factorio / Farming Simulator 22,"시뮬레이션, 전략 / 캐주얼, 인디, 시뮬레이션, 전략 / 시뮬레이션","[Cities: Skylines] Cities: Skylines is a modern take on the classic city simulation. The game introduces new game play elements to realize the thrill and hardships of creating and maintaining a real  ‖ [Factorio] Factorio는 무한한 2D 세상에서 복잡성이 증가하는 아이템을 생산하기 위해 자동화 공장을 만드는 게임입니다. - 당신의 상상력으로 공장을 설계, 독창적인 방법으로 간단한 요소를 결합하고 마지막엔 당신을 좋아하지 않는 생물들로 부터 공장을 지키세요. ‖ [Farming Simulator 22] 농장을 만들고 농사를 즐기세요! 작물을 수확하고, 동물을 돌보고, 생산을 관리하고, 계절에 따른 어려움을 이겨내세요.",Kynseed,"어드벤처, 인디, RPG, 시뮬레이션","아름다운 창의성과 흥미의 세계에서 평생의 모험을 시작하세요. 가족을 키우고, 농장을 맞춤 설정하고, 사업을 운영하며, 아이템을 제작하고, 멋지게 사악한 몬스터들과 싸우세요.",,,
B0191,A07,Into the Breach / Monster Train / Mini Metro,"인디, RPG, 시뮬레이션, 전략 / 전략 / 인디, 시뮬레이션, 전략","[Into the Breach] 미래의 강력한 메크를 조종하여 외계 세력을 물리치세요. 이 턴제 전략 게임에서는 세계를 구하려 시도할 때마다 무작위로 새롭게 생성되는 도전이 여러분 앞에 나타납니다. ‖ [Monster Train] Monster Train is a strategic roguelike deck building game with a twist. Set on a train to hell, you’ll use tactical decision making to defend multiple vertical battlegrounds. With  ‖ [Mini Metro] 미니 메트로는 성장하는 도시를 위해 지하철 노선을 설계하는 게임입니다. 역과 역 사이에 노선을 그려서 열차 운행을 시작하세요. 새로운 역이 열리면 노선을 수정해서 노선도를 효율적으로 유지하세요. 한정된 자원을 어느 곳에 사용할 것인지 결정하세요. 도시를 얼마나 오래 유지할 수 있을까요?",Enemy,"인디, RPG, 전략","The video games you played as a kid, mashed together and remade into a tactical role-playing game.",,,
B0192,A06,Cities: Skylines / Factorio / Farming Simulator 22,"시뮬레이션, 전략 / 캐주얼, 인디, 시뮬레이션, 전략 / 시뮬레이션","[Cities: Skylines] Cities: Skylines is a modern take on the classic city simulation. The game introduces new game play elements to realize the thrill and hardships of creating and maintaining a real  ‖ [Factorio] Factorio는 무한한 2D 세상에서 복잡성이 증가하는 아이템을 생산하기 위해 자동화 공장을 만드는 게임입니다. - 당신의 상상력으로 공장을 설계, 독창적인 방법으로 간단한 요소를 결합하고 마지막엔 당신을 좋아하지 않는 생물들로 부터 공장을 지키세요. ‖ [Farming Simulator 22] 농장을 만들고 농사를 즐기세요! 작물을 수확하고, 동물을 돌보고, 생산을 관리하고, 계절에 따른 어려움을 이겨내세요.",Eco,"어드벤처, 인디, 시뮬레이션, 앞서 해보기","Build a civilization of real people, working together to advance society and stop a meteor, all without destroying the ecosystem in the process.",,,
B0193,A23,Vomitoreum / Tales of Kenzera™: ZAU / Shantae: Half-Genie Hero,"액션, 어드벤처, 인디 / 액션, 어드벤처, 인디 / 액션, 어드벤처, 인디","[Vomitoreum] Vomitoreum is an FPS Metroidvania with a focus on atmosphere and horror, inspired by the paintings of Zdzisław Beksiński. ‖ [Tales of Kenzera™: ZAU] 샤먼의 춤을 추세요. 아버지의 영혼을 되찾으세요. Surgent Studios가 제작한 메트로이드바니아 스타일의 어드벤처 게임 Tales of Kenzera™: ZAU에서 죽음의 신과 함께 아름답고 위험한 켄제라의 땅으로 용감하게 모험을 떠나세요. ‖ [Shantae: Half-Genie Hero] Shantae embarks on her first full HD adventure! When a mysterious crime wave sweeps Sequin Land, it’s up to Half-Genie Hero Shantae to save the day! Use Shantae’s devastating Hair-",Crypt Stalker,"액션, 어드벤처, 인디","Whip your way through nostalgia fuelled kinky demon slaying. From hidden desert temples to floating ruins, this will take you back to the golden days of gaming, where there was only 4 buttons on a controller and VHS ruled the world.",,,
B0194,A15,서브노티카 / The Long Dark / No Man's Sky,"어드벤처, 인디 / 어드벤처, 인디, 시뮬레이션, 전략 / 액션, 어드벤처","[서브노티카] 위험과 경이로움이 가득한 외계의 바다 속으로 내려가세요. 장비를 제작하고, 잠수함을 조종하며 야생 생물보다 앞서가세요. 우거진 산호초, 화산, 동굴 같은 많은 장소들을 탐험하세요. 물론 살아남는 걸 잊으면 안 되겠죠. ‖ [The Long Dark] The Long Dark는 깊은 생각을 요구하는 탐험 생존 게임입니다. 플레이어는 지구 자기장 이상으로 인한 대재앙이 휩쓸고 간 세상에서 혼자 드넓은 설원 황무지를 탐험하며 살아남아야 합니다. 좀비는 등장하지 않으며 오직 플레이어와 추위, 그리고 자연 속의 위험들만 존재합니다. 고요한 종말의 세상에 오신 것을 환영합니다. ‖ [No Man's Sky] No Man's Sky는 무한히 펼쳐지는 우주에서의 탐험과 생존을 그린 SF 게임입니다.",Atrio: The Dark Wild,"어드벤처, 시뮬레이션, 전략",생존과 자동화가 만났습니다. 사로잡은 생물을 조립 라인에 넣으세요. 다시 불이 들어올 때까지 오래 생존할 수 있을까요?,,,
B0195,A15,서브노티카 / The Long Dark / No Man's Sky,"어드벤처, 인디 / 어드벤처, 인디, 시뮬레이션, 전략 / 액션, 어드벤처","[서브노티카] 위험과 경이로움이 가득한 외계의 바다 속으로 내려가세요. 장비를 제작하고, 잠수함을 조종하며 야생 생물보다 앞서가세요. 우거진 산호초, 화산, 동굴 같은 많은 장소들을 탐험하세요. 물론 살아남는 걸 잊으면 안 되겠죠. ‖ [The Long Dark] The Long Dark는 깊은 생각을 요구하는 탐험 생존 게임입니다. 플레이어는 지구 자기장 이상으로 인한 대재앙이 휩쓸고 간 세상에서 혼자 드넓은 설원 황무지를 탐험하며 살아남아야 합니다. 좀비는 등장하지 않으며 오직 플레이어와 추위, 그리고 자연 속의 위험들만 존재합니다. 고요한 종말의 세상에 오신 것을 환영합니다. ‖ [No Man's Sky] No Man's Sky는 무한히 펼쳐지는 우주에서의 탐험과 생존을 그린 SF 게임입니다.",Project: Mist,"액션, 어드벤처, 인디, 시뮬레이션, 앞서 해보기","Explore a strange island in this open-world survival horror. Use the Gravity Gun to manipulate objects and enemies, build a moving train base, fight giant creatures, catch critters, upgrade your gear, and uncover the dark secrets hidden within its abandoned facilities. Play alone or with friends.",,,
B0196,A22,Deck of Ashes / Dicefolk / Cubic Cosmos,"어드벤처, 인디, RPG, 전략 / 캐주얼, 인디, 전략 / 전략","[Deck of Ashes] 덱 오브 애쉬즈(Deck of Ashes)는 전술 카드 전투를 벌이는 어드벤처 게임입니다. 한 번에 한 캐릭터씩 안티히어로 일행을 이끌어 속죄의 여행을 떠나보세요. 저주받은 판타지 세계를 탐험하며 강력한 카드를 찾아보세요. 독특한 전투 덱을 형성하여 적들을 무찌르세요! 잿빛 저주의 세계를 제거하실 수 있겠습니까? ‖ [Dicefolk] 마법 주사위의 힘을 휘두르고 강력한 키메라 팀을 구축해보세요! 수수께끼의 악을 멈추기 위한 택티컬 덱빌딩 로그라이트 모험이 다가오고 있습니다. 키메라 소환사로서, 신화적인 짐승들을 모집하고 완벽한 팀을 만들고, 다이스포크만의 독특한 주사위 메커니즘을 활용하여 승리로 이끌어주세요. ‖ [Cubic Cosmos] Cubic Cosmos is a thrilling fast-paced roguelike card game. You have been trapped in a deadly game. One wrong move could see you reduced to a plaything of the goddess. Can you free",신주지 서유,"어드벤처, 인디, RPG, 전략, 무료 플레이","'신주지 서유'는 RPG 요소를 가미한 로그라이크 카드 전략 게임이다. 강력한 팀을 구성하고, 캐릭터의 특성에 맞는 덱을 구성하고, 친숙한 다양한 마법 무기와 소모품을 수집하고, 그 과정에서 전설적인 신과 괴물에 도전하여 중국의 최종 운명을 결정해야 합니다.",,,
B0197,A03,Balatro / Hades / Vampire Survivors,"캐주얼, 인디, 전략 / 액션, 인디, RPG / 액션, 캐주얼, 인디, RPG","[Balatro] 포커 로그라이크 게임. Balatro는 불법 포커 패로 게임을 하고, 판을 뒤엎는 조커를 발견하고, 아드레날린이 치솟는 강력한 콤보를 만드는 덱 빌딩 게임입니다. ‖ [Hades] Bastion, Transistor, Pyre의 제작사에서 선보이는 이 로그라이크 던전 탐색형 게임에서 핵 앤 슬래시로 지하 세계를 탈출하고 죽음의 신에게 도전하세요. ‖ [Vampire Survivors] 수많은 어둠의 피조물을 쓰러뜨리며 새벽이 올 때까지 생존하세요! Vampire Survivors는 로그라이트 요소를 갖춘 고딕 호러 케주얼 게임입니다. 당신의 선택으로 순식간에 수백 마리의 괴물이 눈덩이처럼 불어날 수 있죠.",에테르맨서 (Aethermancer),"어드벤처, 인디, RPG, 전략, 앞서 해보기","몬스터 길들이기와 로그라이트가 서로 만났습니다. Aethermancer가 되어 신비한 생물들과 함께 싸우세요. 시시각각 변하는 부서진 유적지를 탐험하고, 도전적인 턴제 전투에서 작전을 세워보고, 여러분의 몬스터가 이전 생애보다 더 강해져 죽음에 맞서는 광경을 지켜보세요!",,,
B0198,A05,Opus Magnum,"인디, 시뮬레이션","[Opus Magnum] Opus Magnum은 SpaceChem, Infinifactory, SHENZHEN I/O를 제작한 Zachtronics의 신작 퍼즐게임입니다. 연금술사들의 최첨단 도구인 변성 기관을 이용해 물약과 독을 만들어내는 기계들을 설계하고 만들어 내세요!",Alan's Automaton Workshop,시뮬레이션,"Alan's Automaton Workshop is an open-ended programming puzzle game. Start a new business with Alan Turing and his groundbreaking innovation: the Turing Machine. Build unique automatons, and solve all kinds of problems from clients.",,,
B0199,A32,Hardspace: Shipbreaker / Hacknet / The Case of the Golden Idol / 방 탈출 시뮬레이터 / shapez 2 - Factory,"시뮬레이션 / 인디, 시뮬레이션 / 어드벤처, 인디 / 어드벤처, 캐주얼, 인디, 시뮬레이션 / 캐주얼, 인디, 시뮬레이션, 전략","[Hardspace: Shipbreaker] Equipped with cutting-edge salvaging tech, carve & slice spaceships to recover valuable materials. Upgrade your gear to take on more lucrative contracts and pay your billion credit ‖ [Hacknet] Hacknet은 터미널 기반의 몰입형 해킹 시뮬레이터입니다. 최근에 사망한, 그러나 언론 보도와는 달리 사고로 사망하지 않은 해커의 지시에 따라 진실을 추척하십시오. ‖ [The Case of the Golden Idol] A new kind of detective game that allows you to think and investigate freely. Discover clues surrounding 12 strange and gruesome deaths and build your own theory. Pick your suspect ‖ [방 탈출 시뮬레이터] Escape Simulator는 단독 또는 온라인 협동 플레이가 가능한 1인칭 퍼즐 게임입니다. 점점 더 많아지는, 고도의 상호 작용이 가능한 방탈출 세트를 탐험하세요. 가구를 옮기고, 모든 것을 집어 들고 검사하고, 냄비를 부수고 자물쇠를 부수세요! 레벨 편집기를 통해 커뮤니티가 만든 방을 지원합니다. ‖ [shapez 2 - Factory] 공장 건설 게임에 빠져들어 보세요. 단 한 가지에 집중하세요. 대규모 우주 공장을 건설하는 것! 방대하게 펼쳐지는 다층 공장과 만족스러운 생산 라인을 무제한으로 설계하세요. 계속해서 어려워지는 자동화 목표를 적의 위협 없이 자신만의 속도로 달성하세요.",Nancy Drew®: Warnings at Waverly Academy,어드벤처,Enroll in a School Plagued by Suspicions and Lies!,,,
B0200,A06,Cities: Skylines / Factorio / Farming Simulator 22,"시뮬레이션, 전략 / 캐주얼, 인디, 시뮬레이션, 전략 / 시뮬레이션","[Cities: Skylines] Cities: Skylines is a modern take on the classic city simulation. The game introduces new game play elements to realize the thrill and hardships of creating and maintaining a real  ‖ [Factorio] Factorio는 무한한 2D 세상에서 복잡성이 증가하는 아이템을 생산하기 위해 자동화 공장을 만드는 게임입니다. - 당신의 상상력으로 공장을 설계, 독창적인 방법으로 간단한 요소를 결합하고 마지막엔 당신을 좋아하지 않는 생물들로 부터 공장을 지키세요. ‖ [Farming Simulator 22] 농장을 만들고 농사를 즐기세요! 작물을 수확하고, 동물을 돌보고, 생산을 관리하고, 계절에 따른 어려움을 이겨내세요.",Founders' Fortune,"인디, 시뮬레이션, 전략","자유로운 건축, 주민들의 심리와 근거지 방어에 집중한 환상의 개척지 시뮬레이터. 자원, 농업, 생산, 도구, 무기, 갑옷, 거래, 방어, 그리고 연구를 조절하세요. 물론 모든 주민들의 소원, 기대, 생각, 소유물도 말이죠.",,,
B0201,A29,Salt and Sanctuary,"액션, 인디, RPG","[Salt and Sanctuary] 두렵고도 잔혹한 섬의 탐험을 시작합니다… Salt and Sanctuary는 신속하고, 잔인하며, 복잡한 전투 시스템을 지닌 2D RPG입니다. 저주받은 도시의 잊힌 영역이나, 피에 물든 던전이나, 오염된 기념비와 같은 장소를 돌아다니며, 한때 축복을 받았지만 지금은 타락하고 만 영주들을 조우하세요.",Estencel,"액션, 어드벤처, 인디, 대규모 멀티플레이어",분위기 있는 소울라이크. 적과 보스와 싸우고 우울한 도시를 탐험하세요.,,,
B0202,A35,Project Zomboid / Don't Starve / The Forest,"인디, RPG, 시뮬레이션, 앞서 해보기 / 어드벤처, 인디, 시뮬레이션 / 액션, 어드벤처, 인디, 시뮬레이션","[Project Zomboid] Project Zomboid is the ultimate in zombie survival. Alone or in MP: you loot, build, craft, fight, farm and fish in a struggle to survive. A hardcore RPG skillset, a vast map, mass ‖ [Don't Starve] Don’t Starve is an uncompromising wilderness survival game full of science and magic. Enter a strange and unexplored world full of strange creatures, dangers, and surprises. Gather ‖ [The Forest] As the lone survivor of a passenger jet crash, you find yourself in a mysterious forest battling to stay alive against a society of cannibalistic mutants. Build, explore, survive i",Girl Amazon Survival,"액션, 어드벤처, 인디, 시뮬레이션, 앞서 해보기","Stay alive fighting with the bandits and zombies. Hunt animals, build houses.",,,
B0203,A24,Valheim / Grounded / My Time at Portia,"액션, 어드벤처, 인디, RPG, 앞서 해보기 / 액션, 어드벤처 / 어드벤처, 캐주얼, 인디, RPG, 시뮬레이션","[Valheim] 북구 신화와 바이킹 문화에 기반한 판타지 세계를 배경으로 펼쳐지는 생존 및 탐험 게임. ‖ [Grounded] The world is a vast, beautiful and dangerous place – especially when you have been shrunk to the size of an ant. Can you thrive alongside the hordes of giant insects, fighting to s ‖ [My Time at Portia] 아름다운 Portia 마을에서 새 삶을 시작하세요! 아버지가 방치한 작업장에서 제작을 부탁받고, 작물을 키우고, 가축을 기르고, 아름다운 세기말의 땅에서 특이한 친구들을 사귀며 작업장을 예전의 멋진 모습으로 복원하세요.",Core Keeper,"액션, 어드벤처, 인디, RPG, 시뮬레이션","이 1~8인 플레이어용 채굴 샌드박스 모험 게임에서 여러 생물과 유물, 자원이 가득한 끝없는 동굴을 탐험해 보세요. 채굴, 건축, 전투, 제작, 농사를 즐기며 고대 코어에 얽힌 수수께끼를 풀어보세요.",,,
B0204,A27,The Raven Remastered / The Frostrune / Mad Experiments: Escape Room,"어드벤처 / 어드벤처 / 어드벤처, 캐주얼, 인디, 시뮬레이션, 전략","[The Raven Remastered] London, 1964. An ancient ruby is stolen from the British Museum. At the crime scene: a raven feather. Is somebody trying to follow in the footsteps of The Raven, the legendary mast ‖ [The Frostrune] Unravel a mystery inspired by Viking myth and legend in The Frostrune, a classic point-and-click adventure based on historically accurate Norse culture and environments. ‖ [Mad Experiments: Escape Room] 수상 후보에 오른 이스케이프 게임 1인 또는 최대 5인까지 플레이하며 3개의 독특한 방을 탐험하고, 두뇌를 자극하는 퍼즐을 풀며 체셔 교수와 그의 실험에 얽힌 어두운 비밀을 밝혀보세요.",The Search,"어드벤처, 인디",Embark on a journey of discovery and inspiration in The Search - a story-driven puzzle-adventure set in a mysterious world where art comes to life!,,,
B0205,A28,Dordogne / A YEAR OF SPRINGS / Botany Manor,"어드벤처, 인디 / 캐주얼, 인디, 시뮬레이션 / 어드벤처","[Dordogne] 이 유년 시절의 여정에서 특별한 내러티브에 몰입하며 도르도뉴의 수천 가지 여름의 색을 탐험하고, 추억을 떠올리며 가족의 비밀을 밝히세요. ‖ [A YEAR OF SPRINGS] 세 명의 여성, 세 개의 이야기, 세 개의 봄. 세 명의 친구들이 사랑, 공감, 그리고 단지 함께하고 싶어하는 감정에 대한 방향을 찾아나가는 3 부작 비주얼 노벨 A YEAR OF SPRINGS 에서 하루, 에리카, 마나미의 이야기를 체험하세요. ‖ [Botany Manor] Welcome to Botany Manor, a stately home in 19th century England. You play as inhabitant Arabella Greene, a retired botanist. Explore your house and gardens, filled with research, t",Outdoor Adventures With Marisa Kirisame,캐주얼,"마리사와 낚시를 한다거나, 캠핑을 하며 손을 잡는다거나 하는 짧은 동방 비주얼 노벨 게임입니다.",,,
B0206,A24,Valheim / Grounded / My Time at Portia,"액션, 어드벤처, 인디, RPG, 앞서 해보기 / 액션, 어드벤처 / 어드벤처, 캐주얼, 인디, RPG, 시뮬레이션","[Valheim] 북구 신화와 바이킹 문화에 기반한 판타지 세계를 배경으로 펼쳐지는 생존 및 탐험 게임. ‖ [Grounded] The world is a vast, beautiful and dangerous place – especially when you have been shrunk to the size of an ant. Can you thrive alongside the hordes of giant insects, fighting to s ‖ [My Time at Portia] 아름다운 Portia 마을에서 새 삶을 시작하세요! 아버지가 방치한 작업장에서 제작을 부탁받고, 작물을 키우고, 가축을 기르고, 아름다운 세기말의 땅에서 특이한 친구들을 사귀며 작업장을 예전의 멋진 모습으로 복원하세요.",Deadside,"액션, 어드벤처, 인디, 대규모 멀티플레이어","An Open World Survival Shooter blending hardcore PVP and PVE action. Secure precious loot in safe zones or build your own fortress in the wild. With intense gunfights, stunning visuals, and performance smooth enough for any system, the challenge awaits!",,,
B0207,A12,Baldur's Gate 3 / Mount & Blade II: Bannerlord / Kenshi,"어드벤처, RPG, 전략 / 액션, 인디, RPG, 시뮬레이션, 전략 / 액션, 인디, RPG, 시뮬레이션, 전략","[Baldur's Gate 3] Baldur’s Gate 3 is a story-rich, party-based RPG set in the universe of Dungeons & Dragons, where your choices shape a tale of fellowship and betrayal, survival and sacrifice, and  ‖ [Mount & Blade II: Bannerlord] 본 게임은 전략/액션 RPG입니다. 캐릭터를 생성하고, 외교에 참여하고, 제작, 거래를 하고, 방대한 중세풍의 샌드박스에서 새로운 땅을 정복하십시오. 군대를 일으켜 전쟁에 뛰어들고, 깊이가 있으나 직관적인 실력 기반의 전투 시스템을 채용한 대규모 실시간 전투에서 자신의 부대에 명령을 내리고 함께 싸우십시오. ‖ [Kenshi] 자유롭게 돌아다니는 분대 기반의 RPG. 스토리를 따라가는 대신 제한 없는 샌드박스식 게임플레이에 중점을 두었습니다. 무역상, 도둑, 반란군, 전쟁 군주, 모험가, 농부, 노예 등 다양한 삶을 체험할 수 있습니다. 운이 나쁘면 식인종의 먹잇감으로 전락할지도 모르죠. 새로운 장비를 연구하거나 제작해 보세요.",Magisterium: Fantasy Craft,"액션, 어드벤처, 인디, 대규모 멀티플레이어, RPG, 시뮬레이션, 앞서 해보기","A grinding medieval fantasy life sim with a detailed complex crafting system complemented by survival and RPG elements. Grind resources, craft items, trade with locals, master professions, fulfill quests and explore the world to uncover its long-lost secrets.",,,
B0208,A03,Balatro / Hades / Vampire Survivors,"캐주얼, 인디, 전략 / 액션, 인디, RPG / 액션, 캐주얼, 인디, RPG","[Balatro] 포커 로그라이크 게임. Balatro는 불법 포커 패로 게임을 하고, 판을 뒤엎는 조커를 발견하고, 아드레날린이 치솟는 강력한 콤보를 만드는 덱 빌딩 게임입니다. ‖ [Hades] Bastion, Transistor, Pyre의 제작사에서 선보이는 이 로그라이크 던전 탐색형 게임에서 핵 앤 슬래시로 지하 세계를 탈출하고 죽음의 신에게 도전하세요. ‖ [Vampire Survivors] 수많은 어둠의 피조물을 쓰러뜨리며 새벽이 올 때까지 생존하세요! Vampire Survivors는 로그라이트 요소를 갖춘 고딕 호러 케주얼 게임입니다. 당신의 선택으로 순식간에 수백 마리의 괴물이 눈덩이처럼 불어날 수 있죠.",Identifile: Desktop Dungeon,"액션, 어드벤처, 인디, 앞서 해보기","당신의 컴퓨터에 심각한 문제가 생겼다. 그리고 당신은 이제 '커서'가 되어버렸다. 폴더를 던전 삼아 바이러스를 제거하고, EXE로 전력을 강화하며 액션 가득한 로그라이크 세계로 뛰어들자.",,,
B0209,A29,Salt and Sanctuary,"액션, 인디, RPG","[Salt and Sanctuary] 두렵고도 잔혹한 섬의 탐험을 시작합니다… Salt and Sanctuary는 신속하고, 잔인하며, 복잡한 전투 시스템을 지닌 2D RPG입니다. 저주받은 도시의 잊힌 영역이나, 피에 물든 던전이나, 오염된 기념비와 같은 장소를 돌아다니며, 한때 축복을 받았지만 지금은 타락하고 만 영주들을 조우하세요.",Lakeview Cabin 2,"액션, 인디, 전략",The ultimate 2D horror is back! Dive deep into the diverse world of horror movies! Nothing can prepare you for the R-rated challenges you will face!,,,
B0210,A11,Forza Horizon 5 / Hi-Fi RUSH / Street Fighter 6,"액션, 어드벤처, 레이싱, 시뮬레이션, 스포츠 / 액션 / 액션, 어드벤처","[Forza Horizon 5] 세계 최고의 자동차를 타고 생동감 넘치는 멕시코의 대자연을 탐험하며 재미있는 드라이빙 액션을 마음껏 즐겨보세요. ‖ [Hi-Fi RUSH] 아케이드 챌린지! 업데이트!로 추가되는 두 개의 신규 게임 모드에서 여러분의 능력을 시험하고, 새로운 보상을 획득해 보세요. 몇 가지 비밀도 숨어 있답니다! 락 스타 지망생 차이가 되어 비트를 타고, 세상 모든 게 음악에 싱크되는 세계에서 오합지졸 팀과 함께 사악한 거대 기업에 맞서 싸우세요. ‖ [Street Fighter 6] 시리즈 최신작 『Street Fighter 6』, 2023년 6월 2일 발매 결정! RE ENGINE으로 개발된 본 작품은 대형 모드 「World Tour」, 「Fighting Ground」, 「Battle Hub」로 구성되어 있다. 새로운 「스트리트 파이터」에는 지금까지의 시리즈에는 없었던 새로운 체험이 기다리고 있다.",Drunken Wrestlers 2,"액션, 캐주얼, 인디, 시뮬레이션, 스포츠, 앞서 해보기",Drunken Wrestlers 2 is a funny physics-based multiplayer fighting game. Features include character customization and a powerful mod editor integrated with Steam Workshop.,,,
B0211,A17,Lethal Company / Phasmophobia / Deep Rock Galactic,"액션, 어드벤처, 인디, 앞서 해보기 / 액션, 인디, 앞서 해보기 / 액션","[Lethal Company] A co-op horror about scavenging at abandoned moons to sell scrap to the Company. ‖ [Phasmophobia] Phasmophobia is a 4 player online co-op psychological horror. Paranormal activity is on the rise and it’s up to you and your team to use all the ghost-hunting equipment at your dis ‖ [Deep Rock Galactic] 딥 락 갤럭틱은 1-4인의 플레이어가 협동하는 FPS 게임으로, 상남자 우주 드워프, 100% 파괴 가능한 맵 환경, 절차적 생성 동굴 지형, 그리고 끊임없이 등장하는 외계 괴물 무리가 특징입니다.",Minecraft Dungeons,"액션, 어드벤처, RPG",Minecraft 세계관에 고전 던전 크롤러 스타일로 구현한 흥미진진한 액션 어드벤처를 즐겨보세요!,,,
B0212,A29,Salt and Sanctuary,"액션, 인디, RPG","[Salt and Sanctuary] 두렵고도 잔혹한 섬의 탐험을 시작합니다… Salt and Sanctuary는 신속하고, 잔인하며, 복잡한 전투 시스템을 지닌 2D RPG입니다. 저주받은 도시의 잊힌 영역이나, 피에 물든 던전이나, 오염된 기념비와 같은 장소를 돌아다니며, 한때 축복을 받았지만 지금은 타락하고 만 영주들을 조우하세요.",七度荒域：混沌之树,"액션, 어드벤처, 인디, RPG",세상을 수습하고 부서진 세계의 진실을 찾는 데스티니 차일드를 플레이하게 됩니다. 전투의 수레바퀴 속에서 성장하면서 미지의 세계와 숨겨진 힘에 도전하세요.,,,
B0213,A14,Iron Brigade / Ancient Planet Tower Defense / Creeper World IXE,"액션, 전략 / 캐주얼, 인디, 전략 / 액션, 캐주얼, 인디, 시뮬레이션, 전략","[Iron Brigade] Join The Mobile Trench Brigade and protect humanity from the evil Monovision menace! ‖ [Ancient Planet Tower Defense] 고대 행성 타워 디펜스는 정통 타워 디펜스 게임입니다. 고대 문명의 요새가 외계 침략자들로부터 침략당했습니다. 고대의 강력한 기술을 사용하여 적군의 공격을 물리치십시오! ‖ [Creeper World IXE] The unstoppable alien force known as The Creeper has returned, devouring thousands of worlds in its path, and yours is next. Battle against the Creeper fluid in a groundbreaking pi",강철 요새：시냅스 TD,"인디, 전략","반복적인 타워 디펜스에 지치셨나요?《강철 요새：시냅스 TD》에서 새로운 모험을 경험하세요! 이제 당신은 단순한 수비자가 아닌 창조자입니다. 플랫폼을 설치하고, 길을 연결하며, 장애물을 배치해 독창적인 방어 요새를 설계하세요. 이 모든 것이 가능해지는 지도를 통해 자신만의 전설을 써 내려가세요!",,,
B0214,A29,Salt and Sanctuary,"액션, 인디, RPG","[Salt and Sanctuary] 두렵고도 잔혹한 섬의 탐험을 시작합니다… Salt and Sanctuary는 신속하고, 잔인하며, 복잡한 전투 시스템을 지닌 2D RPG입니다. 저주받은 도시의 잊힌 영역이나, 피에 물든 던전이나, 오염된 기념비와 같은 장소를 돌아다니며, 한때 축복을 받았지만 지금은 타락하고 만 영주들을 조우하세요.",Streets of Rogue,"액션, 어드벤처, 인디, RPG",싸워서 몰래 들어가 임의 생성된 도시를 공격하세요. Nuclear Throne은 무법천지 GTA와 Deus Ex가 혼합된 형태입니다. Rogue-lite가 몰입도 높은 캐릭터를 만나 너무 재미있습니다.,,,
B0215,A10,A Short Hike / ISLANDERS / Gorogoa,"어드벤처, 인디 / 캐주얼, 인디, 전략 / 어드벤처, 캐주얼, 인디","[A Short Hike] Hike, climb, and soar through the peaceful mountainside landscapes of Hawk Peak Provincial Park as you make your way to the summit. ‖ [ISLANDERS] ISLANDERS is a minimalist strategy game about building cities on colorful islands. ‖ [Gorogoa] Gorogoa(고로고아)는 Jason Roberts가 디자인하고 일러스트레이션을 손으로 그린 아름다운 차세대 퍼즐 게임입니다.",Cupid Nonogram,"캐주얼, 인디",이 편안한 퍼즐에서 아름다운 이미지를 그리기 위해 논리를 사용하세요. 멋진 비주얼과 편안한 사운드트랙이 모든 문제를 잊게 해주고 멋진 시간을 보내게 해줍니다!,,,
B0216,A33,Garry's Mod / Team Fortress 2 / Left 4 Dead 2,"캐주얼, 인디, 시뮬레이션 / 액션, 무료 플레이 / 액션","[Garry's Mod] Garry's Mod is a physics sandbox. There aren't any predefined aims or goals. We give you the tools and leave you to play. ‖ [Team Fortress 2] 다양한 전술적 능력과 뚜렷한 개성을 갖춘 9가지 병과의 캐릭터를 플레이하세요. 끊임없이 업데이트되는 새로운 게임 모드, 맵, 장비 그리고 가장 중요한 모자까지 지금 바로 즐겨보세요! ‖ [Left 4 Dead 2] Set in the zombie apocalypse, Left 4 Dead 2 is a co-operative action horror FPS takes you and your friends through the cities, swamps and cemeteries of the Deep South, from Savanna",ShitSlam2,"액션, 인디, 앞서 해보기","A multiplayer game, with many different game modes, Build your own map in sandbox mode, or engage in an epic warfare with the warfare game mode. the choice is yours to make",,,
B0217,A07,Into the Breach / Monster Train / Mini Metro,"인디, RPG, 시뮬레이션, 전략 / 전략 / 인디, 시뮬레이션, 전략","[Into the Breach] 미래의 강력한 메크를 조종하여 외계 세력을 물리치세요. 이 턴제 전략 게임에서는 세계를 구하려 시도할 때마다 무작위로 새롭게 생성되는 도전이 여러분 앞에 나타납니다. ‖ [Monster Train] Monster Train is a strategic roguelike deck building game with a twist. Set on a train to hell, you’ll use tactical decision making to defend multiple vertical battlegrounds. With  ‖ [Mini Metro] 미니 메트로는 성장하는 도시를 위해 지하철 노선을 설계하는 게임입니다. 역과 역 사이에 노선을 그려서 열차 운행을 시작하세요. 새로운 역이 열리면 노선을 수정해서 노선도를 효율적으로 유지하세요. 한정된 자원을 어느 곳에 사용할 것인지 결정하세요. 도시를 얼마나 오래 유지할 수 있을까요?",Soul Elegy,"어드벤처, 인디, 전략","This is a very challenging war chess + roguelike game, with random mazes, free combination of teams, and turn-based combat. In the game, players will lead all kinds of undead to counterattack the human world!",,,
B0218,A07,Into the Breach / Monster Train / Mini Metro,"인디, RPG, 시뮬레이션, 전략 / 전략 / 인디, 시뮬레이션, 전략","[Into the Breach] 미래의 강력한 메크를 조종하여 외계 세력을 물리치세요. 이 턴제 전략 게임에서는 세계를 구하려 시도할 때마다 무작위로 새롭게 생성되는 도전이 여러분 앞에 나타납니다. ‖ [Monster Train] Monster Train is a strategic roguelike deck building game with a twist. Set on a train to hell, you’ll use tactical decision making to defend multiple vertical battlegrounds. With  ‖ [Mini Metro] 미니 메트로는 성장하는 도시를 위해 지하철 노선을 설계하는 게임입니다. 역과 역 사이에 노선을 그려서 열차 운행을 시작하세요. 새로운 역이 열리면 노선을 수정해서 노선도를 효율적으로 유지하세요. 한정된 자원을 어느 곳에 사용할 것인지 결정하세요. 도시를 얼마나 오래 유지할 수 있을까요?",Legends of Kingdom Rush,"인디, RPG, 전략",심오한 전술과 유머가 어우러진 RPG 전 방식 전투! 당신은 왕국을 구할 수 있을까요?,,,
B0219,A13,Death's Door / Children of Morta / Roboquest / Spelunky 2 / Nuclear Throne / Streets of Rogue / Neon Abyss / Curse of the Dead Gods / Rogue Legacy 2 / Have a Nice Death,"액션, 어드벤처, 인디, RPG / 액션, 어드벤처, 인디, RPG / 액션, 인디 / 액션, 인디 / 액션, 인디, RPG / 액션, 어드벤처, 인디, RPG / 액션, 어드벤처, 인디, RPG / 액션, 어드벤처 / 액션, 어드벤처, 인디, RPG / 액션, 인디","[Death's Door] 죽은 자의 영혼을 수확하고 시간을 끝내는 것은 단조로울 수 있지만 까마귀에겐 평범한 일입니다. 하지만 주어진 영혼을 도둑맞게 되면 변화가 일어납니다. 영혼을 도난하고 죽음의 손길이 닿지 않는 영역으로 도망친 절망적인 도둑을 추적하십시오. ‖ [Children of Morta] Children of Morta는 비범한 가족 영웅에 대한 스토리 중심의 액션 RPG 게임입니다. 다가오는 부패에 맞서 모든 결함과 미덕을 갖춘 베르그송 가를 이끄세요. 여러분은 여러분이 아끼는 사람들을 구하기 위해 모든 것을 희생할 수 있으신가요? ‖ [Roboquest] 로보퀘스트는 멸망한 미래 세계의 빠른 FPS 로그라이트입니다. 당신은 재부팅된 수호자로, 강철 궁둥짝을 걷어 찰 준비를 하세요! 혼자서 혹은 친구와 함께 맞서거나 끊임없이 변화하는 환경에서 치명적인 로봇 군단을 섬멸하세요. ‖ [Spelunky 2] Spelunky 2 builds upon the unique, randomized challenges that made the original a roguelike classic, offering a huge adventure designed to satisfy players old and new. Meet the nex ‖ [Nuclear Throne] Nuclear Throne은 포스트 아포칼립스 세계관의 로그라이크 스타일 탑다운 슈터입니다. 여기서 말하는 포스트 아포칼립스는 '인류의 마지막 희망'이 남아 있는 세계가 아니라, '인류는 멸종했고 이제 돌연변이와 괴물들이 세상을 돌아다니는' 그런 세계입니다. 과연 당신은 뉴클리어 쓰론에 도달할 수 있을까요? ‖ [Streets of Rogue] 싸워서 몰래 들어가 임의 생성된 도시를 공격하세요. Nuclear Throne은 무법천지 GTA와 Deus Ex가 혼합된 형태입니다. Rogue-lite가 몰입도 높은 캐릭터를 만나 너무 재미있습니다. ‖ [Neon Abyss] Neon Abyss는 고속의 로그라이크 액션 플랫포머로, 하데스가 만든 '그림 스쿼드'의 일원이 되어 어비스로 총을 들고 뛰어드는 런 앤 건 게임입니다. 무한한 아이템 시너지와 던전 진화 시스템으로, 매번 게임을 할 때마다 다른 경험과 새로운 도전이 등장합니다. 진짜 지옥을 보여주세요! ‖ [Curse of the Dead Gods] 엄청난 부, 영원한 생명, 신성한 힘을 탐하는 마음이 당신을 끝없는 지옥 속의 미로, 치명적인 함정 및 몬스터가 우글거리는 이 저주받은 사원으로 이끌었습니다. ‖ [Rogue Legacy 2] 로그 레거시 2는 로그 레거시에 후속편을 끼얹은 작품입니다. 당신이 죽을 때마다 자식이 가업을 이어받습니다. 딸은 색맹 궁수이고 아들은 평화주의자 요리사일 수도 있죠. 어쨌거나 둘 중 한 명은 전장으로 나가야 합니다. ‖ [Have a Nice Death] Have a Nice Death는 과로에 고생하는 데스가 되어 플레이하는 2D 액션 로그라이크로, 통제 불능인 직원들 때문에 영혼의 균형과 데스의 휴가 계획이 틀어지고 말았습니다. 질서를 회복하려면 대낫을 들고 직원들과 서열 정리를 해야 합니다.","Peace, Death! 2","캐주얼, 인디","Peace, Death! 2 is a midcore turn-based logic game where you send clients to Hell, Heaven, or Purgatory and help members of the Reapers Union as they work towards their great cause!",,,
B0220,A13,Death's Door / Children of Morta / Roboquest / Spelunky 2 / Nuclear Throne / Streets of Rogue / Neon Abyss / Curse of the Dead Gods / Rogue Legacy 2 / Have a Nice Death,"액션, 어드벤처, 인디, RPG / 액션, 어드벤처, 인디, RPG / 액션, 인디 / 액션, 인디 / 액션, 인디, RPG / 액션, 어드벤처, 인디, RPG / 액션, 어드벤처, 인디, RPG / 액션, 어드벤처 / 액션, 어드벤처, 인디, RPG / 액션, 인디","[Death's Door] 죽은 자의 영혼을 수확하고 시간을 끝내는 것은 단조로울 수 있지만 까마귀에겐 평범한 일입니다. 하지만 주어진 영혼을 도둑맞게 되면 변화가 일어납니다. 영혼을 도난하고 죽음의 손길이 닿지 않는 영역으로 도망친 절망적인 도둑을 추적하십시오. ‖ [Children of Morta] Children of Morta는 비범한 가족 영웅에 대한 스토리 중심의 액션 RPG 게임입니다. 다가오는 부패에 맞서 모든 결함과 미덕을 갖춘 베르그송 가를 이끄세요. 여러분은 여러분이 아끼는 사람들을 구하기 위해 모든 것을 희생할 수 있으신가요? ‖ [Roboquest] 로보퀘스트는 멸망한 미래 세계의 빠른 FPS 로그라이트입니다. 당신은 재부팅된 수호자로, 강철 궁둥짝을 걷어 찰 준비를 하세요! 혼자서 혹은 친구와 함께 맞서거나 끊임없이 변화하는 환경에서 치명적인 로봇 군단을 섬멸하세요. ‖ [Spelunky 2] Spelunky 2 builds upon the unique, randomized challenges that made the original a roguelike classic, offering a huge adventure designed to satisfy players old and new. Meet the nex ‖ [Nuclear Throne] Nuclear Throne은 포스트 아포칼립스 세계관의 로그라이크 스타일 탑다운 슈터입니다. 여기서 말하는 포스트 아포칼립스는 '인류의 마지막 희망'이 남아 있는 세계가 아니라, '인류는 멸종했고 이제 돌연변이와 괴물들이 세상을 돌아다니는' 그런 세계입니다. 과연 당신은 뉴클리어 쓰론에 도달할 수 있을까요? ‖ [Streets of Rogue] 싸워서 몰래 들어가 임의 생성된 도시를 공격하세요. Nuclear Throne은 무법천지 GTA와 Deus Ex가 혼합된 형태입니다. Rogue-lite가 몰입도 높은 캐릭터를 만나 너무 재미있습니다. ‖ [Neon Abyss] Neon Abyss는 고속의 로그라이크 액션 플랫포머로, 하데스가 만든 '그림 스쿼드'의 일원이 되어 어비스로 총을 들고 뛰어드는 런 앤 건 게임입니다. 무한한 아이템 시너지와 던전 진화 시스템으로, 매번 게임을 할 때마다 다른 경험과 새로운 도전이 등장합니다. 진짜 지옥을 보여주세요! ‖ [Curse of the Dead Gods] 엄청난 부, 영원한 생명, 신성한 힘을 탐하는 마음이 당신을 끝없는 지옥 속의 미로, 치명적인 함정 및 몬스터가 우글거리는 이 저주받은 사원으로 이끌었습니다. ‖ [Rogue Legacy 2] 로그 레거시 2는 로그 레거시에 후속편을 끼얹은 작품입니다. 당신이 죽을 때마다 자식이 가업을 이어받습니다. 딸은 색맹 궁수이고 아들은 평화주의자 요리사일 수도 있죠. 어쨌거나 둘 중 한 명은 전장으로 나가야 합니다. ‖ [Have a Nice Death] Have a Nice Death는 과로에 고생하는 데스가 되어 플레이하는 2D 액션 로그라이크로, 통제 불능인 직원들 때문에 영혼의 균형과 데스의 휴가 계획이 틀어지고 말았습니다. 질서를 회복하려면 대낫을 들고 직원들과 서열 정리를 해야 합니다.",Asgard's Fall — Viking Survivors,"액션, 어드벤처, 캐주얼, 인디, RPG, 전략, 앞서 해보기",북유럽을 배경으로 한 로그라이트 서바이벌 게임 Asgard's Fall에서 장대한 전설을 써내려 가세요. 수많은 생명체 무리와 맞서 싸우며 신들에게 당신의 끓어오르는 분노를 보여주세요. 과연 당신의 전설은 어떻게 펼쳐질까요?,,,
B0221,A16,The Talos Principle / Rust / Inscryption,"액션, 어드벤처, 인디 / 액션, 어드벤처, 인디, 대규모 멀티플레이어, RPG / 어드벤처, 인디, 전략","[The Talos Principle] 탈로스 법칙은 철학적 SF 소설의 전통을 따른 1인칭 퍼즐 게임입니다. 시리어스 샘을 개발한 크로팀에서 만들었으며, 톰 주버트(FTL, 더 스와퍼)와 조나스 카이라츠(바다는 모든 것을 요구한다.)가 스토리를 작성했습니다. ‖ [Rust] Rust에서의 목표는 오직 하나, 바로 살아남는 것입니다. 섬의 야생 동물, 다른 주민, 환경, 다른 생존자 모두가 여러분의 목숨을 노립니다. 하루 더 살아남을 수 있다면 수단과 방법을 가리지 마세요. ‖ [Inscryption] Inscryption은 검은 잉크로 그려진 카드를 기반으로 한 덱빌딩 로그라이크, 방탈출 퍼즐, 피가 흐르는 심리적 공포 등의 요소가 섞인 여정을 다룹니다. 카드에는 더 어두운 비밀이 새겨져 있습니다…",Taiji,"어드벤처, 인디",퍼즐을 풀고 기호의 규칙을 밝혀내세요. 비밀이 숨겨져 있는 밀도 높은 세계를 탐험하세요.,,,
B0222,A24,Valheim / Grounded / My Time at Portia,"액션, 어드벤처, 인디, RPG, 앞서 해보기 / 액션, 어드벤처 / 어드벤처, 캐주얼, 인디, RPG, 시뮬레이션","[Valheim] 북구 신화와 바이킹 문화에 기반한 판타지 세계를 배경으로 펼쳐지는 생존 및 탐험 게임. ‖ [Grounded] The world is a vast, beautiful and dangerous place – especially when you have been shrunk to the size of an ant. Can you thrive alongside the hordes of giant insects, fighting to s ‖ [My Time at Portia] 아름다운 Portia 마을에서 새 삶을 시작하세요! 아버지가 방치한 작업장에서 제작을 부탁받고, 작물을 키우고, 가축을 기르고, 아름다운 세기말의 땅에서 특이한 친구들을 사귀며 작업장을 예전의 멋진 모습으로 복원하세요.",Garden Paws,"어드벤처, 인디, RPG, 시뮬레이션",당신은 할아버지와 할머니가 세계일주를 떠나며 그들의 농장을 상속받았습니다. 지역 건설 상점에서 Frank와 함께 일하여 새 집을 마무리하세요. Frank와 Mayor Wilson에게 도움을 주어 마을을 발전시켜 최대한의 가능성을 이루도록 합시다.,,,
B0223,A04,Hollow Knight / Dead Cells / Celeste,"액션, 어드벤처, 인디 / 액션, 어드벤처, 인디 / 액션, 어드벤처, 인디","[Hollow Knight] 할로우 나이트에서 자신만의 길을 구축하세요! 크게 파괴된 곤충과 영웅의 왕국을 통한 서사 액션 어드벤처입니다. 손으로 그린 클래식 2D 스타일로 구불구불한 동굴을 탐험하고 오염된 생물과 싸우고 이상한 곤충들과 친구가 되어 보세요. ‖ [Dead Cells] 데드 셀(Dead Cells)는 메트로배니아에서 영감을 받은 로그라이트 액션 플랫포머 게임입니다. 2D 소울 라이트 전투에서 성을 지키는 수호자들을 물리치고 끊임없이 변화하는 거대한 성을 탐험하게 됩니다. 세이브 포인트는 없습니다. 죽이고, 죽고, 배우고, 반복하세요. ‖ [Celeste] 타워폴(TowerFall) 시리즈의 개발자들이 만든 이 초밀착형 플랫폼 게임을 플레이하고, 매들린이 셀레스트 산 정상으로 향하는 여정에서 내면의 악마에게서 살아남을 수 있게 도와주세요. 한땀 한땀 손수 제작한 수백 가지의 도전 과제에 맞서고, 사악한 비밀을 밝혀내고, 산에 숨겨진 수수께끼를 풀어보세요.",Munin,"어드벤처, 캐주얼, 인디",말 그대로 산을 옮길 수 있다고 상상해보세요! 플랫폼을 회전하는 실제적인 물리학과 놀라운 지능으로 플레이어는 2D-어드벤처에서 오딘(Odin)의 메신저 무닌(Munin)을 도와서 우주수(Yggdrasil) 여정에서 무닌의 능력을 되찾게 합니다.,,,
B0224,A28,Dordogne / A YEAR OF SPRINGS / Botany Manor,"어드벤처, 인디 / 캐주얼, 인디, 시뮬레이션 / 어드벤처","[Dordogne] 이 유년 시절의 여정에서 특별한 내러티브에 몰입하며 도르도뉴의 수천 가지 여름의 색을 탐험하고, 추억을 떠올리며 가족의 비밀을 밝히세요. ‖ [A YEAR OF SPRINGS] 세 명의 여성, 세 개의 이야기, 세 개의 봄. 세 명의 친구들이 사랑, 공감, 그리고 단지 함께하고 싶어하는 감정에 대한 방향을 찾아나가는 3 부작 비주얼 노벨 A YEAR OF SPRINGS 에서 하루, 에리카, 마나미의 이야기를 체험하세요. ‖ [Botany Manor] Welcome to Botany Manor, a stately home in 19th century England. You play as inhabitant Arabella Greene, a retired botanist. Explore your house and gardens, filled with research, t",Island of the Lost,"어드벤처, 캐주얼, 인디, 시뮬레이션","A relaxing first-person exploration game. Journey through eight unique environments as you collect treasures, unlock secrets and search for a way off the island.",,,
B0225,A07,Into the Breach / Monster Train / Mini Metro,"인디, RPG, 시뮬레이션, 전략 / 전략 / 인디, 시뮬레이션, 전략","[Into the Breach] 미래의 강력한 메크를 조종하여 외계 세력을 물리치세요. 이 턴제 전략 게임에서는 세계를 구하려 시도할 때마다 무작위로 새롭게 생성되는 도전이 여러분 앞에 나타납니다. ‖ [Monster Train] Monster Train is a strategic roguelike deck building game with a twist. Set on a train to hell, you’ll use tactical decision making to defend multiple vertical battlegrounds. With  ‖ [Mini Metro] 미니 메트로는 성장하는 도시를 위해 지하철 노선을 설계하는 게임입니다. 역과 역 사이에 노선을 그려서 열차 운행을 시작하세요. 새로운 역이 열리면 노선을 수정해서 노선도를 효율적으로 유지하세요. 한정된 자원을 어느 곳에 사용할 것인지 결정하세요. 도시를 얼마나 오래 유지할 수 있을까요?",Templar Battleforce,"액션, 인디, RPG, 전략","An addictive mix of strategic combat and army building, with the precision of an RPG. Design your squad members' exact build of equipment and talents to create unique fireteam combinations. Step into the pilot suit of a Leviathan mech, lead the Templar Knights in turn-based tactical warfare.",,,
B0226,A31,Hearts of Iron IV / Europa Universalis IV / Sid Meier's Civilization® V,"시뮬레이션, 전략 / 시뮬레이션, 전략 / 전략","[Hearts of Iron IV] Victory is at your fingertips! Your ability to lead your nation is your supreme weapon, the strategy game Hearts of Iron IV lets you take command of any nation in World War II; the ‖ [Europa Universalis IV] 비교할 수 없는 자유도, 깊이 있는 스토리, 정확한 역사적 고증을 즐기며 국토를 다스리고 세계를 정복하세요. 세계 역사를 새롭게 쓰며 시대를 풍미할 제국을 만드세요. ‖ [Sid Meier's Civilization® V] Create, discover, and download new player-created maps, scenarios, interfaces, and more!",Grand Tactician: The Civil War (1861-1865),전략,"Take command of the Union or the Confederacy. Prepare your nation for war, recruit and organize great armies and fleets under legendary commanders like Grant, Lee, Jackson or Farragut, plan cunning maneuvers on an epic campaign map and defeat your enemies in real-time battles!",,,
B0227,A32,Hardspace: Shipbreaker / Hacknet / The Case of the Golden Idol / 방 탈출 시뮬레이터 / shapez 2 - Factory,"시뮬레이션 / 인디, 시뮬레이션 / 어드벤처, 인디 / 어드벤처, 캐주얼, 인디, 시뮬레이션 / 캐주얼, 인디, 시뮬레이션, 전략","[Hardspace: Shipbreaker] Equipped with cutting-edge salvaging tech, carve & slice spaceships to recover valuable materials. Upgrade your gear to take on more lucrative contracts and pay your billion credit ‖ [Hacknet] Hacknet은 터미널 기반의 몰입형 해킹 시뮬레이터입니다. 최근에 사망한, 그러나 언론 보도와는 달리 사고로 사망하지 않은 해커의 지시에 따라 진실을 추척하십시오. ‖ [The Case of the Golden Idol] A new kind of detective game that allows you to think and investigate freely. Discover clues surrounding 12 strange and gruesome deaths and build your own theory. Pick your suspect ‖ [방 탈출 시뮬레이터] Escape Simulator는 단독 또는 온라인 협동 플레이가 가능한 1인칭 퍼즐 게임입니다. 점점 더 많아지는, 고도의 상호 작용이 가능한 방탈출 세트를 탐험하세요. 가구를 옮기고, 모든 것을 집어 들고 검사하고, 냄비를 부수고 자물쇠를 부수세요! 레벨 편집기를 통해 커뮤니티가 만든 방을 지원합니다. ‖ [shapez 2 - Factory] 공장 건설 게임에 빠져들어 보세요. 단 한 가지에 집중하세요. 대규모 우주 공장을 건설하는 것! 방대하게 펼쳐지는 다층 공장과 만족스러운 생산 라인을 무제한으로 설계하세요. 계속해서 어려워지는 자동화 목표를 적의 위협 없이 자신만의 속도로 달성하세요.",Project DeepWeb,"어드벤처, 인디, 시뮬레이션",This is a deep web exploration simulator. Discover hundreds of websites and files around the Web to get to the Silent House and save your friend. Find out creepy stories from the Web and meet its inhabitants. It's showtime!,,,
B0228,A28,Dordogne / A YEAR OF SPRINGS / Botany Manor,"어드벤처, 인디 / 캐주얼, 인디, 시뮬레이션 / 어드벤처","[Dordogne] 이 유년 시절의 여정에서 특별한 내러티브에 몰입하며 도르도뉴의 수천 가지 여름의 색을 탐험하고, 추억을 떠올리며 가족의 비밀을 밝히세요. ‖ [A YEAR OF SPRINGS] 세 명의 여성, 세 개의 이야기, 세 개의 봄. 세 명의 친구들이 사랑, 공감, 그리고 단지 함께하고 싶어하는 감정에 대한 방향을 찾아나가는 3 부작 비주얼 노벨 A YEAR OF SPRINGS 에서 하루, 에리카, 마나미의 이야기를 체험하세요. ‖ [Botany Manor] Welcome to Botany Manor, a stately home in 19th century England. You play as inhabitant Arabella Greene, a retired botanist. Explore your house and gardens, filled with research, t",Sakura Hime 3,"캐주얼, 인디, RPG, 시뮬레이션",벚꽃 정원에 와서 예쁜 소녀들과 달콤한 일상을 보내세요. 그들의 연속적인 유혹 공세에 얼마나 오래 견딜 수 있을까요?,,,
B0229,A28,Dordogne / A YEAR OF SPRINGS / Botany Manor,"어드벤처, 인디 / 캐주얼, 인디, 시뮬레이션 / 어드벤처","[Dordogne] 이 유년 시절의 여정에서 특별한 내러티브에 몰입하며 도르도뉴의 수천 가지 여름의 색을 탐험하고, 추억을 떠올리며 가족의 비밀을 밝히세요. ‖ [A YEAR OF SPRINGS] 세 명의 여성, 세 개의 이야기, 세 개의 봄. 세 명의 친구들이 사랑, 공감, 그리고 단지 함께하고 싶어하는 감정에 대한 방향을 찾아나가는 3 부작 비주얼 노벨 A YEAR OF SPRINGS 에서 하루, 에리카, 마나미의 이야기를 체험하세요. ‖ [Botany Manor] Welcome to Botany Manor, a stately home in 19th century England. You play as inhabitant Arabella Greene, a retired botanist. Explore your house and gardens, filled with research, t",Summer Memories,"어드벤처, RPG","It's summer break, and it's been years since you've last seen your aunt and cousins in the countryside! You don't know what to expect, but what could go wrong? Find out in Summer Memories!",,,
B0230,A33,Garry's Mod / Team Fortress 2 / Left 4 Dead 2,"캐주얼, 인디, 시뮬레이션 / 액션, 무료 플레이 / 액션","[Garry's Mod] Garry's Mod is a physics sandbox. There aren't any predefined aims or goals. We give you the tools and leave you to play. ‖ [Team Fortress 2] 다양한 전술적 능력과 뚜렷한 개성을 갖춘 9가지 병과의 캐릭터를 플레이하세요. 끊임없이 업데이트되는 새로운 게임 모드, 맵, 장비 그리고 가장 중요한 모자까지 지금 바로 즐겨보세요! ‖ [Left 4 Dead 2] Set in the zombie apocalypse, Left 4 Dead 2 is a co-operative action horror FPS takes you and your friends through the cities, swamps and cemeteries of the Deep South, from Savanna",Borderlands Game of the Year Enhanced,"액션, RPG",강화된 콘텐츠로 가득한 클래식 협동 파밍 슈팅 게임을 만날 시간입니다! 특별한 RPG 성장을 자랑하는 4명의 미치광이 용병 중 하나가 되어 무진장 많은 총기로 황폐한 Pandora 행성을 장악하세요.,,,
B0231,A25,DOOMBLADE / Transiruby / Blast Brigade vs. the Evil Legion of Dr. Cread,"액션, 어드벤처, 인디 / 액션 / 액션, 어드벤처, 인디","[DOOMBLADE] Deep underground, Gloom Girl discovers DOOMBLADE, a sentient weapon hellbent on escape after eons in chains. Together, “Doom and Gloom” embark on a vengeful quest to unlock the pow ‖ [Transiruby] 차원 대륙의 의문을 풀어라! 는 사이보그 소녀 실비가 검과 엘리먼트 샷으로 적을 쓰러뜨리며 앞으로 나아가는 탐색형 액션 게임입니다! ‖ [Blast Brigade vs. the Evil Legion of Dr. Cread] 스릴 넘치는 플랫포밍과 깊이 있는 탐험 세계, 폭발적인 액션으로 가득한 2D 메트로이드배니아 어드벤처 게임을 즐겨보세요! Blast Brigade에서 영웅들로 팀을 구성해 세계를 구하세요!",The Way,"액션, 어드벤처, 인디","Journey to another planet and discover its secrets in order to bring your loved one back to life. Experience an adventure, inspired by old school classics like Another World, Heart of Darkness and Flashback.",,,
B0232,A23,Vomitoreum / Tales of Kenzera™: ZAU / Shantae: Half-Genie Hero,"액션, 어드벤처, 인디 / 액션, 어드벤처, 인디 / 액션, 어드벤처, 인디","[Vomitoreum] Vomitoreum is an FPS Metroidvania with a focus on atmosphere and horror, inspired by the paintings of Zdzisław Beksiński. ‖ [Tales of Kenzera™: ZAU] 샤먼의 춤을 추세요. 아버지의 영혼을 되찾으세요. Surgent Studios가 제작한 메트로이드바니아 스타일의 어드벤처 게임 Tales of Kenzera™: ZAU에서 죽음의 신과 함께 아름답고 위험한 켄제라의 땅으로 용감하게 모험을 떠나세요. ‖ [Shantae: Half-Genie Hero] Shantae embarks on her first full HD adventure! When a mysterious crime wave sweeps Sequin Land, it’s up to Half-Genie Hero Shantae to save the day! Use Shantae’s devastating Hair-",Apple Slash,"액션, 어드벤처, 인디",Repel an invasion of mysterious charming creatures in a vast murky marshland. Strike your foes in a God-like slash-based manner and experience ambiguous encounters brimming with personality.,,,
B0233,A23,Vomitoreum / Tales of Kenzera™: ZAU / Shantae: Half-Genie Hero,"액션, 어드벤처, 인디 / 액션, 어드벤처, 인디 / 액션, 어드벤처, 인디","[Vomitoreum] Vomitoreum is an FPS Metroidvania with a focus on atmosphere and horror, inspired by the paintings of Zdzisław Beksiński. ‖ [Tales of Kenzera™: ZAU] 샤먼의 춤을 추세요. 아버지의 영혼을 되찾으세요. Surgent Studios가 제작한 메트로이드바니아 스타일의 어드벤처 게임 Tales of Kenzera™: ZAU에서 죽음의 신과 함께 아름답고 위험한 켄제라의 땅으로 용감하게 모험을 떠나세요. ‖ [Shantae: Half-Genie Hero] Shantae embarks on her first full HD adventure! When a mysterious crime wave sweeps Sequin Land, it’s up to Half-Genie Hero Shantae to save the day! Use Shantae’s devastating Hair-",Blood Harvest 3,"액션, 어드벤처, 인디","Dynamic, hardcore and explosive action on the passage with a bunch of weapons, enemies and bosses.",,,
B0234,A12,Baldur's Gate 3 / Mount & Blade II: Bannerlord / Kenshi,"어드벤처, RPG, 전략 / 액션, 인디, RPG, 시뮬레이션, 전략 / 액션, 인디, RPG, 시뮬레이션, 전략","[Baldur's Gate 3] Baldur’s Gate 3 is a story-rich, party-based RPG set in the universe of Dungeons & Dragons, where your choices shape a tale of fellowship and betrayal, survival and sacrifice, and  ‖ [Mount & Blade II: Bannerlord] 본 게임은 전략/액션 RPG입니다. 캐릭터를 생성하고, 외교에 참여하고, 제작, 거래를 하고, 방대한 중세풍의 샌드박스에서 새로운 땅을 정복하십시오. 군대를 일으켜 전쟁에 뛰어들고, 깊이가 있으나 직관적인 실력 기반의 전투 시스템을 채용한 대규모 실시간 전투에서 자신의 부대에 명령을 내리고 함께 싸우십시오. ‖ [Kenshi] 자유롭게 돌아다니는 분대 기반의 RPG. 스토리를 따라가는 대신 제한 없는 샌드박스식 게임플레이에 중점을 두었습니다. 무역상, 도둑, 반란군, 전쟁 군주, 모험가, 농부, 노예 등 다양한 삶을 체험할 수 있습니다. 운이 나쁘면 식인종의 먹잇감으로 전락할지도 모르죠. 새로운 장비를 연구하거나 제작해 보세요.",Duel Corp.,"액션, 어드벤처, 인디, 대규모 멀티플레이어, RPG, 시뮬레이션, 앞서 해보기","소울즈에서 영감을 받은 액션 RPG, 샌드박스 오픈월드와 MMO 감각의 방향 기반 전투 시스템. 혼자 또는 최대 3인까지 협동 가능. 우정을 쌓고, 제한 없는 클래스 시스템을 마스터하며, 모든 이들의 눈을 검게 만든 원인을 밝혀라.",,,
B0235,A30,Stardew Valley / Slime Rancher / Raft,"인디, RPG, 시뮬레이션 / 액션, 어드벤처, 인디, 시뮬레이션 / 어드벤처, 인디, 시뮬레이션","[Stardew Valley] You've inherited your grandfather's old farm plot in Stardew Valley. Armed with hand-me-down tools and a few coins, you set out to begin your new life. Can you learn to live off th ‖ [Slime Rancher] 슬라임 랜쳐는 젊고 용감한 랜쳐, 베아트릭스 르뷰가 지구에서 1,000광년 떨어진 '머나먼 평야'에서 슬라임들과 씨름하며 생계를 꾸려나가는 이야기입니다. 긍정적인 마인드와 강인한 의지로 베아트릭스는 진공팩을 사용하여 끊임없이 말랑말랑하게 굴러나오는 슬라임들을 피하며 이름을 알리고, 부자가 되려 합니다. ‖ [Raft] Raft™ throws you and your friends into an epic oceanic adventure! Alone or together, players battle to survive a perilous voyage across a vast sea! Gather debris, scavenge reefs an",Rem Survival,"액션, 어드벤처, 인디, 대규모 멀티플레이어, RPG, 시뮬레이션, 앞서 해보기","Scavenge abandoned ruins, craft gear from scrap and salvaged materials, and fight the environment itself as hunger, exposure, and exhaustion push you to your limits. There are no second chances—only adaptation or death.",,,
B0236,A31,Hearts of Iron IV / Europa Universalis IV / Sid Meier's Civilization® V,"시뮬레이션, 전략 / 시뮬레이션, 전략 / 전략","[Hearts of Iron IV] Victory is at your fingertips! Your ability to lead your nation is your supreme weapon, the strategy game Hearts of Iron IV lets you take command of any nation in World War II; the ‖ [Europa Universalis IV] 비교할 수 없는 자유도, 깊이 있는 스토리, 정확한 역사적 고증을 즐기며 국토를 다스리고 세계를 정복하세요. 세계 역사를 새롭게 쓰며 시대를 풍미할 제국을 만드세요. ‖ [Sid Meier's Civilization® V] Create, discover, and download new player-created maps, scenarios, interfaces, and more!",伊格利亚战记/The Heroic Legend Of Eagarlnia,"인디, 전략","Lay out your grand strategy on the land of Eagarlnia where humans, elves, orcs, dwarves, and the undead each battle out a corner of land. Manage your territories by navigating complex decisions and grow your economy.",,,
B0237,A13,Death's Door / Children of Morta / Roboquest / Spelunky 2 / Nuclear Throne / Streets of Rogue / Neon Abyss / Curse of the Dead Gods / Rogue Legacy 2 / Have a Nice Death,"액션, 어드벤처, 인디, RPG / 액션, 어드벤처, 인디, RPG / 액션, 인디 / 액션, 인디 / 액션, 인디, RPG / 액션, 어드벤처, 인디, RPG / 액션, 어드벤처, 인디, RPG / 액션, 어드벤처 / 액션, 어드벤처, 인디, RPG / 액션, 인디","[Death's Door] 죽은 자의 영혼을 수확하고 시간을 끝내는 것은 단조로울 수 있지만 까마귀에겐 평범한 일입니다. 하지만 주어진 영혼을 도둑맞게 되면 변화가 일어납니다. 영혼을 도난하고 죽음의 손길이 닿지 않는 영역으로 도망친 절망적인 도둑을 추적하십시오. ‖ [Children of Morta] Children of Morta는 비범한 가족 영웅에 대한 스토리 중심의 액션 RPG 게임입니다. 다가오는 부패에 맞서 모든 결함과 미덕을 갖춘 베르그송 가를 이끄세요. 여러분은 여러분이 아끼는 사람들을 구하기 위해 모든 것을 희생할 수 있으신가요? ‖ [Roboquest] 로보퀘스트는 멸망한 미래 세계의 빠른 FPS 로그라이트입니다. 당신은 재부팅된 수호자로, 강철 궁둥짝을 걷어 찰 준비를 하세요! 혼자서 혹은 친구와 함께 맞서거나 끊임없이 변화하는 환경에서 치명적인 로봇 군단을 섬멸하세요. ‖ [Spelunky 2] Spelunky 2 builds upon the unique, randomized challenges that made the original a roguelike classic, offering a huge adventure designed to satisfy players old and new. Meet the nex ‖ [Nuclear Throne] Nuclear Throne은 포스트 아포칼립스 세계관의 로그라이크 스타일 탑다운 슈터입니다. 여기서 말하는 포스트 아포칼립스는 '인류의 마지막 희망'이 남아 있는 세계가 아니라, '인류는 멸종했고 이제 돌연변이와 괴물들이 세상을 돌아다니는' 그런 세계입니다. 과연 당신은 뉴클리어 쓰론에 도달할 수 있을까요? ‖ [Streets of Rogue] 싸워서 몰래 들어가 임의 생성된 도시를 공격하세요. Nuclear Throne은 무법천지 GTA와 Deus Ex가 혼합된 형태입니다. Rogue-lite가 몰입도 높은 캐릭터를 만나 너무 재미있습니다. ‖ [Neon Abyss] Neon Abyss는 고속의 로그라이크 액션 플랫포머로, 하데스가 만든 '그림 스쿼드'의 일원이 되어 어비스로 총을 들고 뛰어드는 런 앤 건 게임입니다. 무한한 아이템 시너지와 던전 진화 시스템으로, 매번 게임을 할 때마다 다른 경험과 새로운 도전이 등장합니다. 진짜 지옥을 보여주세요! ‖ [Curse of the Dead Gods] 엄청난 부, 영원한 생명, 신성한 힘을 탐하는 마음이 당신을 끝없는 지옥 속의 미로, 치명적인 함정 및 몬스터가 우글거리는 이 저주받은 사원으로 이끌었습니다. ‖ [Rogue Legacy 2] 로그 레거시 2는 로그 레거시에 후속편을 끼얹은 작품입니다. 당신이 죽을 때마다 자식이 가업을 이어받습니다. 딸은 색맹 궁수이고 아들은 평화주의자 요리사일 수도 있죠. 어쨌거나 둘 중 한 명은 전장으로 나가야 합니다. ‖ [Have a Nice Death] Have a Nice Death는 과로에 고생하는 데스가 되어 플레이하는 2D 액션 로그라이크로, 통제 불능인 직원들 때문에 영혼의 균형과 데스의 휴가 계획이 틀어지고 말았습니다. 질서를 회복하려면 대낫을 들고 직원들과 서열 정리를 해야 합니다.",Halls of Torment,"액션, 인디, RPG","이 게임은 무시무시한 몬스터 무리를 학살하며 생존하는 로그라이트 게임입니다. 온갖 지하의 군주들이 도사리고 있는 고뇌의 전당으로 내려가세요. 보물, 마법 장신구, 점점 늘어나는 영웅들을 활용하여 이 세상의 존재가 아닌 듯한 공포들을 박멸하세요. 여러분은 얼마나 오랫동안 살아남을 수 있을까요?",,,
B0238,A04,Hollow Knight / Dead Cells / Celeste,"액션, 어드벤처, 인디 / 액션, 어드벤처, 인디 / 액션, 어드벤처, 인디","[Hollow Knight] 할로우 나이트에서 자신만의 길을 구축하세요! 크게 파괴된 곤충과 영웅의 왕국을 통한 서사 액션 어드벤처입니다. 손으로 그린 클래식 2D 스타일로 구불구불한 동굴을 탐험하고 오염된 생물과 싸우고 이상한 곤충들과 친구가 되어 보세요. ‖ [Dead Cells] 데드 셀(Dead Cells)는 메트로배니아에서 영감을 받은 로그라이트 액션 플랫포머 게임입니다. 2D 소울 라이트 전투에서 성을 지키는 수호자들을 물리치고 끊임없이 변화하는 거대한 성을 탐험하게 됩니다. 세이브 포인트는 없습니다. 죽이고, 죽고, 배우고, 반복하세요. ‖ [Celeste] 타워폴(TowerFall) 시리즈의 개발자들이 만든 이 초밀착형 플랫폼 게임을 플레이하고, 매들린이 셀레스트 산 정상으로 향하는 여정에서 내면의 악마에게서 살아남을 수 있게 도와주세요. 한땀 한땀 손수 제작한 수백 가지의 도전 과제에 맞서고, 사악한 비밀을 밝혀내고, 산에 숨겨진 수수께끼를 풀어보세요.",TEVI,"액션, 어드벤처, 캐주얼, 인디","메트로배니아와 픽셀 아트, 그리고 탄막이 어우러진 2D 플랫폼 어드벤처 액션 게임 『TEVI』에서 토끼 귀 소녀가 되어 광활한 판타지 세계를 탐험해 보세요. 천사와 악마, 두 동료와 함께하는 여정을 따라 점차 이야기 뒤편에 가려져 있던 진실이 드러납니다.",,,
B0239,A26,RimWorld / Oxygen Not Included / Unpacking 언패킹,"인디, 시뮬레이션, 전략 / 인디, 시뮬레이션 / 캐주얼, 인디, 시뮬레이션","[RimWorld] 지능형 AI 이야기꾼이 주도하는 공상과학 정착지 시뮬레이터입니다. 심리, 생태, 총격전과 근접전, 날씨, 기후, 외교, 사람 사이의 관계, 예술, 의학, 무역, 그 외 많은 것들을 시뮬레이션하여 이야기를 생성합니다. ‖ [Oxygen Not Included] Oxygen Not Included는 우주 콜로니 시뮬레이션 게임입니다. 외계의 우주 암석 깊은 곳에서 근면한 일꾼들은 생존하고 나아가 번영하기 위해 과학을 마스터하고, 낯선 새로운 생명체에 맞서며, 경이로운 우주 테크놀로지를 활용해야 합니다. ‖ [Unpacking 언패킹] Unpacking은 상자에서 짐을 꺼내 새집에 맞게 배치하는 친숙한 체험에 대한 명상적 퍼즐 게임입니다. 게임의 일부인 블록 맞추기 게임과 집 꾸미기를 하는 동안, 푸는 짐에 닮긴 삶의 실마리를 찾아가며 만족할 만한 생활 공간을 만들어 보세요.",Pretty Angel,"캐주얼, 인디, RPG, 시뮬레이션",좋은 분위기에서 당신을 유지하기 위해 수업 퍼즐 게임을 휴식,,,
B0240,A21,DARK SOULS™ III / The Witcher 3: Wild Hunt / The Elder Scrolls V: Skyrim Special Edition,액션 / RPG / RPG,"[DARK SOULS™ III] 장르를 새로 개척했다는 평가를 들으며 많은 좋은 평가들을 얻고 있는 다크 소울 시리즈는 계속해서 한계를 넘어서, 더욱 야심찬 단계에 도전하고자 하고 있습니다. 준비를 하고 어둠을 밝히십시오! ‖ [The Witcher 3: Wild Hunt] 리비아의 게롤트가 되어 의뢰를 받고 괴물을 사냥하세요. 전쟁의 상처가 가득하고 괴물이 들끓는 대륙을 마음껏 탐험해 보세요. 지금 가장 중요한 일은 대륙의 판도를 뒤바꿀 수도 있는 살아 있는 무기이자 예언의 아이, 시리를 추적하는 것입니다. ‖ [The Elder Scrolls V: Skyrim Special Edition] 200회 이상 올해의 게임에 선정된 The Elder Scrolls V: Skyrim Special Edition이 놀라운 디테일로 판타지에 생명을 불어넣었습니다. Special Edition에는 비평가들의 극찬을 받은 게임 및 새로운 기능이 포함된 애드온이 들어 있습니다.",Our world has not decayed,"어드벤처, 캐주얼, 인디, RPG","Although it is already the end of the world, we still stay together. all characters are over the age of 18.",,,
B0241,A16,The Talos Principle / Rust / Inscryption,"액션, 어드벤처, 인디 / 액션, 어드벤처, 인디, 대규모 멀티플레이어, RPG / 어드벤처, 인디, 전략","[The Talos Principle] 탈로스 법칙은 철학적 SF 소설의 전통을 따른 1인칭 퍼즐 게임입니다. 시리어스 샘을 개발한 크로팀에서 만들었으며, 톰 주버트(FTL, 더 스와퍼)와 조나스 카이라츠(바다는 모든 것을 요구한다.)가 스토리를 작성했습니다. ‖ [Rust] Rust에서의 목표는 오직 하나, 바로 살아남는 것입니다. 섬의 야생 동물, 다른 주민, 환경, 다른 생존자 모두가 여러분의 목숨을 노립니다. 하루 더 살아남을 수 있다면 수단과 방법을 가리지 마세요. ‖ [Inscryption] Inscryption은 검은 잉크로 그려진 카드를 기반으로 한 덱빌딩 로그라이크, 방탈출 퍼즐, 피가 흐르는 심리적 공포 등의 요소가 섞인 여정을 다룹니다. 카드에는 더 어두운 비밀이 새겨져 있습니다…",Blue Prince,"어드벤처, 인디, 전략",여명이 밝아올 때마다 새로운 수수께끼가 드러나는 홀리 산에 잘 오셨습니다. 장르를 넘나드는 전략 퍼즐 어드벤처 게임에서 움직이는 복도와 끊임없이 변화하는 방들을 통과해 보세요. 예측할 수 없는 길이 과연 소문으로만 존재하는 46번 방으로 이끌어 줄까요?,,,
B0242,A33,Garry's Mod / Team Fortress 2 / Left 4 Dead 2,"캐주얼, 인디, 시뮬레이션 / 액션, 무료 플레이 / 액션","[Garry's Mod] Garry's Mod is a physics sandbox. There aren't any predefined aims or goals. We give you the tools and leave you to play. ‖ [Team Fortress 2] 다양한 전술적 능력과 뚜렷한 개성을 갖춘 9가지 병과의 캐릭터를 플레이하세요. 끊임없이 업데이트되는 새로운 게임 모드, 맵, 장비 그리고 가장 중요한 모자까지 지금 바로 즐겨보세요! ‖ [Left 4 Dead 2] Set in the zombie apocalypse, Left 4 Dead 2 is a co-operative action horror FPS takes you and your friends through the cities, swamps and cemeteries of the Deep South, from Savanna",Z1 Battle Royale,"액션, 어드벤처, 무료 플레이, 대규모 멀티플레이어","Z1 Battle Royale is a Free to Play, fast-paced, action arcade, competitive Battle Royale. Staying true to its ""King of the Kill"" roots, the game has been revamped and restored to the classic feel, look, and gameplay everyone fell in love with. Play solo, duos, or fives and be the last ones standing.",,,
B0243,A13,Death's Door / Children of Morta / Roboquest / Spelunky 2 / Nuclear Throne / Streets of Rogue / Neon Abyss / Curse of the Dead Gods / Rogue Legacy 2 / Have a Nice Death,"액션, 어드벤처, 인디, RPG / 액션, 어드벤처, 인디, RPG / 액션, 인디 / 액션, 인디 / 액션, 인디, RPG / 액션, 어드벤처, 인디, RPG / 액션, 어드벤처, 인디, RPG / 액션, 어드벤처 / 액션, 어드벤처, 인디, RPG / 액션, 인디","[Death's Door] 죽은 자의 영혼을 수확하고 시간을 끝내는 것은 단조로울 수 있지만 까마귀에겐 평범한 일입니다. 하지만 주어진 영혼을 도둑맞게 되면 변화가 일어납니다. 영혼을 도난하고 죽음의 손길이 닿지 않는 영역으로 도망친 절망적인 도둑을 추적하십시오. ‖ [Children of Morta] Children of Morta는 비범한 가족 영웅에 대한 스토리 중심의 액션 RPG 게임입니다. 다가오는 부패에 맞서 모든 결함과 미덕을 갖춘 베르그송 가를 이끄세요. 여러분은 여러분이 아끼는 사람들을 구하기 위해 모든 것을 희생할 수 있으신가요? ‖ [Roboquest] 로보퀘스트는 멸망한 미래 세계의 빠른 FPS 로그라이트입니다. 당신은 재부팅된 수호자로, 강철 궁둥짝을 걷어 찰 준비를 하세요! 혼자서 혹은 친구와 함께 맞서거나 끊임없이 변화하는 환경에서 치명적인 로봇 군단을 섬멸하세요. ‖ [Spelunky 2] Spelunky 2 builds upon the unique, randomized challenges that made the original a roguelike classic, offering a huge adventure designed to satisfy players old and new. Meet the nex ‖ [Nuclear Throne] Nuclear Throne은 포스트 아포칼립스 세계관의 로그라이크 스타일 탑다운 슈터입니다. 여기서 말하는 포스트 아포칼립스는 '인류의 마지막 희망'이 남아 있는 세계가 아니라, '인류는 멸종했고 이제 돌연변이와 괴물들이 세상을 돌아다니는' 그런 세계입니다. 과연 당신은 뉴클리어 쓰론에 도달할 수 있을까요? ‖ [Streets of Rogue] 싸워서 몰래 들어가 임의 생성된 도시를 공격하세요. Nuclear Throne은 무법천지 GTA와 Deus Ex가 혼합된 형태입니다. Rogue-lite가 몰입도 높은 캐릭터를 만나 너무 재미있습니다. ‖ [Neon Abyss] Neon Abyss는 고속의 로그라이크 액션 플랫포머로, 하데스가 만든 '그림 스쿼드'의 일원이 되어 어비스로 총을 들고 뛰어드는 런 앤 건 게임입니다. 무한한 아이템 시너지와 던전 진화 시스템으로, 매번 게임을 할 때마다 다른 경험과 새로운 도전이 등장합니다. 진짜 지옥을 보여주세요! ‖ [Curse of the Dead Gods] 엄청난 부, 영원한 생명, 신성한 힘을 탐하는 마음이 당신을 끝없는 지옥 속의 미로, 치명적인 함정 및 몬스터가 우글거리는 이 저주받은 사원으로 이끌었습니다. ‖ [Rogue Legacy 2] 로그 레거시 2는 로그 레거시에 후속편을 끼얹은 작품입니다. 당신이 죽을 때마다 자식이 가업을 이어받습니다. 딸은 색맹 궁수이고 아들은 평화주의자 요리사일 수도 있죠. 어쨌거나 둘 중 한 명은 전장으로 나가야 합니다. ‖ [Have a Nice Death] Have a Nice Death는 과로에 고생하는 데스가 되어 플레이하는 2D 액션 로그라이크로, 통제 불능인 직원들 때문에 영혼의 균형과 데스의 휴가 계획이 틀어지고 말았습니다. 질서를 회복하려면 대낫을 들고 직원들과 서열 정리를 해야 합니다.",Dungeon Souls,"액션, 어드벤처, 인디, RPG","Dungeon Souls is an action-adventure roguelike dungeon crawler which draws heavy inspiration from Nuclear Throne, Risk of Rain, and Overture. Explore vast procedurally generated dungeons, collect loot, and slay hordes of challenging enemies!",,,
B0244,A32,Hardspace: Shipbreaker / Hacknet / The Case of the Golden Idol / 방 탈출 시뮬레이터 / shapez 2 - Factory,"시뮬레이션 / 인디, 시뮬레이션 / 어드벤처, 인디 / 어드벤처, 캐주얼, 인디, 시뮬레이션 / 캐주얼, 인디, 시뮬레이션, 전략","[Hardspace: Shipbreaker] Equipped with cutting-edge salvaging tech, carve & slice spaceships to recover valuable materials. Upgrade your gear to take on more lucrative contracts and pay your billion credit ‖ [Hacknet] Hacknet은 터미널 기반의 몰입형 해킹 시뮬레이터입니다. 최근에 사망한, 그러나 언론 보도와는 달리 사고로 사망하지 않은 해커의 지시에 따라 진실을 추척하십시오. ‖ [The Case of the Golden Idol] A new kind of detective game that allows you to think and investigate freely. Discover clues surrounding 12 strange and gruesome deaths and build your own theory. Pick your suspect ‖ [방 탈출 시뮬레이터] Escape Simulator는 단독 또는 온라인 협동 플레이가 가능한 1인칭 퍼즐 게임입니다. 점점 더 많아지는, 고도의 상호 작용이 가능한 방탈출 세트를 탐험하세요. 가구를 옮기고, 모든 것을 집어 들고 검사하고, 냄비를 부수고 자물쇠를 부수세요! 레벨 편집기를 통해 커뮤니티가 만든 방을 지원합니다. ‖ [shapez 2 - Factory] 공장 건설 게임에 빠져들어 보세요. 단 한 가지에 집중하세요. 대규모 우주 공장을 건설하는 것! 방대하게 펼쳐지는 다층 공장과 만족스러운 생산 라인을 무제한으로 설계하세요. 계속해서 어려워지는 자동화 목표를 적의 위협 없이 자신만의 속도로 달성하세요.",Outerverse,"액션, 어드벤처, 캐주얼, 인디, RPG, 시뮬레이션, 전략","Build automated machines and weapons across the universe, beat massive bosses, experience cosmic events and explore unique landmarks in this quest driven automation crafting adventure game. Includes a manual scenario for crafting instead of machines for those not a fan of logic/automation!",,,
B0245,A23,Vomitoreum / Tales of Kenzera™: ZAU / Shantae: Half-Genie Hero,"액션, 어드벤처, 인디 / 액션, 어드벤처, 인디 / 액션, 어드벤처, 인디","[Vomitoreum] Vomitoreum is an FPS Metroidvania with a focus on atmosphere and horror, inspired by the paintings of Zdzisław Beksiński. ‖ [Tales of Kenzera™: ZAU] 샤먼의 춤을 추세요. 아버지의 영혼을 되찾으세요. Surgent Studios가 제작한 메트로이드바니아 스타일의 어드벤처 게임 Tales of Kenzera™: ZAU에서 죽음의 신과 함께 아름답고 위험한 켄제라의 땅으로 용감하게 모험을 떠나세요. ‖ [Shantae: Half-Genie Hero] Shantae embarks on her first full HD adventure! When a mysterious crime wave sweeps Sequin Land, it’s up to Half-Genie Hero Shantae to save the day! Use Shantae’s devastating Hair-",Bloodstained: Curse of the Moon,액션,"Battle with swords and whips in this retro-style action game brought to you by game creator Koji Igarashi and Inti Creates! Play as Zangetsu, a demon slayer bearing a deep grudge, who must travel through perilous lands to defeat a powerful demon lurking in a dark castle.",,,
B0246,A06,Cities: Skylines / Factorio / Farming Simulator 22,"시뮬레이션, 전략 / 캐주얼, 인디, 시뮬레이션, 전략 / 시뮬레이션","[Cities: Skylines] Cities: Skylines is a modern take on the classic city simulation. The game introduces new game play elements to realize the thrill and hardships of creating and maintaining a real  ‖ [Factorio] Factorio는 무한한 2D 세상에서 복잡성이 증가하는 아이템을 생산하기 위해 자동화 공장을 만드는 게임입니다. - 당신의 상상력으로 공장을 설계, 독창적인 방법으로 간단한 요소를 결합하고 마지막엔 당신을 좋아하지 않는 생물들로 부터 공장을 지키세요. ‖ [Farming Simulator 22] 농장을 만들고 농사를 즐기세요! 작물을 수확하고, 동물을 돌보고, 생산을 관리하고, 계절에 따른 어려움을 이겨내세요.",Masterplan Tycoon,"인디, 시뮬레이션, 전략",Welcome to the resource management game where your creativity and logistics skills are put to the test! In this minimalistic simulation you will build interconnected chains of products and open new missions by completing various tasks to create the biggest system you can.,,,
B0247,A05,Opus Magnum,"인디, 시뮬레이션","[Opus Magnum] Opus Magnum은 SpaceChem, Infinifactory, SHENZHEN I/O를 제작한 Zachtronics의 신작 퍼즐게임입니다. 연금술사들의 최첨단 도구인 변성 기관을 이용해 물약과 독을 만들어내는 기계들을 설계하고 만들어 내세요!",Beltmatic,"캐주얼, 인디, 시뮬레이션, 전략",Beltmatic is a casual factory game where you combine numbers using mathematical operations.,,,
B0248,A14,Iron Brigade / Ancient Planet Tower Defense / Creeper World IXE,"액션, 전략 / 캐주얼, 인디, 전략 / 액션, 캐주얼, 인디, 시뮬레이션, 전략","[Iron Brigade] Join The Mobile Trench Brigade and protect humanity from the evil Monovision menace! ‖ [Ancient Planet Tower Defense] 고대 행성 타워 디펜스는 정통 타워 디펜스 게임입니다. 고대 문명의 요새가 외계 침략자들로부터 침략당했습니다. 고대의 강력한 기술을 사용하여 적군의 공격을 물리치십시오! ‖ [Creeper World IXE] The unstoppable alien force known as The Creeper has returned, devouring thousands of worlds in its path, and yours is next. Battle against the Creeper fluid in a groundbreaking pi",GROSS,"액션, 전략","GROSS is a unique twist on the classic tower defense genre. After building your defenses, you will jump into the action to take on enemies head-on. Make sure to collect as much cash as possible to upgrade your defenses and stay ahead of the game. Can you outlast the waves of enemies?",,,
B0249,A01,It Takes Two / Overcooked! 2 / What Remains of Edith Finch,"액션, 어드벤처 / 액션, 캐주얼, 인디 / 어드벤처, 인디","[It Takes Two] It Takes Two에서 생애 가장 정신없는 여정을 시작하세요. 친구가 무료로 참가할 수 있게 친구 패스*로 초대하고, 함께 힘을 합쳐서 수많은 유쾌하고 획기적인 게임 플레이 챌린지를 헤쳐나가세요. ‖ [Overcooked! 2] 혼란스러운 요리 액션으로 가득한 Overcooked가 돌아왔습니다! 양파 왕국으로 돌아가는 여행을 떠나세요. 클래식 협동 또는 온라인 플레이에서 셰프 팀을 만들어서 최대 4명까지 플레이하세요. 앞치마를 준비하세요... 다시 세상을 구할 때가 되었습니다! ‖ [What Remains of Edith Finch] What Remains of Edith Finch(워트 리메인스 오브 에디스 핀치)는 워싱턴 주에 있는 어느 가족에 대한 이상한 이야기의 모음입니다. 플레이어는 에디스가 되어 거대한 핀치 가택을 탐사하고, 가족사를 연구하며 이야기를 찾고, 왜 가족 중에서 그녀만 살아남았는지 알아내야 합니다. 각 이야기는 새로운 가족 구성",The Headliners,"액션, 인디","협동 공포 게임으로, 1~8명의 기자 팀이 되어 치명적인 괴물로 가득 찬 뉴욕을 탐험하며 멋진 사진을 찍는 것이 목표입니다. 당신의 유일한 목표: 헤드라인에 오르는 것... 그리고 살아남아 그것을 직접 읽는 것.",,,
B0250,A18,Euro Truck Simulator 2 / BeamNG.drive / 아세토 코르사 Assetto Corsa,"인디, 시뮬레이션 / 레이싱, 시뮬레이션, 앞서 해보기 / 인디, 레이싱, 시뮬레이션, 스포츠","[Euro Truck Simulator 2] 도로의 왕이 되어 인상적인 거리를 가로질러 중요한 화물을 배달하는 트럭 운전사가 되어 유럽을 여행하세요! 탐험할 도시가 수십 개나 되므로, 당신의 인내심, 기술, 속도가 모두 한계에 도달할 것입니다. ‖ [BeamNG.drive] 뭐든지 할 수 있는 동적 소프트 보디 물리 시뮬레이터입니다. ‖ [아세토 코르사 Assetto Corsa] 아세토 코르사(Assetto Corsa) v1.16은 새로운 레이저 스캔 트랙 ""라구나 세카(Laguna Seca)"" 및 기다리던 Alfa Romeo Giulia Quadrifoglio를 포함한 7개의 신차를 소개합니다! 체인지로그에서 더 자세한 내용을 확인하세요!",Diesel Railcar Simulator,"캐주얼, 인디, 시뮬레이션, 앞서 해보기","Drive vintage diesel trains, shifting gears manually and trying to reach a perfect score. Create new routes, trains and timetables. Share your creations and download new content from the Workshop.",,,
B0251,A01,It Takes Two / Overcooked! 2 / What Remains of Edith Finch,"액션, 어드벤처 / 액션, 캐주얼, 인디 / 어드벤처, 인디","[It Takes Two] It Takes Two에서 생애 가장 정신없는 여정을 시작하세요. 친구가 무료로 참가할 수 있게 친구 패스*로 초대하고, 함께 힘을 합쳐서 수많은 유쾌하고 획기적인 게임 플레이 챌린지를 헤쳐나가세요. ‖ [Overcooked! 2] 혼란스러운 요리 액션으로 가득한 Overcooked가 돌아왔습니다! 양파 왕국으로 돌아가는 여행을 떠나세요. 클래식 협동 또는 온라인 플레이에서 셰프 팀을 만들어서 최대 4명까지 플레이하세요. 앞치마를 준비하세요... 다시 세상을 구할 때가 되었습니다! ‖ [What Remains of Edith Finch] What Remains of Edith Finch(워트 리메인스 오브 에디스 핀치)는 워싱턴 주에 있는 어느 가족에 대한 이상한 이야기의 모음입니다. 플레이어는 에디스가 되어 거대한 핀치 가택을 탐사하고, 가족사를 연구하며 이야기를 찾고, 왜 가족 중에서 그녀만 살아남았는지 알아내야 합니다. 각 이야기는 새로운 가족 구성",Stowaway,"액션, 어드벤처, 캐주얼, 인디, 전략, 앞서 해보기","An 10 player online social deduction game inspired by games like Among Us & Town of Salem, where the stowaway is tasked with killing the crew before they reach land!",,,
B0252,A17,Lethal Company / Phasmophobia / Deep Rock Galactic,"액션, 어드벤처, 인디, 앞서 해보기 / 액션, 인디, 앞서 해보기 / 액션","[Lethal Company] A co-op horror about scavenging at abandoned moons to sell scrap to the Company. ‖ [Phasmophobia] Phasmophobia is a 4 player online co-op psychological horror. Paranormal activity is on the rise and it’s up to you and your team to use all the ghost-hunting equipment at your dis ‖ [Deep Rock Galactic] 딥 락 갤럭틱은 1-4인의 플레이어가 협동하는 FPS 게임으로, 상남자 우주 드워프, 100% 파괴 가능한 맵 환경, 절차적 생성 동굴 지형, 그리고 끊임없이 등장하는 외계 괴물 무리가 특징입니다.",PEAK,"액션, 어드벤처, 인디","PEAK는 작은 실수 하나가 치명적인 결과를 초래할 수 있는 협동 등반 게임입니다. 혼자서든, 길 잃은 자연 스카우트와 함께든, 신비한 섬에서 구조될 유일한 희망은 중앙에 우뚝 솟은 산을 오르는 것뿐입니다. 당신은 과연 정상에 오를 수 있을까요?",,,
B0253,A17,Lethal Company / Phasmophobia / Deep Rock Galactic,"액션, 어드벤처, 인디, 앞서 해보기 / 액션, 인디, 앞서 해보기 / 액션","[Lethal Company] A co-op horror about scavenging at abandoned moons to sell scrap to the Company. ‖ [Phasmophobia] Phasmophobia is a 4 player online co-op psychological horror. Paranormal activity is on the rise and it’s up to you and your team to use all the ghost-hunting equipment at your dis ‖ [Deep Rock Galactic] 딥 락 갤럭틱은 1-4인의 플레이어가 협동하는 FPS 게임으로, 상남자 우주 드워프, 100% 파괴 가능한 맵 환경, 절차적 생성 동굴 지형, 그리고 끊임없이 등장하는 외계 괴물 무리가 특징입니다.",Boo Men,"액션, 인디, 앞서 해보기",Boo Men is a 1-4 player online co-op horror game. You and your crew of burglars are tasked with stealing from ghosts. Just remember to stay in the light because you never know what could be lurking in the dark...,,,
B0254,A09,Roots of Yggdrasil / Ancient Gods / Flick Shot Rogues,"인디, 전략 / RPG, 전략 / 인디, 전략","[Roots of Yggdrasil] Build settlements, explore the Nine Realms, collect artifacts and upgrade your deck to reach the top of Yggdrasil in this post-Ragnarok roguelike city-builder! Can you survive the  ‖ [Ancient Gods] Ancient Gods is a fusion of hero collector and deck-building rogue-lite where you collect your character, fight, and experience exciting events. Any character can use all the cards ‖ [Flick Shot Rogues] 계획하고, 조준하고, 쏘세요! FLICK SHOT ROGUES는 테이블 위에서 물건을 튕기는 촉각적 만족감과 사람들이 좋아하는 턴제 로그라이크의 전략적 깊이를 결합한 게임입니다. 말도 안되는 콤보를 연결하고, 캐릭터, 아이템, 스킬을 잠금 해제하면서, 섬을 정복하세요!",Caves of Qud,"어드벤처, 인디, RPG, 전략","Inhabit a deeply-simulated science fantasy world and chisel through layers of thousand-year-old civilizations. Build a character from over a hundred mutations and cybernetics. The award-winning sandbox roguelike & RPG full of robots, deep lore, and sentient plants.",,,
B0255,A19,ELDEN RING / Disco Elysium - The Final Cut / Outer Wilds,"액션, RPG / RPG / 액션, 어드벤처","[ELDEN RING] 본 게임은 본격적인 다크 판타지 세계를 무대로 한 액션 RPG입니다. 드넓은 필드와 던전 탐험을 통해 미지의 것들을 발견해 보세요. 앞길을 막아서는 난관과 그것을 극복했을 때의 달성감, 그리고 등장인물들의 의도가 교착하는 군상극도 즐기실 수 있습니다. ‖ [Disco Elysium - The Final Cut] 디스코 엘리시움 - 최종판은 획기적인 오픈 월드 롤플레잉 게임입니다. 당신은 독특한 스킬 시스템을 갖춘 형사로서 오롯한 도시 블록을 당신의 미래를 닦기 위해 다듬을 수 있습니다. 잊지 못할 등장인물들을 심문하거나, 살인 사건을 해결하거나, 뇌물을 받으세요. 영웅이 되거나 인류의 완전한 재앙이 되세요. ‖ [Outer Wilds] Giant Bomb, Polygon, Eurogamer, The Guardian에 의해 2019년 올해의 게임에 이름을 올리며 냉정한 호평과 수상 실적이 있는 Outer Wilds는 무한 시간 루프에 갇힌 태양계에 관한 공개된 세계의 미스터리 게임입니다.",Allelon,"액션, 어드벤처, 인디, 무료 플레이","Play as Ollie and Spade, a rebel and detective, on both sides of a high-profile murder case, in a dual-character investigative-stealth experience. Discover the secrets plaguing the citizens of Andropolis.",,,
B0256,A20,Counter-Strike 2 / PUBG: BATTLEGROUNDS / 톰 클랜시의 레인보우식스 시즈,"액션, 무료 플레이 / 액션, 어드벤처, 대규모 멀티플레이어, 무료 플레이 / 액션, 무료 플레이","[Counter-Strike 2] Counter-Strike는 20년이 넘는 시간 동안 전 세계 수백만 명의 플레이어가 모여 수준 높은 경쟁을 펼칠 수 있는 플랫폼을 제공해 왔습니다. 그리고 이제 곧 Counter-Strike 2와 함께 새로운 CS 시대의 막이 열립니다. ‖ [PUBG: BATTLEGROUNDS] 배틀로얄 유행의 시작이자, 그 정수를 보여준 PUBG: 배틀그라운드를 지금 무료로 플레이하세요! 다양한 맵에 낙하하여 무기와 보급품을 확보하고, 점점 줄어드는 블루존 속에서 끝까지 살아남아 승리를 쟁취하세요. ‖ [톰 클랜시의 레인보우식스 시즈] 톰 클랜시의 레인보우식스 시즈는 탁월한 계획과 기술이 승부를 좌우하는 전술적인 정예 팀 기반 슈팅 게임입니다.",Due Process,"액션, 어드벤처, 인디, 시뮬레이션, 전략, 앞서 해보기",A PVP tactical FPS about PLANNING & EXECUTION. Sound strategy and good teamwork are essential for victory because new PROCEDURALLY-GENERATED MAPS are delivered every week. You'll face a new tactical challenge every round.,,,
B0257,A31,Hearts of Iron IV / Europa Universalis IV / Sid Meier's Civilization® V,"시뮬레이션, 전략 / 시뮬레이션, 전략 / 전략","[Hearts of Iron IV] Victory is at your fingertips! Your ability to lead your nation is your supreme weapon, the strategy game Hearts of Iron IV lets you take command of any nation in World War II; the ‖ [Europa Universalis IV] 비교할 수 없는 자유도, 깊이 있는 스토리, 정확한 역사적 고증을 즐기며 국토를 다스리고 세계를 정복하세요. 세계 역사를 새롭게 쓰며 시대를 풍미할 제국을 만드세요. ‖ [Sid Meier's Civilization® V] Create, discover, and download new player-created maps, scenarios, interfaces, and more!",兵法：战国篇,전략,A tactical strategy game with a background set in the Warring States Period.,,,
B0258,A09,Roots of Yggdrasil / Ancient Gods / Flick Shot Rogues,"인디, 전략 / RPG, 전략 / 인디, 전략","[Roots of Yggdrasil] Build settlements, explore the Nine Realms, collect artifacts and upgrade your deck to reach the top of Yggdrasil in this post-Ragnarok roguelike city-builder! Can you survive the  ‖ [Ancient Gods] Ancient Gods is a fusion of hero collector and deck-building rogue-lite where you collect your character, fight, and experience exciting events. Any character can use all the cards ‖ [Flick Shot Rogues] 계획하고, 조준하고, 쏘세요! FLICK SHOT ROGUES는 테이블 위에서 물건을 튕기는 촉각적 만족감과 사람들이 좋아하는 턴제 로그라이크의 전략적 깊이를 결합한 게임입니다. 말도 안되는 콤보를 연결하고, 캐릭터, 아이템, 스킬을 잠금 해제하면서, 섬을 정복하세요!",Runestone Keeper,"캐주얼, 인디, RPG, 전략","Runestone Keeper is a roguelike dungeon crawler that blends classic RPG elements and turn based strategy. Heroes, monsters, equipment, events, magic and skills, traps and devices, shrines and altars, Goddesses and merchants. Choose your weapon and begin an epic adventure!",,,
B0259,A27,The Raven Remastered / The Frostrune / Mad Experiments: Escape Room,"어드벤처 / 어드벤처 / 어드벤처, 캐주얼, 인디, 시뮬레이션, 전략","[The Raven Remastered] London, 1964. An ancient ruby is stolen from the British Museum. At the crime scene: a raven feather. Is somebody trying to follow in the footsteps of The Raven, the legendary mast ‖ [The Frostrune] Unravel a mystery inspired by Viking myth and legend in The Frostrune, a classic point-and-click adventure based on historically accurate Norse culture and environments. ‖ [Mad Experiments: Escape Room] 수상 후보에 오른 이스케이프 게임 1인 또는 최대 5인까지 플레이하며 3개의 독특한 방을 탐험하고, 두뇌를 자극하는 퍼즐을 풀며 체셔 교수와 그의 실험에 얽힌 어두운 비밀을 밝혀보세요.",Phantasmagoria,어드벤처,Master storyteller Roberta Williams challenges you to experience the ultimate interactive nightmare.,,,
B0260,A11,Forza Horizon 5 / Hi-Fi RUSH / Street Fighter 6,"액션, 어드벤처, 레이싱, 시뮬레이션, 스포츠 / 액션 / 액션, 어드벤처","[Forza Horizon 5] 세계 최고의 자동차를 타고 생동감 넘치는 멕시코의 대자연을 탐험하며 재미있는 드라이빙 액션을 마음껏 즐겨보세요. ‖ [Hi-Fi RUSH] 아케이드 챌린지! 업데이트!로 추가되는 두 개의 신규 게임 모드에서 여러분의 능력을 시험하고, 새로운 보상을 획득해 보세요. 몇 가지 비밀도 숨어 있답니다! 락 스타 지망생 차이가 되어 비트를 타고, 세상 모든 게 음악에 싱크되는 세계에서 오합지졸 팀과 함께 사악한 거대 기업에 맞서 싸우세요. ‖ [Street Fighter 6] 시리즈 최신작 『Street Fighter 6』, 2023년 6월 2일 발매 결정! RE ENGINE으로 개발된 본 작품은 대형 모드 「World Tour」, 「Fighting Ground」, 「Battle Hub」로 구성되어 있다. 새로운 「스트리트 파이터」에는 지금까지의 시리즈에는 없었던 새로운 체험이 기다리고 있다.",Action Arcade Wrestling,"액션, 인디, 스포츠","Perform a BODY SLAM, knock’em down with a CLOTHESLINE, pull off the classic PILEDRIVER AND… shoot LIGHTNING BOLTS into your opponent's face?! Whatever you do… don’t find yourself looking up at the lights!",,,
B0261,A05,Opus Magnum,"인디, 시뮬레이션","[Opus Magnum] Opus Magnum은 SpaceChem, Infinifactory, SHENZHEN I/O를 제작한 Zachtronics의 신작 퍼즐게임입니다. 연금술사들의 최첨단 도구인 변성 기관을 이용해 물약과 독을 만들어내는 기계들을 설계하고 만들어 내세요!",AutoForge,"액션, 시뮬레이션, 앞서 해보기","2D 자동화 샌드박스 어드벤처 게임입니다. 마나로 가동되는 기계를 갖춘 자동화된 공장을 건설하고, 광범위한 기술 체계를 따라 발전하고, 드넓고 멋진 세계를 탐험하고, 고대의 기술을 통해 자신을 개발하면서, 그 모든 성과를 침공으로부터 방어하세요.",,,
B0262,A30,Stardew Valley / Slime Rancher / Raft,"인디, RPG, 시뮬레이션 / 액션, 어드벤처, 인디, 시뮬레이션 / 어드벤처, 인디, 시뮬레이션","[Stardew Valley] You've inherited your grandfather's old farm plot in Stardew Valley. Armed with hand-me-down tools and a few coins, you set out to begin your new life. Can you learn to live off th ‖ [Slime Rancher] 슬라임 랜쳐는 젊고 용감한 랜쳐, 베아트릭스 르뷰가 지구에서 1,000광년 떨어진 '머나먼 평야'에서 슬라임들과 씨름하며 생계를 꾸려나가는 이야기입니다. 긍정적인 마인드와 강인한 의지로 베아트릭스는 진공팩을 사용하여 끊임없이 말랑말랑하게 굴러나오는 슬라임들을 피하며 이름을 알리고, 부자가 되려 합니다. ‖ [Raft] Raft™ throws you and your friends into an epic oceanic adventure! Alone or together, players battle to survive a perilous voyage across a vast sea! Gather debris, scavenge reefs an",Tomb Raider Game of the Year,"액션, 어드벤처",어린 여성에서 단련된 생존자로 성숙해 나가는 라라 크로프트의 이야기가 담겨 있는 Tomb Raider와 만나보세요.,,,
B0263,A23,Vomitoreum / Tales of Kenzera™: ZAU / Shantae: Half-Genie Hero,"액션, 어드벤처, 인디 / 액션, 어드벤처, 인디 / 액션, 어드벤처, 인디","[Vomitoreum] Vomitoreum is an FPS Metroidvania with a focus on atmosphere and horror, inspired by the paintings of Zdzisław Beksiński. ‖ [Tales of Kenzera™: ZAU] 샤먼의 춤을 추세요. 아버지의 영혼을 되찾으세요. Surgent Studios가 제작한 메트로이드바니아 스타일의 어드벤처 게임 Tales of Kenzera™: ZAU에서 죽음의 신과 함께 아름답고 위험한 켄제라의 땅으로 용감하게 모험을 떠나세요. ‖ [Shantae: Half-Genie Hero] Shantae embarks on her first full HD adventure! When a mysterious crime wave sweeps Sequin Land, it’s up to Half-Genie Hero Shantae to save the day! Use Shantae’s devastating Hair-",ENA: Dream BBQ,"어드벤처, 인디",Experience surreal environments and inexplicable characters as ENA in a new wild world.,,,
B0264,A19,ELDEN RING / Disco Elysium - The Final Cut / Outer Wilds,"액션, RPG / RPG / 액션, 어드벤처","[ELDEN RING] 본 게임은 본격적인 다크 판타지 세계를 무대로 한 액션 RPG입니다. 드넓은 필드와 던전 탐험을 통해 미지의 것들을 발견해 보세요. 앞길을 막아서는 난관과 그것을 극복했을 때의 달성감, 그리고 등장인물들의 의도가 교착하는 군상극도 즐기실 수 있습니다. ‖ [Disco Elysium - The Final Cut] 디스코 엘리시움 - 최종판은 획기적인 오픈 월드 롤플레잉 게임입니다. 당신은 독특한 스킬 시스템을 갖춘 형사로서 오롯한 도시 블록을 당신의 미래를 닦기 위해 다듬을 수 있습니다. 잊지 못할 등장인물들을 심문하거나, 살인 사건을 해결하거나, 뇌물을 받으세요. 영웅이 되거나 인류의 완전한 재앙이 되세요. ‖ [Outer Wilds] Giant Bomb, Polygon, Eurogamer, The Guardian에 의해 2019년 올해의 게임에 이름을 올리며 냉정한 호평과 수상 실적이 있는 Outer Wilds는 무한 시간 루프에 갇힌 태양계에 관한 공개된 세계의 미스터리 게임입니다.",서브노티카,"어드벤처, 인디","위험과 경이로움이 가득한 외계의 바다 속으로 내려가세요. 장비를 제작하고, 잠수함을 조종하며 야생 생물보다 앞서가세요. 우거진 산호초, 화산, 동굴 같은 많은 장소들을 탐험하세요. 물론 살아남는 걸 잊으면 안 되겠죠.",,,
B0265,A23,Vomitoreum / Tales of Kenzera™: ZAU / Shantae: Half-Genie Hero,"액션, 어드벤처, 인디 / 액션, 어드벤처, 인디 / 액션, 어드벤처, 인디","[Vomitoreum] Vomitoreum is an FPS Metroidvania with a focus on atmosphere and horror, inspired by the paintings of Zdzisław Beksiński. ‖ [Tales of Kenzera™: ZAU] 샤먼의 춤을 추세요. 아버지의 영혼을 되찾으세요. Surgent Studios가 제작한 메트로이드바니아 스타일의 어드벤처 게임 Tales of Kenzera™: ZAU에서 죽음의 신과 함께 아름답고 위험한 켄제라의 땅으로 용감하게 모험을 떠나세요. ‖ [Shantae: Half-Genie Hero] Shantae embarks on her first full HD adventure! When a mysterious crime wave sweeps Sequin Land, it’s up to Half-Genie Hero Shantae to save the day! Use Shantae’s devastating Hair-",Rusted Moss,"액션, 인디","트윈 스틱 슈팅 메트로배니아 Rusted Moss의 세계에서, 여러분은 갈고리 하나에 의지해 지도를 탐험하고 마녀와 낡은 기계를 파괴하며 앞으로 나아가야 합니다. 과거 인류의 터전이 있었지만 지금은 멸망한 이 황무지에서, 잊혀진 한 요정이 인류의 마지막을 고하려 합니다...",,,
B0266,A26,RimWorld / Oxygen Not Included / Unpacking 언패킹,"인디, 시뮬레이션, 전략 / 인디, 시뮬레이션 / 캐주얼, 인디, 시뮬레이션","[RimWorld] 지능형 AI 이야기꾼이 주도하는 공상과학 정착지 시뮬레이터입니다. 심리, 생태, 총격전과 근접전, 날씨, 기후, 외교, 사람 사이의 관계, 예술, 의학, 무역, 그 외 많은 것들을 시뮬레이션하여 이야기를 생성합니다. ‖ [Oxygen Not Included] Oxygen Not Included는 우주 콜로니 시뮬레이션 게임입니다. 외계의 우주 암석 깊은 곳에서 근면한 일꾼들은 생존하고 나아가 번영하기 위해 과학을 마스터하고, 낯선 새로운 생명체에 맞서며, 경이로운 우주 테크놀로지를 활용해야 합니다. ‖ [Unpacking 언패킹] Unpacking은 상자에서 짐을 꺼내 새집에 맞게 배치하는 친숙한 체험에 대한 명상적 퍼즐 게임입니다. 게임의 일부인 블록 맞추기 게임과 집 꾸미기를 하는 동안, 푸는 짐에 닮긴 삶의 실마리를 찾아가며 만족할 만한 생활 공간을 만들어 보세요.",SpaceCraft,"어드벤처, 인디, 대규모 멀티플레이어, 시뮬레이션, 앞서 해보기","우주 탐사와 건설의 묘미를 한곳에서 만끽할 수 있는 온라인 게임 스페이스크래프트! 여러 태양계와 행성으로 구성된 초거대 은하계 탐사는 물론, 자원 채굴과 개발, 우주선 설계와 건조, 행성 기지 및 행성 간 물류 자동화, 거래와 협력을 통해 넓디넓은 우주를 뜻대로 다스려 보세요!",,,
B0267,A02,Still Life / Jenny LeClue - Detectivu / Telling Lies,"어드벤처 / 액션, 어드벤처, 캐주얼, 인디 / 어드벤처, 인디, 시뮬레이션",[Still Life] Still Life 2 also now available! ‖ [Jenny LeClue - Detectivu] Jenny LeClue - Detectivu는 조사와 선택지로 가득한 스릴 넘치는 미스터리 어드벤처 게임입니다. ‖ [Telling Lies] 네 명의 삶. 그리고 하나의 큰 거짓말. 아무도 모르게 녹화된 은밀한 대화를 들으며 진실을 알아내십시오. 큰 호평을 받았던 Her Story의 계승작입니다.,The Game Maker: A Carol Reed Mystery,어드벤처,"Follow detective Carol Reed in this colorful mystery, made with real-life photographs. The game features a classic adventure game interface, plenty of puzzles, and a series of minigames as an integrated part of the story.",,,
B0268,A06,Cities: Skylines / Factorio / Farming Simulator 22,"시뮬레이션, 전략 / 캐주얼, 인디, 시뮬레이션, 전략 / 시뮬레이션","[Cities: Skylines] Cities: Skylines is a modern take on the classic city simulation. The game introduces new game play elements to realize the thrill and hardships of creating and maintaining a real  ‖ [Factorio] Factorio는 무한한 2D 세상에서 복잡성이 증가하는 아이템을 생산하기 위해 자동화 공장을 만드는 게임입니다. - 당신의 상상력으로 공장을 설계, 독창적인 방법으로 간단한 요소를 결합하고 마지막엔 당신을 좋아하지 않는 생물들로 부터 공장을 지키세요. ‖ [Farming Simulator 22] 농장을 만들고 농사를 즐기세요! 작물을 수확하고, 동물을 돌보고, 생산을 관리하고, 계절에 따른 어려움을 이겨내세요.",Production Line : Car factory simulation,"인디, 시뮬레이션, 전략","Production line is the new car factory management/simulation/tycoon game that pushes your organisational and entrepreneurship skills to the limit. Can you build the ultimate optimised, free-flowing car production line whilst beating the competition and still turn a profit?",,,
B0269,A27,The Raven Remastered / The Frostrune / Mad Experiments: Escape Room,"어드벤처 / 어드벤처 / 어드벤처, 캐주얼, 인디, 시뮬레이션, 전략","[The Raven Remastered] London, 1964. An ancient ruby is stolen from the British Museum. At the crime scene: a raven feather. Is somebody trying to follow in the footsteps of The Raven, the legendary mast ‖ [The Frostrune] Unravel a mystery inspired by Viking myth and legend in The Frostrune, a classic point-and-click adventure based on historically accurate Norse culture and environments. ‖ [Mad Experiments: Escape Room] 수상 후보에 오른 이스케이프 게임 1인 또는 최대 5인까지 플레이하며 3개의 독특한 방을 탐험하고, 두뇌를 자극하는 퍼즐을 풀며 체셔 교수와 그의 실험에 얽힌 어두운 비밀을 밝혀보세요.",Riven (1997),"어드벤처, 캐주얼","Released in 1997 as the original sequel to Myst, one of the best-selling puzzle adventure games of all time. Prepare to enter a world ""torn asunder"" by timeless, unresolved conflicts -- a world of incomparable beauty, intrigue, and betrayal.",,,
B0270,A01,It Takes Two / Overcooked! 2 / What Remains of Edith Finch,"액션, 어드벤처 / 액션, 캐주얼, 인디 / 어드벤처, 인디","[It Takes Two] It Takes Two에서 생애 가장 정신없는 여정을 시작하세요. 친구가 무료로 참가할 수 있게 친구 패스*로 초대하고, 함께 힘을 합쳐서 수많은 유쾌하고 획기적인 게임 플레이 챌린지를 헤쳐나가세요. ‖ [Overcooked! 2] 혼란스러운 요리 액션으로 가득한 Overcooked가 돌아왔습니다! 양파 왕국으로 돌아가는 여행을 떠나세요. 클래식 협동 또는 온라인 플레이에서 셰프 팀을 만들어서 최대 4명까지 플레이하세요. 앞치마를 준비하세요... 다시 세상을 구할 때가 되었습니다! ‖ [What Remains of Edith Finch] What Remains of Edith Finch(워트 리메인스 오브 에디스 핀치)는 워싱턴 주에 있는 어느 가족에 대한 이상한 이야기의 모음입니다. 플레이어는 에디스가 되어 거대한 핀치 가택을 탐사하고, 가족사를 연구하며 이야기를 찾고, 왜 가족 중에서 그녀만 살아남았는지 알아내야 합니다. 각 이야기는 새로운 가족 구성",SchoolBoy Runaway,인디,“이 장난꾸러기! 빨리 공부하러 가라!” 부모님이 말하고 너를 집에 가두었다. 부모님을 속이고 친구들과 놀 방법을 찾아보자.,,,
B0271,A32,Hardspace: Shipbreaker / Hacknet / The Case of the Golden Idol / 방 탈출 시뮬레이터 / shapez 2 - Factory,"시뮬레이션 / 인디, 시뮬레이션 / 어드벤처, 인디 / 어드벤처, 캐주얼, 인디, 시뮬레이션 / 캐주얼, 인디, 시뮬레이션, 전략","[Hardspace: Shipbreaker] Equipped with cutting-edge salvaging tech, carve & slice spaceships to recover valuable materials. Upgrade your gear to take on more lucrative contracts and pay your billion credit ‖ [Hacknet] Hacknet은 터미널 기반의 몰입형 해킹 시뮬레이터입니다. 최근에 사망한, 그러나 언론 보도와는 달리 사고로 사망하지 않은 해커의 지시에 따라 진실을 추척하십시오. ‖ [The Case of the Golden Idol] A new kind of detective game that allows you to think and investigate freely. Discover clues surrounding 12 strange and gruesome deaths and build your own theory. Pick your suspect ‖ [방 탈출 시뮬레이터] Escape Simulator는 단독 또는 온라인 협동 플레이가 가능한 1인칭 퍼즐 게임입니다. 점점 더 많아지는, 고도의 상호 작용이 가능한 방탈출 세트를 탐험하세요. 가구를 옮기고, 모든 것을 집어 들고 검사하고, 냄비를 부수고 자물쇠를 부수세요! 레벨 편집기를 통해 커뮤니티가 만든 방을 지원합니다. ‖ [shapez 2 - Factory] 공장 건설 게임에 빠져들어 보세요. 단 한 가지에 집중하세요. 대규모 우주 공장을 건설하는 것! 방대하게 펼쳐지는 다층 공장과 만족스러운 생산 라인을 무제한으로 설계하세요. 계속해서 어려워지는 자동화 목표를 적의 위협 없이 자신만의 속도로 달성하세요.",Starship Corporation,"인디, 시뮬레이션, 전략","A sci-fi simulation game, in which players must design, assemble and test spaceships, in a bid to build a supreme Galactic Mega-Corporation. Gain your reputation by engineering and selling your own spacecraft, testing them to the limit in RTS missions and simulated emergency and combat situations.",,,
B0272,A28,Dordogne / A YEAR OF SPRINGS / Botany Manor,"어드벤처, 인디 / 캐주얼, 인디, 시뮬레이션 / 어드벤처","[Dordogne] 이 유년 시절의 여정에서 특별한 내러티브에 몰입하며 도르도뉴의 수천 가지 여름의 색을 탐험하고, 추억을 떠올리며 가족의 비밀을 밝히세요. ‖ [A YEAR OF SPRINGS] 세 명의 여성, 세 개의 이야기, 세 개의 봄. 세 명의 친구들이 사랑, 공감, 그리고 단지 함께하고 싶어하는 감정에 대한 방향을 찾아나가는 3 부작 비주얼 노벨 A YEAR OF SPRINGS 에서 하루, 에리카, 마나미의 이야기를 체험하세요. ‖ [Botany Manor] Welcome to Botany Manor, a stately home in 19th century England. You play as inhabitant Arabella Greene, a retired botanist. Explore your house and gardens, filled with research, t",This Winter of Ours,"어드벤처, 캐주얼, 인디, 무료 플레이","Alone as two, together as one - A fantasy/yuri visual novel telling the story of two girls traversing a snow covered forest and growing closer.",,,
B0273,A23,Vomitoreum / Tales of Kenzera™: ZAU / Shantae: Half-Genie Hero,"액션, 어드벤처, 인디 / 액션, 어드벤처, 인디 / 액션, 어드벤처, 인디","[Vomitoreum] Vomitoreum is an FPS Metroidvania with a focus on atmosphere and horror, inspired by the paintings of Zdzisław Beksiński. ‖ [Tales of Kenzera™: ZAU] 샤먼의 춤을 추세요. 아버지의 영혼을 되찾으세요. Surgent Studios가 제작한 메트로이드바니아 스타일의 어드벤처 게임 Tales of Kenzera™: ZAU에서 죽음의 신과 함께 아름답고 위험한 켄제라의 땅으로 용감하게 모험을 떠나세요. ‖ [Shantae: Half-Genie Hero] Shantae embarks on her first full HD adventure! When a mysterious crime wave sweeps Sequin Land, it’s up to Half-Genie Hero Shantae to save the day! Use Shantae’s devastating Hair-",Dandara: Trials of Fear Edition,"액션, 인디",억압당하는 사람들이 잊혀지는 이상한 세계에서 단다라는 세계를 재편하기 위해 깨어났습니다.,,,
B0274,A15,서브노티카 / The Long Dark / No Man's Sky,"어드벤처, 인디 / 어드벤처, 인디, 시뮬레이션, 전략 / 액션, 어드벤처","[서브노티카] 위험과 경이로움이 가득한 외계의 바다 속으로 내려가세요. 장비를 제작하고, 잠수함을 조종하며 야생 생물보다 앞서가세요. 우거진 산호초, 화산, 동굴 같은 많은 장소들을 탐험하세요. 물론 살아남는 걸 잊으면 안 되겠죠. ‖ [The Long Dark] The Long Dark는 깊은 생각을 요구하는 탐험 생존 게임입니다. 플레이어는 지구 자기장 이상으로 인한 대재앙이 휩쓸고 간 세상에서 혼자 드넓은 설원 황무지를 탐험하며 살아남아야 합니다. 좀비는 등장하지 않으며 오직 플레이어와 추위, 그리고 자연 속의 위험들만 존재합니다. 고요한 종말의 세상에 오신 것을 환영합니다. ‖ [No Man's Sky] No Man's Sky는 무한히 펼쳐지는 우주에서의 탐험과 생존을 그린 SF 게임입니다.",Blossom: The Seed of Life,"어드벤처, 인디","이 오픈 월드 생존 제작 게임에서 죽은 행성을 다시 생명으로 가득 찬 세계로 바꾸세요. 폐허를 탐험하고, 자원을 수집하고, 기계를 출력하고, 모듈형 차량을 운전하며, 숲, 생물 군계, 생태계를 키워 직접 생명을 창조하고 번성하게 하세요.",,,
B0275,A17,Lethal Company / Phasmophobia / Deep Rock Galactic,"액션, 어드벤처, 인디, 앞서 해보기 / 액션, 인디, 앞서 해보기 / 액션","[Lethal Company] A co-op horror about scavenging at abandoned moons to sell scrap to the Company. ‖ [Phasmophobia] Phasmophobia is a 4 player online co-op psychological horror. Paranormal activity is on the rise and it’s up to you and your team to use all the ghost-hunting equipment at your dis ‖ [Deep Rock Galactic] 딥 락 갤럭틱은 1-4인의 플레이어가 협동하는 FPS 게임으로, 상남자 우주 드워프, 100% 파괴 가능한 맵 환경, 절차적 생성 동굴 지형, 그리고 끊임없이 등장하는 외계 괴물 무리가 특징입니다.",Legend of Dungeon,"액션, 인디, RPG","Legend of Dungeon is a randomly generated action RPG Beat'em'up with heavy Rogue-like elements, striking visuals, and dynamic music.",,,
B0276,A27,The Raven Remastered / The Frostrune / Mad Experiments: Escape Room,"어드벤처 / 어드벤처 / 어드벤처, 캐주얼, 인디, 시뮬레이션, 전략","[The Raven Remastered] London, 1964. An ancient ruby is stolen from the British Museum. At the crime scene: a raven feather. Is somebody trying to follow in the footsteps of The Raven, the legendary mast ‖ [The Frostrune] Unravel a mystery inspired by Viking myth and legend in The Frostrune, a classic point-and-click adventure based on historically accurate Norse culture and environments. ‖ [Mad Experiments: Escape Room] 수상 후보에 오른 이스케이프 게임 1인 또는 최대 5인까지 플레이하며 3개의 독특한 방을 탐험하고, 두뇌를 자극하는 퍼즐을 풀며 체셔 교수와 그의 실험에 얽힌 어두운 비밀을 밝혀보세요.",The Land of Pain,"어드벤처, 인디","숲에서 이상한 것이 나타난다. 어둡고 미지의 장소에서 길을 잃은 채, 무자비한 적을 피해 살아남고 퍼즐을 풀며 이 땅을 뒤덮은 고대의 비밀을 밝혀내는 러브크래프트식 코스믹 호러 어드벤처.",,,
B0277,A28,Dordogne / A YEAR OF SPRINGS / Botany Manor,"어드벤처, 인디 / 캐주얼, 인디, 시뮬레이션 / 어드벤처","[Dordogne] 이 유년 시절의 여정에서 특별한 내러티브에 몰입하며 도르도뉴의 수천 가지 여름의 색을 탐험하고, 추억을 떠올리며 가족의 비밀을 밝히세요. ‖ [A YEAR OF SPRINGS] 세 명의 여성, 세 개의 이야기, 세 개의 봄. 세 명의 친구들이 사랑, 공감, 그리고 단지 함께하고 싶어하는 감정에 대한 방향을 찾아나가는 3 부작 비주얼 노벨 A YEAR OF SPRINGS 에서 하루, 에리카, 마나미의 이야기를 체험하세요. ‖ [Botany Manor] Welcome to Botany Manor, a stately home in 19th century England. You play as inhabitant Arabella Greene, a retired botanist. Explore your house and gardens, filled with research, t",looK INside - Chapter 1,"어드벤처, 캐주얼, 인디","In a book found in the attic, Manon discovers the past of her family members through their memories, their gestures, their quirks and their little secrets.",,,
B0278,A05,Opus Magnum,"인디, 시뮬레이션","[Opus Magnum] Opus Magnum은 SpaceChem, Infinifactory, SHENZHEN I/O를 제작한 Zachtronics의 신작 퍼즐게임입니다. 연금술사들의 최첨단 도구인 변성 기관을 이용해 물약과 독을 만들어내는 기계들을 설계하고 만들어 내세요!",Disoriented,인디,A first-person puzzle game. Simply walk to the door.,,,
B0279,A01,It Takes Two / Overcooked! 2 / What Remains of Edith Finch,"액션, 어드벤처 / 액션, 캐주얼, 인디 / 어드벤처, 인디","[It Takes Two] It Takes Two에서 생애 가장 정신없는 여정을 시작하세요. 친구가 무료로 참가할 수 있게 친구 패스*로 초대하고, 함께 힘을 합쳐서 수많은 유쾌하고 획기적인 게임 플레이 챌린지를 헤쳐나가세요. ‖ [Overcooked! 2] 혼란스러운 요리 액션으로 가득한 Overcooked가 돌아왔습니다! 양파 왕국으로 돌아가는 여행을 떠나세요. 클래식 협동 또는 온라인 플레이에서 셰프 팀을 만들어서 최대 4명까지 플레이하세요. 앞치마를 준비하세요... 다시 세상을 구할 때가 되었습니다! ‖ [What Remains of Edith Finch] What Remains of Edith Finch(워트 리메인스 오브 에디스 핀치)는 워싱턴 주에 있는 어느 가족에 대한 이상한 이야기의 모음입니다. 플레이어는 에디스가 되어 거대한 핀치 가택을 탐사하고, 가족사를 연구하며 이야기를 찾고, 왜 가족 중에서 그녀만 살아남았는지 알아내야 합니다. 각 이야기는 새로운 가족 구성",The First Tree,"어드벤처, 인디",두 가지 서로 다른 이야기를 중심으로 하는 3인칭 탐험 게임입니다. 주인공인 여우가 잃어버린 가족을 찾는 동안 누군가의 아들은 알래스카의 아버지를 찾아 나섭니다. 아들의 삶에서 유물을 발견함으로써 퍼스트 트리를 향한 여우의 여정 이야기가 서로 맞물리게 됩니다.,,,
B0280,A09,Roots of Yggdrasil / Ancient Gods / Flick Shot Rogues,"인디, 전략 / RPG, 전략 / 인디, 전략","[Roots of Yggdrasil] Build settlements, explore the Nine Realms, collect artifacts and upgrade your deck to reach the top of Yggdrasil in this post-Ragnarok roguelike city-builder! Can you survive the  ‖ [Ancient Gods] Ancient Gods is a fusion of hero collector and deck-building rogue-lite where you collect your character, fight, and experience exciting events. Any character can use all the cards ‖ [Flick Shot Rogues] 계획하고, 조준하고, 쏘세요! FLICK SHOT ROGUES는 테이블 위에서 물건을 튕기는 촉각적 만족감과 사람들이 좋아하는 턴제 로그라이크의 전략적 깊이를 결합한 게임입니다. 말도 안되는 콤보를 연결하고, 캐릭터, 아이템, 스킬을 잠금 해제하면서, 섬을 정복하세요!",Trash of the Titans,"인디, RPG, 전략, 앞서 해보기","It's turn-based fantasy tactics with trash animals. Defend your trash from invading rats, and eat your trash to upgrade your team. Think your way out of ruin by using the shape of each level to your advantage. Be creative, and try to not die.",,,
B0281,A33,Garry's Mod / Team Fortress 2 / Left 4 Dead 2,"캐주얼, 인디, 시뮬레이션 / 액션, 무료 플레이 / 액션","[Garry's Mod] Garry's Mod is a physics sandbox. There aren't any predefined aims or goals. We give you the tools and leave you to play. ‖ [Team Fortress 2] 다양한 전술적 능력과 뚜렷한 개성을 갖춘 9가지 병과의 캐릭터를 플레이하세요. 끊임없이 업데이트되는 새로운 게임 모드, 맵, 장비 그리고 가장 중요한 모자까지 지금 바로 즐겨보세요! ‖ [Left 4 Dead 2] Set in the zombie apocalypse, Left 4 Dead 2 is a co-operative action horror FPS takes you and your friends through the cities, swamps and cemeteries of the Deep South, from Savanna",Kane & Lynch 2: Dog Days,액션,"Pure adrenaline of non-stop action in Single Player, Online Co-op and Multiplayer. Double the pleasure and mayhem with new multiplayer DLCs! (click for details)",,,
B0282,A26,RimWorld / Oxygen Not Included / Unpacking 언패킹,"인디, 시뮬레이션, 전략 / 인디, 시뮬레이션 / 캐주얼, 인디, 시뮬레이션","[RimWorld] 지능형 AI 이야기꾼이 주도하는 공상과학 정착지 시뮬레이터입니다. 심리, 생태, 총격전과 근접전, 날씨, 기후, 외교, 사람 사이의 관계, 예술, 의학, 무역, 그 외 많은 것들을 시뮬레이션하여 이야기를 생성합니다. ‖ [Oxygen Not Included] Oxygen Not Included는 우주 콜로니 시뮬레이션 게임입니다. 외계의 우주 암석 깊은 곳에서 근면한 일꾼들은 생존하고 나아가 번영하기 위해 과학을 마스터하고, 낯선 새로운 생명체에 맞서며, 경이로운 우주 테크놀로지를 활용해야 합니다. ‖ [Unpacking 언패킹] Unpacking은 상자에서 짐을 꺼내 새집에 맞게 배치하는 친숙한 체험에 대한 명상적 퍼즐 게임입니다. 게임의 일부인 블록 맞추기 게임과 집 꾸미기를 하는 동안, 푸는 짐에 닮긴 삶의 실마리를 찾아가며 만족할 만한 생활 공간을 만들어 보세요.",The Witness,"어드벤처, 인디",당신은 크나큰 도전과 놀라움의 퍼즐로 가득 찬 낯선 섬에서 외로이 깨어납니다.,,,
B0283,A04,Hollow Knight / Dead Cells / Celeste,"액션, 어드벤처, 인디 / 액션, 어드벤처, 인디 / 액션, 어드벤처, 인디","[Hollow Knight] 할로우 나이트에서 자신만의 길을 구축하세요! 크게 파괴된 곤충과 영웅의 왕국을 통한 서사 액션 어드벤처입니다. 손으로 그린 클래식 2D 스타일로 구불구불한 동굴을 탐험하고 오염된 생물과 싸우고 이상한 곤충들과 친구가 되어 보세요. ‖ [Dead Cells] 데드 셀(Dead Cells)는 메트로배니아에서 영감을 받은 로그라이트 액션 플랫포머 게임입니다. 2D 소울 라이트 전투에서 성을 지키는 수호자들을 물리치고 끊임없이 변화하는 거대한 성을 탐험하게 됩니다. 세이브 포인트는 없습니다. 죽이고, 죽고, 배우고, 반복하세요. ‖ [Celeste] 타워폴(TowerFall) 시리즈의 개발자들이 만든 이 초밀착형 플랫폼 게임을 플레이하고, 매들린이 셀레스트 산 정상으로 향하는 여정에서 내면의 악마에게서 살아남을 수 있게 도와주세요. 한땀 한땀 손수 제작한 수백 가지의 도전 과제에 맞서고, 사악한 비밀을 밝혀내고, 산에 숨겨진 수수께끼를 풀어보세요.",Stealth Bastard Deluxe,"액션, 인디","Armed with only your wits and a pair of Stealthing Goggles, it’s your job to sneak your way through a deadly facility that’s determined to extinguish your fragile little life.",,,
B0284,A10,A Short Hike / ISLANDERS / Gorogoa,"어드벤처, 인디 / 캐주얼, 인디, 전략 / 어드벤처, 캐주얼, 인디","[A Short Hike] Hike, climb, and soar through the peaceful mountainside landscapes of Hawk Peak Provincial Park as you make your way to the summit. ‖ [ISLANDERS] ISLANDERS is a minimalist strategy game about building cities on colorful islands. ‖ [Gorogoa] Gorogoa(고로고아)는 Jason Roberts가 디자인하고 일러스트레이션을 손으로 그린 아름다운 차세대 퍼즐 게임입니다.",Ikonei Island: An Earthlock Adventure,"액션, 어드벤처, 인디, RPG, 시뮬레이션","Ikonei Island is yours to discover! Explore and gather resources. Farm the land, craft tools and gear, and build your base or a cozy home. Befriend magical creatures and fight monsters with your friends or solo!",,,
B0285,A02,Still Life / Jenny LeClue - Detectivu / Telling Lies,"어드벤처 / 액션, 어드벤처, 캐주얼, 인디 / 어드벤처, 인디, 시뮬레이션",[Still Life] Still Life 2 also now available! ‖ [Jenny LeClue - Detectivu] Jenny LeClue - Detectivu는 조사와 선택지로 가득한 스릴 넘치는 미스터리 어드벤처 게임입니다. ‖ [Telling Lies] 네 명의 삶. 그리고 하나의 큰 거짓말. 아무도 모르게 녹화된 은밀한 대화를 들으며 진실을 알아내십시오. 큰 호평을 받았던 Her Story의 계승작입니다.,Demons' Timeline,"어드벤처, 인디","Cyber Detective L solves Paradoxes—bizarre incidents by supernatural Demons—via the social media giant Parrotter. The Cyber Detective Squad, L and his Demon partner Nyasuteria, wield elite hacking and psychic powers to take on the final Paradox investigation.",,,
B0286,A28,Dordogne / A YEAR OF SPRINGS / Botany Manor,"어드벤처, 인디 / 캐주얼, 인디, 시뮬레이션 / 어드벤처","[Dordogne] 이 유년 시절의 여정에서 특별한 내러티브에 몰입하며 도르도뉴의 수천 가지 여름의 색을 탐험하고, 추억을 떠올리며 가족의 비밀을 밝히세요. ‖ [A YEAR OF SPRINGS] 세 명의 여성, 세 개의 이야기, 세 개의 봄. 세 명의 친구들이 사랑, 공감, 그리고 단지 함께하고 싶어하는 감정에 대한 방향을 찾아나가는 3 부작 비주얼 노벨 A YEAR OF SPRINGS 에서 하루, 에리카, 마나미의 이야기를 체험하세요. ‖ [Botany Manor] Welcome to Botany Manor, a stately home in 19th century England. You play as inhabitant Arabella Greene, a retired botanist. Explore your house and gardens, filled with research, t",Until Then,"어드벤처, 캐주얼, 인디","운명적인 만남이 연쇄 작용을 일으키면서 마크의 삶이 송두리째 바뀌어 버립니다. 사람들은 사라지고, 기억은 믿을 수 없는 상황. 마크와 그의 친구들과 함께 숨겨진 진실을 파헤치는 내러티브 어드벤처 게임에서 늦기 전에 모든 수수께끼를 밝히는 데 도전해 보세요.",,,
B0287,A13,Death's Door / Children of Morta / Roboquest / Spelunky 2 / Nuclear Throne / Streets of Rogue / Neon Abyss / Curse of the Dead Gods / Rogue Legacy 2 / Have a Nice Death,"액션, 어드벤처, 인디, RPG / 액션, 어드벤처, 인디, RPG / 액션, 인디 / 액션, 인디 / 액션, 인디, RPG / 액션, 어드벤처, 인디, RPG / 액션, 어드벤처, 인디, RPG / 액션, 어드벤처 / 액션, 어드벤처, 인디, RPG / 액션, 인디","[Death's Door] 죽은 자의 영혼을 수확하고 시간을 끝내는 것은 단조로울 수 있지만 까마귀에겐 평범한 일입니다. 하지만 주어진 영혼을 도둑맞게 되면 변화가 일어납니다. 영혼을 도난하고 죽음의 손길이 닿지 않는 영역으로 도망친 절망적인 도둑을 추적하십시오. ‖ [Children of Morta] Children of Morta는 비범한 가족 영웅에 대한 스토리 중심의 액션 RPG 게임입니다. 다가오는 부패에 맞서 모든 결함과 미덕을 갖춘 베르그송 가를 이끄세요. 여러분은 여러분이 아끼는 사람들을 구하기 위해 모든 것을 희생할 수 있으신가요? ‖ [Roboquest] 로보퀘스트는 멸망한 미래 세계의 빠른 FPS 로그라이트입니다. 당신은 재부팅된 수호자로, 강철 궁둥짝을 걷어 찰 준비를 하세요! 혼자서 혹은 친구와 함께 맞서거나 끊임없이 변화하는 환경에서 치명적인 로봇 군단을 섬멸하세요. ‖ [Spelunky 2] Spelunky 2 builds upon the unique, randomized challenges that made the original a roguelike classic, offering a huge adventure designed to satisfy players old and new. Meet the nex ‖ [Nuclear Throne] Nuclear Throne은 포스트 아포칼립스 세계관의 로그라이크 스타일 탑다운 슈터입니다. 여기서 말하는 포스트 아포칼립스는 '인류의 마지막 희망'이 남아 있는 세계가 아니라, '인류는 멸종했고 이제 돌연변이와 괴물들이 세상을 돌아다니는' 그런 세계입니다. 과연 당신은 뉴클리어 쓰론에 도달할 수 있을까요? ‖ [Streets of Rogue] 싸워서 몰래 들어가 임의 생성된 도시를 공격하세요. Nuclear Throne은 무법천지 GTA와 Deus Ex가 혼합된 형태입니다. Rogue-lite가 몰입도 높은 캐릭터를 만나 너무 재미있습니다. ‖ [Neon Abyss] Neon Abyss는 고속의 로그라이크 액션 플랫포머로, 하데스가 만든 '그림 스쿼드'의 일원이 되어 어비스로 총을 들고 뛰어드는 런 앤 건 게임입니다. 무한한 아이템 시너지와 던전 진화 시스템으로, 매번 게임을 할 때마다 다른 경험과 새로운 도전이 등장합니다. 진짜 지옥을 보여주세요! ‖ [Curse of the Dead Gods] 엄청난 부, 영원한 생명, 신성한 힘을 탐하는 마음이 당신을 끝없는 지옥 속의 미로, 치명적인 함정 및 몬스터가 우글거리는 이 저주받은 사원으로 이끌었습니다. ‖ [Rogue Legacy 2] 로그 레거시 2는 로그 레거시에 후속편을 끼얹은 작품입니다. 당신이 죽을 때마다 자식이 가업을 이어받습니다. 딸은 색맹 궁수이고 아들은 평화주의자 요리사일 수도 있죠. 어쨌거나 둘 중 한 명은 전장으로 나가야 합니다. ‖ [Have a Nice Death] Have a Nice Death는 과로에 고생하는 데스가 되어 플레이하는 2D 액션 로그라이크로, 통제 불능인 직원들 때문에 영혼의 균형과 데스의 휴가 계획이 틀어지고 말았습니다. 질서를 회복하려면 대낫을 들고 직원들과 서열 정리를 해야 합니다.",Make It Count,"액션, 인디","Make It Count는 로그라이트 요소가 가미된 1-3인 협동 포스트 아포칼립스 탑다운 슈팅 게임입니다. 무작위 경로를 따라 임무를 수행하고, 장신구를 찾아 이 세상을 뒤덮고 있는 오물들을 처치하세요!",,,
B0288,A06,Cities: Skylines / Factorio / Farming Simulator 22,"시뮬레이션, 전략 / 캐주얼, 인디, 시뮬레이션, 전략 / 시뮬레이션","[Cities: Skylines] Cities: Skylines is a modern take on the classic city simulation. The game introduces new game play elements to realize the thrill and hardships of creating and maintaining a real  ‖ [Factorio] Factorio는 무한한 2D 세상에서 복잡성이 증가하는 아이템을 생산하기 위해 자동화 공장을 만드는 게임입니다. - 당신의 상상력으로 공장을 설계, 독창적인 방법으로 간단한 요소를 결합하고 마지막엔 당신을 좋아하지 않는 생물들로 부터 공장을 지키세요. ‖ [Farming Simulator 22] 농장을 만들고 농사를 즐기세요! 작물을 수확하고, 동물을 돌보고, 생산을 관리하고, 계절에 따른 어려움을 이겨내세요.",MicroTown,"인디, 전략, 앞서 해보기",Build and manage your own settlement! A relaxing village construction and management simulator.,,,
B0289,A21,DARK SOULS™ III / The Witcher 3: Wild Hunt / The Elder Scrolls V: Skyrim Special Edition,액션 / RPG / RPG,"[DARK SOULS™ III] 장르를 새로 개척했다는 평가를 들으며 많은 좋은 평가들을 얻고 있는 다크 소울 시리즈는 계속해서 한계를 넘어서, 더욱 야심찬 단계에 도전하고자 하고 있습니다. 준비를 하고 어둠을 밝히십시오! ‖ [The Witcher 3: Wild Hunt] 리비아의 게롤트가 되어 의뢰를 받고 괴물을 사냥하세요. 전쟁의 상처가 가득하고 괴물이 들끓는 대륙을 마음껏 탐험해 보세요. 지금 가장 중요한 일은 대륙의 판도를 뒤바꿀 수도 있는 살아 있는 무기이자 예언의 아이, 시리를 추적하는 것입니다. ‖ [The Elder Scrolls V: Skyrim Special Edition] 200회 이상 올해의 게임에 선정된 The Elder Scrolls V: Skyrim Special Edition이 놀라운 디테일로 판타지에 생명을 불어넣었습니다. Special Edition에는 비평가들의 극찬을 받은 게임 및 새로운 기능이 포함된 애드온이 들어 있습니다.",코드 베인 II,"액션, RPG",버디와 함께 세계를 탐험하면서 강력한 흡혈귀와 사투를 벌이고 시간을 초월하는 장대한 이야기를 펼치는 「드라마틱 탐색 액션 RPG」,,,
B0290,A12,Baldur's Gate 3 / Mount & Blade II: Bannerlord / Kenshi,"어드벤처, RPG, 전략 / 액션, 인디, RPG, 시뮬레이션, 전략 / 액션, 인디, RPG, 시뮬레이션, 전략","[Baldur's Gate 3] Baldur’s Gate 3 is a story-rich, party-based RPG set in the universe of Dungeons & Dragons, where your choices shape a tale of fellowship and betrayal, survival and sacrifice, and  ‖ [Mount & Blade II: Bannerlord] 본 게임은 전략/액션 RPG입니다. 캐릭터를 생성하고, 외교에 참여하고, 제작, 거래를 하고, 방대한 중세풍의 샌드박스에서 새로운 땅을 정복하십시오. 군대를 일으켜 전쟁에 뛰어들고, 깊이가 있으나 직관적인 실력 기반의 전투 시스템을 채용한 대규모 실시간 전투에서 자신의 부대에 명령을 내리고 함께 싸우십시오. ‖ [Kenshi] 자유롭게 돌아다니는 분대 기반의 RPG. 스토리를 따라가는 대신 제한 없는 샌드박스식 게임플레이에 중점을 두었습니다. 무역상, 도둑, 반란군, 전쟁 군주, 모험가, 농부, 노예 등 다양한 삶을 체험할 수 있습니다. 운이 나쁘면 식인종의 먹잇감으로 전락할지도 모르죠. 새로운 장비를 연구하거나 제작해 보세요.",The Vagabond Emperor,"RPG, 시뮬레이션, 전략, 앞서 해보기","""The Vagabond Emperor"" is a 2D RPG where you start as a simple vagabond and become an emperor. Smite enemies, build a town, create a family, suffer from the curse, do what you want.",,,
B0291,A35,Project Zomboid / Don't Starve / The Forest,"인디, RPG, 시뮬레이션, 앞서 해보기 / 어드벤처, 인디, 시뮬레이션 / 액션, 어드벤처, 인디, 시뮬레이션","[Project Zomboid] Project Zomboid is the ultimate in zombie survival. Alone or in MP: you loot, build, craft, fight, farm and fish in a struggle to survive. A hardcore RPG skillset, a vast map, mass ‖ [Don't Starve] Don’t Starve is an uncompromising wilderness survival game full of science and magic. Enter a strange and unexplored world full of strange creatures, dangers, and surprises. Gather ‖ [The Forest] As the lone survivor of a passenger jet crash, you find yourself in a mysterious forest battling to stay alive against a society of cannibalistic mutants. Build, explore, survive i",크러시드 Crushed,"액션, 인디, 시뮬레이션, 앞서 해보기","Crushed - 오픈 월드의 싱글플레이어 및 멀티플레이어 1인칭 서바이벌 샌드박스입니다! 야생에 도전하고 혹독한 환경에서 살아남을 준비를 하세요. 세계를 탐험하고, 자원을 얻고, 음식을 요리하고, 집을 짓고, 농사를 짓고, 사냥을 하며 자연을 즐기세요.",,,
B0292,A26,RimWorld / Oxygen Not Included / Unpacking 언패킹,"인디, 시뮬레이션, 전략 / 인디, 시뮬레이션 / 캐주얼, 인디, 시뮬레이션","[RimWorld] 지능형 AI 이야기꾼이 주도하는 공상과학 정착지 시뮬레이터입니다. 심리, 생태, 총격전과 근접전, 날씨, 기후, 외교, 사람 사이의 관계, 예술, 의학, 무역, 그 외 많은 것들을 시뮬레이션하여 이야기를 생성합니다. ‖ [Oxygen Not Included] Oxygen Not Included는 우주 콜로니 시뮬레이션 게임입니다. 외계의 우주 암석 깊은 곳에서 근면한 일꾼들은 생존하고 나아가 번영하기 위해 과학을 마스터하고, 낯선 새로운 생명체에 맞서며, 경이로운 우주 테크놀로지를 활용해야 합니다. ‖ [Unpacking 언패킹] Unpacking은 상자에서 짐을 꺼내 새집에 맞게 배치하는 친숙한 체험에 대한 명상적 퍼즐 게임입니다. 게임의 일부인 블록 맞추기 게임과 집 꾸미기를 하는 동안, 푸는 짐에 닮긴 삶의 실마리를 찾아가며 만족할 만한 생활 공간을 만들어 보세요.",Cozy Jozy,"캐주얼, 인디, 시뮬레이션",Learn. Design. Arrange. Relax. One room at a time,,,
B0293,A33,Garry's Mod / Team Fortress 2 / Left 4 Dead 2,"캐주얼, 인디, 시뮬레이션 / 액션, 무료 플레이 / 액션","[Garry's Mod] Garry's Mod is a physics sandbox. There aren't any predefined aims or goals. We give you the tools and leave you to play. ‖ [Team Fortress 2] 다양한 전술적 능력과 뚜렷한 개성을 갖춘 9가지 병과의 캐릭터를 플레이하세요. 끊임없이 업데이트되는 새로운 게임 모드, 맵, 장비 그리고 가장 중요한 모자까지 지금 바로 즐겨보세요! ‖ [Left 4 Dead 2] Set in the zombie apocalypse, Left 4 Dead 2 is a co-operative action horror FPS takes you and your friends through the cities, swamps and cemeteries of the Deep South, from Savanna",Super Battle Golf,"캐주얼, 인디, 스포츠","최대 8명까지 즐길 수 있는 온라인 골프 게임! 홀을 향한 광란의 질주에서 스윙이나 슛, 방해 등 수단과 방법을 가리지 말고 1등을 노리세요!",,,
B0294,A08,Sid Meier’s Civilization® VI / XCOM® 2 / Stellaris,"전략 / 전략 / 시뮬레이션, 전략","[Sid Meier’s Civilization® VI] 문명 VI 에서는 새로운 방식으로 세상과 소통하고, 제국의 영토를 확장시키며, 문화를 발전시키고, 역사속 위대한 지도자들에 맞서 오래도록 지속될 나만의 문명을 건설해볼 수 있습니다. 클레오파트라를 비롯한 20명의 역사 속 지도자들 중 한명으로 플레이 해보세요. ‖ [XCOM® 2] XCOM 2는 수상 경력이 있는 전략 게임 XCOM: Enemy Unknown의 속편입니다. 인류가 외계인 침략군에게 항복한 지 20년, 이제 지구 상에는 새로운 세계 질서가 존재합니다. 수년간을 어둠 속에서 숨어 있었던 XCOM 부대는 반드시 일어나 외계인의 지배를 무너뜨릴 것입니다. ‖ [Stellaris] 항성간 여행을 통해 우주를 탐험하며 수많은 종족들도 만나보세요. 과학선을 보내 우주를 조사하고 탐험하면서 은하 제국을 건설하고, 건축선을 보내 새로 발견한 행성에 기지를 건설하세요. 소속 사회를 위한 탐험에 나서 매장된 보물과 은하계의 경이를 발견하고, 탐험가의 한계치와 진화 범위를 설정하세요. 동맹이 체결되고, 전쟁이 ",Hegemony III: Clash of the Ancients,"인디, 시뮬레이션, 전략","Command armies, manage resources, and build an empire in this real-time strategy wargame from Longbow Games. Will Rome fulfil its destiny to rule the ancient world or will history be rewritten to forge a new Etruscan, Gallic, or Greek hegemony!",,,
B0295,A23,Vomitoreum / Tales of Kenzera™: ZAU / Shantae: Half-Genie Hero,"액션, 어드벤처, 인디 / 액션, 어드벤처, 인디 / 액션, 어드벤처, 인디","[Vomitoreum] Vomitoreum is an FPS Metroidvania with a focus on atmosphere and horror, inspired by the paintings of Zdzisław Beksiński. ‖ [Tales of Kenzera™: ZAU] 샤먼의 춤을 추세요. 아버지의 영혼을 되찾으세요. Surgent Studios가 제작한 메트로이드바니아 스타일의 어드벤처 게임 Tales of Kenzera™: ZAU에서 죽음의 신과 함께 아름답고 위험한 켄제라의 땅으로 용감하게 모험을 떠나세요. ‖ [Shantae: Half-Genie Hero] Shantae embarks on her first full HD adventure! When a mysterious crime wave sweeps Sequin Land, it’s up to Half-Genie Hero Shantae to save the day! Use Shantae’s devastating Hair-",Dust: An Elysian Tail,"액션, 어드벤처, 인디, RPG","Immerse yourself in a gorgeous hand-painted world on a search for your true identity. As the mysterious warrior, Dust, your action-packed journey will take you from peaceful glades to snowy mountaintops and beyond.",,,
B0296,A05,Opus Magnum,"인디, 시뮬레이션","[Opus Magnum] Opus Magnum은 SpaceChem, Infinifactory, SHENZHEN I/O를 제작한 Zachtronics의 신작 퍼즐게임입니다. 연금술사들의 최첨단 도구인 변성 기관을 이용해 물약과 독을 만들어내는 기계들을 설계하고 만들어 내세요!",Forage Wizard,"캐주얼, 인디, 시뮬레이션, 전략","Click, craft and collect your way to alchemical mastery. Progress through a branching skill tree and explore the forbidden woods. Collect resources and build machines of magic. Slay monsters, farm crops and automate your production to become the all-powerful Forage Wizard!",,,
B0297,A06,Cities: Skylines / Factorio / Farming Simulator 22,"시뮬레이션, 전략 / 캐주얼, 인디, 시뮬레이션, 전략 / 시뮬레이션","[Cities: Skylines] Cities: Skylines is a modern take on the classic city simulation. The game introduces new game play elements to realize the thrill and hardships of creating and maintaining a real  ‖ [Factorio] Factorio는 무한한 2D 세상에서 복잡성이 증가하는 아이템을 생산하기 위해 자동화 공장을 만드는 게임입니다. - 당신의 상상력으로 공장을 설계, 독창적인 방법으로 간단한 요소를 결합하고 마지막엔 당신을 좋아하지 않는 생물들로 부터 공장을 지키세요. ‖ [Farming Simulator 22] 농장을 만들고 농사를 즐기세요! 작물을 수확하고, 동물을 돌보고, 생산을 관리하고, 계절에 따른 어려움을 이겨내세요.",Global Farmer,"시뮬레이션, 전략",Farm the world in an immersive top-down management game that lets you choose your farm's location anywhere on the real-world map! Want to experience a rich strawberry harvest in the French countryside? Or challenge the hot sun in South America? The choice is yours!,,,
B0298,A34,Pid / ChromaGun / Deer & Boy,"어드벤처, 인디 / 액션, 어드벤처, 인디 / 액션, 어드벤처, 인디","[Pid] You are stranded on a strange and peculiar planet. It’s time to embark on your journey and find your way home! Explore a gravity defying and challenging platformer with striking vi ‖ [ChromaGun] Welcome to ChromaTec’s test lab! You’re here to test our state-of-the-art military-grade color-technology: The ChromaGun (patent pending)! Use it to solve our meticulously designed ‖ [Deer & Boy] 도망친 소년은 길 잃은 어린 사슴을 만나 고요하면서도 위태로운 세상을 함께 헤쳐 나갑니다. 퍼즐을 풀고, 높은 곳에 오르고, 위협을 피해 나아가며 당신의 동료는 연약한 아기 사슴에서 어엿한 사슴으로 성장하죠. 혼자서는 할 수 없었던 일을 함께 해내는 법을 배우게 됩니다.",Haven Park,"어드벤처, 인디, RPG","Be Flint, who is doing his best to keep his grandma's park up and running and make it a place for the campers to enjoy. Learn the camper's wishes and build whatever their hearts desire to attract even more quirky characters and look forward to whimsical conversations and quests.",,,
B0299,A04,Hollow Knight / Dead Cells / Celeste,"액션, 어드벤처, 인디 / 액션, 어드벤처, 인디 / 액션, 어드벤처, 인디","[Hollow Knight] 할로우 나이트에서 자신만의 길을 구축하세요! 크게 파괴된 곤충과 영웅의 왕국을 통한 서사 액션 어드벤처입니다. 손으로 그린 클래식 2D 스타일로 구불구불한 동굴을 탐험하고 오염된 생물과 싸우고 이상한 곤충들과 친구가 되어 보세요. ‖ [Dead Cells] 데드 셀(Dead Cells)는 메트로배니아에서 영감을 받은 로그라이트 액션 플랫포머 게임입니다. 2D 소울 라이트 전투에서 성을 지키는 수호자들을 물리치고 끊임없이 변화하는 거대한 성을 탐험하게 됩니다. 세이브 포인트는 없습니다. 죽이고, 죽고, 배우고, 반복하세요. ‖ [Celeste] 타워폴(TowerFall) 시리즈의 개발자들이 만든 이 초밀착형 플랫폼 게임을 플레이하고, 매들린이 셀레스트 산 정상으로 향하는 여정에서 내면의 악마에게서 살아남을 수 있게 도와주세요. 한땀 한땀 손수 제작한 수백 가지의 도전 과제에 맞서고, 사악한 비밀을 밝혀내고, 산에 숨겨진 수수께끼를 풀어보세요.",Super Puzzled Cat,"액션, 어드벤처, 인디","퍼즐에 빠진 고양이를 도와주세요! 제트팩, 포탈, 폭탄, 껌 등 온갖 아이템을 활용해 험난한 플랫포머 스테이지를 공략하세요. 세이브 기능을 이용해 나만의 방식으로 플레이하며 도전과 비밀로 가득한 세계를 탐험할 수 있답니다. 과연 길을 찾아낼 수 있을까요? 시공간을 넘어 깨달음의 경지에 도달해보세요.",,,
B0300,A23,Vomitoreum / Tales of Kenzera™: ZAU / Shantae: Half-Genie Hero,"액션, 어드벤처, 인디 / 액션, 어드벤처, 인디 / 액션, 어드벤처, 인디","[Vomitoreum] Vomitoreum is an FPS Metroidvania with a focus on atmosphere and horror, inspired by the paintings of Zdzisław Beksiński. ‖ [Tales of Kenzera™: ZAU] 샤먼의 춤을 추세요. 아버지의 영혼을 되찾으세요. Surgent Studios가 제작한 메트로이드바니아 스타일의 어드벤처 게임 Tales of Kenzera™: ZAU에서 죽음의 신과 함께 아름답고 위험한 켄제라의 땅으로 용감하게 모험을 떠나세요. ‖ [Shantae: Half-Genie Hero] Shantae embarks on her first full HD adventure! When a mysterious crime wave sweeps Sequin Land, it’s up to Half-Genie Hero Shantae to save the day! Use Shantae’s devastating Hair-",Before I Go,"액션, 어드벤처, 인디",BEFORE I GO의 숨 멎을 듯 몽환적인 세계를 탐험하세요. 이 냉혹한 메트로베니아 게임에서 여러분은 순수한 내면 아이가 되어 죽음의 수용을 둘러싸고 펼쳐지는 우화적인 모험을 떠납니다. 종말은 피할 수 없습니다. 여러분은 여정을 감당해낼 수 있겠습니까?,,,
B0301,A24,Valheim / Grounded / My Time at Portia,"액션, 어드벤처, 인디, RPG, 앞서 해보기 / 액션, 어드벤처 / 어드벤처, 캐주얼, 인디, RPG, 시뮬레이션","[Valheim] 북구 신화와 바이킹 문화에 기반한 판타지 세계를 배경으로 펼쳐지는 생존 및 탐험 게임. ‖ [Grounded] The world is a vast, beautiful and dangerous place – especially when you have been shrunk to the size of an ant. Can you thrive alongside the hordes of giant insects, fighting to s ‖ [My Time at Portia] 아름다운 Portia 마을에서 새 삶을 시작하세요! 아버지가 방치한 작업장에서 제작을 부탁받고, 작물을 키우고, 가축을 기르고, 아름다운 세기말의 땅에서 특이한 친구들을 사귀며 작업장을 예전의 멋진 모습으로 복원하세요.",Don't Starve Together,"액션, 어드벤처, 인디, RPG, 시뮬레이션, 전략",Don't Starve Together는 혹독한 생존 게임인 Don't Starve의 독립형 멀티플레이어 익스팬션입니다.,,,
B0302,A25,DOOMBLADE / Transiruby / Blast Brigade vs. the Evil Legion of Dr. Cread,"액션, 어드벤처, 인디 / 액션 / 액션, 어드벤처, 인디","[DOOMBLADE] Deep underground, Gloom Girl discovers DOOMBLADE, a sentient weapon hellbent on escape after eons in chains. Together, “Doom and Gloom” embark on a vengeful quest to unlock the pow ‖ [Transiruby] 차원 대륙의 의문을 풀어라! 는 사이보그 소녀 실비가 검과 엘리먼트 샷으로 적을 쓰러뜨리며 앞으로 나아가는 탐색형 액션 게임입니다! ‖ [Blast Brigade vs. the Evil Legion of Dr. Cread] 스릴 넘치는 플랫포밍과 깊이 있는 탐험 세계, 폭발적인 액션으로 가득한 2D 메트로이드배니아 어드벤처 게임을 즐겨보세요! Blast Brigade에서 영웅들로 팀을 구성해 세계를 구하세요!",A Dream of Burning Sand,"액션, 어드벤처, 인디","Two girls travelling through the desert, fighting monsters and solving puzzles. An action-adventure exploration-based platformer game with lots of sidequests and more secrets than you will ever find.",,,
B0303,A24,Valheim / Grounded / My Time at Portia,"액션, 어드벤처, 인디, RPG, 앞서 해보기 / 액션, 어드벤처 / 어드벤처, 캐주얼, 인디, RPG, 시뮬레이션","[Valheim] 북구 신화와 바이킹 문화에 기반한 판타지 세계를 배경으로 펼쳐지는 생존 및 탐험 게임. ‖ [Grounded] The world is a vast, beautiful and dangerous place – especially when you have been shrunk to the size of an ant. Can you thrive alongside the hordes of giant insects, fighting to s ‖ [My Time at Portia] 아름다운 Portia 마을에서 새 삶을 시작하세요! 아버지가 방치한 작업장에서 제작을 부탁받고, 작물을 키우고, 가축을 기르고, 아름다운 세기말의 땅에서 특이한 친구들을 사귀며 작업장을 예전의 멋진 모습으로 복원하세요.",Castaway Paradise - live among the animals,"어드벤처, 캐주얼, 인디, RPG, 시뮬레이션","It's the ultimate Sandbox sim! Farm, catch bugs, talk to villagers, build your own tropical dream island! If you like Animal Crossing, Among Us, or Harvest Moon, you will love this game!",,,
B0304,A07,Into the Breach / Monster Train / Mini Metro,"인디, RPG, 시뮬레이션, 전략 / 전략 / 인디, 시뮬레이션, 전략","[Into the Breach] 미래의 강력한 메크를 조종하여 외계 세력을 물리치세요. 이 턴제 전략 게임에서는 세계를 구하려 시도할 때마다 무작위로 새롭게 생성되는 도전이 여러분 앞에 나타납니다. ‖ [Monster Train] Monster Train is a strategic roguelike deck building game with a twist. Set on a train to hell, you’ll use tactical decision making to defend multiple vertical battlegrounds. With  ‖ [Mini Metro] 미니 메트로는 성장하는 도시를 위해 지하철 노선을 설계하는 게임입니다. 역과 역 사이에 노선을 그려서 열차 운행을 시작하세요. 새로운 역이 열리면 노선을 수정해서 노선도를 효율적으로 유지하세요. 한정된 자원을 어느 곳에 사용할 것인지 결정하세요. 도시를 얼마나 오래 유지할 수 있을까요?",代号肉鸽：流放之地（WhatRogue：Exile Land）,"어드벤처, 인디, 전략","""WhatRogue：Exile Land"" blends roguelike, card construction, and tactical turn-based gameplay. The tactical element requires spatial strategies, enhancing strategic depth. Choose different heroes and companions to defeat various monsters and bosses.",,,
B0305,A27,The Raven Remastered / The Frostrune / Mad Experiments: Escape Room,"어드벤처 / 어드벤처 / 어드벤처, 캐주얼, 인디, 시뮬레이션, 전략","[The Raven Remastered] London, 1964. An ancient ruby is stolen from the British Museum. At the crime scene: a raven feather. Is somebody trying to follow in the footsteps of The Raven, the legendary mast ‖ [The Frostrune] Unravel a mystery inspired by Viking myth and legend in The Frostrune, a classic point-and-click adventure based on historically accurate Norse culture and environments. ‖ [Mad Experiments: Escape Room] 수상 후보에 오른 이스케이프 게임 1인 또는 최대 5인까지 플레이하며 3개의 독특한 방을 탐험하고, 두뇌를 자극하는 퍼즐을 풀며 체셔 교수와 그의 실험에 얽힌 어두운 비밀을 밝혀보세요.",Maggie's Apartment,어드벤처,"Locked in her one-room apartment, Maggie Mallowne must uncover the mysterious celebrity conspiracies of the outside world by talking to her neighbors through her apartment walls",,,
B0306,A17,Lethal Company / Phasmophobia / Deep Rock Galactic,"액션, 어드벤처, 인디, 앞서 해보기 / 액션, 인디, 앞서 해보기 / 액션","[Lethal Company] A co-op horror about scavenging at abandoned moons to sell scrap to the Company. ‖ [Phasmophobia] Phasmophobia is a 4 player online co-op psychological horror. Paranormal activity is on the rise and it’s up to you and your team to use all the ghost-hunting equipment at your dis ‖ [Deep Rock Galactic] 딥 락 갤럭틱은 1-4인의 플레이어가 협동하는 FPS 게임으로, 상남자 우주 드워프, 100% 파괴 가능한 맵 환경, 절차적 생성 동굴 지형, 그리고 끊임없이 등장하는 외계 괴물 무리가 특징입니다.",Deep Dark Space,"액션, 인디","Deep Dark Space is a Phasmophobia-like 4-player online co-op horror experience set in space. Explore abandoned stations, gather clues, and uncover the monster lurking in the dark. Trust no one — paranoia runs high as hidden betrayals threaten your survival.",,,
B0307,A04,Hollow Knight / Dead Cells / Celeste,"액션, 어드벤처, 인디 / 액션, 어드벤처, 인디 / 액션, 어드벤처, 인디","[Hollow Knight] 할로우 나이트에서 자신만의 길을 구축하세요! 크게 파괴된 곤충과 영웅의 왕국을 통한 서사 액션 어드벤처입니다. 손으로 그린 클래식 2D 스타일로 구불구불한 동굴을 탐험하고 오염된 생물과 싸우고 이상한 곤충들과 친구가 되어 보세요. ‖ [Dead Cells] 데드 셀(Dead Cells)는 메트로배니아에서 영감을 받은 로그라이트 액션 플랫포머 게임입니다. 2D 소울 라이트 전투에서 성을 지키는 수호자들을 물리치고 끊임없이 변화하는 거대한 성을 탐험하게 됩니다. 세이브 포인트는 없습니다. 죽이고, 죽고, 배우고, 반복하세요. ‖ [Celeste] 타워폴(TowerFall) 시리즈의 개발자들이 만든 이 초밀착형 플랫폼 게임을 플레이하고, 매들린이 셀레스트 산 정상으로 향하는 여정에서 내면의 악마에게서 살아남을 수 있게 도와주세요. 한땀 한땀 손수 제작한 수백 가지의 도전 과제에 맞서고, 사악한 비밀을 밝혀내고, 산에 숨겨진 수수께끼를 풀어보세요.",Alwa's Awakening,"어드벤처, 인디","마법 지팡이를 사용해 서로이어진 거대한 세상을 탐험하며 퍼즐을 풀고, 적들과 싸우고 보스를 물리쳐 알와의 땅을 자유롭게 해 주세요. 당신의 점프 스킬을 사용해 도전적이고 멋진 8비트 어드벤처에서 비밀을 밝혀 보세요.",,,
B0308,A14,Iron Brigade / Ancient Planet Tower Defense / Creeper World IXE,"액션, 전략 / 캐주얼, 인디, 전략 / 액션, 캐주얼, 인디, 시뮬레이션, 전략","[Iron Brigade] Join The Mobile Trench Brigade and protect humanity from the evil Monovision menace! ‖ [Ancient Planet Tower Defense] 고대 행성 타워 디펜스는 정통 타워 디펜스 게임입니다. 고대 문명의 요새가 외계 침략자들로부터 침략당했습니다. 고대의 강력한 기술을 사용하여 적군의 공격을 물리치십시오! ‖ [Creeper World IXE] The unstoppable alien force known as The Creeper has returned, devouring thousands of worlds in its path, and yours is next. Battle against the Creeper fluid in a groundbreaking pi",Particula,"캐주얼, 인디, 전략","Destroy negativity, clear your mind! Particula brings you a new perspective in gaming, helping you to concentrate and relax. A three players co-op tower defense experience with a relaxing soundtrack, smooth visuals and gameplay.",,,
B0309,A03,Balatro / Hades / Vampire Survivors,"캐주얼, 인디, 전략 / 액션, 인디, RPG / 액션, 캐주얼, 인디, RPG","[Balatro] 포커 로그라이크 게임. Balatro는 불법 포커 패로 게임을 하고, 판을 뒤엎는 조커를 발견하고, 아드레날린이 치솟는 강력한 콤보를 만드는 덱 빌딩 게임입니다. ‖ [Hades] Bastion, Transistor, Pyre의 제작사에서 선보이는 이 로그라이크 던전 탐색형 게임에서 핵 앤 슬래시로 지하 세계를 탈출하고 죽음의 신에게 도전하세요. ‖ [Vampire Survivors] 수많은 어둠의 피조물을 쓰러뜨리며 새벽이 올 때까지 생존하세요! Vampire Survivors는 로그라이트 요소를 갖춘 고딕 호러 케주얼 게임입니다. 당신의 선택으로 순식간에 수백 마리의 괴물이 눈덩이처럼 불어날 수 있죠.",Jupiter Hell,"인디, RPG, 전략","진정한 로그라이크. 턴제 슈터. 영구적 죽음. 황금 VHS 시대의 공상 과학 고전들에 대한 경의. DRL의 후계자. 당신과 총, 그리고 무수히 많은 공포와 기괴한 것들 사이의 싸움. 헤비 메탈의 리듬에 맞춰 지옥을 선사하세요.",,,
B0310,A05,Opus Magnum,"인디, 시뮬레이션","[Opus Magnum] Opus Magnum은 SpaceChem, Infinifactory, SHENZHEN I/O를 제작한 Zachtronics의 신작 퍼즐게임입니다. 연금술사들의 최첨단 도구인 변성 기관을 이용해 물약과 독을 만들어내는 기계들을 설계하고 만들어 내세요!",14가지 변형 지뢰찾기 2,캐주얼,지뢰찾기입니다. (그런데 규칙이 바뀐) (게다가 속편인),,,
B0311,A20,Counter-Strike 2 / PUBG: BATTLEGROUNDS / 톰 클랜시의 레인보우식스 시즈,"액션, 무료 플레이 / 액션, 어드벤처, 대규모 멀티플레이어, 무료 플레이 / 액션, 무료 플레이","[Counter-Strike 2] Counter-Strike는 20년이 넘는 시간 동안 전 세계 수백만 명의 플레이어가 모여 수준 높은 경쟁을 펼칠 수 있는 플랫폼을 제공해 왔습니다. 그리고 이제 곧 Counter-Strike 2와 함께 새로운 CS 시대의 막이 열립니다. ‖ [PUBG: BATTLEGROUNDS] 배틀로얄 유행의 시작이자, 그 정수를 보여준 PUBG: 배틀그라운드를 지금 무료로 플레이하세요! 다양한 맵에 낙하하여 무기와 보급품을 확보하고, 점점 줄어드는 블루존 속에서 끝까지 살아남아 승리를 쟁취하세요. ‖ [톰 클랜시의 레인보우식스 시즈] 톰 클랜시의 레인보우식스 시즈는 탁월한 계획과 기술이 승부를 좌우하는 전술적인 정예 팀 기반 슈팅 게임입니다.",Operation : Strike & Secure,"액션, 인디, 전략, 무료 플레이","Operation: Strike & Secure is a tactical and realistic FPS where every shot matters, designed for intense solo or team-based online combat.",,,
B0312,A29,Salt and Sanctuary,"액션, 인디, RPG","[Salt and Sanctuary] 두렵고도 잔혹한 섬의 탐험을 시작합니다… Salt and Sanctuary는 신속하고, 잔인하며, 복잡한 전투 시스템을 지닌 2D RPG입니다. 저주받은 도시의 잊힌 영역이나, 피에 물든 던전이나, 오염된 기념비와 같은 장소를 돌아다니며, 한때 축복을 받았지만 지금은 타락하고 만 영주들을 조우하세요.",Curse of the Dead Gods,"액션, 어드벤처","엄청난 부, 영원한 생명, 신성한 힘을 탐하는 마음이 당신을 끝없는 지옥 속의 미로, 치명적인 함정 및 몬스터가 우글거리는 이 저주받은 사원으로 이끌었습니다.",,,
B0313,A25,DOOMBLADE / Transiruby / Blast Brigade vs. the Evil Legion of Dr. Cread,"액션, 어드벤처, 인디 / 액션 / 액션, 어드벤처, 인디","[DOOMBLADE] Deep underground, Gloom Girl discovers DOOMBLADE, a sentient weapon hellbent on escape after eons in chains. Together, “Doom and Gloom” embark on a vengeful quest to unlock the pow ‖ [Transiruby] 차원 대륙의 의문을 풀어라! 는 사이보그 소녀 실비가 검과 엘리먼트 샷으로 적을 쓰러뜨리며 앞으로 나아가는 탐색형 액션 게임입니다! ‖ [Blast Brigade vs. the Evil Legion of Dr. Cread] 스릴 넘치는 플랫포밍과 깊이 있는 탐험 세계, 폭발적인 액션으로 가득한 2D 메트로이드배니아 어드벤처 게임을 즐겨보세요! Blast Brigade에서 영웅들로 팀을 구성해 세계를 구하세요!",Kalinur,"액션, 인디",Defeat the mage Kalinur and bring peace back to the kingdom in this mini metroidvania with a lot of action.,,,
B0314,A03,Balatro / Hades / Vampire Survivors,"캐주얼, 인디, 전략 / 액션, 인디, RPG / 액션, 캐주얼, 인디, RPG","[Balatro] 포커 로그라이크 게임. Balatro는 불법 포커 패로 게임을 하고, 판을 뒤엎는 조커를 발견하고, 아드레날린이 치솟는 강력한 콤보를 만드는 덱 빌딩 게임입니다. ‖ [Hades] Bastion, Transistor, Pyre의 제작사에서 선보이는 이 로그라이크 던전 탐색형 게임에서 핵 앤 슬래시로 지하 세계를 탈출하고 죽음의 신에게 도전하세요. ‖ [Vampire Survivors] 수많은 어둠의 피조물을 쓰러뜨리며 새벽이 올 때까지 생존하세요! Vampire Survivors는 로그라이트 요소를 갖춘 고딕 호러 케주얼 게임입니다. 당신의 선택으로 순식간에 수백 마리의 괴물이 눈덩이처럼 불어날 수 있죠.",Dome Keeper 돔 키퍼,"액션, 어드벤처, 인디, 시뮬레이션","이 독특한 로그라이크 액션 채광 게임에서 외계 괴물들의 공세를 막아내세요. 자원을 채굴하고, 유용한 장치를 모으고, 장비를 업그레이드해서 생존 확률을 높이세요. 하지만 돔이 파괴되기 전에 서둘러 돌아와야 합니다!",,,
B0315,A22,Deck of Ashes / Dicefolk / Cubic Cosmos,"어드벤처, 인디, RPG, 전략 / 캐주얼, 인디, 전략 / 전략","[Deck of Ashes] 덱 오브 애쉬즈(Deck of Ashes)는 전술 카드 전투를 벌이는 어드벤처 게임입니다. 한 번에 한 캐릭터씩 안티히어로 일행을 이끌어 속죄의 여행을 떠나보세요. 저주받은 판타지 세계를 탐험하며 강력한 카드를 찾아보세요. 독특한 전투 덱을 형성하여 적들을 무찌르세요! 잿빛 저주의 세계를 제거하실 수 있겠습니까? ‖ [Dicefolk] 마법 주사위의 힘을 휘두르고 강력한 키메라 팀을 구축해보세요! 수수께끼의 악을 멈추기 위한 택티컬 덱빌딩 로그라이트 모험이 다가오고 있습니다. 키메라 소환사로서, 신화적인 짐승들을 모집하고 완벽한 팀을 만들고, 다이스포크만의 독특한 주사위 메커니즘을 활용하여 승리로 이끌어주세요. ‖ [Cubic Cosmos] Cubic Cosmos is a thrilling fast-paced roguelike card game. You have been trapped in a deadly game. One wrong move could see you reduced to a plaything of the goddess. Can you free",天外武林 (Traveler of Wuxia),"RPG, 전략",Traveler of Wuxia is a deck-building rogue-lite game that mixes with Wuxia story and card combination. You will play as a young hero exploring to a unknown martial arts world. Use card combos to unleash powerful techniques and team up with companions to overcome the challenges of the martial world.,,,
B0316,A07,Into the Breach / Monster Train / Mini Metro,"인디, RPG, 시뮬레이션, 전략 / 전략 / 인디, 시뮬레이션, 전략","[Into the Breach] 미래의 강력한 메크를 조종하여 외계 세력을 물리치세요. 이 턴제 전략 게임에서는 세계를 구하려 시도할 때마다 무작위로 새롭게 생성되는 도전이 여러분 앞에 나타납니다. ‖ [Monster Train] Monster Train is a strategic roguelike deck building game with a twist. Set on a train to hell, you’ll use tactical decision making to defend multiple vertical battlegrounds. With  ‖ [Mini Metro] 미니 메트로는 성장하는 도시를 위해 지하철 노선을 설계하는 게임입니다. 역과 역 사이에 노선을 그려서 열차 운행을 시작하세요. 새로운 역이 열리면 노선을 수정해서 노선도를 효율적으로 유지하세요. 한정된 자원을 어느 곳에 사용할 것인지 결정하세요. 도시를 얼마나 오래 유지할 수 있을까요?",Desktop Dungeons,"어드벤처, 캐주얼, 인디, RPG, 전략","Each step into the unknown heals you and reveals new obstacles as you guide fresh heros to glorious retirement or ignominious death. Master tactical spells, appease ancient gods and get rich through taxidermy in this award-winning quick-play puzzle-roguelike.",,,
B0317,A07,Into the Breach / Monster Train / Mini Metro,"인디, RPG, 시뮬레이션, 전략 / 전략 / 인디, 시뮬레이션, 전략","[Into the Breach] 미래의 강력한 메크를 조종하여 외계 세력을 물리치세요. 이 턴제 전략 게임에서는 세계를 구하려 시도할 때마다 무작위로 새롭게 생성되는 도전이 여러분 앞에 나타납니다. ‖ [Monster Train] Monster Train is a strategic roguelike deck building game with a twist. Set on a train to hell, you’ll use tactical decision making to defend multiple vertical battlegrounds. With  ‖ [Mini Metro] 미니 메트로는 성장하는 도시를 위해 지하철 노선을 설계하는 게임입니다. 역과 역 사이에 노선을 그려서 열차 운행을 시작하세요. 새로운 역이 열리면 노선을 수정해서 노선도를 효율적으로 유지하세요. 한정된 자원을 어느 곳에 사용할 것인지 결정하세요. 도시를 얼마나 오래 유지할 수 있을까요?",TheoTown,"어드벤처, 캐주얼, 인디, 시뮬레이션, 전략",Build and manage your dream city in this captivating simulation game. Create unique urban landscapes and enjoy compatibility with the mobile versions. Unleash your creativity and shape the metropolis of your dreams.,,,
B0318,A27,The Raven Remastered / The Frostrune / Mad Experiments: Escape Room,"어드벤처 / 어드벤처 / 어드벤처, 캐주얼, 인디, 시뮬레이션, 전략","[The Raven Remastered] London, 1964. An ancient ruby is stolen from the British Museum. At the crime scene: a raven feather. Is somebody trying to follow in the footsteps of The Raven, the legendary mast ‖ [The Frostrune] Unravel a mystery inspired by Viking myth and legend in The Frostrune, a classic point-and-click adventure based on historically accurate Norse culture and environments. ‖ [Mad Experiments: Escape Room] 수상 후보에 오른 이스케이프 게임 1인 또는 최대 5인까지 플레이하며 3개의 독특한 방을 탐험하고, 두뇌를 자극하는 퍼즐을 풀며 체셔 교수와 그의 실험에 얽힌 어두운 비밀을 밝혀보세요.",Ethel,"어드벤처, 인디, 시뮬레이션","Welcome to my first game! Where you'll Immerse yourself in a unbelievable, story-rich mystery, packed with jaw-dropping plot twist, horror, and multiple endings.",,,
B0319,A09,Roots of Yggdrasil / Ancient Gods / Flick Shot Rogues,"인디, 전략 / RPG, 전략 / 인디, 전략","[Roots of Yggdrasil] Build settlements, explore the Nine Realms, collect artifacts and upgrade your deck to reach the top of Yggdrasil in this post-Ragnarok roguelike city-builder! Can you survive the  ‖ [Ancient Gods] Ancient Gods is a fusion of hero collector and deck-building rogue-lite where you collect your character, fight, and experience exciting events. Any character can use all the cards ‖ [Flick Shot Rogues] 계획하고, 조준하고, 쏘세요! FLICK SHOT ROGUES는 테이블 위에서 물건을 튕기는 촉각적 만족감과 사람들이 좋아하는 턴제 로그라이크의 전략적 깊이를 결합한 게임입니다. 말도 안되는 콤보를 연결하고, 캐릭터, 아이템, 스킬을 잠금 해제하면서, 섬을 정복하세요!",Blightstone,"어드벤처, 인디, RPG, 전략, 앞서 해보기","A challenging, turn-based strategy with a roguelike edge. Lead a team of adventurers to destroy the Blightstone and free the world from corruption. Use free movement, dynamic environments and collectable skills to save the crystal, and save the world.",,,
B0320,A07,Into the Breach / Monster Train / Mini Metro,"인디, RPG, 시뮬레이션, 전략 / 전략 / 인디, 시뮬레이션, 전략","[Into the Breach] 미래의 강력한 메크를 조종하여 외계 세력을 물리치세요. 이 턴제 전략 게임에서는 세계를 구하려 시도할 때마다 무작위로 새롭게 생성되는 도전이 여러분 앞에 나타납니다. ‖ [Monster Train] Monster Train is a strategic roguelike deck building game with a twist. Set on a train to hell, you’ll use tactical decision making to defend multiple vertical battlegrounds. With  ‖ [Mini Metro] 미니 메트로는 성장하는 도시를 위해 지하철 노선을 설계하는 게임입니다. 역과 역 사이에 노선을 그려서 열차 운행을 시작하세요. 새로운 역이 열리면 노선을 수정해서 노선도를 효율적으로 유지하세요. 한정된 자원을 어느 곳에 사용할 것인지 결정하세요. 도시를 얼마나 오래 유지할 수 있을까요?",A Game About Feeding A Black Hole,"캐주얼, 인디","소행성, 행성, 별을 파괴하여 블랙홀에 물질을 공급하는 짧은 방치형 게임.",,,
B0321,A08,Sid Meier’s Civilization® VI / XCOM® 2 / Stellaris,"전략 / 전략 / 시뮬레이션, 전략","[Sid Meier’s Civilization® VI] 문명 VI 에서는 새로운 방식으로 세상과 소통하고, 제국의 영토를 확장시키며, 문화를 발전시키고, 역사속 위대한 지도자들에 맞서 오래도록 지속될 나만의 문명을 건설해볼 수 있습니다. 클레오파트라를 비롯한 20명의 역사 속 지도자들 중 한명으로 플레이 해보세요. ‖ [XCOM® 2] XCOM 2는 수상 경력이 있는 전략 게임 XCOM: Enemy Unknown의 속편입니다. 인류가 외계인 침략군에게 항복한 지 20년, 이제 지구 상에는 새로운 세계 질서가 존재합니다. 수년간을 어둠 속에서 숨어 있었던 XCOM 부대는 반드시 일어나 외계인의 지배를 무너뜨릴 것입니다. ‖ [Stellaris] 항성간 여행을 통해 우주를 탐험하며 수많은 종족들도 만나보세요. 과학선을 보내 우주를 조사하고 탐험하면서 은하 제국을 건설하고, 건축선을 보내 새로 발견한 행성에 기지를 건설하세요. 소속 사회를 위한 탐험에 나서 매장된 보물과 은하계의 경이를 발견하고, 탐험가의 한계치와 진화 범위를 설정하세요. 동맹이 체결되고, 전쟁이 ",Stellar Tactics,"어드벤처, 인디, RPG, 전략","A Sci-Fi role-playing game featuring turn-based ground combat, space exploration, deep character customization and a massive living universe with thousands of star systems. Equip your ships with the best equipment you can find, gather a powerful crew of mercenaries and set out into the void!",,,
B0322,A34,Pid / ChromaGun / Deer & Boy,"어드벤처, 인디 / 액션, 어드벤처, 인디 / 액션, 어드벤처, 인디","[Pid] You are stranded on a strange and peculiar planet. It’s time to embark on your journey and find your way home! Explore a gravity defying and challenging platformer with striking vi ‖ [ChromaGun] Welcome to ChromaTec’s test lab! You’re here to test our state-of-the-art military-grade color-technology: The ChromaGun (patent pending)! Use it to solve our meticulously designed ‖ [Deer & Boy] 도망친 소년은 길 잃은 어린 사슴을 만나 고요하면서도 위태로운 세상을 함께 헤쳐 나갑니다. 퍼즐을 풀고, 높은 곳에 오르고, 위협을 피해 나아가며 당신의 동료는 연약한 아기 사슴에서 어엿한 사슴으로 성장하죠. 혼자서는 할 수 없었던 일을 함께 해내는 법을 배우게 됩니다.",Golem,"어드벤처, 인디",어린 소녀와 형태를 바꾸는 골렘이 고탑 폐허에서 길을 찾아가며 퍼즐을 풀고 오랜 기계를 재가동시키는 감동적인 모험,,,
B0323,A05,Opus Magnum,"인디, 시뮬레이션","[Opus Magnum] Opus Magnum은 SpaceChem, Infinifactory, SHENZHEN I/O를 제작한 Zachtronics의 신작 퍼즐게임입니다. 연금술사들의 최첨단 도구인 변성 기관을 이용해 물약과 독을 만들어내는 기계들을 설계하고 만들어 내세요!",RiME,어드벤처,꼭대기에 도달해 단단히 봉인된 비밀을 파헤쳐야 합니다.,,,
B0324,A34,Pid / ChromaGun / Deer & Boy,"어드벤처, 인디 / 액션, 어드벤처, 인디 / 액션, 어드벤처, 인디","[Pid] You are stranded on a strange and peculiar planet. It’s time to embark on your journey and find your way home! Explore a gravity defying and challenging platformer with striking vi ‖ [ChromaGun] Welcome to ChromaTec’s test lab! You’re here to test our state-of-the-art military-grade color-technology: The ChromaGun (patent pending)! Use it to solve our meticulously designed ‖ [Deer & Boy] 도망친 소년은 길 잃은 어린 사슴을 만나 고요하면서도 위태로운 세상을 함께 헤쳐 나갑니다. 퍼즐을 풀고, 높은 곳에 오르고, 위협을 피해 나아가며 당신의 동료는 연약한 아기 사슴에서 어엿한 사슴으로 성장하죠. 혼자서는 할 수 없었던 일을 함께 해내는 법을 배우게 됩니다.",Squirrel with a Gun,"액션, 어드벤처, 인디, 시뮬레이션","다람쥐와 총의 만남. 엉뚱 발랄한 샌드박스 슈팅 및 퍼즐 플랫폼 게임에서 황금 도토리를 찾아 온갖 범죄와 소동을 일으키는 동네 최고의 말썽꾼 설치류가 되어보세요. 이빨, 발톱, 총 등 뭐든 이용해 비밀 지하 시설에서 탈출하며 요원들을 처치하는 겁니다.",,,
B0325,A14,Iron Brigade / Ancient Planet Tower Defense / Creeper World IXE,"액션, 전략 / 캐주얼, 인디, 전략 / 액션, 캐주얼, 인디, 시뮬레이션, 전략","[Iron Brigade] Join The Mobile Trench Brigade and protect humanity from the evil Monovision menace! ‖ [Ancient Planet Tower Defense] 고대 행성 타워 디펜스는 정통 타워 디펜스 게임입니다. 고대 문명의 요새가 외계 침략자들로부터 침략당했습니다. 고대의 강력한 기술을 사용하여 적군의 공격을 물리치십시오! ‖ [Creeper World IXE] The unstoppable alien force known as The Creeper has returned, devouring thousands of worlds in its path, and yours is next. Battle against the Creeper fluid in a groundbreaking pi",Save the settlers,"액션, 어드벤처, 캐주얼, RPG, 시뮬레이션, 스포츠, 전략",This is a tower defense game in which you have to defend a settlement from bloodthirsty creatures.,,,
B0326,A14,Iron Brigade / Ancient Planet Tower Defense / Creeper World IXE,"액션, 전략 / 캐주얼, 인디, 전략 / 액션, 캐주얼, 인디, 시뮬레이션, 전략","[Iron Brigade] Join The Mobile Trench Brigade and protect humanity from the evil Monovision menace! ‖ [Ancient Planet Tower Defense] 고대 행성 타워 디펜스는 정통 타워 디펜스 게임입니다. 고대 문명의 요새가 외계 침략자들로부터 침략당했습니다. 고대의 강력한 기술을 사용하여 적군의 공격을 물리치십시오! ‖ [Creeper World IXE] The unstoppable alien force known as The Creeper has returned, devouring thousands of worlds in its path, and yours is next. Battle against the Creeper fluid in a groundbreaking pi",Yet Another Zombie Defense HD,"액션, 인디",Yet Another Zombie Defense HD는 탑다운 스타일의 타워 디펜스 요소가 결합된 최대 4명의 플레이어가 즐길 수 있는 온라인 co-op 좀비 슈팅 게임입니다. 낮에는 방어선을 구축하고 밤에 방어를 하며 자신의 능력을 시험해보면서 최대한 오래 살아남으세요!,,,
B0327,A32,Hardspace: Shipbreaker / Hacknet / The Case of the Golden Idol / 방 탈출 시뮬레이터 / shapez 2 - Factory,"시뮬레이션 / 인디, 시뮬레이션 / 어드벤처, 인디 / 어드벤처, 캐주얼, 인디, 시뮬레이션 / 캐주얼, 인디, 시뮬레이션, 전략","[Hardspace: Shipbreaker] Equipped with cutting-edge salvaging tech, carve & slice spaceships to recover valuable materials. Upgrade your gear to take on more lucrative contracts and pay your billion credit ‖ [Hacknet] Hacknet은 터미널 기반의 몰입형 해킹 시뮬레이터입니다. 최근에 사망한, 그러나 언론 보도와는 달리 사고로 사망하지 않은 해커의 지시에 따라 진실을 추척하십시오. ‖ [The Case of the Golden Idol] A new kind of detective game that allows you to think and investigate freely. Discover clues surrounding 12 strange and gruesome deaths and build your own theory. Pick your suspect ‖ [방 탈출 시뮬레이터] Escape Simulator는 단독 또는 온라인 협동 플레이가 가능한 1인칭 퍼즐 게임입니다. 점점 더 많아지는, 고도의 상호 작용이 가능한 방탈출 세트를 탐험하세요. 가구를 옮기고, 모든 것을 집어 들고 검사하고, 냄비를 부수고 자물쇠를 부수세요! 레벨 편집기를 통해 커뮤니티가 만든 방을 지원합니다. ‖ [shapez 2 - Factory] 공장 건설 게임에 빠져들어 보세요. 단 한 가지에 집중하세요. 대규모 우주 공장을 건설하는 것! 방대하게 펼쳐지는 다층 공장과 만족스러운 생산 라인을 무제한으로 설계하세요. 계속해서 어려워지는 자동화 목표를 적의 위협 없이 자신만의 속도로 달성하세요.",Tech Support: Error Unknown,"어드벤처, 캐주얼, 인디, 시뮬레이션","Things are not what they seem at your new tech support specialist job. While resolving customer issues, you soon find yourself in the middle of a conspiracy. Will you side with your employer, join a rogue hacktivist group bent on destroying them, assist the police or stand alone?",,,
B0328,A07,Into the Breach / Monster Train / Mini Metro,"인디, RPG, 시뮬레이션, 전략 / 전략 / 인디, 시뮬레이션, 전략","[Into the Breach] 미래의 강력한 메크를 조종하여 외계 세력을 물리치세요. 이 턴제 전략 게임에서는 세계를 구하려 시도할 때마다 무작위로 새롭게 생성되는 도전이 여러분 앞에 나타납니다. ‖ [Monster Train] Monster Train is a strategic roguelike deck building game with a twist. Set on a train to hell, you’ll use tactical decision making to defend multiple vertical battlegrounds. With  ‖ [Mini Metro] 미니 메트로는 성장하는 도시를 위해 지하철 노선을 설계하는 게임입니다. 역과 역 사이에 노선을 그려서 열차 운행을 시작하세요. 새로운 역이 열리면 노선을 수정해서 노선도를 효율적으로 유지하세요. 한정된 자원을 어느 곳에 사용할 것인지 결정하세요. 도시를 얼마나 오래 유지할 수 있을까요?",GRIDROAD,"인디, 시뮬레이션, 전략","GRIDROAD is a traffic optimisation puzzle/simulation game. Build roads, place road markings and tweak traffic lights to build the most efficient traffic junction!",,,
B0329,A19,ELDEN RING / Disco Elysium - The Final Cut / Outer Wilds,"액션, RPG / RPG / 액션, 어드벤처","[ELDEN RING] 본 게임은 본격적인 다크 판타지 세계를 무대로 한 액션 RPG입니다. 드넓은 필드와 던전 탐험을 통해 미지의 것들을 발견해 보세요. 앞길을 막아서는 난관과 그것을 극복했을 때의 달성감, 그리고 등장인물들의 의도가 교착하는 군상극도 즐기실 수 있습니다. ‖ [Disco Elysium - The Final Cut] 디스코 엘리시움 - 최종판은 획기적인 오픈 월드 롤플레잉 게임입니다. 당신은 독특한 스킬 시스템을 갖춘 형사로서 오롯한 도시 블록을 당신의 미래를 닦기 위해 다듬을 수 있습니다. 잊지 못할 등장인물들을 심문하거나, 살인 사건을 해결하거나, 뇌물을 받으세요. 영웅이 되거나 인류의 완전한 재앙이 되세요. ‖ [Outer Wilds] Giant Bomb, Polygon, Eurogamer, The Guardian에 의해 2019년 올해의 게임에 이름을 올리며 냉정한 호평과 수상 실적이 있는 Outer Wilds는 무한 시간 루프에 갇힌 태양계에 관한 공개된 세계의 미스터리 게임입니다.",침묵의 땅,"어드벤처, 인디","폐허가 된 종말의 세계를 가로지르며, 사라진 문명과 생존자의 실종 미스터리를 밝혀라! 《침묵의 땅》에서 당신은 생존자가 되어 버려진 도시를 탐험하고, 인류 멸망의 진실을 추적하게 된다. 이 고요한 세계에서 생존은 가장 큰 도전이며, 진실은 마치 블랙홀처럼 깊고 어두운 수수께끼로 남아 있다.",,,
B0330,A29,Salt and Sanctuary,"액션, 인디, RPG","[Salt and Sanctuary] 두렵고도 잔혹한 섬의 탐험을 시작합니다… Salt and Sanctuary는 신속하고, 잔인하며, 복잡한 전투 시스템을 지닌 2D RPG입니다. 저주받은 도시의 잊힌 영역이나, 피에 물든 던전이나, 오염된 기념비와 같은 장소를 돌아다니며, 한때 축복을 받았지만 지금은 타락하고 만 영주들을 조우하세요.",FlyKnight,"액션, 어드벤처, RPG","탐험하고, 싸우고, 전리품을 챙기고, 낚시하세요! 이 고전풍 1인칭 던전 크롤러는 싱글/협동 플레이를 모두 지원합니다. 사악한 마녀 루나모스에 맞서 기사 작위를 얻고, 모든 이들에게서 날개를 앗아간 마녀의 저주를 막으세요.",,,
B0331,A03,Balatro / Hades / Vampire Survivors,"캐주얼, 인디, 전략 / 액션, 인디, RPG / 액션, 캐주얼, 인디, RPG","[Balatro] 포커 로그라이크 게임. Balatro는 불법 포커 패로 게임을 하고, 판을 뒤엎는 조커를 발견하고, 아드레날린이 치솟는 강력한 콤보를 만드는 덱 빌딩 게임입니다. ‖ [Hades] Bastion, Transistor, Pyre의 제작사에서 선보이는 이 로그라이크 던전 탐색형 게임에서 핵 앤 슬래시로 지하 세계를 탈출하고 죽음의 신에게 도전하세요. ‖ [Vampire Survivors] 수많은 어둠의 피조물을 쓰러뜨리며 새벽이 올 때까지 생존하세요! Vampire Survivors는 로그라이트 요소를 갖춘 고딕 호러 케주얼 게임입니다. 당신의 선택으로 순식간에 수백 마리의 괴물이 눈덩이처럼 불어날 수 있죠.",Beneath Oresa,"인디, RPG, 전략","전투 로그라이크 덱 빌딩 Beneath Oresa. 적들과 마주하기 위해 도시의 깊숙한 곳으로 내려가세요. 전략가로서 카드, 업그레이드, 아티팩트를 현명하게 선택하세요. 투사로서는 적들의 위치를 여러분의 이점으로 삼으세요.",,,
B0332,A15,서브노티카 / The Long Dark / No Man's Sky,"어드벤처, 인디 / 어드벤처, 인디, 시뮬레이션, 전략 / 액션, 어드벤처","[서브노티카] 위험과 경이로움이 가득한 외계의 바다 속으로 내려가세요. 장비를 제작하고, 잠수함을 조종하며 야생 생물보다 앞서가세요. 우거진 산호초, 화산, 동굴 같은 많은 장소들을 탐험하세요. 물론 살아남는 걸 잊으면 안 되겠죠. ‖ [The Long Dark] The Long Dark는 깊은 생각을 요구하는 탐험 생존 게임입니다. 플레이어는 지구 자기장 이상으로 인한 대재앙이 휩쓸고 간 세상에서 혼자 드넓은 설원 황무지를 탐험하며 살아남아야 합니다. 좀비는 등장하지 않으며 오직 플레이어와 추위, 그리고 자연 속의 위험들만 존재합니다. 고요한 종말의 세상에 오신 것을 환영합니다. ‖ [No Man's Sky] No Man's Sky는 무한히 펼쳐지는 우주에서의 탐험과 생존을 그린 SF 게임입니다.",Trapped In The Omniverse,"액션, 어드벤처, 인디","FPS single-player de ciencia ficción con supervivencia y exploración interdimensional, donde combatís criaturas anómalas y luchás por sobrevivir en entornos distorsionados.",,,
B0333,A05,Opus Magnum,"인디, 시뮬레이션","[Opus Magnum] Opus Magnum은 SpaceChem, Infinifactory, SHENZHEN I/O를 제작한 Zachtronics의 신작 퍼즐게임입니다. 연금술사들의 최첨단 도구인 변성 기관을 이용해 물약과 독을 만들어내는 기계들을 설계하고 만들어 내세요!",Teslagrad,인디,"A journey begins... A treacherous tower... Unravel its mysteries!Discover the secrets kept in the long abandoned Tesla Tower!Magnetism and other electromagnetic powers will help you explore a non-linear world of beautiful hand-drawn environments, in a steampunk-inspired vision of old Europe.",,,
B0334,A23,Vomitoreum / Tales of Kenzera™: ZAU / Shantae: Half-Genie Hero,"액션, 어드벤처, 인디 / 액션, 어드벤처, 인디 / 액션, 어드벤처, 인디","[Vomitoreum] Vomitoreum is an FPS Metroidvania with a focus on atmosphere and horror, inspired by the paintings of Zdzisław Beksiński. ‖ [Tales of Kenzera™: ZAU] 샤먼의 춤을 추세요. 아버지의 영혼을 되찾으세요. Surgent Studios가 제작한 메트로이드바니아 스타일의 어드벤처 게임 Tales of Kenzera™: ZAU에서 죽음의 신과 함께 아름답고 위험한 켄제라의 땅으로 용감하게 모험을 떠나세요. ‖ [Shantae: Half-Genie Hero] Shantae embarks on her first full HD adventure! When a mysterious crime wave sweeps Sequin Land, it’s up to Half-Genie Hero Shantae to save the day! Use Shantae’s devastating Hair-",Aggelos,"액션, 어드벤처, 인디, RPG","Critically-acclaimed action-RPG that takes the template laid down by classics like Wonder Boy, nails the 16-Bit aesthetics for nostalgia fans, but updates the mechanics to feel fresh and modern. Explore a beautiful open world and plunder dungeons, caves and forests to help take down epic bosses!",,,
B0335,A05,Opus Magnum,"인디, 시뮬레이션","[Opus Magnum] Opus Magnum은 SpaceChem, Infinifactory, SHENZHEN I/O를 제작한 Zachtronics의 신작 퍼즐게임입니다. 연금술사들의 최첨단 도구인 변성 기관을 이용해 물약과 독을 만들어내는 기계들을 설계하고 만들어 내세요!",Cogs,"캐주얼, 인디","Cogs는 슬라이드 조각들로 기계를 만드는 퍼즐 게임입니다. 플레이어는 50개의 레벨들과 3개의 게임플레이 모드를 선택할 수 있습니다. 기묘한 기계들을 빠르고 효율적으로 만들면 새로운 퍼즐들을 사용할 수 있게 됩니다. 발명가 모드: 간단한 퍼즐들을 풀어나가며, 플레이어는 기어, 파이프, 풍선, 알람, 망치, 바퀴, 프로펠러 등 기계를 만드는 데 필요한 도구들을 익히게 됩니다. 시간 도전 모드: 발명가 모드에서 퍼즐을 끝내면 여기에서 잠금 해제됩니다. 이제 해답을 찾는 데는 더 적은 움직임으로 충분하지만, 그 답을 30초 안에 찾아내",,,
B0336,A23,Vomitoreum / Tales of Kenzera™: ZAU / Shantae: Half-Genie Hero,"액션, 어드벤처, 인디 / 액션, 어드벤처, 인디 / 액션, 어드벤처, 인디","[Vomitoreum] Vomitoreum is an FPS Metroidvania with a focus on atmosphere and horror, inspired by the paintings of Zdzisław Beksiński. ‖ [Tales of Kenzera™: ZAU] 샤먼의 춤을 추세요. 아버지의 영혼을 되찾으세요. Surgent Studios가 제작한 메트로이드바니아 스타일의 어드벤처 게임 Tales of Kenzera™: ZAU에서 죽음의 신과 함께 아름답고 위험한 켄제라의 땅으로 용감하게 모험을 떠나세요. ‖ [Shantae: Half-Genie Hero] Shantae embarks on her first full HD adventure! When a mysterious crime wave sweeps Sequin Land, it’s up to Half-Genie Hero Shantae to save the day! Use Shantae’s devastating Hair-",Infinitevania,"액션, 어드벤처, 인디","다양한 세계를 탐험하고, 적들과 도전적인 보스를 물리쳐 Infinitevania의 핵을 파괴할 힘을 찾아보세요.",,,
B0337,A22,Deck of Ashes / Dicefolk / Cubic Cosmos,"어드벤처, 인디, RPG, 전략 / 캐주얼, 인디, 전략 / 전략","[Deck of Ashes] 덱 오브 애쉬즈(Deck of Ashes)는 전술 카드 전투를 벌이는 어드벤처 게임입니다. 한 번에 한 캐릭터씩 안티히어로 일행을 이끌어 속죄의 여행을 떠나보세요. 저주받은 판타지 세계를 탐험하며 강력한 카드를 찾아보세요. 독특한 전투 덱을 형성하여 적들을 무찌르세요! 잿빛 저주의 세계를 제거하실 수 있겠습니까? ‖ [Dicefolk] 마법 주사위의 힘을 휘두르고 강력한 키메라 팀을 구축해보세요! 수수께끼의 악을 멈추기 위한 택티컬 덱빌딩 로그라이트 모험이 다가오고 있습니다. 키메라 소환사로서, 신화적인 짐승들을 모집하고 완벽한 팀을 만들고, 다이스포크만의 독특한 주사위 메커니즘을 활용하여 승리로 이끌어주세요. ‖ [Cubic Cosmos] Cubic Cosmos is a thrilling fast-paced roguelike card game. You have been trapped in a deadly game. One wrong move could see you reduced to a plaything of the goddess. Can you free",Throne of Bone,전략,"Draft minions to defeat all who oppose the noble art of necromancy. Wield spells, discover dark relics, and reclaim your castle to unite the land through undeath in this unholy amalgam of roguelike, deckbuilder, and autobattler.",,,
B0338,A30,Stardew Valley / Slime Rancher / Raft,"인디, RPG, 시뮬레이션 / 액션, 어드벤처, 인디, 시뮬레이션 / 어드벤처, 인디, 시뮬레이션","[Stardew Valley] You've inherited your grandfather's old farm plot in Stardew Valley. Armed with hand-me-down tools and a few coins, you set out to begin your new life. Can you learn to live off th ‖ [Slime Rancher] 슬라임 랜쳐는 젊고 용감한 랜쳐, 베아트릭스 르뷰가 지구에서 1,000광년 떨어진 '머나먼 평야'에서 슬라임들과 씨름하며 생계를 꾸려나가는 이야기입니다. 긍정적인 마인드와 강인한 의지로 베아트릭스는 진공팩을 사용하여 끊임없이 말랑말랑하게 굴러나오는 슬라임들을 피하며 이름을 알리고, 부자가 되려 합니다. ‖ [Raft] Raft™ throws you and your friends into an epic oceanic adventure! Alone or together, players battle to survive a perilous voyage across a vast sea! Gather debris, scavenge reefs an",Big Farm Story,"어드벤처, 캐주얼, RPG, 시뮬레이션","Build your dream farm with your friends & animals in Big Farm Story. Grow crops, tend your fields, craft and explore the world in this farming adventure. Meet new friends around each corner, shape your own community and have fun writing your own story.",,,
B0339,A05,Opus Magnum,"인디, 시뮬레이션","[Opus Magnum] Opus Magnum은 SpaceChem, Infinifactory, SHENZHEN I/O를 제작한 Zachtronics의 신작 퍼즐게임입니다. 연금술사들의 최첨단 도구인 변성 기관을 이용해 물약과 독을 만들어내는 기계들을 설계하고 만들어 내세요!",Robot Programmer,"인디, 시뮬레이션, 전략",Uncover your hidden programming talent! Code your own robots with simple instructions to explore 40+ logical based puzzles.,,,
B0340,A11,Forza Horizon 5 / Hi-Fi RUSH / Street Fighter 6,"액션, 어드벤처, 레이싱, 시뮬레이션, 스포츠 / 액션 / 액션, 어드벤처","[Forza Horizon 5] 세계 최고의 자동차를 타고 생동감 넘치는 멕시코의 대자연을 탐험하며 재미있는 드라이빙 액션을 마음껏 즐겨보세요. ‖ [Hi-Fi RUSH] 아케이드 챌린지! 업데이트!로 추가되는 두 개의 신규 게임 모드에서 여러분의 능력을 시험하고, 새로운 보상을 획득해 보세요. 몇 가지 비밀도 숨어 있답니다! 락 스타 지망생 차이가 되어 비트를 타고, 세상 모든 게 음악에 싱크되는 세계에서 오합지졸 팀과 함께 사악한 거대 기업에 맞서 싸우세요. ‖ [Street Fighter 6] 시리즈 최신작 『Street Fighter 6』, 2023년 6월 2일 발매 결정! RE ENGINE으로 개발된 본 작품은 대형 모드 「World Tour」, 「Fighting Ground」, 「Battle Hub」로 구성되어 있다. 새로운 「스트리트 파이터」에는 지금까지의 시리즈에는 없었던 새로운 체험이 기다리고 있다.",Saints Row®: The Third™ Remastered,"액션, 어드벤처","The Full Package Remastered - 향상된 그래픽과 개선된 조명, 개편된 환경 및 시각 효과까지, 스틸포트와 서드 스트리트 세인츠가 그 어느 때보다 멋진 모습으로 돌아옵니다",,,
B0341,A10,A Short Hike / ISLANDERS / Gorogoa,"어드벤처, 인디 / 캐주얼, 인디, 전략 / 어드벤처, 캐주얼, 인디","[A Short Hike] Hike, climb, and soar through the peaceful mountainside landscapes of Hawk Peak Provincial Park as you make your way to the summit. ‖ [ISLANDERS] ISLANDERS is a minimalist strategy game about building cities on colorful islands. ‖ [Gorogoa] Gorogoa(고로고아)는 Jason Roberts가 디자인하고 일러스트레이션을 손으로 그린 아름다운 차세대 퍼즐 게임입니다.",Viaerium,"캐주얼, 인디",A radiant journey of life to fulfill Your greatest idea.,,,
B0342,A11,Forza Horizon 5 / Hi-Fi RUSH / Street Fighter 6,"액션, 어드벤처, 레이싱, 시뮬레이션, 스포츠 / 액션 / 액션, 어드벤처","[Forza Horizon 5] 세계 최고의 자동차를 타고 생동감 넘치는 멕시코의 대자연을 탐험하며 재미있는 드라이빙 액션을 마음껏 즐겨보세요. ‖ [Hi-Fi RUSH] 아케이드 챌린지! 업데이트!로 추가되는 두 개의 신규 게임 모드에서 여러분의 능력을 시험하고, 새로운 보상을 획득해 보세요. 몇 가지 비밀도 숨어 있답니다! 락 스타 지망생 차이가 되어 비트를 타고, 세상 모든 게 음악에 싱크되는 세계에서 오합지졸 팀과 함께 사악한 거대 기업에 맞서 싸우세요. ‖ [Street Fighter 6] 시리즈 최신작 『Street Fighter 6』, 2023년 6월 2일 발매 결정! RE ENGINE으로 개발된 본 작품은 대형 모드 「World Tour」, 「Fighting Ground」, 「Battle Hub」로 구성되어 있다. 새로운 「스트리트 파이터」에는 지금까지의 시리즈에는 없었던 새로운 체험이 기다리고 있다.",THE KING OF FIGHTERS XIII GLOBAL MATCH,액션,롤백 방식의 넷코드 도입과 함께 온라인 기능도 대폭 강화!!,,,
B0343,A25,DOOMBLADE / Transiruby / Blast Brigade vs. the Evil Legion of Dr. Cread,"액션, 어드벤처, 인디 / 액션 / 액션, 어드벤처, 인디","[DOOMBLADE] Deep underground, Gloom Girl discovers DOOMBLADE, a sentient weapon hellbent on escape after eons in chains. Together, “Doom and Gloom” embark on a vengeful quest to unlock the pow ‖ [Transiruby] 차원 대륙의 의문을 풀어라! 는 사이보그 소녀 실비가 검과 엘리먼트 샷으로 적을 쓰러뜨리며 앞으로 나아가는 탐색형 액션 게임입니다! ‖ [Blast Brigade vs. the Evil Legion of Dr. Cread] 스릴 넘치는 플랫포밍과 깊이 있는 탐험 세계, 폭발적인 액션으로 가득한 2D 메트로이드배니아 어드벤처 게임을 즐겨보세요! Blast Brigade에서 영웅들로 팀을 구성해 세계를 구하세요!",Out There Somewhere,"액션, 어드벤처, 인디","Inspired by Cave Story, Super Metroid, and Portal, you play an explorer stranded on a dangerous alien planet. Low on fuel, your only hope for escape is to find the planet’s core in this incredibly clever action-puzzle-platformer.",,,
B0344,A22,Deck of Ashes / Dicefolk / Cubic Cosmos,"어드벤처, 인디, RPG, 전략 / 캐주얼, 인디, 전략 / 전략","[Deck of Ashes] 덱 오브 애쉬즈(Deck of Ashes)는 전술 카드 전투를 벌이는 어드벤처 게임입니다. 한 번에 한 캐릭터씩 안티히어로 일행을 이끌어 속죄의 여행을 떠나보세요. 저주받은 판타지 세계를 탐험하며 강력한 카드를 찾아보세요. 독특한 전투 덱을 형성하여 적들을 무찌르세요! 잿빛 저주의 세계를 제거하실 수 있겠습니까? ‖ [Dicefolk] 마법 주사위의 힘을 휘두르고 강력한 키메라 팀을 구축해보세요! 수수께끼의 악을 멈추기 위한 택티컬 덱빌딩 로그라이트 모험이 다가오고 있습니다. 키메라 소환사로서, 신화적인 짐승들을 모집하고 완벽한 팀을 만들고, 다이스포크만의 독특한 주사위 메커니즘을 활용하여 승리로 이끌어주세요. ‖ [Cubic Cosmos] Cubic Cosmos is a thrilling fast-paced roguelike card game. You have been trapped in a deadly game. One wrong move could see you reduced to a plaything of the goddess. Can you free",Cobalt Core,"인디, 전략","새롭고 심오한 2D 전략 SF 로그라이크 덱빌더 게임입니다! 미사일을 피하고, 대포를 정비하고, 공중에서 쏘아 없애세요... 그리고 타임 루프를 파헤치세요. 시간이 없습니다!",,,
B0345,A28,Dordogne / A YEAR OF SPRINGS / Botany Manor,"어드벤처, 인디 / 캐주얼, 인디, 시뮬레이션 / 어드벤처","[Dordogne] 이 유년 시절의 여정에서 특별한 내러티브에 몰입하며 도르도뉴의 수천 가지 여름의 색을 탐험하고, 추억을 떠올리며 가족의 비밀을 밝히세요. ‖ [A YEAR OF SPRINGS] 세 명의 여성, 세 개의 이야기, 세 개의 봄. 세 명의 친구들이 사랑, 공감, 그리고 단지 함께하고 싶어하는 감정에 대한 방향을 찾아나가는 3 부작 비주얼 노벨 A YEAR OF SPRINGS 에서 하루, 에리카, 마나미의 이야기를 체험하세요. ‖ [Botany Manor] Welcome to Botany Manor, a stately home in 19th century England. You play as inhabitant Arabella Greene, a retired botanist. Explore your house and gardens, filled with research, t",Putrika 1st.cut:The Reason She Must Perish,"어드벤처, 캐주얼, 인디","「이 사랑이 금단임을 알면서도――」 이어지는 비극 끝에, 소녀의 진실한 사랑이 밝혀진다! 아름다운 비주얼과 사랑스러운 캐릭터가 엮어내는, 광적인 순애극을 만끽해 보세요!",,,
B0346,A16,The Talos Principle / Rust / Inscryption,"액션, 어드벤처, 인디 / 액션, 어드벤처, 인디, 대규모 멀티플레이어, RPG / 어드벤처, 인디, 전략","[The Talos Principle] 탈로스 법칙은 철학적 SF 소설의 전통을 따른 1인칭 퍼즐 게임입니다. 시리어스 샘을 개발한 크로팀에서 만들었으며, 톰 주버트(FTL, 더 스와퍼)와 조나스 카이라츠(바다는 모든 것을 요구한다.)가 스토리를 작성했습니다. ‖ [Rust] Rust에서의 목표는 오직 하나, 바로 살아남는 것입니다. 섬의 야생 동물, 다른 주민, 환경, 다른 생존자 모두가 여러분의 목숨을 노립니다. 하루 더 살아남을 수 있다면 수단과 방법을 가리지 마세요. ‖ [Inscryption] Inscryption은 검은 잉크로 그려진 카드를 기반으로 한 덱빌딩 로그라이크, 방탈출 퍼즐, 피가 흐르는 심리적 공포 등의 요소가 섞인 여정을 다룹니다. 카드에는 더 어두운 비밀이 새겨져 있습니다…",The Uncertain: Last Quiet Day,"어드벤처, 인디","The Uncertain은 종말 후의 세계를 무대로 한 스토리 주도의 어드벤처 게임입니다. 신중히 각 장소를 탐색하며 신비로운 분위기를 체험하고, 다양한 퍼즐을 풀어 운명을 결정하는 선택을 통해, 흥미로운 내용에 대해 이야기를 나누며 숨겨진 진실의 전모를 알아내세요.",,,
B0347,A34,Pid / ChromaGun / Deer & Boy,"어드벤처, 인디 / 액션, 어드벤처, 인디 / 액션, 어드벤처, 인디","[Pid] You are stranded on a strange and peculiar planet. It’s time to embark on your journey and find your way home! Explore a gravity defying and challenging platformer with striking vi ‖ [ChromaGun] Welcome to ChromaTec’s test lab! You’re here to test our state-of-the-art military-grade color-technology: The ChromaGun (patent pending)! Use it to solve our meticulously designed ‖ [Deer & Boy] 도망친 소년은 길 잃은 어린 사슴을 만나 고요하면서도 위태로운 세상을 함께 헤쳐 나갑니다. 퍼즐을 풀고, 높은 곳에 오르고, 위협을 피해 나아가며 당신의 동료는 연약한 아기 사슴에서 어엿한 사슴으로 성장하죠. 혼자서는 할 수 없었던 일을 함께 해내는 법을 배우게 됩니다.",Puzzle Box,"액션, 어드벤처, 캐주얼, 인디, 전략","Puzzle Box is painting with creative gameplay! Create fantastic pixel art images, by dropping your colour paint blocks in the correct place across the levels.",,,
B0348,A35,Project Zomboid / Don't Starve / The Forest,"인디, RPG, 시뮬레이션, 앞서 해보기 / 어드벤처, 인디, 시뮬레이션 / 액션, 어드벤처, 인디, 시뮬레이션","[Project Zomboid] Project Zomboid is the ultimate in zombie survival. Alone or in MP: you loot, build, craft, fight, farm and fish in a struggle to survive. A hardcore RPG skillset, a vast map, mass ‖ [Don't Starve] Don’t Starve is an uncompromising wilderness survival game full of science and magic. Enter a strange and unexplored world full of strange creatures, dangers, and surprises. Gather ‖ [The Forest] As the lone survivor of a passenger jet crash, you find yourself in a mysterious forest battling to stay alive against a society of cannibalistic mutants. Build, explore, survive i",The Gold River Project,"어드벤처, 인디, 시뮬레이션, 앞서 해보기","혼자서 또는 멀티플레이어로 즐기는 오픈 월드 캠핑 어드벤처 게임입니다. 여러분과 친구들에게 제안된 외딴 캠핑 여행. 일주일의 예정이 몇 주로 늘어나면서 가이드가 돌아오지 않을 것이라는 의심이 들기 시작합니다. 버려진 채, 여러분은 생존 실험의 피실험자로 갇혀 있다는 사실을 발견하게 됩니다.",,,
B0349,A33,Garry's Mod / Team Fortress 2 / Left 4 Dead 2,"캐주얼, 인디, 시뮬레이션 / 액션, 무료 플레이 / 액션","[Garry's Mod] Garry's Mod is a physics sandbox. There aren't any predefined aims or goals. We give you the tools and leave you to play. ‖ [Team Fortress 2] 다양한 전술적 능력과 뚜렷한 개성을 갖춘 9가지 병과의 캐릭터를 플레이하세요. 끊임없이 업데이트되는 새로운 게임 모드, 맵, 장비 그리고 가장 중요한 모자까지 지금 바로 즐겨보세요! ‖ [Left 4 Dead 2] Set in the zombie apocalypse, Left 4 Dead 2 is a co-operative action horror FPS takes you and your friends through the cities, swamps and cemeteries of the Deep South, from Savanna",Volleying,"캐주얼, 인디, 스포츠","Dive into predictably unpredictable matches where physics reigns supreme! Master the wacky movement, use timely dashes, and trigger explosive game-changing items in arcade mode. Volleying delivers fast-paced, pure physics-based fun perfect for solo play or chaotic local/remote matches with friends.",,,
B0350,A27,The Raven Remastered / The Frostrune / Mad Experiments: Escape Room,"어드벤처 / 어드벤처 / 어드벤처, 캐주얼, 인디, 시뮬레이션, 전략","[The Raven Remastered] London, 1964. An ancient ruby is stolen from the British Museum. At the crime scene: a raven feather. Is somebody trying to follow in the footsteps of The Raven, the legendary mast ‖ [The Frostrune] Unravel a mystery inspired by Viking myth and legend in The Frostrune, a classic point-and-click adventure based on historically accurate Norse culture and environments. ‖ [Mad Experiments: Escape Room] 수상 후보에 오른 이스케이프 게임 1인 또는 최대 5인까지 플레이하며 3개의 독특한 방을 탐험하고, 두뇌를 자극하는 퍼즐을 풀며 체셔 교수와 그의 실험에 얽힌 어두운 비밀을 밝혀보세요.",Fate of Dynasty,"어드벤처, 인디","A short lore exploration puzzle game inspired by walking simulators such as Gone Home, Dear Esther, and Layers of Fear.",,,
B0351,A33,Garry's Mod / Team Fortress 2 / Left 4 Dead 2,"캐주얼, 인디, 시뮬레이션 / 액션, 무료 플레이 / 액션","[Garry's Mod] Garry's Mod is a physics sandbox. There aren't any predefined aims or goals. We give you the tools and leave you to play. ‖ [Team Fortress 2] 다양한 전술적 능력과 뚜렷한 개성을 갖춘 9가지 병과의 캐릭터를 플레이하세요. 끊임없이 업데이트되는 새로운 게임 모드, 맵, 장비 그리고 가장 중요한 모자까지 지금 바로 즐겨보세요! ‖ [Left 4 Dead 2] Set in the zombie apocalypse, Left 4 Dead 2 is a co-operative action horror FPS takes you and your friends through the cities, swamps and cemeteries of the Deep South, from Savanna",PAYDAY™ The Heist,액션,"Take on the role of a hardened career criminal executing intense, dynamic heists in constant pursuit of the next “big score”",,,
B0352,A32,Hardspace: Shipbreaker / Hacknet / The Case of the Golden Idol / 방 탈출 시뮬레이터 / shapez 2 - Factory,"시뮬레이션 / 인디, 시뮬레이션 / 어드벤처, 인디 / 어드벤처, 캐주얼, 인디, 시뮬레이션 / 캐주얼, 인디, 시뮬레이션, 전략","[Hardspace: Shipbreaker] Equipped with cutting-edge salvaging tech, carve & slice spaceships to recover valuable materials. Upgrade your gear to take on more lucrative contracts and pay your billion credit ‖ [Hacknet] Hacknet은 터미널 기반의 몰입형 해킹 시뮬레이터입니다. 최근에 사망한, 그러나 언론 보도와는 달리 사고로 사망하지 않은 해커의 지시에 따라 진실을 추척하십시오. ‖ [The Case of the Golden Idol] A new kind of detective game that allows you to think and investigate freely. Discover clues surrounding 12 strange and gruesome deaths and build your own theory. Pick your suspect ‖ [방 탈출 시뮬레이터] Escape Simulator는 단독 또는 온라인 협동 플레이가 가능한 1인칭 퍼즐 게임입니다. 점점 더 많아지는, 고도의 상호 작용이 가능한 방탈출 세트를 탐험하세요. 가구를 옮기고, 모든 것을 집어 들고 검사하고, 냄비를 부수고 자물쇠를 부수세요! 레벨 편집기를 통해 커뮤니티가 만든 방을 지원합니다. ‖ [shapez 2 - Factory] 공장 건설 게임에 빠져들어 보세요. 단 한 가지에 집중하세요. 대규모 우주 공장을 건설하는 것! 방대하게 펼쳐지는 다층 공장과 만족스러운 생산 라인을 무제한으로 설계하세요. 계속해서 어려워지는 자동화 목표를 적의 위협 없이 자신만의 속도로 달성하세요.",Parallel Experiment,"어드벤처, 인디","Two detectives, one deadly experiment, a race against time. Each player only has one half of the puzzle. In this 2-player co-op puzzle game you can survive the parallel experiment only by working together.",,,
B0353,A28,Dordogne / A YEAR OF SPRINGS / Botany Manor,"어드벤처, 인디 / 캐주얼, 인디, 시뮬레이션 / 어드벤처","[Dordogne] 이 유년 시절의 여정에서 특별한 내러티브에 몰입하며 도르도뉴의 수천 가지 여름의 색을 탐험하고, 추억을 떠올리며 가족의 비밀을 밝히세요. ‖ [A YEAR OF SPRINGS] 세 명의 여성, 세 개의 이야기, 세 개의 봄. 세 명의 친구들이 사랑, 공감, 그리고 단지 함께하고 싶어하는 감정에 대한 방향을 찾아나가는 3 부작 비주얼 노벨 A YEAR OF SPRINGS 에서 하루, 에리카, 마나미의 이야기를 체험하세요. ‖ [Botany Manor] Welcome to Botany Manor, a stately home in 19th century England. You play as inhabitant Arabella Greene, a retired botanist. Explore your house and gardens, filled with research, t",Winter Memories,"어드벤처, 캐주얼, RPG, 시뮬레이션","After the unforgettable summer memories you’ve made half a year ago, Yui, Rio, and Miyuki are back. With the change of seasons and the cold falling snow, a new page to your story is about to begin.",,,
B0354,A12,Baldur's Gate 3 / Mount & Blade II: Bannerlord / Kenshi,"어드벤처, RPG, 전략 / 액션, 인디, RPG, 시뮬레이션, 전략 / 액션, 인디, RPG, 시뮬레이션, 전략","[Baldur's Gate 3] Baldur’s Gate 3 is a story-rich, party-based RPG set in the universe of Dungeons & Dragons, where your choices shape a tale of fellowship and betrayal, survival and sacrifice, and  ‖ [Mount & Blade II: Bannerlord] 본 게임은 전략/액션 RPG입니다. 캐릭터를 생성하고, 외교에 참여하고, 제작, 거래를 하고, 방대한 중세풍의 샌드박스에서 새로운 땅을 정복하십시오. 군대를 일으켜 전쟁에 뛰어들고, 깊이가 있으나 직관적인 실력 기반의 전투 시스템을 채용한 대규모 실시간 전투에서 자신의 부대에 명령을 내리고 함께 싸우십시오. ‖ [Kenshi] 자유롭게 돌아다니는 분대 기반의 RPG. 스토리를 따라가는 대신 제한 없는 샌드박스식 게임플레이에 중점을 두었습니다. 무역상, 도둑, 반란군, 전쟁 군주, 모험가, 농부, 노예 등 다양한 삶을 체험할 수 있습니다. 운이 나쁘면 식인종의 먹잇감으로 전락할지도 모르죠. 새로운 장비를 연구하거나 제작해 보세요.",Towers of Aghasba,"액션, 어드벤처, 캐주얼, RPG, 앞서 해보기","웅장한 생물과 독특한 캐릭터들로 가득한 세상을 탐험하세요. 메마른 땅을 되살리고, 자연과 조화를 이루는 문명을 건설하며, 친구들과 함께 제작하고 수확하며 휴식을 즐기세요.",,,
B0355,A16,The Talos Principle / Rust / Inscryption,"액션, 어드벤처, 인디 / 액션, 어드벤처, 인디, 대규모 멀티플레이어, RPG / 어드벤처, 인디, 전략","[The Talos Principle] 탈로스 법칙은 철학적 SF 소설의 전통을 따른 1인칭 퍼즐 게임입니다. 시리어스 샘을 개발한 크로팀에서 만들었으며, 톰 주버트(FTL, 더 스와퍼)와 조나스 카이라츠(바다는 모든 것을 요구한다.)가 스토리를 작성했습니다. ‖ [Rust] Rust에서의 목표는 오직 하나, 바로 살아남는 것입니다. 섬의 야생 동물, 다른 주민, 환경, 다른 생존자 모두가 여러분의 목숨을 노립니다. 하루 더 살아남을 수 있다면 수단과 방법을 가리지 마세요. ‖ [Inscryption] Inscryption은 검은 잉크로 그려진 카드를 기반으로 한 덱빌딩 로그라이크, 방탈출 퍼즐, 피가 흐르는 심리적 공포 등의 요소가 섞인 여정을 다룹니다. 카드에는 더 어두운 비밀이 새겨져 있습니다…",The Witness,"어드벤처, 인디",당신은 크나큰 도전과 놀라움의 퍼즐로 가득 찬 낯선 섬에서 외로이 깨어납니다.,,,
B0356,A29,Salt and Sanctuary,"액션, 인디, RPG","[Salt and Sanctuary] 두렵고도 잔혹한 섬의 탐험을 시작합니다… Salt and Sanctuary는 신속하고, 잔인하며, 복잡한 전투 시스템을 지닌 2D RPG입니다. 저주받은 도시의 잊힌 영역이나, 피에 물든 던전이나, 오염된 기념비와 같은 장소를 돌아다니며, 한때 축복을 받았지만 지금은 타락하고 만 영주들을 조우하세요.",Dark Devotion,"액션, 어드벤처, 캐주얼, 인디, RPG",Dark Devotion에서 무너져 내린 신비한 사원의 비밀을 탐험하고 템플 기사단원으로서의 신념을 시험해 보세요. 신을 찬양하는 일에는 그 어떤 희생도 부족합니다. 가장 짙은 어둠 속으로 떠나 자신의 헌신과 용기를 시험하고 존재의 이유를 묻는 질문에 대한 답을 찾아내세요.,,,
B0357,A31,Hearts of Iron IV / Europa Universalis IV / Sid Meier's Civilization® V,"시뮬레이션, 전략 / 시뮬레이션, 전략 / 전략","[Hearts of Iron IV] Victory is at your fingertips! Your ability to lead your nation is your supreme weapon, the strategy game Hearts of Iron IV lets you take command of any nation in World War II; the ‖ [Europa Universalis IV] 비교할 수 없는 자유도, 깊이 있는 스토리, 정확한 역사적 고증을 즐기며 국토를 다스리고 세계를 정복하세요. 세계 역사를 새롭게 쓰며 시대를 풍미할 제국을 만드세요. ‖ [Sid Meier's Civilization® V] Create, discover, and download new player-created maps, scenarios, interfaces, and more!",Warhammer: Dark Omen (Classic),전략,"Enter the Warhammer Fantasy world in Warhammer: Dark Omen, a classic real-time strategy game known for its tactical battles, atmospheric campaign, and cult-classic status.",,,
B0358,A21,DARK SOULS™ III / The Witcher 3: Wild Hunt / The Elder Scrolls V: Skyrim Special Edition,액션 / RPG / RPG,"[DARK SOULS™ III] 장르를 새로 개척했다는 평가를 들으며 많은 좋은 평가들을 얻고 있는 다크 소울 시리즈는 계속해서 한계를 넘어서, 더욱 야심찬 단계에 도전하고자 하고 있습니다. 준비를 하고 어둠을 밝히십시오! ‖ [The Witcher 3: Wild Hunt] 리비아의 게롤트가 되어 의뢰를 받고 괴물을 사냥하세요. 전쟁의 상처가 가득하고 괴물이 들끓는 대륙을 마음껏 탐험해 보세요. 지금 가장 중요한 일은 대륙의 판도를 뒤바꿀 수도 있는 살아 있는 무기이자 예언의 아이, 시리를 추적하는 것입니다. ‖ [The Elder Scrolls V: Skyrim Special Edition] 200회 이상 올해의 게임에 선정된 The Elder Scrolls V: Skyrim Special Edition이 놀라운 디테일로 판타지에 생명을 불어넣었습니다. Special Edition에는 비평가들의 극찬을 받은 게임 및 새로운 기능이 포함된 애드온이 들어 있습니다.",KINGDOM HEARTS III + Re Mind (DLC),"액션, 어드벤처, RPG","첫 번째 작품부터 이어진 “다크 시커”편의 완결을 그린 시리즈 최신작. 본 작품에서는 픽사 등의 새로운 세계관이 더해져 더욱 방대한 세계관으로 발전했다. 또한, 본 작품의 클라이맥스에서 벌어지고 있던 또 하나의 이야기 『Re Mind』도 함께 즐길 수 있다.",,,
B0359,A05,Opus Magnum,"인디, 시뮬레이션","[Opus Magnum] Opus Magnum은 SpaceChem, Infinifactory, SHENZHEN I/O를 제작한 Zachtronics의 신작 퍼즐게임입니다. 연금술사들의 최첨단 도구인 변성 기관을 이용해 물약과 독을 만들어내는 기계들을 설계하고 만들어 내세요!",QuantumPulse 2A,"인디, 시뮬레이션",Solve programming puzzles on a fictional computer with radio-based communication and unique limitations. Competitively optimize to compete on leaderboards against friends and the global community.,,,
B0360,A31,Hearts of Iron IV / Europa Universalis IV / Sid Meier's Civilization® V,"시뮬레이션, 전략 / 시뮬레이션, 전략 / 전략","[Hearts of Iron IV] Victory is at your fingertips! Your ability to lead your nation is your supreme weapon, the strategy game Hearts of Iron IV lets you take command of any nation in World War II; the ‖ [Europa Universalis IV] 비교할 수 없는 자유도, 깊이 있는 스토리, 정확한 역사적 고증을 즐기며 국토를 다스리고 세계를 정복하세요. 세계 역사를 새롭게 쓰며 시대를 풍미할 제국을 만드세요. ‖ [Sid Meier's Civilization® V] Create, discover, and download new player-created maps, scenarios, interfaces, and more!",The Battle of Polytopia,"액션, 어드벤처, 캐주얼, 인디, 시뮬레이션, 전략","기이하고 평평한 스퀘어의 세상에서 펼쳐지는 독특한 턴제 전략 게임에 오신 것을 환영해요. 당신의 제국을 확장하고, 기술을 연구하고, 궁극적으로 세계의 통치자가 되어 저마다 개성 넘치는 12가지 부족 중 하나를 승리로 이끄세요. 싱글플레이어 또는 최대 12명까지 함께 플레이할 수 있는 멀티플레이어 모드를 플레이하세요.",,,
B0361,A32,Hardspace: Shipbreaker / Hacknet / The Case of the Golden Idol / 방 탈출 시뮬레이터 / shapez 2 - Factory,"시뮬레이션 / 인디, 시뮬레이션 / 어드벤처, 인디 / 어드벤처, 캐주얼, 인디, 시뮬레이션 / 캐주얼, 인디, 시뮬레이션, 전략","[Hardspace: Shipbreaker] Equipped with cutting-edge salvaging tech, carve & slice spaceships to recover valuable materials. Upgrade your gear to take on more lucrative contracts and pay your billion credit ‖ [Hacknet] Hacknet은 터미널 기반의 몰입형 해킹 시뮬레이터입니다. 최근에 사망한, 그러나 언론 보도와는 달리 사고로 사망하지 않은 해커의 지시에 따라 진실을 추척하십시오. ‖ [The Case of the Golden Idol] A new kind of detective game that allows you to think and investigate freely. Discover clues surrounding 12 strange and gruesome deaths and build your own theory. Pick your suspect ‖ [방 탈출 시뮬레이터] Escape Simulator는 단독 또는 온라인 협동 플레이가 가능한 1인칭 퍼즐 게임입니다. 점점 더 많아지는, 고도의 상호 작용이 가능한 방탈출 세트를 탐험하세요. 가구를 옮기고, 모든 것을 집어 들고 검사하고, 냄비를 부수고 자물쇠를 부수세요! 레벨 편집기를 통해 커뮤니티가 만든 방을 지원합니다. ‖ [shapez 2 - Factory] 공장 건설 게임에 빠져들어 보세요. 단 한 가지에 집중하세요. 대규모 우주 공장을 건설하는 것! 방대하게 펼쳐지는 다층 공장과 만족스러운 생산 라인을 무제한으로 설계하세요. 계속해서 어려워지는 자동화 목표를 적의 위협 없이 자신만의 속도로 달성하세요.",Bum: Revenge,"액션, 어드벤처, 인디, 시뮬레이션, 앞서 해보기","1인칭 노숙자 범죄 샌드박스. 훔치고, 마시고, 환각하며 혼돈의 온라인 코옵에서 경쟁 노숙자를 박살내라.",,,
B0362,A29,Salt and Sanctuary,"액션, 인디, RPG","[Salt and Sanctuary] 두렵고도 잔혹한 섬의 탐험을 시작합니다… Salt and Sanctuary는 신속하고, 잔인하며, 복잡한 전투 시스템을 지닌 2D RPG입니다. 저주받은 도시의 잊힌 영역이나, 피에 물든 던전이나, 오염된 기념비와 같은 장소를 돌아다니며, 한때 축복을 받았지만 지금은 타락하고 만 영주들을 조우하세요.",The Vagrant,"액션, 어드벤처, 인디, RPG","Guide Vivian the Vagrant, through vibrant and dynamic landscapes while hacking and slashing a path from a quiet coastal village through mysterious forests, haunted castles, and wrecked battlegrounds. When the endless barrage of enemies have been vanquished, what solace will be left for our hero?",,,
B0363,A21,DARK SOULS™ III / The Witcher 3: Wild Hunt / The Elder Scrolls V: Skyrim Special Edition,액션 / RPG / RPG,"[DARK SOULS™ III] 장르를 새로 개척했다는 평가를 들으며 많은 좋은 평가들을 얻고 있는 다크 소울 시리즈는 계속해서 한계를 넘어서, 더욱 야심찬 단계에 도전하고자 하고 있습니다. 준비를 하고 어둠을 밝히십시오! ‖ [The Witcher 3: Wild Hunt] 리비아의 게롤트가 되어 의뢰를 받고 괴물을 사냥하세요. 전쟁의 상처가 가득하고 괴물이 들끓는 대륙을 마음껏 탐험해 보세요. 지금 가장 중요한 일은 대륙의 판도를 뒤바꿀 수도 있는 살아 있는 무기이자 예언의 아이, 시리를 추적하는 것입니다. ‖ [The Elder Scrolls V: Skyrim Special Edition] 200회 이상 올해의 게임에 선정된 The Elder Scrolls V: Skyrim Special Edition이 놀라운 디테일로 판타지에 생명을 불어넣었습니다. Special Edition에는 비평가들의 극찬을 받은 게임 및 새로운 기능이 포함된 애드온이 들어 있습니다.",Bleak Faith: Forsaken,"액션, 어드벤처, 인디, RPG","Explore the last remnants of civilization in this vast, unforgiving, and interconnected world. Learn what is left of its history. Discover pockets of natural life in the perpetually expanding Omnistructure. Lose yourself in a journey unlike any other. Find your purpose in the world.",,,
B0364,A08,Sid Meier’s Civilization® VI / XCOM® 2 / Stellaris,"전략 / 전략 / 시뮬레이션, 전략","[Sid Meier’s Civilization® VI] 문명 VI 에서는 새로운 방식으로 세상과 소통하고, 제국의 영토를 확장시키며, 문화를 발전시키고, 역사속 위대한 지도자들에 맞서 오래도록 지속될 나만의 문명을 건설해볼 수 있습니다. 클레오파트라를 비롯한 20명의 역사 속 지도자들 중 한명으로 플레이 해보세요. ‖ [XCOM® 2] XCOM 2는 수상 경력이 있는 전략 게임 XCOM: Enemy Unknown의 속편입니다. 인류가 외계인 침략군에게 항복한 지 20년, 이제 지구 상에는 새로운 세계 질서가 존재합니다. 수년간을 어둠 속에서 숨어 있었던 XCOM 부대는 반드시 일어나 외계인의 지배를 무너뜨릴 것입니다. ‖ [Stellaris] 항성간 여행을 통해 우주를 탐험하며 수많은 종족들도 만나보세요. 과학선을 보내 우주를 조사하고 탐험하면서 은하 제국을 건설하고, 건축선을 보내 새로 발견한 행성에 기지를 건설하세요. 소속 사회를 위한 탐험에 나서 매장된 보물과 은하계의 경이를 발견하고, 탐험가의 한계치와 진화 범위를 설정하세요. 동맹이 체결되고, 전쟁이 ",Battlevoid: Harbinger,"액션, 인디, 시뮬레이션, 전략","Battlevoid: Harbinger is a hard sci-fi space exploration game blending roguelike, turn-based, star map strategy, and real-time space battles. You are a young commander venturing out into enemy territories, to unknown galaxies, never knowing what you will face as you jump out from hyperspace.",,,
B0365,A20,Counter-Strike 2 / PUBG: BATTLEGROUNDS / 톰 클랜시의 레인보우식스 시즈,"액션, 무료 플레이 / 액션, 어드벤처, 대규모 멀티플레이어, 무료 플레이 / 액션, 무료 플레이","[Counter-Strike 2] Counter-Strike는 20년이 넘는 시간 동안 전 세계 수백만 명의 플레이어가 모여 수준 높은 경쟁을 펼칠 수 있는 플랫폼을 제공해 왔습니다. 그리고 이제 곧 Counter-Strike 2와 함께 새로운 CS 시대의 막이 열립니다. ‖ [PUBG: BATTLEGROUNDS] 배틀로얄 유행의 시작이자, 그 정수를 보여준 PUBG: 배틀그라운드를 지금 무료로 플레이하세요! 다양한 맵에 낙하하여 무기와 보급품을 확보하고, 점점 줄어드는 블루존 속에서 끝까지 살아남아 승리를 쟁취하세요. ‖ [톰 클랜시의 레인보우식스 시즈] 톰 클랜시의 레인보우식스 시즈는 탁월한 계획과 기술이 승부를 좌우하는 전술적인 정예 팀 기반 슈팅 게임입니다.",Fire On Fight : Online Multiplayer Shooter,"액션, 인디, 대규모 멀티플레이어","클래식 온라인 밀리터리 FPS. 온라인 PvP 또는 지능형 AI 봇과의 PvE를 즐기고, 병사와 무기, Perk, 부착물을 잠금 해제하세요. XP를 획득하며 빈 서버 없이 언제나 가득 찬 전투를 즐길 수 있습니다.",,,
B0366,A12,Baldur's Gate 3 / Mount & Blade II: Bannerlord / Kenshi,"어드벤처, RPG, 전략 / 액션, 인디, RPG, 시뮬레이션, 전략 / 액션, 인디, RPG, 시뮬레이션, 전략","[Baldur's Gate 3] Baldur’s Gate 3 is a story-rich, party-based RPG set in the universe of Dungeons & Dragons, where your choices shape a tale of fellowship and betrayal, survival and sacrifice, and  ‖ [Mount & Blade II: Bannerlord] 본 게임은 전략/액션 RPG입니다. 캐릭터를 생성하고, 외교에 참여하고, 제작, 거래를 하고, 방대한 중세풍의 샌드박스에서 새로운 땅을 정복하십시오. 군대를 일으켜 전쟁에 뛰어들고, 깊이가 있으나 직관적인 실력 기반의 전투 시스템을 채용한 대규모 실시간 전투에서 자신의 부대에 명령을 내리고 함께 싸우십시오. ‖ [Kenshi] 자유롭게 돌아다니는 분대 기반의 RPG. 스토리를 따라가는 대신 제한 없는 샌드박스식 게임플레이에 중점을 두었습니다. 무역상, 도둑, 반란군, 전쟁 군주, 모험가, 농부, 노예 등 다양한 삶을 체험할 수 있습니다. 운이 나쁘면 식인종의 먹잇감으로 전락할지도 모르죠. 새로운 장비를 연구하거나 제작해 보세요.",Game of Thrones,"액션, RPG","Experience an amazing adventure in one of the most fascinating universes! Amidst conspiracy and betrayal, try to survive the orchestrated machinations around the Iron Throne.",,,
B0367,A08,Sid Meier’s Civilization® VI / XCOM® 2 / Stellaris,"전략 / 전략 / 시뮬레이션, 전략","[Sid Meier’s Civilization® VI] 문명 VI 에서는 새로운 방식으로 세상과 소통하고, 제국의 영토를 확장시키며, 문화를 발전시키고, 역사속 위대한 지도자들에 맞서 오래도록 지속될 나만의 문명을 건설해볼 수 있습니다. 클레오파트라를 비롯한 20명의 역사 속 지도자들 중 한명으로 플레이 해보세요. ‖ [XCOM® 2] XCOM 2는 수상 경력이 있는 전략 게임 XCOM: Enemy Unknown의 속편입니다. 인류가 외계인 침략군에게 항복한 지 20년, 이제 지구 상에는 새로운 세계 질서가 존재합니다. 수년간을 어둠 속에서 숨어 있었던 XCOM 부대는 반드시 일어나 외계인의 지배를 무너뜨릴 것입니다. ‖ [Stellaris] 항성간 여행을 통해 우주를 탐험하며 수많은 종족들도 만나보세요. 과학선을 보내 우주를 조사하고 탐험하면서 은하 제국을 건설하고, 건축선을 보내 새로 발견한 행성에 기지를 건설하세요. 소속 사회를 위한 탐험에 나서 매장된 보물과 은하계의 경이를 발견하고, 탐험가의 한계치와 진화 범위를 설정하세요. 동맹이 체결되고, 전쟁이 ",Supreme Ruler Ultimate,"인디, 시뮬레이션, 전략","Real-Time Strategy/Wargame. From World War II through the Cold War and into the future, re-live or re-imagine the tensions and crises of our recent history! Guide your nation through the era of your choice in Campaigns, Scenarios, and Sandboxes, as you make every effort to become Supreme Ruler!",,,
B0368,A01,It Takes Two / Overcooked! 2 / What Remains of Edith Finch,"액션, 어드벤처 / 액션, 캐주얼, 인디 / 어드벤처, 인디","[It Takes Two] It Takes Two에서 생애 가장 정신없는 여정을 시작하세요. 친구가 무료로 참가할 수 있게 친구 패스*로 초대하고, 함께 힘을 합쳐서 수많은 유쾌하고 획기적인 게임 플레이 챌린지를 헤쳐나가세요. ‖ [Overcooked! 2] 혼란스러운 요리 액션으로 가득한 Overcooked가 돌아왔습니다! 양파 왕국으로 돌아가는 여행을 떠나세요. 클래식 협동 또는 온라인 플레이에서 셰프 팀을 만들어서 최대 4명까지 플레이하세요. 앞치마를 준비하세요... 다시 세상을 구할 때가 되었습니다! ‖ [What Remains of Edith Finch] What Remains of Edith Finch(워트 리메인스 오브 에디스 핀치)는 워싱턴 주에 있는 어느 가족에 대한 이상한 이야기의 모음입니다. 플레이어는 에디스가 되어 거대한 핀치 가택을 탐사하고, 가족사를 연구하며 이야기를 찾고, 왜 가족 중에서 그녀만 살아남았는지 알아내야 합니다. 각 이야기는 새로운 가족 구성",플랫 히어로즈,"액션, 인디","회피, 점프, 대시를 이용하여 수백 가지 멋진 레벨을 헤쳐나가세요. 너무 어려운가요? 친구와 함께 하세요!",,,
B0369,A10,A Short Hike / ISLANDERS / Gorogoa,"어드벤처, 인디 / 캐주얼, 인디, 전략 / 어드벤처, 캐주얼, 인디","[A Short Hike] Hike, climb, and soar through the peaceful mountainside landscapes of Hawk Peak Provincial Park as you make your way to the summit. ‖ [ISLANDERS] ISLANDERS is a minimalist strategy game about building cities on colorful islands. ‖ [Gorogoa] Gorogoa(고로고아)는 Jason Roberts가 디자인하고 일러스트레이션을 손으로 그린 아름다운 차세대 퍼즐 게임입니다.",Proteus,"어드벤처, 캐주얼, 인디","Proteus is a game about exploration and immersion in a dream-like island world where the soundtrack to your play is created by your surroundings. Played in first-person, the primary means of interaction is simply your presence in the world and how you observe it.",,,
B0370,A12,Baldur's Gate 3 / Mount & Blade II: Bannerlord / Kenshi,"어드벤처, RPG, 전략 / 액션, 인디, RPG, 시뮬레이션, 전략 / 액션, 인디, RPG, 시뮬레이션, 전략","[Baldur's Gate 3] Baldur’s Gate 3 is a story-rich, party-based RPG set in the universe of Dungeons & Dragons, where your choices shape a tale of fellowship and betrayal, survival and sacrifice, and  ‖ [Mount & Blade II: Bannerlord] 본 게임은 전략/액션 RPG입니다. 캐릭터를 생성하고, 외교에 참여하고, 제작, 거래를 하고, 방대한 중세풍의 샌드박스에서 새로운 땅을 정복하십시오. 군대를 일으켜 전쟁에 뛰어들고, 깊이가 있으나 직관적인 실력 기반의 전투 시스템을 채용한 대규모 실시간 전투에서 자신의 부대에 명령을 내리고 함께 싸우십시오. ‖ [Kenshi] 자유롭게 돌아다니는 분대 기반의 RPG. 스토리를 따라가는 대신 제한 없는 샌드박스식 게임플레이에 중점을 두었습니다. 무역상, 도둑, 반란군, 전쟁 군주, 모험가, 농부, 노예 등 다양한 삶을 체험할 수 있습니다. 운이 나쁘면 식인종의 먹잇감으로 전락할지도 모르죠. 새로운 장비를 연구하거나 제작해 보세요.",RPG World - Action RPG Maker,"액션, 어드벤처, 인디, RPG","RPG World – THE Action RPG Maker! Unleash your imagination with RPG World and create, share and play amazing 3D games with our growing community. Claim glory and treasure as you conquer magical worlds, alone or as a team. No coding required!",,,
B0371,A14,Iron Brigade / Ancient Planet Tower Defense / Creeper World IXE,"액션, 전략 / 캐주얼, 인디, 전략 / 액션, 캐주얼, 인디, 시뮬레이션, 전략","[Iron Brigade] Join The Mobile Trench Brigade and protect humanity from the evil Monovision menace! ‖ [Ancient Planet Tower Defense] 고대 행성 타워 디펜스는 정통 타워 디펜스 게임입니다. 고대 문명의 요새가 외계 침략자들로부터 침략당했습니다. 고대의 강력한 기술을 사용하여 적군의 공격을 물리치십시오! ‖ [Creeper World IXE] The unstoppable alien force known as The Creeper has returned, devouring thousands of worlds in its path, and yours is next. Battle against the Creeper fluid in a groundbreaking pi",Unstoppable Gorg,"액션, 캐주얼, 인디, 전략",Defend the solar system from fearsome aliens by sending satellites into orbit in revolutionary tower defense action!,,,
B0372,A19,ELDEN RING / Disco Elysium - The Final Cut / Outer Wilds,"액션, RPG / RPG / 액션, 어드벤처","[ELDEN RING] 본 게임은 본격적인 다크 판타지 세계를 무대로 한 액션 RPG입니다. 드넓은 필드와 던전 탐험을 통해 미지의 것들을 발견해 보세요. 앞길을 막아서는 난관과 그것을 극복했을 때의 달성감, 그리고 등장인물들의 의도가 교착하는 군상극도 즐기실 수 있습니다. ‖ [Disco Elysium - The Final Cut] 디스코 엘리시움 - 최종판은 획기적인 오픈 월드 롤플레잉 게임입니다. 당신은 독특한 스킬 시스템을 갖춘 형사로서 오롯한 도시 블록을 당신의 미래를 닦기 위해 다듬을 수 있습니다. 잊지 못할 등장인물들을 심문하거나, 살인 사건을 해결하거나, 뇌물을 받으세요. 영웅이 되거나 인류의 완전한 재앙이 되세요. ‖ [Outer Wilds] Giant Bomb, Polygon, Eurogamer, The Guardian에 의해 2019년 올해의 게임에 이름을 올리며 냉정한 호평과 수상 실적이 있는 Outer Wilds는 무한 시간 루프에 갇힌 태양계에 관한 공개된 세계의 미스터리 게임입니다.",와일드 게이트,"액션, 어드벤처, 캐주얼, 대규모 멀티플레이어, 레이싱, RPG, 전략","와일드 게이트는 전술적 함선 전투와 빠른 속도의 1인칭 액션이 어우러진 PVPVE 멀티플레이어 슈팅 게임입니다. 치명적인 환경적 위험 요소를 피하고, 강력한 무기와 함선 업그레이드를 찾고, 아티팩트와 함께 탈출하는 첫 번째 크루가 되어보세요... 아니면 마지막까지 살아남으세요.",,,
B0373,A30,Stardew Valley / Slime Rancher / Raft,"인디, RPG, 시뮬레이션 / 액션, 어드벤처, 인디, 시뮬레이션 / 어드벤처, 인디, 시뮬레이션","[Stardew Valley] You've inherited your grandfather's old farm plot in Stardew Valley. Armed with hand-me-down tools and a few coins, you set out to begin your new life. Can you learn to live off th ‖ [Slime Rancher] 슬라임 랜쳐는 젊고 용감한 랜쳐, 베아트릭스 르뷰가 지구에서 1,000광년 떨어진 '머나먼 평야'에서 슬라임들과 씨름하며 생계를 꾸려나가는 이야기입니다. 긍정적인 마인드와 강인한 의지로 베아트릭스는 진공팩을 사용하여 끊임없이 말랑말랑하게 굴러나오는 슬라임들을 피하며 이름을 알리고, 부자가 되려 합니다. ‖ [Raft] Raft™ throws you and your friends into an epic oceanic adventure! Alone or together, players battle to survive a perilous voyage across a vast sea! Gather debris, scavenge reefs an",Keplerth,"어드벤처, 캐주얼, 인디, RPG, 시뮬레이션","Welcome to Keplerth! Try to survive on a hostile alien planet in this 2D sandbox RPG, where you can choose to live alone or fight side by side with your friends in the online multiplayer mode. Survive, build, farm, fight, and explore your way to victory in this open-world adventure!",,,
B0374,A19,ELDEN RING / Disco Elysium - The Final Cut / Outer Wilds,"액션, RPG / RPG / 액션, 어드벤처","[ELDEN RING] 본 게임은 본격적인 다크 판타지 세계를 무대로 한 액션 RPG입니다. 드넓은 필드와 던전 탐험을 통해 미지의 것들을 발견해 보세요. 앞길을 막아서는 난관과 그것을 극복했을 때의 달성감, 그리고 등장인물들의 의도가 교착하는 군상극도 즐기실 수 있습니다. ‖ [Disco Elysium - The Final Cut] 디스코 엘리시움 - 최종판은 획기적인 오픈 월드 롤플레잉 게임입니다. 당신은 독특한 스킬 시스템을 갖춘 형사로서 오롯한 도시 블록을 당신의 미래를 닦기 위해 다듬을 수 있습니다. 잊지 못할 등장인물들을 심문하거나, 살인 사건을 해결하거나, 뇌물을 받으세요. 영웅이 되거나 인류의 완전한 재앙이 되세요. ‖ [Outer Wilds] Giant Bomb, Polygon, Eurogamer, The Guardian에 의해 2019년 올해의 게임에 이름을 올리며 냉정한 호평과 수상 실적이 있는 Outer Wilds는 무한 시간 루프에 갇힌 태양계에 관한 공개된 세계의 미스터리 게임입니다.",Gordian Rooms 2: A curious island,"어드벤처, 인디","당신의 모험은 Gordian Rooms 2에서 계속됩니다... 고르디안 협회의 정예들을 위한 외딴 시험장, 라일 섬을 탐험하세요! 웅장한 저택과 그 주변에 숨겨진 비밀을 밝히고, 괴짜였던 옛 주민들에 대해 알아보며, 당신의 지혜를 시험해 보세요.",,,
B0375,A27,The Raven Remastered / The Frostrune / Mad Experiments: Escape Room,"어드벤처 / 어드벤처 / 어드벤처, 캐주얼, 인디, 시뮬레이션, 전략","[The Raven Remastered] London, 1964. An ancient ruby is stolen from the British Museum. At the crime scene: a raven feather. Is somebody trying to follow in the footsteps of The Raven, the legendary mast ‖ [The Frostrune] Unravel a mystery inspired by Viking myth and legend in The Frostrune, a classic point-and-click adventure based on historically accurate Norse culture and environments. ‖ [Mad Experiments: Escape Room] 수상 후보에 오른 이스케이프 게임 1인 또는 최대 5인까지 플레이하며 3개의 독특한 방을 탐험하고, 두뇌를 자극하는 퍼즐을 풀며 체셔 교수와 그의 실험에 얽힌 어두운 비밀을 밝혀보세요.",CLeM,"어드벤처, 인디","클렘은 어두운 반전이 있는 내러티브 중심의 퍼즐 어드벤처 게임입니다. 퍼즐이 탐험과 얽히면서 연금술을 바탕으로 하는 내러티브를 엮어 내는 세계에서 깨어나세요. 한 목소리가 당신을 깨우고, 목적을 제시합니다. 당신은 뜻 모를 기록이 적힌 공책을 길잡이 삼아 저택을 탐험해야 합니다.",,,
B0376,A09,Roots of Yggdrasil / Ancient Gods / Flick Shot Rogues,"인디, 전략 / RPG, 전략 / 인디, 전략","[Roots of Yggdrasil] Build settlements, explore the Nine Realms, collect artifacts and upgrade your deck to reach the top of Yggdrasil in this post-Ragnarok roguelike city-builder! Can you survive the  ‖ [Ancient Gods] Ancient Gods is a fusion of hero collector and deck-building rogue-lite where you collect your character, fight, and experience exciting events. Any character can use all the cards ‖ [Flick Shot Rogues] 계획하고, 조준하고, 쏘세요! FLICK SHOT ROGUES는 테이블 위에서 물건을 튕기는 촉각적 만족감과 사람들이 좋아하는 턴제 로그라이크의 전략적 깊이를 결합한 게임입니다. 말도 안되는 콤보를 연결하고, 캐릭터, 아이템, 스킬을 잠금 해제하면서, 섬을 정복하세요!",Cogmind,"어드벤처, 인디, RPG, 전략, 앞서 해보기","Cogmind is a sci-fi roguelike epic in which you play a robot building yourself from components found or salvaged from other robots. Explore a living, breathing world through turn-based tactical combat, or sneak, hack, and fly your way to victory.",,,
B0377,A18,Euro Truck Simulator 2 / BeamNG.drive / 아세토 코르사 Assetto Corsa,"인디, 시뮬레이션 / 레이싱, 시뮬레이션, 앞서 해보기 / 인디, 레이싱, 시뮬레이션, 스포츠","[Euro Truck Simulator 2] 도로의 왕이 되어 인상적인 거리를 가로질러 중요한 화물을 배달하는 트럭 운전사가 되어 유럽을 여행하세요! 탐험할 도시가 수십 개나 되므로, 당신의 인내심, 기술, 속도가 모두 한계에 도달할 것입니다. ‖ [BeamNG.drive] 뭐든지 할 수 있는 동적 소프트 보디 물리 시뮬레이터입니다. ‖ [아세토 코르사 Assetto Corsa] 아세토 코르사(Assetto Corsa) v1.16은 새로운 레이저 스캔 트랙 ""라구나 세카(Laguna Seca)"" 및 기다리던 Alfa Romeo Giulia Quadrifoglio를 포함한 7개의 신차를 소개합니다! 체인지로그에서 더 자세한 내용을 확인하세요!",Super Woden GP 2,"인디, 레이싱, 스포츠","Super Woden GP 2는 독특한 경험을 제공하는 모터스포츠 세계에 대한 러브레터입니다. 아케이드 스타일의 아이소메트릭 레이싱은 비할 데 없는 캠페인 깊이와 구매, 판매 및 잠금 해제할 수 있는 다양한 차량을 충족합니다.",,,
B0378,A02,Still Life / Jenny LeClue - Detectivu / Telling Lies,"어드벤처 / 액션, 어드벤처, 캐주얼, 인디 / 어드벤처, 인디, 시뮬레이션",[Still Life] Still Life 2 also now available! ‖ [Jenny LeClue - Detectivu] Jenny LeClue - Detectivu는 조사와 선택지로 가득한 스릴 넘치는 미스터리 어드벤처 게임입니다. ‖ [Telling Lies] 네 명의 삶. 그리고 하나의 큰 거짓말. 아무도 모르게 녹화된 은밀한 대화를 들으며 진실을 알아내십시오. 큰 호평을 받았던 Her Story의 계승작입니다.,The Real Face of a VTuber,"어드벤처, 캐주얼, 인디, RPG","A narrative courtroom adventure all about VTubers! Players will take the role of prosecutor Justin Truth and investigate a murder at a VTuber agency, doing their best to uncover the identity of both the killer and VTuber's real face.",,,
B0379,A16,The Talos Principle / Rust / Inscryption,"액션, 어드벤처, 인디 / 액션, 어드벤처, 인디, 대규모 멀티플레이어, RPG / 어드벤처, 인디, 전략","[The Talos Principle] 탈로스 법칙은 철학적 SF 소설의 전통을 따른 1인칭 퍼즐 게임입니다. 시리어스 샘을 개발한 크로팀에서 만들었으며, 톰 주버트(FTL, 더 스와퍼)와 조나스 카이라츠(바다는 모든 것을 요구한다.)가 스토리를 작성했습니다. ‖ [Rust] Rust에서의 목표는 오직 하나, 바로 살아남는 것입니다. 섬의 야생 동물, 다른 주민, 환경, 다른 생존자 모두가 여러분의 목숨을 노립니다. 하루 더 살아남을 수 있다면 수단과 방법을 가리지 마세요. ‖ [Inscryption] Inscryption은 검은 잉크로 그려진 카드를 기반으로 한 덱빌딩 로그라이크, 방탈출 퍼즐, 피가 흐르는 심리적 공포 등의 요소가 섞인 여정을 다룹니다. 카드에는 더 어두운 비밀이 새겨져 있습니다…",Survival: Lost Way,"액션, 어드벤처, 인디, 대규모 멀티플레이어, 시뮬레이션","오픈 월드 포스트 아포칼립스 생존 샌드박스. 탐색하고 제작하고 건설해, 솔로 또는 협동으로 살아남으세요.",,,
B0380,A09,Roots of Yggdrasil / Ancient Gods / Flick Shot Rogues,"인디, 전략 / RPG, 전략 / 인디, 전략","[Roots of Yggdrasil] Build settlements, explore the Nine Realms, collect artifacts and upgrade your deck to reach the top of Yggdrasil in this post-Ragnarok roguelike city-builder! Can you survive the  ‖ [Ancient Gods] Ancient Gods is a fusion of hero collector and deck-building rogue-lite where you collect your character, fight, and experience exciting events. Any character can use all the cards ‖ [Flick Shot Rogues] 계획하고, 조준하고, 쏘세요! FLICK SHOT ROGUES는 테이블 위에서 물건을 튕기는 촉각적 만족감과 사람들이 좋아하는 턴제 로그라이크의 전략적 깊이를 결합한 게임입니다. 말도 안되는 콤보를 연결하고, 캐릭터, 아이템, 스킬을 잠금 해제하면서, 섬을 정복하세요!",Three Kingdom: The Journey,"어드벤처, 인디, RPG, 시뮬레이션, 전략","Craft a legendary deck and lead your troops to protect the Kingdom for the glory of the Han Dynasty in this fast-paced deck-building strategy roguelike. The Kingdom is on the verge of disaster against the Yellow Turbans rebellion, and only you – and your skills as a general – stand in their way!",,,
B0381,A16,The Talos Principle / Rust / Inscryption,"액션, 어드벤처, 인디 / 액션, 어드벤처, 인디, 대규모 멀티플레이어, RPG / 어드벤처, 인디, 전략","[The Talos Principle] 탈로스 법칙은 철학적 SF 소설의 전통을 따른 1인칭 퍼즐 게임입니다. 시리어스 샘을 개발한 크로팀에서 만들었으며, 톰 주버트(FTL, 더 스와퍼)와 조나스 카이라츠(바다는 모든 것을 요구한다.)가 스토리를 작성했습니다. ‖ [Rust] Rust에서의 목표는 오직 하나, 바로 살아남는 것입니다. 섬의 야생 동물, 다른 주민, 환경, 다른 생존자 모두가 여러분의 목숨을 노립니다. 하루 더 살아남을 수 있다면 수단과 방법을 가리지 마세요. ‖ [Inscryption] Inscryption은 검은 잉크로 그려진 카드를 기반으로 한 덱빌딩 로그라이크, 방탈출 퍼즐, 피가 흐르는 심리적 공포 등의 요소가 섞인 여정을 다룹니다. 카드에는 더 어두운 비밀이 새겨져 있습니다…",The Search,"어드벤처, 인디",Embark on a journey of discovery and inspiration in The Search - a story-driven puzzle-adventure set in a mysterious world where art comes to life!,,,
B0382,A15,서브노티카 / The Long Dark / No Man's Sky,"어드벤처, 인디 / 어드벤처, 인디, 시뮬레이션, 전략 / 액션, 어드벤처","[서브노티카] 위험과 경이로움이 가득한 외계의 바다 속으로 내려가세요. 장비를 제작하고, 잠수함을 조종하며 야생 생물보다 앞서가세요. 우거진 산호초, 화산, 동굴 같은 많은 장소들을 탐험하세요. 물론 살아남는 걸 잊으면 안 되겠죠. ‖ [The Long Dark] The Long Dark는 깊은 생각을 요구하는 탐험 생존 게임입니다. 플레이어는 지구 자기장 이상으로 인한 대재앙이 휩쓸고 간 세상에서 혼자 드넓은 설원 황무지를 탐험하며 살아남아야 합니다. 좀비는 등장하지 않으며 오직 플레이어와 추위, 그리고 자연 속의 위험들만 존재합니다. 고요한 종말의 세상에 오신 것을 환영합니다. ‖ [No Man's Sky] No Man's Sky는 무한히 펼쳐지는 우주에서의 탐험과 생존을 그린 SF 게임입니다.",Empyrion - Galactic Survival,"어드벤처, 인디, 시뮬레이션, 전략","Build and explore in a true space sandbox survival adventure. Construct mighty capital vessels, sprawling planetary settlements, and vast space stations in your galactic journey to discover the mysteries of Empyrion!",,,
B0383,A17,Lethal Company / Phasmophobia / Deep Rock Galactic,"액션, 어드벤처, 인디, 앞서 해보기 / 액션, 인디, 앞서 해보기 / 액션","[Lethal Company] A co-op horror about scavenging at abandoned moons to sell scrap to the Company. ‖ [Phasmophobia] Phasmophobia is a 4 player online co-op psychological horror. Paranormal activity is on the rise and it’s up to you and your team to use all the ghost-hunting equipment at your dis ‖ [Deep Rock Galactic] 딥 락 갤럭틱은 1-4인의 플레이어가 협동하는 FPS 게임으로, 상남자 우주 드워프, 100% 파괴 가능한 맵 환경, 절차적 생성 동굴 지형, 그리고 끊임없이 등장하는 외계 괴물 무리가 특징입니다.",DIG - Deep In Galaxies,"액션, 어드벤처, 인디","액션 플랫포머 게임을 즐기며 은하계를 해방하세요! 점프하고, 휘두르고, 채굴하고, 앞을 가로막는 것을 빵빵 쏘며 미지의 행성을 탐험하세요. 절대 군주의 군대에 지옥을 선사하고 외계인 적과 맞서세요. 전투가 끝날 때마다 보상을 획득하여 계속 늘어나는 무기고에 추가하세요.",,,
B0384,A16,The Talos Principle / Rust / Inscryption,"액션, 어드벤처, 인디 / 액션, 어드벤처, 인디, 대규모 멀티플레이어, RPG / 어드벤처, 인디, 전략","[The Talos Principle] 탈로스 법칙은 철학적 SF 소설의 전통을 따른 1인칭 퍼즐 게임입니다. 시리어스 샘을 개발한 크로팀에서 만들었으며, 톰 주버트(FTL, 더 스와퍼)와 조나스 카이라츠(바다는 모든 것을 요구한다.)가 스토리를 작성했습니다. ‖ [Rust] Rust에서의 목표는 오직 하나, 바로 살아남는 것입니다. 섬의 야생 동물, 다른 주민, 환경, 다른 생존자 모두가 여러분의 목숨을 노립니다. 하루 더 살아남을 수 있다면 수단과 방법을 가리지 마세요. ‖ [Inscryption] Inscryption은 검은 잉크로 그려진 카드를 기반으로 한 덱빌딩 로그라이크, 방탈출 퍼즐, 피가 흐르는 심리적 공포 등의 요소가 섞인 여정을 다룹니다. 카드에는 더 어두운 비밀이 새겨져 있습니다…",Forgotten Hill First Steps,"어드벤처, 인디","잊혀진 언덕 시리즈의 첫 번째 세 게임이 하나로 통합되어, 새로운 내용, 새로운 장소, 새로운 퍼즐과 비밀이 드러납니다: 라르손의 잊혀진 언덕에서의 첫걸음을 따라가 보세요!",,,
B0385,A17,Lethal Company / Phasmophobia / Deep Rock Galactic,"액션, 어드벤처, 인디, 앞서 해보기 / 액션, 인디, 앞서 해보기 / 액션","[Lethal Company] A co-op horror about scavenging at abandoned moons to sell scrap to the Company. ‖ [Phasmophobia] Phasmophobia is a 4 player online co-op psychological horror. Paranormal activity is on the rise and it’s up to you and your team to use all the ghost-hunting equipment at your dis ‖ [Deep Rock Galactic] 딥 락 갤럭틱은 1-4인의 플레이어가 협동하는 FPS 게임으로, 상남자 우주 드워프, 100% 파괴 가능한 맵 환경, 절차적 생성 동굴 지형, 그리고 끊임없이 등장하는 외계 괴물 무리가 특징입니다.",Agonize,"액션, 어드벤처, 캐주얼, 인디",간략한 설명 한때 광기의 과학자의 연구실이었으나 지금은 실험의 오류로 창조된 야수들이 도사리고 있는 버려진 저택입니다. 이 온라인 협동 심리 공포 게임에서 1~4명의 플레이어가 한 팀으로 활동하여 그 안에 무엇이 숨어 있는지 알아내십시오. 더 늦기 전에 치료법을 찾으세요……,,,
B0386,A16,The Talos Principle / Rust / Inscryption,"액션, 어드벤처, 인디 / 액션, 어드벤처, 인디, 대규모 멀티플레이어, RPG / 어드벤처, 인디, 전략","[The Talos Principle] 탈로스 법칙은 철학적 SF 소설의 전통을 따른 1인칭 퍼즐 게임입니다. 시리어스 샘을 개발한 크로팀에서 만들었으며, 톰 주버트(FTL, 더 스와퍼)와 조나스 카이라츠(바다는 모든 것을 요구한다.)가 스토리를 작성했습니다. ‖ [Rust] Rust에서의 목표는 오직 하나, 바로 살아남는 것입니다. 섬의 야생 동물, 다른 주민, 환경, 다른 생존자 모두가 여러분의 목숨을 노립니다. 하루 더 살아남을 수 있다면 수단과 방법을 가리지 마세요. ‖ [Inscryption] Inscryption은 검은 잉크로 그려진 카드를 기반으로 한 덱빌딩 로그라이크, 방탈출 퍼즐, 피가 흐르는 심리적 공포 등의 요소가 섞인 여정을 다룹니다. 카드에는 더 어두운 비밀이 새겨져 있습니다…",Tangle Tower,"어드벤처, 인디","이상하면서도 뒤틀린 저택을 조사하여 긴장감 넘치는 미스터리를 풀어가며 호기심이 생기는 단서를 찾고, 특이한 용의자를 심문하고, 특별한 퍼즐을 푸세요. Tangle Tower의 비밀을 밝힐 수 있을까요?",,,
B0387,A20,Counter-Strike 2 / PUBG: BATTLEGROUNDS / 톰 클랜시의 레인보우식스 시즈,"액션, 무료 플레이 / 액션, 어드벤처, 대규모 멀티플레이어, 무료 플레이 / 액션, 무료 플레이","[Counter-Strike 2] Counter-Strike는 20년이 넘는 시간 동안 전 세계 수백만 명의 플레이어가 모여 수준 높은 경쟁을 펼칠 수 있는 플랫폼을 제공해 왔습니다. 그리고 이제 곧 Counter-Strike 2와 함께 새로운 CS 시대의 막이 열립니다. ‖ [PUBG: BATTLEGROUNDS] 배틀로얄 유행의 시작이자, 그 정수를 보여준 PUBG: 배틀그라운드를 지금 무료로 플레이하세요! 다양한 맵에 낙하하여 무기와 보급품을 확보하고, 점점 줄어드는 블루존 속에서 끝까지 살아남아 승리를 쟁취하세요. ‖ [톰 클랜시의 레인보우식스 시즈] 톰 클랜시의 레인보우식스 시즈는 탁월한 계획과 기술이 승부를 좌우하는 전술적인 정예 팀 기반 슈팅 게임입니다.",Combat Master: Season 5,"액션, 무료 플레이",Join fast-paced action-packed combat. Play Combat Master -- AAA experience on any hardware. Best-in-class multiplayer gunfight. Next-level extreme performance. Lightning-speed loading time and a whole lot more.,,,
B0388,A32,Hardspace: Shipbreaker / Hacknet / The Case of the Golden Idol / 방 탈출 시뮬레이터 / shapez 2 - Factory,"시뮬레이션 / 인디, 시뮬레이션 / 어드벤처, 인디 / 어드벤처, 캐주얼, 인디, 시뮬레이션 / 캐주얼, 인디, 시뮬레이션, 전략","[Hardspace: Shipbreaker] Equipped with cutting-edge salvaging tech, carve & slice spaceships to recover valuable materials. Upgrade your gear to take on more lucrative contracts and pay your billion credit ‖ [Hacknet] Hacknet은 터미널 기반의 몰입형 해킹 시뮬레이터입니다. 최근에 사망한, 그러나 언론 보도와는 달리 사고로 사망하지 않은 해커의 지시에 따라 진실을 추척하십시오. ‖ [The Case of the Golden Idol] A new kind of detective game that allows you to think and investigate freely. Discover clues surrounding 12 strange and gruesome deaths and build your own theory. Pick your suspect ‖ [방 탈출 시뮬레이터] Escape Simulator는 단독 또는 온라인 협동 플레이가 가능한 1인칭 퍼즐 게임입니다. 점점 더 많아지는, 고도의 상호 작용이 가능한 방탈출 세트를 탐험하세요. 가구를 옮기고, 모든 것을 집어 들고 검사하고, 냄비를 부수고 자물쇠를 부수세요! 레벨 편집기를 통해 커뮤니티가 만든 방을 지원합니다. ‖ [shapez 2 - Factory] 공장 건설 게임에 빠져들어 보세요. 단 한 가지에 집중하세요. 대규모 우주 공장을 건설하는 것! 방대하게 펼쳐지는 다층 공장과 만족스러운 생산 라인을 무제한으로 설계하세요. 계속해서 어려워지는 자동화 목표를 적의 위협 없이 자신만의 속도로 달성하세요.",Stable Orbit - Build your own space station,"캐주얼, 인디, 시뮬레이션, 전략","Design, build and control your own space station. Mission command and control is in your hands and only careful planning and vigilant supervision will keep your crew and space station safe.",,,
B0389,A03,Balatro / Hades / Vampire Survivors,"캐주얼, 인디, 전략 / 액션, 인디, RPG / 액션, 캐주얼, 인디, RPG","[Balatro] 포커 로그라이크 게임. Balatro는 불법 포커 패로 게임을 하고, 판을 뒤엎는 조커를 발견하고, 아드레날린이 치솟는 강력한 콤보를 만드는 덱 빌딩 게임입니다. ‖ [Hades] Bastion, Transistor, Pyre의 제작사에서 선보이는 이 로그라이크 던전 탐색형 게임에서 핵 앤 슬래시로 지하 세계를 탈출하고 죽음의 신에게 도전하세요. ‖ [Vampire Survivors] 수많은 어둠의 피조물을 쓰러뜨리며 새벽이 올 때까지 생존하세요! Vampire Survivors는 로그라이트 요소를 갖춘 고딕 호러 케주얼 게임입니다. 당신의 선택으로 순식간에 수백 마리의 괴물이 눈덩이처럼 불어날 수 있죠.",Shadow of the Depth,"액션, 어드벤처, 인디",탑다운 뷰 스타일의 로그라이트(Roguelite) 게임 《쉐도우 오브 뎁스》. 워리어/어쌔신/메이지 등 다양한 캐릭터가 되어 빛과 어둠이 교차하는 언더월드에서 평화를 무너뜨린 몬스터를 해치워야 합니다. 어둠 속으로 당신을 초대합니다!,,,
B0390,A30,Stardew Valley / Slime Rancher / Raft,"인디, RPG, 시뮬레이션 / 액션, 어드벤처, 인디, 시뮬레이션 / 어드벤처, 인디, 시뮬레이션","[Stardew Valley] You've inherited your grandfather's old farm plot in Stardew Valley. Armed with hand-me-down tools and a few coins, you set out to begin your new life. Can you learn to live off th ‖ [Slime Rancher] 슬라임 랜쳐는 젊고 용감한 랜쳐, 베아트릭스 르뷰가 지구에서 1,000광년 떨어진 '머나먼 평야'에서 슬라임들과 씨름하며 생계를 꾸려나가는 이야기입니다. 긍정적인 마인드와 강인한 의지로 베아트릭스는 진공팩을 사용하여 끊임없이 말랑말랑하게 굴러나오는 슬라임들을 피하며 이름을 알리고, 부자가 되려 합니다. ‖ [Raft] Raft™ throws you and your friends into an epic oceanic adventure! Alone or together, players battle to survive a perilous voyage across a vast sea! Gather debris, scavenge reefs an",Clicker Heroes,"어드벤처, 캐주얼, 인디, RPG, 시뮬레이션, 전략, 무료 플레이",1초에 1000조 건의 대미지가 어떤 기분일지 궁금해본 적이 있나요? 더 이상 궁금해하지 마세요! 지금 바로 탐험을 떠나서 느껴보세요!,,,
B0391,A29,Salt and Sanctuary,"액션, 인디, RPG","[Salt and Sanctuary] 두렵고도 잔혹한 섬의 탐험을 시작합니다… Salt and Sanctuary는 신속하고, 잔인하며, 복잡한 전투 시스템을 지닌 2D RPG입니다. 저주받은 도시의 잊힌 영역이나, 피에 물든 던전이나, 오염된 기념비와 같은 장소를 돌아다니며, 한때 축복을 받았지만 지금은 타락하고 만 영주들을 조우하세요.",Void Sols,"액션, 어드벤처, 인디, RPG","가볍지만 무자비한 탑다운 미니멀리즘 소울라이크. 솔을 모아 레벨업하고, 추상적 판타지 세계의 비밀을 밝혀내세요.",,,
B0392,A28,Dordogne / A YEAR OF SPRINGS / Botany Manor,"어드벤처, 인디 / 캐주얼, 인디, 시뮬레이션 / 어드벤처","[Dordogne] 이 유년 시절의 여정에서 특별한 내러티브에 몰입하며 도르도뉴의 수천 가지 여름의 색을 탐험하고, 추억을 떠올리며 가족의 비밀을 밝히세요. ‖ [A YEAR OF SPRINGS] 세 명의 여성, 세 개의 이야기, 세 개의 봄. 세 명의 친구들이 사랑, 공감, 그리고 단지 함께하고 싶어하는 감정에 대한 방향을 찾아나가는 3 부작 비주얼 노벨 A YEAR OF SPRINGS 에서 하루, 에리카, 마나미의 이야기를 체험하세요. ‖ [Botany Manor] Welcome to Botany Manor, a stately home in 19th century England. You play as inhabitant Arabella Greene, a retired botanist. Explore your house and gardens, filled with research, t",Chill with You : Lo-Fi Story,"어드벤처, 캐주얼, 인디","『Chill with You : Lo-Fi Story』는 소설 쓰기를 좋아하고 상상력이 풍부한 소녀 사토네와 함께 데스크워크를 즐기는 힐링형 ADV입니다. 로파이 음악과 환경음, 그리고 풍경을 취향에 맞게 꾸미며 작업에 집중해 보세요! 함께 작업할수록 서로의 신뢰가 깊어지고, 언젠가는 사토네와 마음이 통하게 될지도 모릅니다…!",,,
B0393,A35,Project Zomboid / Don't Starve / The Forest,"인디, RPG, 시뮬레이션, 앞서 해보기 / 어드벤처, 인디, 시뮬레이션 / 액션, 어드벤처, 인디, 시뮬레이션","[Project Zomboid] Project Zomboid is the ultimate in zombie survival. Alone or in MP: you loot, build, craft, fight, farm and fish in a struggle to survive. A hardcore RPG skillset, a vast map, mass ‖ [Don't Starve] Don’t Starve is an uncompromising wilderness survival game full of science and magic. Enter a strange and unexplored world full of strange creatures, dangers, and surprises. Gather ‖ [The Forest] As the lone survivor of a passenger jet crash, you find yourself in a mysterious forest battling to stay alive against a society of cannibalistic mutants. Build, explore, survive i",PostCollapse,"어드벤처, 인디, 시뮬레이션","PostCollapse is a survival simulation game set after the collapse of civilization. Gather items from the ruins, construct tools, grow your own food, go fishing and hunting. Single player only. No Zombies.",,,
B0394,A29,Salt and Sanctuary,"액션, 인디, RPG","[Salt and Sanctuary] 두렵고도 잔혹한 섬의 탐험을 시작합니다… Salt and Sanctuary는 신속하고, 잔인하며, 복잡한 전투 시스템을 지닌 2D RPG입니다. 저주받은 도시의 잊힌 영역이나, 피에 물든 던전이나, 오염된 기념비와 같은 장소를 돌아다니며, 한때 축복을 받았지만 지금은 타락하고 만 영주들을 조우하세요.",DARK SOULS™ III,액션,"장르를 새로 개척했다는 평가를 들으며 많은 좋은 평가들을 얻고 있는 다크 소울 시리즈는 계속해서 한계를 넘어서, 더욱 야심찬 단계에 도전하고자 하고 있습니다. 준비를 하고 어둠을 밝히십시오!",,,
B0395,A16,The Talos Principle / Rust / Inscryption,"액션, 어드벤처, 인디 / 액션, 어드벤처, 인디, 대규모 멀티플레이어, RPG / 어드벤처, 인디, 전략","[The Talos Principle] 탈로스 법칙은 철학적 SF 소설의 전통을 따른 1인칭 퍼즐 게임입니다. 시리어스 샘을 개발한 크로팀에서 만들었으며, 톰 주버트(FTL, 더 스와퍼)와 조나스 카이라츠(바다는 모든 것을 요구한다.)가 스토리를 작성했습니다. ‖ [Rust] Rust에서의 목표는 오직 하나, 바로 살아남는 것입니다. 섬의 야생 동물, 다른 주민, 환경, 다른 생존자 모두가 여러분의 목숨을 노립니다. 하루 더 살아남을 수 있다면 수단과 방법을 가리지 마세요. ‖ [Inscryption] Inscryption은 검은 잉크로 그려진 카드를 기반으로 한 덱빌딩 로그라이크, 방탈출 퍼즐, 피가 흐르는 심리적 공포 등의 요소가 섞인 여정을 다룹니다. 카드에는 더 어두운 비밀이 새겨져 있습니다…","MAZEBOUND: Hunt, Gather, Run!","액션, 어드벤처, 인디","이 서바이벌 호러에서 당신은 바다에 둘러싸여 있고, 앞에는 거대한 문이 서 있습니다. 미로에 들어가 사냥하고, 채집하며, 살아남기 위해 달리세요. 혼자서든 친구와 함께든. 기억하세요: 배고픈 건 당신만이 아닙니다...",,,
B0396,A33,Garry's Mod / Team Fortress 2 / Left 4 Dead 2,"캐주얼, 인디, 시뮬레이션 / 액션, 무료 플레이 / 액션","[Garry's Mod] Garry's Mod is a physics sandbox. There aren't any predefined aims or goals. We give you the tools and leave you to play. ‖ [Team Fortress 2] 다양한 전술적 능력과 뚜렷한 개성을 갖춘 9가지 병과의 캐릭터를 플레이하세요. 끊임없이 업데이트되는 새로운 게임 모드, 맵, 장비 그리고 가장 중요한 모자까지 지금 바로 즐겨보세요! ‖ [Left 4 Dead 2] Set in the zombie apocalypse, Left 4 Dead 2 is a co-operative action horror FPS takes you and your friends through the cities, swamps and cemeteries of the Deep South, from Savanna",Planetoid Pioneers,"액션, 어드벤처, 인디, 레이싱","Explore deep circular worlds in this Physicsvania with couch Co-Op combat, crafting, and ridiculous physics fails! Also bring your own game ideas to life with the powerful engine and integrated game development tools. Each Planetoid is a whole separate game mode that you can fully edit and easily sh",,,
B0397,A33,Garry's Mod / Team Fortress 2 / Left 4 Dead 2,"캐주얼, 인디, 시뮬레이션 / 액션, 무료 플레이 / 액션","[Garry's Mod] Garry's Mod is a physics sandbox. There aren't any predefined aims or goals. We give you the tools and leave you to play. ‖ [Team Fortress 2] 다양한 전술적 능력과 뚜렷한 개성을 갖춘 9가지 병과의 캐릭터를 플레이하세요. 끊임없이 업데이트되는 새로운 게임 모드, 맵, 장비 그리고 가장 중요한 모자까지 지금 바로 즐겨보세요! ‖ [Left 4 Dead 2] Set in the zombie apocalypse, Left 4 Dead 2 is a co-operative action horror FPS takes you and your friends through the cities, swamps and cemeteries of the Deep South, from Savanna",Goofy Gorillas,"액션, 캐주얼, 인디","Relive your childhood nostalgia at Goofy Gorillas, the largest virtual jungle gym! Battle it out with your friends in a wide range of casual but intense PvP gamemodes, or chill out and take part in some extra activities around the venue! Make the Goofy experience your own!",,,
B0398,A22,Deck of Ashes / Dicefolk / Cubic Cosmos,"어드벤처, 인디, RPG, 전략 / 캐주얼, 인디, 전략 / 전략","[Deck of Ashes] 덱 오브 애쉬즈(Deck of Ashes)는 전술 카드 전투를 벌이는 어드벤처 게임입니다. 한 번에 한 캐릭터씩 안티히어로 일행을 이끌어 속죄의 여행을 떠나보세요. 저주받은 판타지 세계를 탐험하며 강력한 카드를 찾아보세요. 독특한 전투 덱을 형성하여 적들을 무찌르세요! 잿빛 저주의 세계를 제거하실 수 있겠습니까? ‖ [Dicefolk] 마법 주사위의 힘을 휘두르고 강력한 키메라 팀을 구축해보세요! 수수께끼의 악을 멈추기 위한 택티컬 덱빌딩 로그라이트 모험이 다가오고 있습니다. 키메라 소환사로서, 신화적인 짐승들을 모집하고 완벽한 팀을 만들고, 다이스포크만의 독특한 주사위 메커니즘을 활용하여 승리로 이끌어주세요. ‖ [Cubic Cosmos] Cubic Cosmos is a thrilling fast-paced roguelike card game. You have been trapped in a deadly game. One wrong move could see you reduced to a plaything of the goddess. Can you free",Into the Restless Ruins,"액션, 어드벤처, 인디, 전략","당신이 뚫고 나갈 던전을 생성하는 로그라이크 덱빌더 게임입니다. 매일 밤 카드 덱을 사용하여 폐허의 미궁을 확장하고, 당신의 설계대로 자동 전투를 펼치며, 길모어를 수확하여 처녀의 축복을 받으세요. 게임의 모든 내용은 스코틀랜드의 설화와 신화, 전설에서 영감을 얻은 것입니다.",,,
B0399,A19,ELDEN RING / Disco Elysium - The Final Cut / Outer Wilds,"액션, RPG / RPG / 액션, 어드벤처","[ELDEN RING] 본 게임은 본격적인 다크 판타지 세계를 무대로 한 액션 RPG입니다. 드넓은 필드와 던전 탐험을 통해 미지의 것들을 발견해 보세요. 앞길을 막아서는 난관과 그것을 극복했을 때의 달성감, 그리고 등장인물들의 의도가 교착하는 군상극도 즐기실 수 있습니다. ‖ [Disco Elysium - The Final Cut] 디스코 엘리시움 - 최종판은 획기적인 오픈 월드 롤플레잉 게임입니다. 당신은 독특한 스킬 시스템을 갖춘 형사로서 오롯한 도시 블록을 당신의 미래를 닦기 위해 다듬을 수 있습니다. 잊지 못할 등장인물들을 심문하거나, 살인 사건을 해결하거나, 뇌물을 받으세요. 영웅이 되거나 인류의 완전한 재앙이 되세요. ‖ [Outer Wilds] Giant Bomb, Polygon, Eurogamer, The Guardian에 의해 2019년 올해의 게임에 이름을 올리며 냉정한 호평과 수상 실적이 있는 Outer Wilds는 무한 시간 루프에 갇힌 태양계에 관한 공개된 세계의 미스터리 게임입니다.",Pale Coins,"액션, 어드벤처, 인디, RPG","올드스쿨 판타지 RPG, Pale Coins의 냉혹한 오픈 월드로 여행을 떠나 보세요. 인정사정 보지 않는 보스들과 고블린이 우글거리는 던전을 만나고 전설적인 무기를 발견하며 나만의 챔피언을 만들어가고, 전설적인 챔피언의 코인을 찾아 그렌마크 땅을 싸우며 가로지르세요.",,,
B0400,A29,Salt and Sanctuary,"액션, 인디, RPG","[Salt and Sanctuary] 두렵고도 잔혹한 섬의 탐험을 시작합니다… Salt and Sanctuary는 신속하고, 잔인하며, 복잡한 전투 시스템을 지닌 2D RPG입니다. 저주받은 도시의 잊힌 영역이나, 피에 물든 던전이나, 오염된 기념비와 같은 장소를 돌아다니며, 한때 축복을 받았지만 지금은 타락하고 만 영주들을 조우하세요.",Another Crab's Treasure,"액션, 어드벤처, 인디",활기찬 저 바다 속 왕국이 무너질 위기에 처했습니다. 소라게는 보물 사냥을 떠나 압류당한 껍질을 되찾으려 합니다. 두 번째 게임은 AGGRO CRAB입니다.,,,
B0401,A11,Forza Horizon 5 / Hi-Fi RUSH / Street Fighter 6,"액션, 어드벤처, 레이싱, 시뮬레이션, 스포츠 / 액션 / 액션, 어드벤처","[Forza Horizon 5] 세계 최고의 자동차를 타고 생동감 넘치는 멕시코의 대자연을 탐험하며 재미있는 드라이빙 액션을 마음껏 즐겨보세요. ‖ [Hi-Fi RUSH] 아케이드 챌린지! 업데이트!로 추가되는 두 개의 신규 게임 모드에서 여러분의 능력을 시험하고, 새로운 보상을 획득해 보세요. 몇 가지 비밀도 숨어 있답니다! 락 스타 지망생 차이가 되어 비트를 타고, 세상 모든 게 음악에 싱크되는 세계에서 오합지졸 팀과 함께 사악한 거대 기업에 맞서 싸우세요. ‖ [Street Fighter 6] 시리즈 최신작 『Street Fighter 6』, 2023년 6월 2일 발매 결정! RE ENGINE으로 개발된 본 작품은 대형 모드 「World Tour」, 「Fighting Ground」, 「Battle Hub」로 구성되어 있다. 새로운 「스트리트 파이터」에는 지금까지의 시리즈에는 없었던 새로운 체험이 기다리고 있다.",Two Worlds II HD,RPG,Check out the new Velvet Edition bundle including both Two Worlds II and Pirates of the Flying Fortress DLC.,,,
B0402,A03,Balatro / Hades / Vampire Survivors,"캐주얼, 인디, 전략 / 액션, 인디, RPG / 액션, 캐주얼, 인디, RPG","[Balatro] 포커 로그라이크 게임. Balatro는 불법 포커 패로 게임을 하고, 판을 뒤엎는 조커를 발견하고, 아드레날린이 치솟는 강력한 콤보를 만드는 덱 빌딩 게임입니다. ‖ [Hades] Bastion, Transistor, Pyre의 제작사에서 선보이는 이 로그라이크 던전 탐색형 게임에서 핵 앤 슬래시로 지하 세계를 탈출하고 죽음의 신에게 도전하세요. ‖ [Vampire Survivors] 수많은 어둠의 피조물을 쓰러뜨리며 새벽이 올 때까지 생존하세요! Vampire Survivors는 로그라이트 요소를 갖춘 고딕 호러 케주얼 게임입니다. 당신의 선택으로 순식간에 수백 마리의 괴물이 눈덩이처럼 불어날 수 있죠.",Heretical,"액션, 어드벤처, 인디, RPG, 앞서 해보기","죽어라. 적응하라. 복수하라. 잔혹한 로그라이크 액션 RPG에서 매번의 죽음이 새로운 힘, 영웅, 복수의 길을 여는 가운데, Sanctora 산을 정복하라.",,,
B0403,A07,Into the Breach / Monster Train / Mini Metro,"인디, RPG, 시뮬레이션, 전략 / 전략 / 인디, 시뮬레이션, 전략","[Into the Breach] 미래의 강력한 메크를 조종하여 외계 세력을 물리치세요. 이 턴제 전략 게임에서는 세계를 구하려 시도할 때마다 무작위로 새롭게 생성되는 도전이 여러분 앞에 나타납니다. ‖ [Monster Train] Monster Train is a strategic roguelike deck building game with a twist. Set on a train to hell, you’ll use tactical decision making to defend multiple vertical battlegrounds. With  ‖ [Mini Metro] 미니 메트로는 성장하는 도시를 위해 지하철 노선을 설계하는 게임입니다. 역과 역 사이에 노선을 그려서 열차 운행을 시작하세요. 새로운 역이 열리면 노선을 수정해서 노선도를 효율적으로 유지하세요. 한정된 자원을 어느 곳에 사용할 것인지 결정하세요. 도시를 얼마나 오래 유지할 수 있을까요?",Trainatic,"어드벤처, 캐주얼, 인디, 전략","Trainatic is an explosive incremental train-building game! Upgrade your cars, gather resources, and unlock powerful synergies to chug further down the track.",,,
B0404,A24,Valheim / Grounded / My Time at Portia,"액션, 어드벤처, 인디, RPG, 앞서 해보기 / 액션, 어드벤처 / 어드벤처, 캐주얼, 인디, RPG, 시뮬레이션","[Valheim] 북구 신화와 바이킹 문화에 기반한 판타지 세계를 배경으로 펼쳐지는 생존 및 탐험 게임. ‖ [Grounded] The world is a vast, beautiful and dangerous place – especially when you have been shrunk to the size of an ant. Can you thrive alongside the hordes of giant insects, fighting to s ‖ [My Time at Portia] 아름다운 Portia 마을에서 새 삶을 시작하세요! 아버지가 방치한 작업장에서 제작을 부탁받고, 작물을 키우고, 가축을 기르고, 아름다운 세기말의 땅에서 특이한 친구들을 사귀며 작업장을 예전의 멋진 모습으로 복원하세요.",holoVillage: Our Cozy Days,"어드벤처, 인디, RPG, 시뮬레이션","Farm, fish, mine, craft, and decorate your home in this cozy life sim. Venture into dungeons and take on bosses outside the village for some added excitement. Enjoy relaxing and thrilling moments alike with hololive talents as you shape your countryside life.",,,
B0405,A30,Stardew Valley / Slime Rancher / Raft,"인디, RPG, 시뮬레이션 / 액션, 어드벤처, 인디, 시뮬레이션 / 어드벤처, 인디, 시뮬레이션","[Stardew Valley] You've inherited your grandfather's old farm plot in Stardew Valley. Armed with hand-me-down tools and a few coins, you set out to begin your new life. Can you learn to live off th ‖ [Slime Rancher] 슬라임 랜쳐는 젊고 용감한 랜쳐, 베아트릭스 르뷰가 지구에서 1,000광년 떨어진 '머나먼 평야'에서 슬라임들과 씨름하며 생계를 꾸려나가는 이야기입니다. 긍정적인 마인드와 강인한 의지로 베아트릭스는 진공팩을 사용하여 끊임없이 말랑말랑하게 굴러나오는 슬라임들을 피하며 이름을 알리고, 부자가 되려 합니다. ‖ [Raft] Raft™ throws you and your friends into an epic oceanic adventure! Alone or together, players battle to survive a perilous voyage across a vast sea! Gather debris, scavenge reefs an",Camping Simulator: The Squad,"어드벤처, 인디, 시뮬레이션",Camping Simulator lets you experience what camp means by preparing your backpack wisely for challenging conditions of nature. You can play all the experiences with up to 8 friends in multiplayer mode or single player mode.,,,
B0406,A05,Opus Magnum,"인디, 시뮬레이션","[Opus Magnum] Opus Magnum은 SpaceChem, Infinifactory, SHENZHEN I/O를 제작한 Zachtronics의 신작 퍼즐게임입니다. 연금술사들의 최첨단 도구인 변성 기관을 이용해 물약과 독을 만들어내는 기계들을 설계하고 만들어 내세요!",Party Hard 2,"액션, 어드벤처, 인디, 시뮬레이션, 전략","확장된 파티 하드 우주에 오신 것을 환영합니다! 수백 가지의 수단을 선택하여 소란스러운 파티 참석자들을 상대하고, 마약 조직을 우연하게 파괴하고, 외계인의 침략으로부터 지구를 구하십시오. 겁장이들이 당신과 함께 하길!",,,
B0407,A34,Pid / ChromaGun / Deer & Boy,"어드벤처, 인디 / 액션, 어드벤처, 인디 / 액션, 어드벤처, 인디","[Pid] You are stranded on a strange and peculiar planet. It’s time to embark on your journey and find your way home! Explore a gravity defying and challenging platformer with striking vi ‖ [ChromaGun] Welcome to ChromaTec’s test lab! You’re here to test our state-of-the-art military-grade color-technology: The ChromaGun (patent pending)! Use it to solve our meticulously designed ‖ [Deer & Boy] 도망친 소년은 길 잃은 어린 사슴을 만나 고요하면서도 위태로운 세상을 함께 헤쳐 나갑니다. 퍼즐을 풀고, 높은 곳에 오르고, 위협을 피해 나아가며 당신의 동료는 연약한 아기 사슴에서 어엿한 사슴으로 성장하죠. 혼자서는 할 수 없었던 일을 함께 해내는 법을 배우게 됩니다.",WHAT THE CAR?,"액션, 어드벤처, 캐주얼, 인디, 레이싱","레이싱, 폭소, 놀라움이 가득한 터무니없고 우스꽝스러운 모험. 구르기, 점프, 날기, 재채기로 승리의 길을 가세요!",,,
B0408,A24,Valheim / Grounded / My Time at Portia,"액션, 어드벤처, 인디, RPG, 앞서 해보기 / 액션, 어드벤처 / 어드벤처, 캐주얼, 인디, RPG, 시뮬레이션","[Valheim] 북구 신화와 바이킹 문화에 기반한 판타지 세계를 배경으로 펼쳐지는 생존 및 탐험 게임. ‖ [Grounded] The world is a vast, beautiful and dangerous place – especially when you have been shrunk to the size of an ant. Can you thrive alongside the hordes of giant insects, fighting to s ‖ [My Time at Portia] 아름다운 Portia 마을에서 새 삶을 시작하세요! 아버지가 방치한 작업장에서 제작을 부탁받고, 작물을 키우고, 가축을 기르고, 아름다운 세기말의 땅에서 특이한 친구들을 사귀며 작업장을 예전의 멋진 모습으로 복원하세요.",Mirthwood,"RPG, 시뮬레이션","흥미진진한 중세 판타지 세계에서 무시무시한 몬스터들을 상대하며 매혹이 가득한 여정을 떠나요. 농장을 짓고 정착해 농사하며 작물을 사고파는 생활을 즐길 수도 있고, 검을 들고 모험가의 길을 갈 수도 있습니다.",,,
B0409,A33,Garry's Mod / Team Fortress 2 / Left 4 Dead 2,"캐주얼, 인디, 시뮬레이션 / 액션, 무료 플레이 / 액션","[Garry's Mod] Garry's Mod is a physics sandbox. There aren't any predefined aims or goals. We give you the tools and leave you to play. ‖ [Team Fortress 2] 다양한 전술적 능력과 뚜렷한 개성을 갖춘 9가지 병과의 캐릭터를 플레이하세요. 끊임없이 업데이트되는 새로운 게임 모드, 맵, 장비 그리고 가장 중요한 모자까지 지금 바로 즐겨보세요! ‖ [Left 4 Dead 2] Set in the zombie apocalypse, Left 4 Dead 2 is a co-operative action horror FPS takes you and your friends through the cities, swamps and cemeteries of the Deep South, from Savanna",ORION: Prelude,"액션, 어드벤처, 인디, RPG","Work together to survive the devastating Dinosaur horde in huge, endless environments.",,,
B0410,A28,Dordogne / A YEAR OF SPRINGS / Botany Manor,"어드벤처, 인디 / 캐주얼, 인디, 시뮬레이션 / 어드벤처","[Dordogne] 이 유년 시절의 여정에서 특별한 내러티브에 몰입하며 도르도뉴의 수천 가지 여름의 색을 탐험하고, 추억을 떠올리며 가족의 비밀을 밝히세요. ‖ [A YEAR OF SPRINGS] 세 명의 여성, 세 개의 이야기, 세 개의 봄. 세 명의 친구들이 사랑, 공감, 그리고 단지 함께하고 싶어하는 감정에 대한 방향을 찾아나가는 3 부작 비주얼 노벨 A YEAR OF SPRINGS 에서 하루, 에리카, 마나미의 이야기를 체험하세요. ‖ [Botany Manor] Welcome to Botany Manor, a stately home in 19th century England. You play as inhabitant Arabella Greene, a retired botanist. Explore your house and gardens, filled with research, t",Dreaming Sarah,"어드벤처, 캐주얼, 인디","Dreaming Sarah is an adventure platformer where you play as Sarah, a girl who is in a coma. Explore the world around her and help her wake up!",,,
B0411,A05,Opus Magnum,"인디, 시뮬레이션","[Opus Magnum] Opus Magnum은 SpaceChem, Infinifactory, SHENZHEN I/O를 제작한 Zachtronics의 신작 퍼즐게임입니다. 연금술사들의 최첨단 도구인 변성 기관을 이용해 물약과 독을 만들어내는 기계들을 설계하고 만들어 내세요!",Quell Memento,인디,논리적인 황홀한 zen게임은 당신의 두뇌를 시험하고 마음을 사로잡을 것입니다! 만사를 잊어버리세요. 이 황홀한 zen 퍼즐을 즐겨보세요.,,,
B0412,A05,Opus Magnum,"인디, 시뮬레이션","[Opus Magnum] Opus Magnum은 SpaceChem, Infinifactory, SHENZHEN I/O를 제작한 Zachtronics의 신작 퍼즐게임입니다. 연금술사들의 최첨단 도구인 변성 기관을 이용해 물약과 독을 만들어내는 기계들을 설계하고 만들어 내세요!",Sixty Four,"캐주얼, 인디, 시뮬레이션, 전략",Sixty Four의 세계로 뛰어들어 보세요. 여기서는 단순한 기계들을 번창하는 공장으로 변형시킵니다. 각각의 발전은 새로운 도전과 특별한 우주에 대한 더 깊은 이해를 가져다줍니다.,,,
B0413,A02,Still Life / Jenny LeClue - Detectivu / Telling Lies,"어드벤처 / 액션, 어드벤처, 캐주얼, 인디 / 어드벤처, 인디, 시뮬레이션",[Still Life] Still Life 2 also now available! ‖ [Jenny LeClue - Detectivu] Jenny LeClue - Detectivu는 조사와 선택지로 가득한 스릴 넘치는 미스터리 어드벤처 게임입니다. ‖ [Telling Lies] 네 명의 삶. 그리고 하나의 큰 거짓말. 아무도 모르게 녹화된 은밀한 대화를 들으며 진실을 알아내십시오. 큰 호평을 받았던 Her Story의 계승작입니다.,Aviary Attorney,"어드벤처, 인디","The hottest bird lawyering game to come out of 1840s France! Join Jayjay Falcon and his witty apprentice, Sparrowson, as the two take on clients, interview witnesses, collect evidence, and deliver justice to the guilty.",,,
B0414,A21,DARK SOULS™ III / The Witcher 3: Wild Hunt / The Elder Scrolls V: Skyrim Special Edition,액션 / RPG / RPG,"[DARK SOULS™ III] 장르를 새로 개척했다는 평가를 들으며 많은 좋은 평가들을 얻고 있는 다크 소울 시리즈는 계속해서 한계를 넘어서, 더욱 야심찬 단계에 도전하고자 하고 있습니다. 준비를 하고 어둠을 밝히십시오! ‖ [The Witcher 3: Wild Hunt] 리비아의 게롤트가 되어 의뢰를 받고 괴물을 사냥하세요. 전쟁의 상처가 가득하고 괴물이 들끓는 대륙을 마음껏 탐험해 보세요. 지금 가장 중요한 일은 대륙의 판도를 뒤바꿀 수도 있는 살아 있는 무기이자 예언의 아이, 시리를 추적하는 것입니다. ‖ [The Elder Scrolls V: Skyrim Special Edition] 200회 이상 올해의 게임에 선정된 The Elder Scrolls V: Skyrim Special Edition이 놀라운 디테일로 판타지에 생명을 불어넣었습니다. Special Edition에는 비평가들의 극찬을 받은 게임 및 새로운 기능이 포함된 애드온이 들어 있습니다.",Gothic 1 Remake,"액션, RPG",전설의 귀환! 광산의 협곡이 여러분의 귀환을 기다리고 있습니다! 오픈 월드 RPG 장르 자체를 정의한 명작이 충실한 리메이크작으로 돌아왔습니다. 제작진이 정성스럽게 만든 유기적 오픈 월드를 탐험하세요. 거칠지만 제약 없는 환경 속에서 어떤 행동을 하든 역동적인 반응이 펼쳐집니다.,,,
B0415,A15,서브노티카 / The Long Dark / No Man's Sky,"어드벤처, 인디 / 어드벤처, 인디, 시뮬레이션, 전략 / 액션, 어드벤처","[서브노티카] 위험과 경이로움이 가득한 외계의 바다 속으로 내려가세요. 장비를 제작하고, 잠수함을 조종하며 야생 생물보다 앞서가세요. 우거진 산호초, 화산, 동굴 같은 많은 장소들을 탐험하세요. 물론 살아남는 걸 잊으면 안 되겠죠. ‖ [The Long Dark] The Long Dark는 깊은 생각을 요구하는 탐험 생존 게임입니다. 플레이어는 지구 자기장 이상으로 인한 대재앙이 휩쓸고 간 세상에서 혼자 드넓은 설원 황무지를 탐험하며 살아남아야 합니다. 좀비는 등장하지 않으며 오직 플레이어와 추위, 그리고 자연 속의 위험들만 존재합니다. 고요한 종말의 세상에 오신 것을 환영합니다. ‖ [No Man's Sky] No Man's Sky는 무한히 펼쳐지는 우주에서의 탐험과 생존을 그린 SF 게임입니다.",Longvinter,"액션, 어드벤처, 대규모 멀티플레이어, RPG, 시뮬레이션","낚시, 농사, 제작, 수집, 요리, 전리품 획득 또는 다른 플레이어로부터 훔치기, 그리고 친구들과 함께 규칙 없는 오픈 월드 멀티플레이어 샌드박스 게임에서 캠프장이나 마을을 건설하세요!",,,
B0416,A13,Death's Door / Children of Morta / Roboquest / Spelunky 2 / Nuclear Throne / Streets of Rogue / Neon Abyss / Curse of the Dead Gods / Rogue Legacy 2 / Have a Nice Death,"액션, 어드벤처, 인디, RPG / 액션, 어드벤처, 인디, RPG / 액션, 인디 / 액션, 인디 / 액션, 인디, RPG / 액션, 어드벤처, 인디, RPG / 액션, 어드벤처, 인디, RPG / 액션, 어드벤처 / 액션, 어드벤처, 인디, RPG / 액션, 인디","[Death's Door] 죽은 자의 영혼을 수확하고 시간을 끝내는 것은 단조로울 수 있지만 까마귀에겐 평범한 일입니다. 하지만 주어진 영혼을 도둑맞게 되면 변화가 일어납니다. 영혼을 도난하고 죽음의 손길이 닿지 않는 영역으로 도망친 절망적인 도둑을 추적하십시오. ‖ [Children of Morta] Children of Morta는 비범한 가족 영웅에 대한 스토리 중심의 액션 RPG 게임입니다. 다가오는 부패에 맞서 모든 결함과 미덕을 갖춘 베르그송 가를 이끄세요. 여러분은 여러분이 아끼는 사람들을 구하기 위해 모든 것을 희생할 수 있으신가요? ‖ [Roboquest] 로보퀘스트는 멸망한 미래 세계의 빠른 FPS 로그라이트입니다. 당신은 재부팅된 수호자로, 강철 궁둥짝을 걷어 찰 준비를 하세요! 혼자서 혹은 친구와 함께 맞서거나 끊임없이 변화하는 환경에서 치명적인 로봇 군단을 섬멸하세요. ‖ [Spelunky 2] Spelunky 2 builds upon the unique, randomized challenges that made the original a roguelike classic, offering a huge adventure designed to satisfy players old and new. Meet the nex ‖ [Nuclear Throne] Nuclear Throne은 포스트 아포칼립스 세계관의 로그라이크 스타일 탑다운 슈터입니다. 여기서 말하는 포스트 아포칼립스는 '인류의 마지막 희망'이 남아 있는 세계가 아니라, '인류는 멸종했고 이제 돌연변이와 괴물들이 세상을 돌아다니는' 그런 세계입니다. 과연 당신은 뉴클리어 쓰론에 도달할 수 있을까요? ‖ [Streets of Rogue] 싸워서 몰래 들어가 임의 생성된 도시를 공격하세요. Nuclear Throne은 무법천지 GTA와 Deus Ex가 혼합된 형태입니다. Rogue-lite가 몰입도 높은 캐릭터를 만나 너무 재미있습니다. ‖ [Neon Abyss] Neon Abyss는 고속의 로그라이크 액션 플랫포머로, 하데스가 만든 '그림 스쿼드'의 일원이 되어 어비스로 총을 들고 뛰어드는 런 앤 건 게임입니다. 무한한 아이템 시너지와 던전 진화 시스템으로, 매번 게임을 할 때마다 다른 경험과 새로운 도전이 등장합니다. 진짜 지옥을 보여주세요! ‖ [Curse of the Dead Gods] 엄청난 부, 영원한 생명, 신성한 힘을 탐하는 마음이 당신을 끝없는 지옥 속의 미로, 치명적인 함정 및 몬스터가 우글거리는 이 저주받은 사원으로 이끌었습니다. ‖ [Rogue Legacy 2] 로그 레거시 2는 로그 레거시에 후속편을 끼얹은 작품입니다. 당신이 죽을 때마다 자식이 가업을 이어받습니다. 딸은 색맹 궁수이고 아들은 평화주의자 요리사일 수도 있죠. 어쨌거나 둘 중 한 명은 전장으로 나가야 합니다. ‖ [Have a Nice Death] Have a Nice Death는 과로에 고생하는 데스가 되어 플레이하는 2D 액션 로그라이크로, 통제 불능인 직원들 때문에 영혼의 균형과 데스의 휴가 계획이 틀어지고 말았습니다. 질서를 회복하려면 대낫을 들고 직원들과 서열 정리를 해야 합니다.",Magicite,"액션, 어드벤처, 인디, RPG","Explore, craft, and survive in this Multiplayer RPG Platformer with permanent death! Featuring many Rogue-like elements, Magicite randomly generates each underground dungeon for you and your friends to delve deep into.",,,
B0417,A05,Opus Magnum,"인디, 시뮬레이션","[Opus Magnum] Opus Magnum은 SpaceChem, Infinifactory, SHENZHEN I/O를 제작한 Zachtronics의 신작 퍼즐게임입니다. 연금술사들의 최첨단 도구인 변성 기관을 이용해 물약과 독을 만들어내는 기계들을 설계하고 만들어 내세요!",Photochemistry,"인디, 시뮬레이션",Photochemistry is a challenging 2D puzzle game about synthesizing chemicals to sustain plant life in a post-apocalyptic setting. Design and construct elaborate mechanisms to produce complex compounds from simple particles.,,,
B0418,A05,Opus Magnum,"인디, 시뮬레이션","[Opus Magnum] Opus Magnum은 SpaceChem, Infinifactory, SHENZHEN I/O를 제작한 Zachtronics의 신작 퍼즐게임입니다. 연금술사들의 최첨단 도구인 변성 기관을 이용해 물약과 독을 만들어내는 기계들을 설계하고 만들어 내세요!",Execute,"인디, 시뮬레이션, 전략",저주받은 Win98 데스크톱에서 단두대로 전 세계를 처형하라,,,
B0419,A19,ELDEN RING / Disco Elysium - The Final Cut / Outer Wilds,"액션, RPG / RPG / 액션, 어드벤처","[ELDEN RING] 본 게임은 본격적인 다크 판타지 세계를 무대로 한 액션 RPG입니다. 드넓은 필드와 던전 탐험을 통해 미지의 것들을 발견해 보세요. 앞길을 막아서는 난관과 그것을 극복했을 때의 달성감, 그리고 등장인물들의 의도가 교착하는 군상극도 즐기실 수 있습니다. ‖ [Disco Elysium - The Final Cut] 디스코 엘리시움 - 최종판은 획기적인 오픈 월드 롤플레잉 게임입니다. 당신은 독특한 스킬 시스템을 갖춘 형사로서 오롯한 도시 블록을 당신의 미래를 닦기 위해 다듬을 수 있습니다. 잊지 못할 등장인물들을 심문하거나, 살인 사건을 해결하거나, 뇌물을 받으세요. 영웅이 되거나 인류의 완전한 재앙이 되세요. ‖ [Outer Wilds] Giant Bomb, Polygon, Eurogamer, The Guardian에 의해 2019년 올해의 게임에 이름을 올리며 냉정한 호평과 수상 실적이 있는 Outer Wilds는 무한 시간 루프에 갇힌 태양계에 관한 공개된 세계의 미스터리 게임입니다.",The Boss Gangster: Criminal Empire,"액션, 인디, RPG, 시뮬레이션, 전략, 앞서 해보기","거리의 잔챙이에서 범죄 세계의 보스로 성장하세요. 역동적인 오픈월드 샌드박스에서 사업을 운영하고 법망을 피해 다니며, 모든 행동에 반응하는 도시 속에서 자신만의 범죄 제국을 구축해 보세요.",,,
B0420,A12,Baldur's Gate 3 / Mount & Blade II: Bannerlord / Kenshi,"어드벤처, RPG, 전략 / 액션, 인디, RPG, 시뮬레이션, 전략 / 액션, 인디, RPG, 시뮬레이션, 전략","[Baldur's Gate 3] Baldur’s Gate 3 is a story-rich, party-based RPG set in the universe of Dungeons & Dragons, where your choices shape a tale of fellowship and betrayal, survival and sacrifice, and  ‖ [Mount & Blade II: Bannerlord] 본 게임은 전략/액션 RPG입니다. 캐릭터를 생성하고, 외교에 참여하고, 제작, 거래를 하고, 방대한 중세풍의 샌드박스에서 새로운 땅을 정복하십시오. 군대를 일으켜 전쟁에 뛰어들고, 깊이가 있으나 직관적인 실력 기반의 전투 시스템을 채용한 대규모 실시간 전투에서 자신의 부대에 명령을 내리고 함께 싸우십시오. ‖ [Kenshi] 자유롭게 돌아다니는 분대 기반의 RPG. 스토리를 따라가는 대신 제한 없는 샌드박스식 게임플레이에 중점을 두었습니다. 무역상, 도둑, 반란군, 전쟁 군주, 모험가, 농부, 노예 등 다양한 삶을 체험할 수 있습니다. 운이 나쁘면 식인종의 먹잇감으로 전락할지도 모르죠. 새로운 장비를 연구하거나 제작해 보세요.",Longvinter,"액션, 어드벤처, 대규모 멀티플레이어, RPG, 시뮬레이션","낚시, 농사, 제작, 수집, 요리, 전리품 획득 또는 다른 플레이어로부터 훔치기, 그리고 친구들과 함께 규칙 없는 오픈 월드 멀티플레이어 샌드박스 게임에서 캠프장이나 마을을 건설하세요!",,,
B0421,A06,Cities: Skylines / Factorio / Farming Simulator 22,"시뮬레이션, 전략 / 캐주얼, 인디, 시뮬레이션, 전략 / 시뮬레이션","[Cities: Skylines] Cities: Skylines is a modern take on the classic city simulation. The game introduces new game play elements to realize the thrill and hardships of creating and maintaining a real  ‖ [Factorio] Factorio는 무한한 2D 세상에서 복잡성이 증가하는 아이템을 생산하기 위해 자동화 공장을 만드는 게임입니다. - 당신의 상상력으로 공장을 설계, 독창적인 방법으로 간단한 요소를 결합하고 마지막엔 당신을 좋아하지 않는 생물들로 부터 공장을 지키세요. ‖ [Farming Simulator 22] 농장을 만들고 농사를 즐기세요! 작물을 수확하고, 동물을 돌보고, 생산을 관리하고, 계절에 따른 어려움을 이겨내세요.",Blockscape,"캐주얼, 인디, RPG, 시뮬레이션, 전략, 앞서 해보기",The ultimate block building game.,,,
B0422,A01,It Takes Two / Overcooked! 2 / What Remains of Edith Finch,"액션, 어드벤처 / 액션, 캐주얼, 인디 / 어드벤처, 인디","[It Takes Two] It Takes Two에서 생애 가장 정신없는 여정을 시작하세요. 친구가 무료로 참가할 수 있게 친구 패스*로 초대하고, 함께 힘을 합쳐서 수많은 유쾌하고 획기적인 게임 플레이 챌린지를 헤쳐나가세요. ‖ [Overcooked! 2] 혼란스러운 요리 액션으로 가득한 Overcooked가 돌아왔습니다! 양파 왕국으로 돌아가는 여행을 떠나세요. 클래식 협동 또는 온라인 플레이에서 셰프 팀을 만들어서 최대 4명까지 플레이하세요. 앞치마를 준비하세요... 다시 세상을 구할 때가 되었습니다! ‖ [What Remains of Edith Finch] What Remains of Edith Finch(워트 리메인스 오브 에디스 핀치)는 워싱턴 주에 있는 어느 가족에 대한 이상한 이야기의 모음입니다. 플레이어는 에디스가 되어 거대한 핀치 가택을 탐사하고, 가족사를 연구하며 이야기를 찾고, 왜 가족 중에서 그녀만 살아남았는지 알아내야 합니다. 각 이야기는 새로운 가족 구성",Super Battle Golf,"캐주얼, 인디, 스포츠","최대 8명까지 즐길 수 있는 온라인 골프 게임! 홀을 향한 광란의 질주에서 스윙이나 슛, 방해 등 수단과 방법을 가리지 말고 1등을 노리세요!",,,
B0423,A04,Hollow Knight / Dead Cells / Celeste,"액션, 어드벤처, 인디 / 액션, 어드벤처, 인디 / 액션, 어드벤처, 인디","[Hollow Knight] 할로우 나이트에서 자신만의 길을 구축하세요! 크게 파괴된 곤충과 영웅의 왕국을 통한 서사 액션 어드벤처입니다. 손으로 그린 클래식 2D 스타일로 구불구불한 동굴을 탐험하고 오염된 생물과 싸우고 이상한 곤충들과 친구가 되어 보세요. ‖ [Dead Cells] 데드 셀(Dead Cells)는 메트로배니아에서 영감을 받은 로그라이트 액션 플랫포머 게임입니다. 2D 소울 라이트 전투에서 성을 지키는 수호자들을 물리치고 끊임없이 변화하는 거대한 성을 탐험하게 됩니다. 세이브 포인트는 없습니다. 죽이고, 죽고, 배우고, 반복하세요. ‖ [Celeste] 타워폴(TowerFall) 시리즈의 개발자들이 만든 이 초밀착형 플랫폼 게임을 플레이하고, 매들린이 셀레스트 산 정상으로 향하는 여정에서 내면의 악마에게서 살아남을 수 있게 도와주세요. 한땀 한땀 손수 제작한 수백 가지의 도전 과제에 맞서고, 사악한 비밀을 밝혀내고, 산에 숨겨진 수수께끼를 풀어보세요.",Dungeon door,"액션, 어드벤처, 캐주얼, 인디","2D 픽셀 아트 액션 로그라이크 게임인 던전 도어에서 끊임없이 변화하는 심연을 탐험하세요. 문을 열어 독특한 도전에 맞서고, 검과 방패를 활용한 전략적인 방향 전투를 마스터하세요. 아이템을 수집하고, 적의 패턴을 파악하고, 미스터리를 헤쳐나가세요.",,,
B0424,A26,RimWorld / Oxygen Not Included / Unpacking 언패킹,"인디, 시뮬레이션, 전략 / 인디, 시뮬레이션 / 캐주얼, 인디, 시뮬레이션","[RimWorld] 지능형 AI 이야기꾼이 주도하는 공상과학 정착지 시뮬레이터입니다. 심리, 생태, 총격전과 근접전, 날씨, 기후, 외교, 사람 사이의 관계, 예술, 의학, 무역, 그 외 많은 것들을 시뮬레이션하여 이야기를 생성합니다. ‖ [Oxygen Not Included] Oxygen Not Included는 우주 콜로니 시뮬레이션 게임입니다. 외계의 우주 암석 깊은 곳에서 근면한 일꾼들은 생존하고 나아가 번영하기 위해 과학을 마스터하고, 낯선 새로운 생명체에 맞서며, 경이로운 우주 테크놀로지를 활용해야 합니다. ‖ [Unpacking 언패킹] Unpacking은 상자에서 짐을 꺼내 새집에 맞게 배치하는 친숙한 체험에 대한 명상적 퍼즐 게임입니다. 게임의 일부인 블록 맞추기 게임과 집 꾸미기를 하는 동안, 푸는 짐에 닮긴 삶의 실마리를 찾아가며 만족할 만한 생활 공간을 만들어 보세요.",Sunshine Heavy Industries,"캐주얼, 인디, 시뮬레이션","Welcome to Sunshine Heavy Industries! As the new spaceship engineer, solve increasingly tricky design puzzles with your own personal style. Manage customer demands, juggle budget and ship performance, and survive the questionable decision making skills of your business partner.",,,
B0425,A16,The Talos Principle / Rust / Inscryption,"액션, 어드벤처, 인디 / 액션, 어드벤처, 인디, 대규모 멀티플레이어, RPG / 어드벤처, 인디, 전략","[The Talos Principle] 탈로스 법칙은 철학적 SF 소설의 전통을 따른 1인칭 퍼즐 게임입니다. 시리어스 샘을 개발한 크로팀에서 만들었으며, 톰 주버트(FTL, 더 스와퍼)와 조나스 카이라츠(바다는 모든 것을 요구한다.)가 스토리를 작성했습니다. ‖ [Rust] Rust에서의 목표는 오직 하나, 바로 살아남는 것입니다. 섬의 야생 동물, 다른 주민, 환경, 다른 생존자 모두가 여러분의 목숨을 노립니다. 하루 더 살아남을 수 있다면 수단과 방법을 가리지 마세요. ‖ [Inscryption] Inscryption은 검은 잉크로 그려진 카드를 기반으로 한 덱빌딩 로그라이크, 방탈출 퍼즐, 피가 흐르는 심리적 공포 등의 요소가 섞인 여정을 다룹니다. 카드에는 더 어두운 비밀이 새겨져 있습니다…",Occlude,"인디, 전략",Occlude는 Solitaire로 위장한 의식입니다. 규칙이 숨겨져 있고 현실이 위태로운 우주 공포 테마의 카드 게임입니다. 이 싱글플레이어 내러티브 퍼즐 게임에서 암호 같은 도전을 통해 금지된 지식을 밝혀내세요. 걱정 마세요. 언제든 처음부터 다시 시작할 수 있습니다.,,,
B0426,A16,The Talos Principle / Rust / Inscryption,"액션, 어드벤처, 인디 / 액션, 어드벤처, 인디, 대규모 멀티플레이어, RPG / 어드벤처, 인디, 전략","[The Talos Principle] 탈로스 법칙은 철학적 SF 소설의 전통을 따른 1인칭 퍼즐 게임입니다. 시리어스 샘을 개발한 크로팀에서 만들었으며, 톰 주버트(FTL, 더 스와퍼)와 조나스 카이라츠(바다는 모든 것을 요구한다.)가 스토리를 작성했습니다. ‖ [Rust] Rust에서의 목표는 오직 하나, 바로 살아남는 것입니다. 섬의 야생 동물, 다른 주민, 환경, 다른 생존자 모두가 여러분의 목숨을 노립니다. 하루 더 살아남을 수 있다면 수단과 방법을 가리지 마세요. ‖ [Inscryption] Inscryption은 검은 잉크로 그려진 카드를 기반으로 한 덱빌딩 로그라이크, 방탈출 퍼즐, 피가 흐르는 심리적 공포 등의 요소가 섞인 여정을 다룹니다. 카드에는 더 어두운 비밀이 새겨져 있습니다…",The Last Campfire,"어드벤처, 인디",라스트 캠프파이어는 장작이 다 타고 남은 잉걸불이 신비로운 세상을 방랑하며 삶의 의미와 집으로 가는 길을 찾는 내용의 모험 게임입니다.,,,
B0427,A35,Project Zomboid / Don't Starve / The Forest,"인디, RPG, 시뮬레이션, 앞서 해보기 / 어드벤처, 인디, 시뮬레이션 / 액션, 어드벤처, 인디, 시뮬레이션","[Project Zomboid] Project Zomboid is the ultimate in zombie survival. Alone or in MP: you loot, build, craft, fight, farm and fish in a struggle to survive. A hardcore RPG skillset, a vast map, mass ‖ [Don't Starve] Don’t Starve is an uncompromising wilderness survival game full of science and magic. Enter a strange and unexplored world full of strange creatures, dangers, and surprises. Gather ‖ [The Forest] As the lone survivor of a passenger jet crash, you find yourself in a mysterious forest battling to stay alive against a society of cannibalistic mutants. Build, explore, survive i",Start Over,"액션, 어드벤처, 인디, 시뮬레이션","Embark on an unpredictable survival journey in Start Over. Solo, co-op, online, explore diverse landscapes, craft through 4 tech tiers, encounter wildlife, and trade or raid for resources. Choose your path, defend against waves, and shape your destiny in a dynamic world. Are you ready to Start Over?",,,
B0428,A25,DOOMBLADE / Transiruby / Blast Brigade vs. the Evil Legion of Dr. Cread,"액션, 어드벤처, 인디 / 액션 / 액션, 어드벤처, 인디","[DOOMBLADE] Deep underground, Gloom Girl discovers DOOMBLADE, a sentient weapon hellbent on escape after eons in chains. Together, “Doom and Gloom” embark on a vengeful quest to unlock the pow ‖ [Transiruby] 차원 대륙의 의문을 풀어라! 는 사이보그 소녀 실비가 검과 엘리먼트 샷으로 적을 쓰러뜨리며 앞으로 나아가는 탐색형 액션 게임입니다! ‖ [Blast Brigade vs. the Evil Legion of Dr. Cread] 스릴 넘치는 플랫포밍과 깊이 있는 탐험 세계, 폭발적인 액션으로 가득한 2D 메트로이드배니아 어드벤처 게임을 즐겨보세요! Blast Brigade에서 영웅들로 팀을 구성해 세계를 구하세요!",Arisen Force: HeroTest,"액션, 어드벤처, 인디, RPG","Experience stylish-action battles and beautiful pixel art, summon heroes across time and space, and challenge the magic tower to save the heroic spirits and goddesses!",,,
B0429,A03,Balatro / Hades / Vampire Survivors,"캐주얼, 인디, 전략 / 액션, 인디, RPG / 액션, 캐주얼, 인디, RPG","[Balatro] 포커 로그라이크 게임. Balatro는 불법 포커 패로 게임을 하고, 판을 뒤엎는 조커를 발견하고, 아드레날린이 치솟는 강력한 콤보를 만드는 덱 빌딩 게임입니다. ‖ [Hades] Bastion, Transistor, Pyre의 제작사에서 선보이는 이 로그라이크 던전 탐색형 게임에서 핵 앤 슬래시로 지하 세계를 탈출하고 죽음의 신에게 도전하세요. ‖ [Vampire Survivors] 수많은 어둠의 피조물을 쓰러뜨리며 새벽이 올 때까지 생존하세요! Vampire Survivors는 로그라이트 요소를 갖춘 고딕 호러 케주얼 게임입니다. 당신의 선택으로 순식간에 수백 마리의 괴물이 눈덩이처럼 불어날 수 있죠.",HELLCARD,"어드벤처, 인디, RPG, 전략","헬카드는 독특한 협동 덱 빌더 로그라이크 게임입니다. 혼자서 종이 던전으로 내려가거나, 컴퓨터로 조종되는 동료를 모집하거나, 다른 플레이어의 로비에 합류해 어둠의 군대와 대악마에 맞서 빠르게 진행되는 전술 카드 전투를 벌이세요!",,,
B0430,A18,Euro Truck Simulator 2 / BeamNG.drive / 아세토 코르사 Assetto Corsa,"인디, 시뮬레이션 / 레이싱, 시뮬레이션, 앞서 해보기 / 인디, 레이싱, 시뮬레이션, 스포츠","[Euro Truck Simulator 2] 도로의 왕이 되어 인상적인 거리를 가로질러 중요한 화물을 배달하는 트럭 운전사가 되어 유럽을 여행하세요! 탐험할 도시가 수십 개나 되므로, 당신의 인내심, 기술, 속도가 모두 한계에 도달할 것입니다. ‖ [BeamNG.drive] 뭐든지 할 수 있는 동적 소프트 보디 물리 시뮬레이터입니다. ‖ [아세토 코르사 Assetto Corsa] 아세토 코르사(Assetto Corsa) v1.16은 새로운 레이저 스캔 트랙 ""라구나 세카(Laguna Seca)"" 및 기다리던 Alfa Romeo Giulia Quadrifoglio를 포함한 7개의 신차를 소개합니다! 체인지로그에서 더 자세한 내용을 확인하세요!",소닉 레이싱 크로스월드,"액션, 어드벤처, 레이싱","『소닉 레이싱 크로스월드』로 체험하는 예측 불능 경이로운 레이스 배틀! 육지, 바다, 하늘… 그리고 '트래블 링' 너머의 새로운 세계로. 궁극의 머신을 만들고 아이템을 활용하여 나만의 플레이 스타일을 추구하자! 다양한 온라인 & 오프라인 모드로 전 세계 플레이어와 협력, 대전하여 승리를 거머쥐어라!",,,
B0431,A26,RimWorld / Oxygen Not Included / Unpacking 언패킹,"인디, 시뮬레이션, 전략 / 인디, 시뮬레이션 / 캐주얼, 인디, 시뮬레이션","[RimWorld] 지능형 AI 이야기꾼이 주도하는 공상과학 정착지 시뮬레이터입니다. 심리, 생태, 총격전과 근접전, 날씨, 기후, 외교, 사람 사이의 관계, 예술, 의학, 무역, 그 외 많은 것들을 시뮬레이션하여 이야기를 생성합니다. ‖ [Oxygen Not Included] Oxygen Not Included는 우주 콜로니 시뮬레이션 게임입니다. 외계의 우주 암석 깊은 곳에서 근면한 일꾼들은 생존하고 나아가 번영하기 위해 과학을 마스터하고, 낯선 새로운 생명체에 맞서며, 경이로운 우주 테크놀로지를 활용해야 합니다. ‖ [Unpacking 언패킹] Unpacking은 상자에서 짐을 꺼내 새집에 맞게 배치하는 친숙한 체험에 대한 명상적 퍼즐 게임입니다. 게임의 일부인 블록 맞추기 게임과 집 꾸미기를 하는 동안, 푸는 짐에 닮긴 삶의 실마리를 찾아가며 만족할 만한 생활 공간을 만들어 보세요.",Piñata Go Boom,"캐주얼, 인디, 시뮬레이션, 전략","A small incremental game about smashing piñatas, collecting toys, and climbing the corporate ladder as you unlock a vast upgrade tree.",,,
B0432,A35,Project Zomboid / Don't Starve / The Forest,"인디, RPG, 시뮬레이션, 앞서 해보기 / 어드벤처, 인디, 시뮬레이션 / 액션, 어드벤처, 인디, 시뮬레이션","[Project Zomboid] Project Zomboid is the ultimate in zombie survival. Alone or in MP: you loot, build, craft, fight, farm and fish in a struggle to survive. A hardcore RPG skillset, a vast map, mass ‖ [Don't Starve] Don’t Starve is an uncompromising wilderness survival game full of science and magic. Enter a strange and unexplored world full of strange creatures, dangers, and surprises. Gather ‖ [The Forest] As the lone survivor of a passenger jet crash, you find yourself in a mysterious forest battling to stay alive against a society of cannibalistic mutants. Build, explore, survive i",SURVIVAL: Postapocalypse Now,"액션, 어드벤처, 인디, 대규모 멀티플레이어, 시뮬레이션","Want to survive? - Arm yourself and survive. Crafting, shooting, transport and much more awaits you in the Survival game. What happened to the world around and why he died - you may find out. But is this the main question now?",,,
B0433,A08,Sid Meier’s Civilization® VI / XCOM® 2 / Stellaris,"전략 / 전략 / 시뮬레이션, 전략","[Sid Meier’s Civilization® VI] 문명 VI 에서는 새로운 방식으로 세상과 소통하고, 제국의 영토를 확장시키며, 문화를 발전시키고, 역사속 위대한 지도자들에 맞서 오래도록 지속될 나만의 문명을 건설해볼 수 있습니다. 클레오파트라를 비롯한 20명의 역사 속 지도자들 중 한명으로 플레이 해보세요. ‖ [XCOM® 2] XCOM 2는 수상 경력이 있는 전략 게임 XCOM: Enemy Unknown의 속편입니다. 인류가 외계인 침략군에게 항복한 지 20년, 이제 지구 상에는 새로운 세계 질서가 존재합니다. 수년간을 어둠 속에서 숨어 있었던 XCOM 부대는 반드시 일어나 외계인의 지배를 무너뜨릴 것입니다. ‖ [Stellaris] 항성간 여행을 통해 우주를 탐험하며 수많은 종족들도 만나보세요. 과학선을 보내 우주를 조사하고 탐험하면서 은하 제국을 건설하고, 건축선을 보내 새로 발견한 행성에 기지를 건설하세요. 소속 사회를 위한 탐험에 나서 매장된 보물과 은하계의 경이를 발견하고, 탐험가의 한계치와 진화 범위를 설정하세요. 동맹이 체결되고, 전쟁이 ",Quake 4,액션,여러분은 Rhino Squad의 일원이 되어 적대적인 외계 행성에 대한 지구의 군사 침공을 지휘해야 합니다. 하지만 무자비한 적으로부터 인류의 생존을 지켜야 하는 이 절박한 전쟁에서 저들을 물리칠 수 있는 유일한 방법은... 저들처럼 되는 것입니다.,,,
B0434,A28,Dordogne / A YEAR OF SPRINGS / Botany Manor,"어드벤처, 인디 / 캐주얼, 인디, 시뮬레이션 / 어드벤처","[Dordogne] 이 유년 시절의 여정에서 특별한 내러티브에 몰입하며 도르도뉴의 수천 가지 여름의 색을 탐험하고, 추억을 떠올리며 가족의 비밀을 밝히세요. ‖ [A YEAR OF SPRINGS] 세 명의 여성, 세 개의 이야기, 세 개의 봄. 세 명의 친구들이 사랑, 공감, 그리고 단지 함께하고 싶어하는 감정에 대한 방향을 찾아나가는 3 부작 비주얼 노벨 A YEAR OF SPRINGS 에서 하루, 에리카, 마나미의 이야기를 체험하세요. ‖ [Botany Manor] Welcome to Botany Manor, a stately home in 19th century England. You play as inhabitant Arabella Greene, a retired botanist. Explore your house and gardens, filled with research, t",Your way,"어드벤처, 캐주얼, 인디",Your Way is a travel simulator with a conundrum element. Here you can walk through the forest and admire nature.,,,
B0435,A11,Forza Horizon 5 / Hi-Fi RUSH / Street Fighter 6,"액션, 어드벤처, 레이싱, 시뮬레이션, 스포츠 / 액션 / 액션, 어드벤처","[Forza Horizon 5] 세계 최고의 자동차를 타고 생동감 넘치는 멕시코의 대자연을 탐험하며 재미있는 드라이빙 액션을 마음껏 즐겨보세요. ‖ [Hi-Fi RUSH] 아케이드 챌린지! 업데이트!로 추가되는 두 개의 신규 게임 모드에서 여러분의 능력을 시험하고, 새로운 보상을 획득해 보세요. 몇 가지 비밀도 숨어 있답니다! 락 스타 지망생 차이가 되어 비트를 타고, 세상 모든 게 음악에 싱크되는 세계에서 오합지졸 팀과 함께 사악한 거대 기업에 맞서 싸우세요. ‖ [Street Fighter 6] 시리즈 최신작 『Street Fighter 6』, 2023년 6월 2일 발매 결정! RE ENGINE으로 개발된 본 작품은 대형 모드 「World Tour」, 「Fighting Ground」, 「Battle Hub」로 구성되어 있다. 새로운 「스트리트 파이터」에는 지금까지의 시리즈에는 없었던 새로운 체험이 기다리고 있다.",Fighting Robots,"액션, 인디, 대규모 멀티플레이어, 스포츠","Fight to the death with your friends locally in the epic battle of Robot88 with your created blows, or search for an opponent online among other robots.",,,
B0436,A29,Salt and Sanctuary,"액션, 인디, RPG","[Salt and Sanctuary] 두렵고도 잔혹한 섬의 탐험을 시작합니다… Salt and Sanctuary는 신속하고, 잔인하며, 복잡한 전투 시스템을 지닌 2D RPG입니다. 저주받은 도시의 잊힌 영역이나, 피에 물든 던전이나, 오염된 기념비와 같은 장소를 돌아다니며, 한때 축복을 받았지만 지금은 타락하고 만 영주들을 조우하세요.",Coral & The Abyss,"액션, 어드벤처, 인디, RPG","숨겨진 비밀, 강력한 적, 잃어버린 기억, 그리고 실패한 임무의 섬뜩한 잔해로 가득한, 파괴되고 서로 연결된 세계를 탐험하라.",,,
B0437,A28,Dordogne / A YEAR OF SPRINGS / Botany Manor,"어드벤처, 인디 / 캐주얼, 인디, 시뮬레이션 / 어드벤처","[Dordogne] 이 유년 시절의 여정에서 특별한 내러티브에 몰입하며 도르도뉴의 수천 가지 여름의 색을 탐험하고, 추억을 떠올리며 가족의 비밀을 밝히세요. ‖ [A YEAR OF SPRINGS] 세 명의 여성, 세 개의 이야기, 세 개의 봄. 세 명의 친구들이 사랑, 공감, 그리고 단지 함께하고 싶어하는 감정에 대한 방향을 찾아나가는 3 부작 비주얼 노벨 A YEAR OF SPRINGS 에서 하루, 에리카, 마나미의 이야기를 체험하세요. ‖ [Botany Manor] Welcome to Botany Manor, a stately home in 19th century England. You play as inhabitant Arabella Greene, a retired botanist. Explore your house and gardens, filled with research, t",Back to Hearth,캐주얼,"Step into a quiet, abandoned Ukrainian village, left empty after the Calamity. In this short, meditative, and melancholic journey, you’ll rekindle the hearths of deserted homes, restoring warmth and hope to the families who once lived here.",,,
B0438,A15,서브노티카 / The Long Dark / No Man's Sky,"어드벤처, 인디 / 어드벤처, 인디, 시뮬레이션, 전략 / 액션, 어드벤처","[서브노티카] 위험과 경이로움이 가득한 외계의 바다 속으로 내려가세요. 장비를 제작하고, 잠수함을 조종하며 야생 생물보다 앞서가세요. 우거진 산호초, 화산, 동굴 같은 많은 장소들을 탐험하세요. 물론 살아남는 걸 잊으면 안 되겠죠. ‖ [The Long Dark] The Long Dark는 깊은 생각을 요구하는 탐험 생존 게임입니다. 플레이어는 지구 자기장 이상으로 인한 대재앙이 휩쓸고 간 세상에서 혼자 드넓은 설원 황무지를 탐험하며 살아남아야 합니다. 좀비는 등장하지 않으며 오직 플레이어와 추위, 그리고 자연 속의 위험들만 존재합니다. 고요한 종말의 세상에 오신 것을 환영합니다. ‖ [No Man's Sky] No Man's Sky는 무한히 펼쳐지는 우주에서의 탐험과 생존을 그린 SF 게임입니다.",짧은 눈 / Short Snow,"액션, 어드벤처, 인디, 시뮬레이션","현실적인 오픈월드 생존 경험. 끔찍한 비행기 추락 사고 이후, 당신은 야생에 고립됩니다. 살을 에는 추위와 굶주림 속에서 근육을 서서히 마비시켜 희생자를 움직일 수 없게 만들고 혹독한 추위에 맡겨 버리는 정체불명의 바이러스와 마주하게 됩니다.",,,
B0439,A02,Still Life / Jenny LeClue - Detectivu / Telling Lies,"어드벤처 / 액션, 어드벤처, 캐주얼, 인디 / 어드벤처, 인디, 시뮬레이션",[Still Life] Still Life 2 also now available! ‖ [Jenny LeClue - Detectivu] Jenny LeClue - Detectivu는 조사와 선택지로 가득한 스릴 넘치는 미스터리 어드벤처 게임입니다. ‖ [Telling Lies] 네 명의 삶. 그리고 하나의 큰 거짓말. 아무도 모르게 녹화된 은밀한 대화를 들으며 진실을 알아내십시오. 큰 호평을 받았던 Her Story의 계승작입니다.,The Suicide of Rachel Foster,"어드벤처, 캐주얼, 인디","오랜 세월 후에 가족이 경영하던 호텔로 돌아왔다가 과거의 망령에 붙들리고 만 한 여인. 그녀는 본연의 강한 의지력을 바탕으로, 오로지 낡은 무선 전화 한 대에 기대어 끔찍한 진실을 밝혀내야 합니다.",,,
B0440,A27,The Raven Remastered / The Frostrune / Mad Experiments: Escape Room,"어드벤처 / 어드벤처 / 어드벤처, 캐주얼, 인디, 시뮬레이션, 전략","[The Raven Remastered] London, 1964. An ancient ruby is stolen from the British Museum. At the crime scene: a raven feather. Is somebody trying to follow in the footsteps of The Raven, the legendary mast ‖ [The Frostrune] Unravel a mystery inspired by Viking myth and legend in The Frostrune, a classic point-and-click adventure based on historically accurate Norse culture and environments. ‖ [Mad Experiments: Escape Room] 수상 후보에 오른 이스케이프 게임 1인 또는 최대 5인까지 플레이하며 3개의 독특한 방을 탐험하고, 두뇌를 자극하는 퍼즐을 풀며 체셔 교수와 그의 실험에 얽힌 어두운 비밀을 밝혀보세요.",Chronicles of Mystery: The Scorpio Ritual,어드벤처,Young archeologist Sylvie Leroux accidentally stumbles upon an ancient secret. What she doesn't realize is that her research will put her in deadly peril.,,,
B0441,A35,Project Zomboid / Don't Starve / The Forest,"인디, RPG, 시뮬레이션, 앞서 해보기 / 어드벤처, 인디, 시뮬레이션 / 액션, 어드벤처, 인디, 시뮬레이션","[Project Zomboid] Project Zomboid is the ultimate in zombie survival. Alone or in MP: you loot, build, craft, fight, farm and fish in a struggle to survive. A hardcore RPG skillset, a vast map, mass ‖ [Don't Starve] Don’t Starve is an uncompromising wilderness survival game full of science and magic. Enter a strange and unexplored world full of strange creatures, dangers, and surprises. Gather ‖ [The Forest] As the lone survivor of a passenger jet crash, you find yourself in a mysterious forest battling to stay alive against a society of cannibalistic mutants. Build, explore, survive i",Grounded,"액션, 어드벤처","The world is a vast, beautiful and dangerous place – especially when you have been shrunk to the size of an ant. Can you thrive alongside the hordes of giant insects, fighting to survive the perils of the backyard?",,,
B0442,A12,Baldur's Gate 3 / Mount & Blade II: Bannerlord / Kenshi,"어드벤처, RPG, 전략 / 액션, 인디, RPG, 시뮬레이션, 전략 / 액션, 인디, RPG, 시뮬레이션, 전략","[Baldur's Gate 3] Baldur’s Gate 3 is a story-rich, party-based RPG set in the universe of Dungeons & Dragons, where your choices shape a tale of fellowship and betrayal, survival and sacrifice, and  ‖ [Mount & Blade II: Bannerlord] 본 게임은 전략/액션 RPG입니다. 캐릭터를 생성하고, 외교에 참여하고, 제작, 거래를 하고, 방대한 중세풍의 샌드박스에서 새로운 땅을 정복하십시오. 군대를 일으켜 전쟁에 뛰어들고, 깊이가 있으나 직관적인 실력 기반의 전투 시스템을 채용한 대규모 실시간 전투에서 자신의 부대에 명령을 내리고 함께 싸우십시오. ‖ [Kenshi] 자유롭게 돌아다니는 분대 기반의 RPG. 스토리를 따라가는 대신 제한 없는 샌드박스식 게임플레이에 중점을 두었습니다. 무역상, 도둑, 반란군, 전쟁 군주, 모험가, 농부, 노예 등 다양한 삶을 체험할 수 있습니다. 운이 나쁘면 식인종의 먹잇감으로 전락할지도 모르죠. 새로운 장비를 연구하거나 제작해 보세요.",Force of Nature,"액션, 어드벤처, 인디, RPG, 시뮬레이션, 전략","Force of Nature is a Sandbox game that combines Action, Adventure, RPG, Strategy and Management genres",,,
B0443,A13,Death's Door / Children of Morta / Roboquest / Spelunky 2 / Nuclear Throne / Streets of Rogue / Neon Abyss / Curse of the Dead Gods / Rogue Legacy 2 / Have a Nice Death,"액션, 어드벤처, 인디, RPG / 액션, 어드벤처, 인디, RPG / 액션, 인디 / 액션, 인디 / 액션, 인디, RPG / 액션, 어드벤처, 인디, RPG / 액션, 어드벤처, 인디, RPG / 액션, 어드벤처 / 액션, 어드벤처, 인디, RPG / 액션, 인디","[Death's Door] 죽은 자의 영혼을 수확하고 시간을 끝내는 것은 단조로울 수 있지만 까마귀에겐 평범한 일입니다. 하지만 주어진 영혼을 도둑맞게 되면 변화가 일어납니다. 영혼을 도난하고 죽음의 손길이 닿지 않는 영역으로 도망친 절망적인 도둑을 추적하십시오. ‖ [Children of Morta] Children of Morta는 비범한 가족 영웅에 대한 스토리 중심의 액션 RPG 게임입니다. 다가오는 부패에 맞서 모든 결함과 미덕을 갖춘 베르그송 가를 이끄세요. 여러분은 여러분이 아끼는 사람들을 구하기 위해 모든 것을 희생할 수 있으신가요? ‖ [Roboquest] 로보퀘스트는 멸망한 미래 세계의 빠른 FPS 로그라이트입니다. 당신은 재부팅된 수호자로, 강철 궁둥짝을 걷어 찰 준비를 하세요! 혼자서 혹은 친구와 함께 맞서거나 끊임없이 변화하는 환경에서 치명적인 로봇 군단을 섬멸하세요. ‖ [Spelunky 2] Spelunky 2 builds upon the unique, randomized challenges that made the original a roguelike classic, offering a huge adventure designed to satisfy players old and new. Meet the nex ‖ [Nuclear Throne] Nuclear Throne은 포스트 아포칼립스 세계관의 로그라이크 스타일 탑다운 슈터입니다. 여기서 말하는 포스트 아포칼립스는 '인류의 마지막 희망'이 남아 있는 세계가 아니라, '인류는 멸종했고 이제 돌연변이와 괴물들이 세상을 돌아다니는' 그런 세계입니다. 과연 당신은 뉴클리어 쓰론에 도달할 수 있을까요? ‖ [Streets of Rogue] 싸워서 몰래 들어가 임의 생성된 도시를 공격하세요. Nuclear Throne은 무법천지 GTA와 Deus Ex가 혼합된 형태입니다. Rogue-lite가 몰입도 높은 캐릭터를 만나 너무 재미있습니다. ‖ [Neon Abyss] Neon Abyss는 고속의 로그라이크 액션 플랫포머로, 하데스가 만든 '그림 스쿼드'의 일원이 되어 어비스로 총을 들고 뛰어드는 런 앤 건 게임입니다. 무한한 아이템 시너지와 던전 진화 시스템으로, 매번 게임을 할 때마다 다른 경험과 새로운 도전이 등장합니다. 진짜 지옥을 보여주세요! ‖ [Curse of the Dead Gods] 엄청난 부, 영원한 생명, 신성한 힘을 탐하는 마음이 당신을 끝없는 지옥 속의 미로, 치명적인 함정 및 몬스터가 우글거리는 이 저주받은 사원으로 이끌었습니다. ‖ [Rogue Legacy 2] 로그 레거시 2는 로그 레거시에 후속편을 끼얹은 작품입니다. 당신이 죽을 때마다 자식이 가업을 이어받습니다. 딸은 색맹 궁수이고 아들은 평화주의자 요리사일 수도 있죠. 어쨌거나 둘 중 한 명은 전장으로 나가야 합니다. ‖ [Have a Nice Death] Have a Nice Death는 과로에 고생하는 데스가 되어 플레이하는 2D 액션 로그라이크로, 통제 불능인 직원들 때문에 영혼의 균형과 데스의 휴가 계획이 틀어지고 말았습니다. 질서를 회복하려면 대낫을 들고 직원들과 서열 정리를 해야 합니다.",MIGHT'N MOW'EM: CO-OP SURVIVORS ONLINE,"액션, 캐주얼, 인디, RPG, 앞서 해보기","Multiplayer Survivors: Meet MIGHT’N MOW’EM. Mow thousands of enemies with an ever-growing arsenal of weapons and magic, solo or with friends. Classes, upgrades, ultimates, quests, and group buffs add a rewarding meta game to a dopamine-filled core loop.",,,
B0444,A11,Forza Horizon 5 / Hi-Fi RUSH / Street Fighter 6,"액션, 어드벤처, 레이싱, 시뮬레이션, 스포츠 / 액션 / 액션, 어드벤처","[Forza Horizon 5] 세계 최고의 자동차를 타고 생동감 넘치는 멕시코의 대자연을 탐험하며 재미있는 드라이빙 액션을 마음껏 즐겨보세요. ‖ [Hi-Fi RUSH] 아케이드 챌린지! 업데이트!로 추가되는 두 개의 신규 게임 모드에서 여러분의 능력을 시험하고, 새로운 보상을 획득해 보세요. 몇 가지 비밀도 숨어 있답니다! 락 스타 지망생 차이가 되어 비트를 타고, 세상 모든 게 음악에 싱크되는 세계에서 오합지졸 팀과 함께 사악한 거대 기업에 맞서 싸우세요. ‖ [Street Fighter 6] 시리즈 최신작 『Street Fighter 6』, 2023년 6월 2일 발매 결정! RE ENGINE으로 개발된 본 작품은 대형 모드 「World Tour」, 「Fighting Ground」, 「Battle Hub」로 구성되어 있다. 새로운 「스트리트 파이터」에는 지금까지의 시리즈에는 없었던 새로운 체험이 기다리고 있다.",The Turkish Legacy,"액션, 캐주얼, 인디, 시뮬레이션, 스포츠, 전략",Find hidden keys and overcome challenging obstacles to advance through the sections of this puzzle-solving platformer.,,,
B0445,A10,A Short Hike / ISLANDERS / Gorogoa,"어드벤처, 인디 / 캐주얼, 인디, 전략 / 어드벤처, 캐주얼, 인디","[A Short Hike] Hike, climb, and soar through the peaceful mountainside landscapes of Hawk Peak Provincial Park as you make your way to the summit. ‖ [ISLANDERS] ISLANDERS is a minimalist strategy game about building cities on colorful islands. ‖ [Gorogoa] Gorogoa(고로고아)는 Jason Roberts가 디자인하고 일러스트레이션을 손으로 그린 아름다운 차세대 퍼즐 게임입니다.",Seasons after Fall,"어드벤처, 인디",Seasons After Fall is a 2D platform-puzzler game that will let you dive into a captivating universe and explore a land governed by magic and nature.,,,
B0446,A01,It Takes Two / Overcooked! 2 / What Remains of Edith Finch,"액션, 어드벤처 / 액션, 캐주얼, 인디 / 어드벤처, 인디","[It Takes Two] It Takes Two에서 생애 가장 정신없는 여정을 시작하세요. 친구가 무료로 참가할 수 있게 친구 패스*로 초대하고, 함께 힘을 합쳐서 수많은 유쾌하고 획기적인 게임 플레이 챌린지를 헤쳐나가세요. ‖ [Overcooked! 2] 혼란스러운 요리 액션으로 가득한 Overcooked가 돌아왔습니다! 양파 왕국으로 돌아가는 여행을 떠나세요. 클래식 협동 또는 온라인 플레이에서 셰프 팀을 만들어서 최대 4명까지 플레이하세요. 앞치마를 준비하세요... 다시 세상을 구할 때가 되었습니다! ‖ [What Remains of Edith Finch] What Remains of Edith Finch(워트 리메인스 오브 에디스 핀치)는 워싱턴 주에 있는 어느 가족에 대한 이상한 이야기의 모음입니다. 플레이어는 에디스가 되어 거대한 핀치 가택을 탐사하고, 가족사를 연구하며 이야기를 찾고, 왜 가족 중에서 그녀만 살아남았는지 알아내야 합니다. 각 이야기는 새로운 가족 구성",Don't Starve Together,"액션, 어드벤처, 인디, RPG, 시뮬레이션, 전략",Don't Starve Together는 혹독한 생존 게임인 Don't Starve의 독립형 멀티플레이어 익스팬션입니다.,,,
B0447,A07,Into the Breach / Monster Train / Mini Metro,"인디, RPG, 시뮬레이션, 전략 / 전략 / 인디, 시뮬레이션, 전략","[Into the Breach] 미래의 강력한 메크를 조종하여 외계 세력을 물리치세요. 이 턴제 전략 게임에서는 세계를 구하려 시도할 때마다 무작위로 새롭게 생성되는 도전이 여러분 앞에 나타납니다. ‖ [Monster Train] Monster Train is a strategic roguelike deck building game with a twist. Set on a train to hell, you’ll use tactical decision making to defend multiple vertical battlegrounds. With  ‖ [Mini Metro] 미니 메트로는 성장하는 도시를 위해 지하철 노선을 설계하는 게임입니다. 역과 역 사이에 노선을 그려서 열차 운행을 시작하세요. 새로운 역이 열리면 노선을 수정해서 노선도를 효율적으로 유지하세요. 한정된 자원을 어느 곳에 사용할 것인지 결정하세요. 도시를 얼마나 오래 유지할 수 있을까요?",Journey to Monolith,전략,"Choose your general, build your team, customize your fighters, and battle your way to the Monolith in this strategic, turn-based roguelite game.",,,
B0448,A34,Pid / ChromaGun / Deer & Boy,"어드벤처, 인디 / 액션, 어드벤처, 인디 / 액션, 어드벤처, 인디","[Pid] You are stranded on a strange and peculiar planet. It’s time to embark on your journey and find your way home! Explore a gravity defying and challenging platformer with striking vi ‖ [ChromaGun] Welcome to ChromaTec’s test lab! You’re here to test our state-of-the-art military-grade color-technology: The ChromaGun (patent pending)! Use it to solve our meticulously designed ‖ [Deer & Boy] 도망친 소년은 길 잃은 어린 사슴을 만나 고요하면서도 위태로운 세상을 함께 헤쳐 나갑니다. 퍼즐을 풀고, 높은 곳에 오르고, 위협을 피해 나아가며 당신의 동료는 연약한 아기 사슴에서 어엿한 사슴으로 성장하죠. 혼자서는 할 수 없었던 일을 함께 해내는 법을 배우게 됩니다.",Angeline Era,"액션, 어드벤처, 인디","잊지 못할 야생 충돌 베기 액션 어드벤쳐! 우스꽝스러운 위험과 매력적인 생명체들이 페이족과 인간, 천사들이 사는 수수께끼의 세계에서 기다리고 있습니다. 당신이 그 수수께끼의 정체를 파헤쳐 주시겠어요?",,,
B0449,A31,Hearts of Iron IV / Europa Universalis IV / Sid Meier's Civilization® V,"시뮬레이션, 전략 / 시뮬레이션, 전략 / 전략","[Hearts of Iron IV] Victory is at your fingertips! Your ability to lead your nation is your supreme weapon, the strategy game Hearts of Iron IV lets you take command of any nation in World War II; the ‖ [Europa Universalis IV] 비교할 수 없는 자유도, 깊이 있는 스토리, 정확한 역사적 고증을 즐기며 국토를 다스리고 세계를 정복하세요. 세계 역사를 새롭게 쓰며 시대를 풍미할 제국을 만드세요. ‖ [Sid Meier's Civilization® V] Create, discover, and download new player-created maps, scenarios, interfaces, and more!",Of Crowns & Chains,"인디, 시뮬레이션, 전략, 앞서 해보기","A solo-developed grand-strategy sandbox where you lead a nation in a dynamic, historically-inspired world.",,,
B0450,A20,Counter-Strike 2 / PUBG: BATTLEGROUNDS / 톰 클랜시의 레인보우식스 시즈,"액션, 무료 플레이 / 액션, 어드벤처, 대규모 멀티플레이어, 무료 플레이 / 액션, 무료 플레이","[Counter-Strike 2] Counter-Strike는 20년이 넘는 시간 동안 전 세계 수백만 명의 플레이어가 모여 수준 높은 경쟁을 펼칠 수 있는 플랫폼을 제공해 왔습니다. 그리고 이제 곧 Counter-Strike 2와 함께 새로운 CS 시대의 막이 열립니다. ‖ [PUBG: BATTLEGROUNDS] 배틀로얄 유행의 시작이자, 그 정수를 보여준 PUBG: 배틀그라운드를 지금 무료로 플레이하세요! 다양한 맵에 낙하하여 무기와 보급품을 확보하고, 점점 줄어드는 블루존 속에서 끝까지 살아남아 승리를 쟁취하세요. ‖ [톰 클랜시의 레인보우식스 시즈] 톰 클랜시의 레인보우식스 시즈는 탁월한 계획과 기술이 승부를 좌우하는 전술적인 정예 팀 기반 슈팅 게임입니다.",Battle Cry of Freedom,"액션, 인디, 대규모 멀티플레이어, RPG, 시뮬레이션, 전략","Battle Cry of Freedom는 19세기 미국을 배경으로 한 실시간 1인칭 및 3인칭 격렬한 전투를 제공하며, 플레이어에게 북군 또는 남군의 일원이 되어 미국 남북 전쟁을 다시 싸울 기회를 제공합니다.",,,
B0451,A08,Sid Meier’s Civilization® VI / XCOM® 2 / Stellaris,"전략 / 전략 / 시뮬레이션, 전략","[Sid Meier’s Civilization® VI] 문명 VI 에서는 새로운 방식으로 세상과 소통하고, 제국의 영토를 확장시키며, 문화를 발전시키고, 역사속 위대한 지도자들에 맞서 오래도록 지속될 나만의 문명을 건설해볼 수 있습니다. 클레오파트라를 비롯한 20명의 역사 속 지도자들 중 한명으로 플레이 해보세요. ‖ [XCOM® 2] XCOM 2는 수상 경력이 있는 전략 게임 XCOM: Enemy Unknown의 속편입니다. 인류가 외계인 침략군에게 항복한 지 20년, 이제 지구 상에는 새로운 세계 질서가 존재합니다. 수년간을 어둠 속에서 숨어 있었던 XCOM 부대는 반드시 일어나 외계인의 지배를 무너뜨릴 것입니다. ‖ [Stellaris] 항성간 여행을 통해 우주를 탐험하며 수많은 종족들도 만나보세요. 과학선을 보내 우주를 조사하고 탐험하면서 은하 제국을 건설하고, 건축선을 보내 새로 발견한 행성에 기지를 건설하세요. 소속 사회를 위한 탐험에 나서 매장된 보물과 은하계의 경이를 발견하고, 탐험가의 한계치와 진화 범위를 설정하세요. 동맹이 체결되고, 전쟁이 ",우주 식민 회사,"인디, 시뮬레이션, 전략","직원을 이끌고 행성을 탐험하세요! 턴제 전투에서 덱을 구성하고 직원을 배치하며, 회사의 무기를 활용해 외계인을 제압하세요. 자원을 약탈하고, 외계 식민 회사 최고의 팀으로 거듭나세요!",,,
B0452,A04,Hollow Knight / Dead Cells / Celeste,"액션, 어드벤처, 인디 / 액션, 어드벤처, 인디 / 액션, 어드벤처, 인디","[Hollow Knight] 할로우 나이트에서 자신만의 길을 구축하세요! 크게 파괴된 곤충과 영웅의 왕국을 통한 서사 액션 어드벤처입니다. 손으로 그린 클래식 2D 스타일로 구불구불한 동굴을 탐험하고 오염된 생물과 싸우고 이상한 곤충들과 친구가 되어 보세요. ‖ [Dead Cells] 데드 셀(Dead Cells)는 메트로배니아에서 영감을 받은 로그라이트 액션 플랫포머 게임입니다. 2D 소울 라이트 전투에서 성을 지키는 수호자들을 물리치고 끊임없이 변화하는 거대한 성을 탐험하게 됩니다. 세이브 포인트는 없습니다. 죽이고, 죽고, 배우고, 반복하세요. ‖ [Celeste] 타워폴(TowerFall) 시리즈의 개발자들이 만든 이 초밀착형 플랫폼 게임을 플레이하고, 매들린이 셀레스트 산 정상으로 향하는 여정에서 내면의 악마에게서 살아남을 수 있게 도와주세요. 한땀 한땀 손수 제작한 수백 가지의 도전 과제에 맞서고, 사악한 비밀을 밝혀내고, 산에 숨겨진 수수께끼를 풀어보세요.",Curse of the Dead Gods,"액션, 어드벤처","엄청난 부, 영원한 생명, 신성한 힘을 탐하는 마음이 당신을 끝없는 지옥 속의 미로, 치명적인 함정 및 몬스터가 우글거리는 이 저주받은 사원으로 이끌었습니다.",,,
B0453,A07,Into the Breach / Monster Train / Mini Metro,"인디, RPG, 시뮬레이션, 전략 / 전략 / 인디, 시뮬레이션, 전략","[Into the Breach] 미래의 강력한 메크를 조종하여 외계 세력을 물리치세요. 이 턴제 전략 게임에서는 세계를 구하려 시도할 때마다 무작위로 새롭게 생성되는 도전이 여러분 앞에 나타납니다. ‖ [Monster Train] Monster Train is a strategic roguelike deck building game with a twist. Set on a train to hell, you’ll use tactical decision making to defend multiple vertical battlegrounds. With  ‖ [Mini Metro] 미니 메트로는 성장하는 도시를 위해 지하철 노선을 설계하는 게임입니다. 역과 역 사이에 노선을 그려서 열차 운행을 시작하세요. 새로운 역이 열리면 노선을 수정해서 노선도를 효율적으로 유지하세요. 한정된 자원을 어느 곳에 사용할 것인지 결정하세요. 도시를 얼마나 오래 유지할 수 있을까요?",Minit,"어드벤처, 인디",미니트(Minit)는 한 번에 60초 동안 플레이하는 독특한 어드벤처 게임입니다.,,,
B0454,A04,Hollow Knight / Dead Cells / Celeste,"액션, 어드벤처, 인디 / 액션, 어드벤처, 인디 / 액션, 어드벤처, 인디","[Hollow Knight] 할로우 나이트에서 자신만의 길을 구축하세요! 크게 파괴된 곤충과 영웅의 왕국을 통한 서사 액션 어드벤처입니다. 손으로 그린 클래식 2D 스타일로 구불구불한 동굴을 탐험하고 오염된 생물과 싸우고 이상한 곤충들과 친구가 되어 보세요. ‖ [Dead Cells] 데드 셀(Dead Cells)는 메트로배니아에서 영감을 받은 로그라이트 액션 플랫포머 게임입니다. 2D 소울 라이트 전투에서 성을 지키는 수호자들을 물리치고 끊임없이 변화하는 거대한 성을 탐험하게 됩니다. 세이브 포인트는 없습니다. 죽이고, 죽고, 배우고, 반복하세요. ‖ [Celeste] 타워폴(TowerFall) 시리즈의 개발자들이 만든 이 초밀착형 플랫폼 게임을 플레이하고, 매들린이 셀레스트 산 정상으로 향하는 여정에서 내면의 악마에게서 살아남을 수 있게 도와주세요. 한땀 한땀 손수 제작한 수백 가지의 도전 과제에 맞서고, 사악한 비밀을 밝혀내고, 산에 숨겨진 수수께끼를 풀어보세요.",bit Dungeon II,"액션, 어드벤처, 인디, RPG","bitDungeon II is fast action-adventure game with a giant overworld to explore. You are a spirit in an undead world of demons. Your ""loved one's "" grave has been desecrated. Fight through these corrupted lands, and bring peace to her soul.",,,
B0455,A10,A Short Hike / ISLANDERS / Gorogoa,"어드벤처, 인디 / 캐주얼, 인디, 전략 / 어드벤처, 캐주얼, 인디","[A Short Hike] Hike, climb, and soar through the peaceful mountainside landscapes of Hawk Peak Provincial Park as you make your way to the summit. ‖ [ISLANDERS] ISLANDERS is a minimalist strategy game about building cities on colorful islands. ‖ [Gorogoa] Gorogoa(고로고아)는 Jason Roberts가 디자인하고 일러스트레이션을 손으로 그린 아름다운 차세대 퍼즐 게임입니다.",Lifeslide,"어드벤처, 캐주얼, 인디","Embark on a daring journey through life and master the skill of paper plane flight. Explore colorful worlds with unique challenges, find secrets and unlock your full potential!",,,
B0456,A13,Death's Door / Children of Morta / Roboquest / Spelunky 2 / Nuclear Throne / Streets of Rogue / Neon Abyss / Curse of the Dead Gods / Rogue Legacy 2 / Have a Nice Death,"액션, 어드벤처, 인디, RPG / 액션, 어드벤처, 인디, RPG / 액션, 인디 / 액션, 인디 / 액션, 인디, RPG / 액션, 어드벤처, 인디, RPG / 액션, 어드벤처, 인디, RPG / 액션, 어드벤처 / 액션, 어드벤처, 인디, RPG / 액션, 인디","[Death's Door] 죽은 자의 영혼을 수확하고 시간을 끝내는 것은 단조로울 수 있지만 까마귀에겐 평범한 일입니다. 하지만 주어진 영혼을 도둑맞게 되면 변화가 일어납니다. 영혼을 도난하고 죽음의 손길이 닿지 않는 영역으로 도망친 절망적인 도둑을 추적하십시오. ‖ [Children of Morta] Children of Morta는 비범한 가족 영웅에 대한 스토리 중심의 액션 RPG 게임입니다. 다가오는 부패에 맞서 모든 결함과 미덕을 갖춘 베르그송 가를 이끄세요. 여러분은 여러분이 아끼는 사람들을 구하기 위해 모든 것을 희생할 수 있으신가요? ‖ [Roboquest] 로보퀘스트는 멸망한 미래 세계의 빠른 FPS 로그라이트입니다. 당신은 재부팅된 수호자로, 강철 궁둥짝을 걷어 찰 준비를 하세요! 혼자서 혹은 친구와 함께 맞서거나 끊임없이 변화하는 환경에서 치명적인 로봇 군단을 섬멸하세요. ‖ [Spelunky 2] Spelunky 2 builds upon the unique, randomized challenges that made the original a roguelike classic, offering a huge adventure designed to satisfy players old and new. Meet the nex ‖ [Nuclear Throne] Nuclear Throne은 포스트 아포칼립스 세계관의 로그라이크 스타일 탑다운 슈터입니다. 여기서 말하는 포스트 아포칼립스는 '인류의 마지막 희망'이 남아 있는 세계가 아니라, '인류는 멸종했고 이제 돌연변이와 괴물들이 세상을 돌아다니는' 그런 세계입니다. 과연 당신은 뉴클리어 쓰론에 도달할 수 있을까요? ‖ [Streets of Rogue] 싸워서 몰래 들어가 임의 생성된 도시를 공격하세요. Nuclear Throne은 무법천지 GTA와 Deus Ex가 혼합된 형태입니다. Rogue-lite가 몰입도 높은 캐릭터를 만나 너무 재미있습니다. ‖ [Neon Abyss] Neon Abyss는 고속의 로그라이크 액션 플랫포머로, 하데스가 만든 '그림 스쿼드'의 일원이 되어 어비스로 총을 들고 뛰어드는 런 앤 건 게임입니다. 무한한 아이템 시너지와 던전 진화 시스템으로, 매번 게임을 할 때마다 다른 경험과 새로운 도전이 등장합니다. 진짜 지옥을 보여주세요! ‖ [Curse of the Dead Gods] 엄청난 부, 영원한 생명, 신성한 힘을 탐하는 마음이 당신을 끝없는 지옥 속의 미로, 치명적인 함정 및 몬스터가 우글거리는 이 저주받은 사원으로 이끌었습니다. ‖ [Rogue Legacy 2] 로그 레거시 2는 로그 레거시에 후속편을 끼얹은 작품입니다. 당신이 죽을 때마다 자식이 가업을 이어받습니다. 딸은 색맹 궁수이고 아들은 평화주의자 요리사일 수도 있죠. 어쨌거나 둘 중 한 명은 전장으로 나가야 합니다. ‖ [Have a Nice Death] Have a Nice Death는 과로에 고생하는 데스가 되어 플레이하는 2D 액션 로그라이크로, 통제 불능인 직원들 때문에 영혼의 균형과 데스의 휴가 계획이 틀어지고 말았습니다. 질서를 회복하려면 대낫을 들고 직원들과 서열 정리를 해야 합니다.",Super Cabbage Kabumi,"인디, 전략","양배추를 톡톡 때리는 로그라이크! 다양한 아이템으로 놀라운 빌드를 만들고, 강력한 무기를 휘두르며, 펫으로 게임을 완전히 바꾸고, 환상적인 보스와 싸우는 등 즐길 거리가 가득합니다!",,,
B0457,A18,Euro Truck Simulator 2 / BeamNG.drive / 아세토 코르사 Assetto Corsa,"인디, 시뮬레이션 / 레이싱, 시뮬레이션, 앞서 해보기 / 인디, 레이싱, 시뮬레이션, 스포츠","[Euro Truck Simulator 2] 도로의 왕이 되어 인상적인 거리를 가로질러 중요한 화물을 배달하는 트럭 운전사가 되어 유럽을 여행하세요! 탐험할 도시가 수십 개나 되므로, 당신의 인내심, 기술, 속도가 모두 한계에 도달할 것입니다. ‖ [BeamNG.drive] 뭐든지 할 수 있는 동적 소프트 보디 물리 시뮬레이터입니다. ‖ [아세토 코르사 Assetto Corsa] 아세토 코르사(Assetto Corsa) v1.16은 새로운 레이저 스캔 트랙 ""라구나 세카(Laguna Seca)"" 및 기다리던 Alfa Romeo Giulia Quadrifoglio를 포함한 7개의 신차를 소개합니다! 체인지로그에서 더 자세한 내용을 확인하세요!",Food Delivery Simulator,"캐주얼, 인디, 레이싱, 시뮬레이션, 앞서 해보기","Live the life of a food delivery driver. Deliver orders, earn money, upgrade your vehicle, explore a vast city, and make way to your success. Dive into a realistic daily adventure and level up to become the best delivery driver.",,,
B0458,A34,Pid / ChromaGun / Deer & Boy,"어드벤처, 인디 / 액션, 어드벤처, 인디 / 액션, 어드벤처, 인디","[Pid] You are stranded on a strange and peculiar planet. It’s time to embark on your journey and find your way home! Explore a gravity defying and challenging platformer with striking vi ‖ [ChromaGun] Welcome to ChromaTec’s test lab! You’re here to test our state-of-the-art military-grade color-technology: The ChromaGun (patent pending)! Use it to solve our meticulously designed ‖ [Deer & Boy] 도망친 소년은 길 잃은 어린 사슴을 만나 고요하면서도 위태로운 세상을 함께 헤쳐 나갑니다. 퍼즐을 풀고, 높은 곳에 오르고, 위협을 피해 나아가며 당신의 동료는 연약한 아기 사슴에서 어엿한 사슴으로 성장하죠. 혼자서는 할 수 없었던 일을 함께 해내는 법을 배우게 됩니다.",Fe,"액션, 어드벤처","살아 숨 쉬는 북 유럽의 깊은 숲을 달리고, 기어오르고, 날고, 탐험하며 신비한 생물체들과 만날 수 있습니다. Fe가 되어 절대 떠나고 싶지 않을 세상을 발견해 보세요.",,,
B0459,A02,Still Life / Jenny LeClue - Detectivu / Telling Lies,"어드벤처 / 액션, 어드벤처, 캐주얼, 인디 / 어드벤처, 인디, 시뮬레이션",[Still Life] Still Life 2 also now available! ‖ [Jenny LeClue - Detectivu] Jenny LeClue - Detectivu는 조사와 선택지로 가득한 스릴 넘치는 미스터리 어드벤처 게임입니다. ‖ [Telling Lies] 네 명의 삶. 그리고 하나의 큰 거짓말. 아무도 모르게 녹화된 은밀한 대화를 들으며 진실을 알아내십시오. 큰 호평을 받았던 Her Story의 계승작입니다.,The Isle Tide Hotel 아일 타이드 호텔,어드벤처,얼떨떨한 채로 온갖 것을 떠받드는 사이비 교단에게 납치당한 십대 딸이 아일 타이드 호텔에서 마지막 밤을 맞이하기 전에 구해내야만 하는 한 아버지가 있습니다.,,,
B0460,A33,Garry's Mod / Team Fortress 2 / Left 4 Dead 2,"캐주얼, 인디, 시뮬레이션 / 액션, 무료 플레이 / 액션","[Garry's Mod] Garry's Mod is a physics sandbox. There aren't any predefined aims or goals. We give you the tools and leave you to play. ‖ [Team Fortress 2] 다양한 전술적 능력과 뚜렷한 개성을 갖춘 9가지 병과의 캐릭터를 플레이하세요. 끊임없이 업데이트되는 새로운 게임 모드, 맵, 장비 그리고 가장 중요한 모자까지 지금 바로 즐겨보세요! ‖ [Left 4 Dead 2] Set in the zombie apocalypse, Left 4 Dead 2 is a co-operative action horror FPS takes you and your friends through the cities, swamps and cemeteries of the Deep South, from Savanna",Secret Agent Wizard Boy and the International Crime Syndicate,"액션, 어드벤처, 인디, 앞서 해보기","Use magic spells and military surplus explosives to topple an evil crime syndicate hidden beneath a prestigious wizarding school. Learn spells, engage in espionage, and spread lore-unfriendly chaos.",,,
B0461,A18,Euro Truck Simulator 2 / BeamNG.drive / 아세토 코르사 Assetto Corsa,"인디, 시뮬레이션 / 레이싱, 시뮬레이션, 앞서 해보기 / 인디, 레이싱, 시뮬레이션, 스포츠","[Euro Truck Simulator 2] 도로의 왕이 되어 인상적인 거리를 가로질러 중요한 화물을 배달하는 트럭 운전사가 되어 유럽을 여행하세요! 탐험할 도시가 수십 개나 되므로, 당신의 인내심, 기술, 속도가 모두 한계에 도달할 것입니다. ‖ [BeamNG.drive] 뭐든지 할 수 있는 동적 소프트 보디 물리 시뮬레이터입니다. ‖ [아세토 코르사 Assetto Corsa] 아세토 코르사(Assetto Corsa) v1.16은 새로운 레이저 스캔 트랙 ""라구나 세카(Laguna Seca)"" 및 기다리던 Alfa Romeo Giulia Quadrifoglio를 포함한 7개의 신차를 소개합니다! 체인지로그에서 더 자세한 내용을 확인하세요!",Shift 2 Unleashed,레이싱,Bring the true driver’s experience to life with all the intensity and exhilaration of being behind the wheel!,,,
B0462,A04,Hollow Knight / Dead Cells / Celeste,"액션, 어드벤처, 인디 / 액션, 어드벤처, 인디 / 액션, 어드벤처, 인디","[Hollow Knight] 할로우 나이트에서 자신만의 길을 구축하세요! 크게 파괴된 곤충과 영웅의 왕국을 통한 서사 액션 어드벤처입니다. 손으로 그린 클래식 2D 스타일로 구불구불한 동굴을 탐험하고 오염된 생물과 싸우고 이상한 곤충들과 친구가 되어 보세요. ‖ [Dead Cells] 데드 셀(Dead Cells)는 메트로배니아에서 영감을 받은 로그라이트 액션 플랫포머 게임입니다. 2D 소울 라이트 전투에서 성을 지키는 수호자들을 물리치고 끊임없이 변화하는 거대한 성을 탐험하게 됩니다. 세이브 포인트는 없습니다. 죽이고, 죽고, 배우고, 반복하세요. ‖ [Celeste] 타워폴(TowerFall) 시리즈의 개발자들이 만든 이 초밀착형 플랫폼 게임을 플레이하고, 매들린이 셀레스트 산 정상으로 향하는 여정에서 내면의 악마에게서 살아남을 수 있게 도와주세요. 한땀 한땀 손수 제작한 수백 가지의 도전 과제에 맞서고, 사악한 비밀을 밝혀내고, 산에 숨겨진 수수께끼를 풀어보세요.",METAL SLUG ATTACK RELOADED,"RPG, 시뮬레이션, 전략","조작은 간단, 액션은 본격적! 아케이드의 전설 ""METAL SLUG""가 타워 디펜스 게임이 되어 등장!",,,
B0463,A16,The Talos Principle / Rust / Inscryption,"액션, 어드벤처, 인디 / 액션, 어드벤처, 인디, 대규모 멀티플레이어, RPG / 어드벤처, 인디, 전략","[The Talos Principle] 탈로스 법칙은 철학적 SF 소설의 전통을 따른 1인칭 퍼즐 게임입니다. 시리어스 샘을 개발한 크로팀에서 만들었으며, 톰 주버트(FTL, 더 스와퍼)와 조나스 카이라츠(바다는 모든 것을 요구한다.)가 스토리를 작성했습니다. ‖ [Rust] Rust에서의 목표는 오직 하나, 바로 살아남는 것입니다. 섬의 야생 동물, 다른 주민, 환경, 다른 생존자 모두가 여러분의 목숨을 노립니다. 하루 더 살아남을 수 있다면 수단과 방법을 가리지 마세요. ‖ [Inscryption] Inscryption은 검은 잉크로 그려진 카드를 기반으로 한 덱빌딩 로그라이크, 방탈출 퍼즐, 피가 흐르는 심리적 공포 등의 요소가 섞인 여정을 다룹니다. 카드에는 더 어두운 비밀이 새겨져 있습니다…",Cobalt Core,"인디, 전략","새롭고 심오한 2D 전략 SF 로그라이크 덱빌더 게임입니다! 미사일을 피하고, 대포를 정비하고, 공중에서 쏘아 없애세요... 그리고 타임 루프를 파헤치세요. 시간이 없습니다!",,,
B0464,A21,DARK SOULS™ III / The Witcher 3: Wild Hunt / The Elder Scrolls V: Skyrim Special Edition,액션 / RPG / RPG,"[DARK SOULS™ III] 장르를 새로 개척했다는 평가를 들으며 많은 좋은 평가들을 얻고 있는 다크 소울 시리즈는 계속해서 한계를 넘어서, 더욱 야심찬 단계에 도전하고자 하고 있습니다. 준비를 하고 어둠을 밝히십시오! ‖ [The Witcher 3: Wild Hunt] 리비아의 게롤트가 되어 의뢰를 받고 괴물을 사냥하세요. 전쟁의 상처가 가득하고 괴물이 들끓는 대륙을 마음껏 탐험해 보세요. 지금 가장 중요한 일은 대륙의 판도를 뒤바꿀 수도 있는 살아 있는 무기이자 예언의 아이, 시리를 추적하는 것입니다. ‖ [The Elder Scrolls V: Skyrim Special Edition] 200회 이상 올해의 게임에 선정된 The Elder Scrolls V: Skyrim Special Edition이 놀라운 디테일로 판타지에 생명을 불어넣었습니다. Special Edition에는 비평가들의 극찬을 받은 게임 및 새로운 기능이 포함된 애드온이 들어 있습니다.",Idle Realms: The Eternal Spire,"캐주얼, 인디, 시뮬레이션","18개의 스킬을 단련하고, 전설의 장비를 제작하고, 6개의 영역에서 몬스터와 싸우며, 영원의 첨탑을 정복하세요. 진정한 오프라인 진행이 적용된 깊이 있는 싱글플레이어 방치형 RPG.",,,
B0465,A35,Project Zomboid / Don't Starve / The Forest,"인디, RPG, 시뮬레이션, 앞서 해보기 / 어드벤처, 인디, 시뮬레이션 / 액션, 어드벤처, 인디, 시뮬레이션","[Project Zomboid] Project Zomboid is the ultimate in zombie survival. Alone or in MP: you loot, build, craft, fight, farm and fish in a struggle to survive. A hardcore RPG skillset, a vast map, mass ‖ [Don't Starve] Don’t Starve is an uncompromising wilderness survival game full of science and magic. Enter a strange and unexplored world full of strange creatures, dangers, and surprises. Gather ‖ [The Forest] As the lone survivor of a passenger jet crash, you find yourself in a mysterious forest battling to stay alive against a society of cannibalistic mutants. Build, explore, survive i",겨울 생존 프로토콜,"어드벤처, 인디, RPG, 시뮬레이션","절망적인 세상에서 생존자가 되어 보급품을 찾고, 무기를 제작하며, 캠프를 건설하고, 좀비와 미지의 위험 속에서 탈것을 수리하세요. 1인칭과 3인칭 시점 전환이 가능합니다. 1인 개발자가 완전히 제작한 게임. 멀티플레이는 테스트 후 출시됩니다.",,,
B0466,A29,Salt and Sanctuary,"액션, 인디, RPG","[Salt and Sanctuary] 두렵고도 잔혹한 섬의 탐험을 시작합니다… Salt and Sanctuary는 신속하고, 잔인하며, 복잡한 전투 시스템을 지닌 2D RPG입니다. 저주받은 도시의 잊힌 영역이나, 피에 물든 던전이나, 오염된 기념비와 같은 장소를 돌아다니며, 한때 축복을 받았지만 지금은 타락하고 만 영주들을 조우하세요.",Immortal Planet,"액션, 어드벤처, 인디, RPG",Immortal Planet is an action RPG with challenging combat that rewards patience and punishes recklessness. Explore the crumbling remains of a society of immortals trapped in endless cycles of rebirth. Fight your way to discover the planet's mystery and escape its curse.,,,
B0467,A27,The Raven Remastered / The Frostrune / Mad Experiments: Escape Room,"어드벤처 / 어드벤처 / 어드벤처, 캐주얼, 인디, 시뮬레이션, 전략","[The Raven Remastered] London, 1964. An ancient ruby is stolen from the British Museum. At the crime scene: a raven feather. Is somebody trying to follow in the footsteps of The Raven, the legendary mast ‖ [The Frostrune] Unravel a mystery inspired by Viking myth and legend in The Frostrune, a classic point-and-click adventure based on historically accurate Norse culture and environments. ‖ [Mad Experiments: Escape Room] 수상 후보에 오른 이스케이프 게임 1인 또는 최대 5인까지 플레이하며 3개의 독특한 방을 탐험하고, 두뇌를 자극하는 퍼즐을 풀며 체셔 교수와 그의 실험에 얽힌 어두운 비밀을 밝혀보세요.",은폐된 살인의 진실들 - 하드코어 본격 추리 탐정 게임,"어드벤처, 인디, 시뮬레이션",할리우드를 뒤흔든 한 차례 살인사건! 수사 실력을 발휘해 현장을 조사하여 단서를 찾고 사건을 풀어내세요. 은밀한 살인사건을 조종하는 배후의 인물은 과연?!,,,
B0468,A31,Hearts of Iron IV / Europa Universalis IV / Sid Meier's Civilization® V,"시뮬레이션, 전략 / 시뮬레이션, 전략 / 전략","[Hearts of Iron IV] Victory is at your fingertips! Your ability to lead your nation is your supreme weapon, the strategy game Hearts of Iron IV lets you take command of any nation in World War II; the ‖ [Europa Universalis IV] 비교할 수 없는 자유도, 깊이 있는 스토리, 정확한 역사적 고증을 즐기며 국토를 다스리고 세계를 정복하세요. 세계 역사를 새롭게 쓰며 시대를 풍미할 제국을 만드세요. ‖ [Sid Meier's Civilization® V] Create, discover, and download new player-created maps, scenarios, interfaces, and more!",Dice Kingdoms,"인디, 전략","Compete against friends in games filled with unpredictable twists and turns. Roll the dice to gather resources and test your adaptability. Lead your kingdom to success through military power, religious knowledge, or architectural ingenuity.",,,
B0469,A02,Still Life / Jenny LeClue - Detectivu / Telling Lies,"어드벤처 / 액션, 어드벤처, 캐주얼, 인디 / 어드벤처, 인디, 시뮬레이션",[Still Life] Still Life 2 also now available! ‖ [Jenny LeClue - Detectivu] Jenny LeClue - Detectivu는 조사와 선택지로 가득한 스릴 넘치는 미스터리 어드벤처 게임입니다. ‖ [Telling Lies] 네 명의 삶. 그리고 하나의 큰 거짓말. 아무도 모르게 녹화된 은밀한 대화를 들으며 진실을 알아내십시오. 큰 호평을 받았던 Her Story의 계승작입니다.,Hidden Investigation 3: Crime Files,"어드벤처, 캐주얼","Following her previous cases, Agent Sarah is challenged with a new mystery. Use your wits, detective instincts and when all else fails, your six-shooter in this action-packed puzzle game with immersive storylines and a dark mystery.",,,
B0470,A05,Opus Magnum,"인디, 시뮬레이션","[Opus Magnum] Opus Magnum은 SpaceChem, Infinifactory, SHENZHEN I/O를 제작한 Zachtronics의 신작 퍼즐게임입니다. 연금술사들의 최첨단 도구인 변성 기관을 이용해 물약과 독을 만들어내는 기계들을 설계하고 만들어 내세요!",Quantum Odyssey,"인디, 시뮬레이션, 앞서 해보기","우주의 근본적인 역설에서 논리를 구축하는 법을 배워라. 열린 결말의 퍼즐을 풀고, 라이벌 ‘시커(Seeker)’를 해킹하며, 실제 양자 컴퓨팅을 마스터하고, 최적의 솔루션을 위해 경쟁하라.",,,
B0471,A21,DARK SOULS™ III / The Witcher 3: Wild Hunt / The Elder Scrolls V: Skyrim Special Edition,액션 / RPG / RPG,"[DARK SOULS™ III] 장르를 새로 개척했다는 평가를 들으며 많은 좋은 평가들을 얻고 있는 다크 소울 시리즈는 계속해서 한계를 넘어서, 더욱 야심찬 단계에 도전하고자 하고 있습니다. 준비를 하고 어둠을 밝히십시오! ‖ [The Witcher 3: Wild Hunt] 리비아의 게롤트가 되어 의뢰를 받고 괴물을 사냥하세요. 전쟁의 상처가 가득하고 괴물이 들끓는 대륙을 마음껏 탐험해 보세요. 지금 가장 중요한 일은 대륙의 판도를 뒤바꿀 수도 있는 살아 있는 무기이자 예언의 아이, 시리를 추적하는 것입니다. ‖ [The Elder Scrolls V: Skyrim Special Edition] 200회 이상 올해의 게임에 선정된 The Elder Scrolls V: Skyrim Special Edition이 놀라운 디테일로 판타지에 생명을 불어넣었습니다. Special Edition에는 비평가들의 극찬을 받은 게임 및 새로운 기능이 포함된 애드온이 들어 있습니다.",STAR OCEAN™ - THE LAST HOPE -™ 4K & Full HD Remaster,"액션, RPG","Explore the galaxy on your quest, make allies and enemies among the alien races you encounter, and uncover a danger so great that it threatens all of creation.",,,
B0472,A20,Counter-Strike 2 / PUBG: BATTLEGROUNDS / 톰 클랜시의 레인보우식스 시즈,"액션, 무료 플레이 / 액션, 어드벤처, 대규모 멀티플레이어, 무료 플레이 / 액션, 무료 플레이","[Counter-Strike 2] Counter-Strike는 20년이 넘는 시간 동안 전 세계 수백만 명의 플레이어가 모여 수준 높은 경쟁을 펼칠 수 있는 플랫폼을 제공해 왔습니다. 그리고 이제 곧 Counter-Strike 2와 함께 새로운 CS 시대의 막이 열립니다. ‖ [PUBG: BATTLEGROUNDS] 배틀로얄 유행의 시작이자, 그 정수를 보여준 PUBG: 배틀그라운드를 지금 무료로 플레이하세요! 다양한 맵에 낙하하여 무기와 보급품을 확보하고, 점점 줄어드는 블루존 속에서 끝까지 살아남아 승리를 쟁취하세요. ‖ [톰 클랜시의 레인보우식스 시즈] 톰 클랜시의 레인보우식스 시즈는 탁월한 계획과 기술이 승부를 좌우하는 전술적인 정예 팀 기반 슈팅 게임입니다.",STAR WARS™ Republic Commando™,액션,"You are the leader of an elite squad of Republic Commandos, your mission is to infiltrate, dominate, and ultimately, annihilate the enemy. Your squad will follow your orders and your lead, working together as a team - instinctively, intelligently, instantly. You are their leader. They are your weapo",,,
B0473,A18,Euro Truck Simulator 2 / BeamNG.drive / 아세토 코르사 Assetto Corsa,"인디, 시뮬레이션 / 레이싱, 시뮬레이션, 앞서 해보기 / 인디, 레이싱, 시뮬레이션, 스포츠","[Euro Truck Simulator 2] 도로의 왕이 되어 인상적인 거리를 가로질러 중요한 화물을 배달하는 트럭 운전사가 되어 유럽을 여행하세요! 탐험할 도시가 수십 개나 되므로, 당신의 인내심, 기술, 속도가 모두 한계에 도달할 것입니다. ‖ [BeamNG.drive] 뭐든지 할 수 있는 동적 소프트 보디 물리 시뮬레이터입니다. ‖ [아세토 코르사 Assetto Corsa] 아세토 코르사(Assetto Corsa) v1.16은 새로운 레이저 스캔 트랙 ""라구나 세카(Laguna Seca)"" 및 기다리던 Alfa Romeo Giulia Quadrifoglio를 포함한 7개의 신차를 소개합니다! 체인지로그에서 더 자세한 내용을 확인하세요!",자동차 판매 시뮬레이터 2023,"인디, 시뮬레이션","Car For Sale Simulator 2023 - Developed for car enthusiasts, grow your own car sales business by buying and selling different car models. Drive the purchased cars as you wish, repair them, modify them, and sell them to customers at affordable prices.",,,
B0474,A33,Garry's Mod / Team Fortress 2 / Left 4 Dead 2,"캐주얼, 인디, 시뮬레이션 / 액션, 무료 플레이 / 액션","[Garry's Mod] Garry's Mod is a physics sandbox. There aren't any predefined aims or goals. We give you the tools and leave you to play. ‖ [Team Fortress 2] 다양한 전술적 능력과 뚜렷한 개성을 갖춘 9가지 병과의 캐릭터를 플레이하세요. 끊임없이 업데이트되는 새로운 게임 모드, 맵, 장비 그리고 가장 중요한 모자까지 지금 바로 즐겨보세요! ‖ [Left 4 Dead 2] Set in the zombie apocalypse, Left 4 Dead 2 is a co-operative action horror FPS takes you and your friends through the cities, swamps and cemeteries of the Deep South, from Savanna",Ben and Ed - Blood Party,"액션, 인디","Welcome to the Blood Party! Play together with up to 3 people and compete in deadly game shows. Customize your zombie, build your own levels, share them via Steam Workshop and die a lot.",,,
B0475,A25,DOOMBLADE / Transiruby / Blast Brigade vs. the Evil Legion of Dr. Cread,"액션, 어드벤처, 인디 / 액션 / 액션, 어드벤처, 인디","[DOOMBLADE] Deep underground, Gloom Girl discovers DOOMBLADE, a sentient weapon hellbent on escape after eons in chains. Together, “Doom and Gloom” embark on a vengeful quest to unlock the pow ‖ [Transiruby] 차원 대륙의 의문을 풀어라! 는 사이보그 소녀 실비가 검과 엘리먼트 샷으로 적을 쓰러뜨리며 앞으로 나아가는 탐색형 액션 게임입니다! ‖ [Blast Brigade vs. the Evil Legion of Dr. Cread] 스릴 넘치는 플랫포밍과 깊이 있는 탐험 세계, 폭발적인 액션으로 가득한 2D 메트로이드배니아 어드벤처 게임을 즐겨보세요! Blast Brigade에서 영웅들로 팀을 구성해 세계를 구하세요!",Blue Fire,"액션, 어드벤처, 인디","Explore the fallen world of Penumbra in this precision 3D metroidvania platformer. Slash fierce enemies, conquer deadly traps, uncover ancient temples, and master fast, fluid movement across challenging platforming gauntlets in your quest to restore a fallen kingdom.",,,
B0476,A26,RimWorld / Oxygen Not Included / Unpacking 언패킹,"인디, 시뮬레이션, 전략 / 인디, 시뮬레이션 / 캐주얼, 인디, 시뮬레이션","[RimWorld] 지능형 AI 이야기꾼이 주도하는 공상과학 정착지 시뮬레이터입니다. 심리, 생태, 총격전과 근접전, 날씨, 기후, 외교, 사람 사이의 관계, 예술, 의학, 무역, 그 외 많은 것들을 시뮬레이션하여 이야기를 생성합니다. ‖ [Oxygen Not Included] Oxygen Not Included는 우주 콜로니 시뮬레이션 게임입니다. 외계의 우주 암석 깊은 곳에서 근면한 일꾼들은 생존하고 나아가 번영하기 위해 과학을 마스터하고, 낯선 새로운 생명체에 맞서며, 경이로운 우주 테크놀로지를 활용해야 합니다. ‖ [Unpacking 언패킹] Unpacking은 상자에서 짐을 꺼내 새집에 맞게 배치하는 친숙한 체험에 대한 명상적 퍼즐 게임입니다. 게임의 일부인 블록 맞추기 게임과 집 꾸미기를 하는 동안, 푸는 짐에 닮긴 삶의 실마리를 찾아가며 만족할 만한 생활 공간을 만들어 보세요.",Mercury Fallen,"인디, 시뮬레이션, 전략","탐험, 확장, 생존에 초점을 맞춘 SF 식민지 관리 시뮬레이션입니다. 지하 시설을 재건하고, 식민지 주민과 로봇을 관리하고, 지구에서 몇 광년 떨어진 외계 세계의 미스터리를 밝혀보세요. 깊이 파고 표면을 확장하여 새 집을 만들어 보세요.",,,
B0477,A17,Lethal Company / Phasmophobia / Deep Rock Galactic,"액션, 어드벤처, 인디, 앞서 해보기 / 액션, 인디, 앞서 해보기 / 액션","[Lethal Company] A co-op horror about scavenging at abandoned moons to sell scrap to the Company. ‖ [Phasmophobia] Phasmophobia is a 4 player online co-op psychological horror. Paranormal activity is on the rise and it’s up to you and your team to use all the ghost-hunting equipment at your dis ‖ [Deep Rock Galactic] 딥 락 갤럭틱은 1-4인의 플레이어가 협동하는 FPS 게임으로, 상남자 우주 드워프, 100% 파괴 가능한 맵 환경, 절차적 생성 동굴 지형, 그리고 끊임없이 등장하는 외계 괴물 무리가 특징입니다.",FOREWARNED,"액션, 어드벤처, 인디","FOREWARNED 1-4 인 협동 생존 공포입니다. 동료 고고학자 팀과 함께 고대 이집트 유적을 장비하고 깊이 파헤쳐보세요. 보물을 수집하고, 유물을 회수하고, 지식을 발견하고, 그 안에 숨어있는 악에서 살아남 으세요.",,,
B0478,A04,Hollow Knight / Dead Cells / Celeste,"액션, 어드벤처, 인디 / 액션, 어드벤처, 인디 / 액션, 어드벤처, 인디","[Hollow Knight] 할로우 나이트에서 자신만의 길을 구축하세요! 크게 파괴된 곤충과 영웅의 왕국을 통한 서사 액션 어드벤처입니다. 손으로 그린 클래식 2D 스타일로 구불구불한 동굴을 탐험하고 오염된 생물과 싸우고 이상한 곤충들과 친구가 되어 보세요. ‖ [Dead Cells] 데드 셀(Dead Cells)는 메트로배니아에서 영감을 받은 로그라이트 액션 플랫포머 게임입니다. 2D 소울 라이트 전투에서 성을 지키는 수호자들을 물리치고 끊임없이 변화하는 거대한 성을 탐험하게 됩니다. 세이브 포인트는 없습니다. 죽이고, 죽고, 배우고, 반복하세요. ‖ [Celeste] 타워폴(TowerFall) 시리즈의 개발자들이 만든 이 초밀착형 플랫폼 게임을 플레이하고, 매들린이 셀레스트 산 정상으로 향하는 여정에서 내면의 악마에게서 살아남을 수 있게 도와주세요. 한땀 한땀 손수 제작한 수백 가지의 도전 과제에 맞서고, 사악한 비밀을 밝혀내고, 산에 숨겨진 수수께끼를 풀어보세요.",Öoo,"액션, 어드벤처, 인디",폭탄 애벌레의 대모험! ‘Öoo’는 귀여우면서도 어딘가 신비로운 세계관을 배경으로 다양한 폭탄 사용법을 발견해 풀어가는 탐색 퍼즐 플랫폼 게임입니다!,,,
B0479,A17,Lethal Company / Phasmophobia / Deep Rock Galactic,"액션, 어드벤처, 인디, 앞서 해보기 / 액션, 인디, 앞서 해보기 / 액션","[Lethal Company] A co-op horror about scavenging at abandoned moons to sell scrap to the Company. ‖ [Phasmophobia] Phasmophobia is a 4 player online co-op psychological horror. Paranormal activity is on the rise and it’s up to you and your team to use all the ghost-hunting equipment at your dis ‖ [Deep Rock Galactic] 딥 락 갤럭틱은 1-4인의 플레이어가 협동하는 FPS 게임으로, 상남자 우주 드워프, 100% 파괴 가능한 맵 환경, 절차적 생성 동굴 지형, 그리고 끊임없이 등장하는 외계 괴물 무리가 특징입니다.",Running Robot Man 4,"액션, 어드벤처, 인디","Play as a robot working for the ""Establishment"" and explore procedurally generated dungeons with your parasol, laser, and various acrobatic abilities. Work up the ranks and pass the notorious ""Recruit Exam"" and earn your license to explore beyond the walls of HQ into the void. Play solo or co-op.",,,
B0480,A26,RimWorld / Oxygen Not Included / Unpacking 언패킹,"인디, 시뮬레이션, 전략 / 인디, 시뮬레이션 / 캐주얼, 인디, 시뮬레이션","[RimWorld] 지능형 AI 이야기꾼이 주도하는 공상과학 정착지 시뮬레이터입니다. 심리, 생태, 총격전과 근접전, 날씨, 기후, 외교, 사람 사이의 관계, 예술, 의학, 무역, 그 외 많은 것들을 시뮬레이션하여 이야기를 생성합니다. ‖ [Oxygen Not Included] Oxygen Not Included는 우주 콜로니 시뮬레이션 게임입니다. 외계의 우주 암석 깊은 곳에서 근면한 일꾼들은 생존하고 나아가 번영하기 위해 과학을 마스터하고, 낯선 새로운 생명체에 맞서며, 경이로운 우주 테크놀로지를 활용해야 합니다. ‖ [Unpacking 언패킹] Unpacking은 상자에서 짐을 꺼내 새집에 맞게 배치하는 친숙한 체험에 대한 명상적 퍼즐 게임입니다. 게임의 일부인 블록 맞추기 게임과 집 꾸미기를 하는 동안, 푸는 짐에 닮긴 삶의 실마리를 찾아가며 만족할 만한 생활 공간을 만들어 보세요.",The Long Journey Home,"인디, RPG, 시뮬레이션, 전략","끝없이 변화하는 우주를 탐험하고, 강력한 외계 종족과 동맹을 맺으세요. 그리고 고고학 연구부터 우주 전투까지 선원들의 기술을 활용하여, 어떻게든 고향에 돌아가세요.",,,
B0481,A28,Dordogne / A YEAR OF SPRINGS / Botany Manor,"어드벤처, 인디 / 캐주얼, 인디, 시뮬레이션 / 어드벤처","[Dordogne] 이 유년 시절의 여정에서 특별한 내러티브에 몰입하며 도르도뉴의 수천 가지 여름의 색을 탐험하고, 추억을 떠올리며 가족의 비밀을 밝히세요. ‖ [A YEAR OF SPRINGS] 세 명의 여성, 세 개의 이야기, 세 개의 봄. 세 명의 친구들이 사랑, 공감, 그리고 단지 함께하고 싶어하는 감정에 대한 방향을 찾아나가는 3 부작 비주얼 노벨 A YEAR OF SPRINGS 에서 하루, 에리카, 마나미의 이야기를 체험하세요. ‖ [Botany Manor] Welcome to Botany Manor, a stately home in 19th century England. You play as inhabitant Arabella Greene, a retired botanist. Explore your house and gardens, filled with research, t",iDigging,"어드벤처, 인디, 시뮬레이션","iDigging에서는 보물찾기, 집 개선, 그리고 호기심 많은 이웃과 당국의 눈을 피하는 전략 사이에서 균형을 잡아야 합니다. 업그레이드하고, 땅을 파고, 모든 도전을 극복하며 최고의 삶을 만들어보세요!",,,
B0482,A12,Baldur's Gate 3 / Mount & Blade II: Bannerlord / Kenshi,"어드벤처, RPG, 전략 / 액션, 인디, RPG, 시뮬레이션, 전략 / 액션, 인디, RPG, 시뮬레이션, 전략","[Baldur's Gate 3] Baldur’s Gate 3 is a story-rich, party-based RPG set in the universe of Dungeons & Dragons, where your choices shape a tale of fellowship and betrayal, survival and sacrifice, and  ‖ [Mount & Blade II: Bannerlord] 본 게임은 전략/액션 RPG입니다. 캐릭터를 생성하고, 외교에 참여하고, 제작, 거래를 하고, 방대한 중세풍의 샌드박스에서 새로운 땅을 정복하십시오. 군대를 일으켜 전쟁에 뛰어들고, 깊이가 있으나 직관적인 실력 기반의 전투 시스템을 채용한 대규모 실시간 전투에서 자신의 부대에 명령을 내리고 함께 싸우십시오. ‖ [Kenshi] 자유롭게 돌아다니는 분대 기반의 RPG. 스토리를 따라가는 대신 제한 없는 샌드박스식 게임플레이에 중점을 두었습니다. 무역상, 도둑, 반란군, 전쟁 군주, 모험가, 농부, 노예 등 다양한 삶을 체험할 수 있습니다. 운이 나쁘면 식인종의 먹잇감으로 전락할지도 모르죠. 새로운 장비를 연구하거나 제작해 보세요.",Miner Wars 2081,"액션, 어드벤처, 인디, RPG, 시뮬레이션",Operate an advanced mining ship in a fully destructible and open-world environment!,,,
B0483,A30,Stardew Valley / Slime Rancher / Raft,"인디, RPG, 시뮬레이션 / 액션, 어드벤처, 인디, 시뮬레이션 / 어드벤처, 인디, 시뮬레이션","[Stardew Valley] You've inherited your grandfather's old farm plot in Stardew Valley. Armed with hand-me-down tools and a few coins, you set out to begin your new life. Can you learn to live off th ‖ [Slime Rancher] 슬라임 랜쳐는 젊고 용감한 랜쳐, 베아트릭스 르뷰가 지구에서 1,000광년 떨어진 '머나먼 평야'에서 슬라임들과 씨름하며 생계를 꾸려나가는 이야기입니다. 긍정적인 마인드와 강인한 의지로 베아트릭스는 진공팩을 사용하여 끊임없이 말랑말랑하게 굴러나오는 슬라임들을 피하며 이름을 알리고, 부자가 되려 합니다. ‖ [Raft] Raft™ throws you and your friends into an epic oceanic adventure! Alone or together, players battle to survive a perilous voyage across a vast sea! Gather debris, scavenge reefs an",Eastshade,"어드벤처, 인디","You are a traveling painter, exploring the island of Eastshade. Capture the world on canvas using your artist’s easel. Talk to the inhabitants to learn about their lives. Make friends and help those in need. Visit cities, scale summits, unearth mysteries, and discover forgotten places!",,,
B0484,A09,Roots of Yggdrasil / Ancient Gods / Flick Shot Rogues,"인디, 전략 / RPG, 전략 / 인디, 전략","[Roots of Yggdrasil] Build settlements, explore the Nine Realms, collect artifacts and upgrade your deck to reach the top of Yggdrasil in this post-Ragnarok roguelike city-builder! Can you survive the  ‖ [Ancient Gods] Ancient Gods is a fusion of hero collector and deck-building rogue-lite where you collect your character, fight, and experience exciting events. Any character can use all the cards ‖ [Flick Shot Rogues] 계획하고, 조준하고, 쏘세요! FLICK SHOT ROGUES는 테이블 위에서 물건을 튕기는 촉각적 만족감과 사람들이 좋아하는 턴제 로그라이크의 전략적 깊이를 결합한 게임입니다. 말도 안되는 콤보를 연결하고, 캐릭터, 아이템, 스킬을 잠금 해제하면서, 섬을 정복하세요!",Core Defense,"캐주얼, 인디, 전략","A roguelike tower defense game with a dash of deckbuilding. Choose a reward, improve your build, survive the next wave, repeat. Highly replayable, difficult, and addictive. You'll want just one more wave, just one more run!",,,
B0485,A29,Salt and Sanctuary,"액션, 인디, RPG","[Salt and Sanctuary] 두렵고도 잔혹한 섬의 탐험을 시작합니다… Salt and Sanctuary는 신속하고, 잔인하며, 복잡한 전투 시스템을 지닌 2D RPG입니다. 저주받은 도시의 잊힌 영역이나, 피에 물든 던전이나, 오염된 기념비와 같은 장소를 돌아다니며, 한때 축복을 받았지만 지금은 타락하고 만 영주들을 조우하세요.",Withering Rooms,"액션, 어드벤처, RPG",매일 밤 바뀌는 빅토리아풍 저택을 배경으로 펼쳐지는 2.5D 공포 액션 RPG입니다.,,,
B0486,A35,Project Zomboid / Don't Starve / The Forest,"인디, RPG, 시뮬레이션, 앞서 해보기 / 어드벤처, 인디, 시뮬레이션 / 액션, 어드벤처, 인디, 시뮬레이션","[Project Zomboid] Project Zomboid is the ultimate in zombie survival. Alone or in MP: you loot, build, craft, fight, farm and fish in a struggle to survive. A hardcore RPG skillset, a vast map, mass ‖ [Don't Starve] Don’t Starve is an uncompromising wilderness survival game full of science and magic. Enter a strange and unexplored world full of strange creatures, dangers, and surprises. Gather ‖ [The Forest] As the lone survivor of a passenger jet crash, you find yourself in a mysterious forest battling to stay alive against a society of cannibalistic mutants. Build, explore, survive i",Madness Cubed,"액션, 어드벤처, 인디, 대규모 멀티플레이어, 시뮬레이션","Online shooter with a variety of game modes and a huge arsenal of weapons. Fight with other players, or team up with them to defeat hordes of zombies and mutants!",,,
B0487,A06,Cities: Skylines / Factorio / Farming Simulator 22,"시뮬레이션, 전략 / 캐주얼, 인디, 시뮬레이션, 전략 / 시뮬레이션","[Cities: Skylines] Cities: Skylines is a modern take on the classic city simulation. The game introduces new game play elements to realize the thrill and hardships of creating and maintaining a real  ‖ [Factorio] Factorio는 무한한 2D 세상에서 복잡성이 증가하는 아이템을 생산하기 위해 자동화 공장을 만드는 게임입니다. - 당신의 상상력으로 공장을 설계, 독창적인 방법으로 간단한 요소를 결합하고 마지막엔 당신을 좋아하지 않는 생물들로 부터 공장을 지키세요. ‖ [Farming Simulator 22] 농장을 만들고 농사를 즐기세요! 작물을 수확하고, 동물을 돌보고, 생산을 관리하고, 계절에 따른 어려움을 이겨내세요.",Builderment,"캐주얼, 인디, 시뮬레이션, 전략","Builderment는 캐주얼 공장 건설 게임으로, 멀리 떨어진 행성으로 보내져 새로운 자원으로 지구를 계속 운영하게 됩니다. 기지를 건설한 다음 채굴, 건설, 운송, 그리고 궁극적으로 당신의 집을 구할 수 있는 자동화 운영을 설계해보세요, 한 번에 하나씩!",,,
B0488,A13,Death's Door / Children of Morta / Roboquest / Spelunky 2 / Nuclear Throne / Streets of Rogue / Neon Abyss / Curse of the Dead Gods / Rogue Legacy 2 / Have a Nice Death,"액션, 어드벤처, 인디, RPG / 액션, 어드벤처, 인디, RPG / 액션, 인디 / 액션, 인디 / 액션, 인디, RPG / 액션, 어드벤처, 인디, RPG / 액션, 어드벤처, 인디, RPG / 액션, 어드벤처 / 액션, 어드벤처, 인디, RPG / 액션, 인디","[Death's Door] 죽은 자의 영혼을 수확하고 시간을 끝내는 것은 단조로울 수 있지만 까마귀에겐 평범한 일입니다. 하지만 주어진 영혼을 도둑맞게 되면 변화가 일어납니다. 영혼을 도난하고 죽음의 손길이 닿지 않는 영역으로 도망친 절망적인 도둑을 추적하십시오. ‖ [Children of Morta] Children of Morta는 비범한 가족 영웅에 대한 스토리 중심의 액션 RPG 게임입니다. 다가오는 부패에 맞서 모든 결함과 미덕을 갖춘 베르그송 가를 이끄세요. 여러분은 여러분이 아끼는 사람들을 구하기 위해 모든 것을 희생할 수 있으신가요? ‖ [Roboquest] 로보퀘스트는 멸망한 미래 세계의 빠른 FPS 로그라이트입니다. 당신은 재부팅된 수호자로, 강철 궁둥짝을 걷어 찰 준비를 하세요! 혼자서 혹은 친구와 함께 맞서거나 끊임없이 변화하는 환경에서 치명적인 로봇 군단을 섬멸하세요. ‖ [Spelunky 2] Spelunky 2 builds upon the unique, randomized challenges that made the original a roguelike classic, offering a huge adventure designed to satisfy players old and new. Meet the nex ‖ [Nuclear Throne] Nuclear Throne은 포스트 아포칼립스 세계관의 로그라이크 스타일 탑다운 슈터입니다. 여기서 말하는 포스트 아포칼립스는 '인류의 마지막 희망'이 남아 있는 세계가 아니라, '인류는 멸종했고 이제 돌연변이와 괴물들이 세상을 돌아다니는' 그런 세계입니다. 과연 당신은 뉴클리어 쓰론에 도달할 수 있을까요? ‖ [Streets of Rogue] 싸워서 몰래 들어가 임의 생성된 도시를 공격하세요. Nuclear Throne은 무법천지 GTA와 Deus Ex가 혼합된 형태입니다. Rogue-lite가 몰입도 높은 캐릭터를 만나 너무 재미있습니다. ‖ [Neon Abyss] Neon Abyss는 고속의 로그라이크 액션 플랫포머로, 하데스가 만든 '그림 스쿼드'의 일원이 되어 어비스로 총을 들고 뛰어드는 런 앤 건 게임입니다. 무한한 아이템 시너지와 던전 진화 시스템으로, 매번 게임을 할 때마다 다른 경험과 새로운 도전이 등장합니다. 진짜 지옥을 보여주세요! ‖ [Curse of the Dead Gods] 엄청난 부, 영원한 생명, 신성한 힘을 탐하는 마음이 당신을 끝없는 지옥 속의 미로, 치명적인 함정 및 몬스터가 우글거리는 이 저주받은 사원으로 이끌었습니다. ‖ [Rogue Legacy 2] 로그 레거시 2는 로그 레거시에 후속편을 끼얹은 작품입니다. 당신이 죽을 때마다 자식이 가업을 이어받습니다. 딸은 색맹 궁수이고 아들은 평화주의자 요리사일 수도 있죠. 어쨌거나 둘 중 한 명은 전장으로 나가야 합니다. ‖ [Have a Nice Death] Have a Nice Death는 과로에 고생하는 데스가 되어 플레이하는 2D 액션 로그라이크로, 통제 불능인 직원들 때문에 영혼의 균형과 데스의 휴가 계획이 틀어지고 말았습니다. 질서를 회복하려면 대낫을 들고 직원들과 서열 정리를 해야 합니다.",이상한 나라 모험기,"액션, 캐주얼, 인디","탐험 요소 없이도 몬스터 킬링의 만족감이 넘치는 로그라이트 게임! 이 게임은 특이한 적들과 스테이지가 가득하며, 깊고 탄탄한 보너스와 무기, 아이템들이 풍부해요. 물론, 불필요한 특징과 쓸데없는 디테일도 가득! (컨트롤러 지원!)",,,
B0489,A11,Forza Horizon 5 / Hi-Fi RUSH / Street Fighter 6,"액션, 어드벤처, 레이싱, 시뮬레이션, 스포츠 / 액션 / 액션, 어드벤처","[Forza Horizon 5] 세계 최고의 자동차를 타고 생동감 넘치는 멕시코의 대자연을 탐험하며 재미있는 드라이빙 액션을 마음껏 즐겨보세요. ‖ [Hi-Fi RUSH] 아케이드 챌린지! 업데이트!로 추가되는 두 개의 신규 게임 모드에서 여러분의 능력을 시험하고, 새로운 보상을 획득해 보세요. 몇 가지 비밀도 숨어 있답니다! 락 스타 지망생 차이가 되어 비트를 타고, 세상 모든 게 음악에 싱크되는 세계에서 오합지졸 팀과 함께 사악한 거대 기업에 맞서 싸우세요. ‖ [Street Fighter 6] 시리즈 최신작 『Street Fighter 6』, 2023년 6월 2일 발매 결정! RE ENGINE으로 개발된 본 작품은 대형 모드 「World Tour」, 「Fighting Ground」, 「Battle Hub」로 구성되어 있다. 새로운 「스트리트 파이터」에는 지금까지의 시리즈에는 없었던 새로운 체험이 기다리고 있다.",DOOM,액션,"Now includes all three premium DLC packs (Unto the Evil, Hell Followed, and Bloodfall), maps, modes, and weapons, as well as all feature updates including Arcade Mode, Photo Mode, and the latest Update 6.66, which brings further multiplayer improvements as well as revamps multiplayer progression.",,,
B0490,A24,Valheim / Grounded / My Time at Portia,"액션, 어드벤처, 인디, RPG, 앞서 해보기 / 액션, 어드벤처 / 어드벤처, 캐주얼, 인디, RPG, 시뮬레이션","[Valheim] 북구 신화와 바이킹 문화에 기반한 판타지 세계를 배경으로 펼쳐지는 생존 및 탐험 게임. ‖ [Grounded] The world is a vast, beautiful and dangerous place – especially when you have been shrunk to the size of an ant. Can you thrive alongside the hordes of giant insects, fighting to s ‖ [My Time at Portia] 아름다운 Portia 마을에서 새 삶을 시작하세요! 아버지가 방치한 작업장에서 제작을 부탁받고, 작물을 키우고, 가축을 기르고, 아름다운 세기말의 땅에서 특이한 친구들을 사귀며 작업장을 예전의 멋진 모습으로 복원하세요.",Spirit of the Island,"액션, 어드벤처, 캐주얼, 인디, RPG, 시뮬레이션","Spirit of the Island는 열대 군도를 배경으로 펼쳐지는 다채로운 협동 라이프 시뮬레이터 RPG 게임입니다. 농장을 건설해 작물과 가축을 기르고, 다양한 아이템을 만들고, 우아한 요리를 만들고, 자원을 모아 상점과 박물관을 지어 관광객들을 끌어모으고, 황폐한 섬을 활기찬 관광 명소로 탈바꿈시키세요!",,,
B0491,A22,Deck of Ashes / Dicefolk / Cubic Cosmos,"어드벤처, 인디, RPG, 전략 / 캐주얼, 인디, 전략 / 전략","[Deck of Ashes] 덱 오브 애쉬즈(Deck of Ashes)는 전술 카드 전투를 벌이는 어드벤처 게임입니다. 한 번에 한 캐릭터씩 안티히어로 일행을 이끌어 속죄의 여행을 떠나보세요. 저주받은 판타지 세계를 탐험하며 강력한 카드를 찾아보세요. 독특한 전투 덱을 형성하여 적들을 무찌르세요! 잿빛 저주의 세계를 제거하실 수 있겠습니까? ‖ [Dicefolk] 마법 주사위의 힘을 휘두르고 강력한 키메라 팀을 구축해보세요! 수수께끼의 악을 멈추기 위한 택티컬 덱빌딩 로그라이트 모험이 다가오고 있습니다. 키메라 소환사로서, 신화적인 짐승들을 모집하고 완벽한 팀을 만들고, 다이스포크만의 독특한 주사위 메커니즘을 활용하여 승리로 이끌어주세요. ‖ [Cubic Cosmos] Cubic Cosmos is a thrilling fast-paced roguelike card game. You have been trapped in a deadly game. One wrong move could see you reduced to a plaything of the goddess. Can you free",Vault of the Void,"인디, 전략","Vault of the Void is a fast-paced roguelike deckbuilder where the power is in your hands. Continuously customise your deck, crafting powerful combos and ingenious strategies. Upgrade your cards with Void Stones, infusing them with new abilities to help defeat the minions of The Void!",,,
B0492,A32,Hardspace: Shipbreaker / Hacknet / The Case of the Golden Idol / 방 탈출 시뮬레이터 / shapez 2 - Factory,"시뮬레이션 / 인디, 시뮬레이션 / 어드벤처, 인디 / 어드벤처, 캐주얼, 인디, 시뮬레이션 / 캐주얼, 인디, 시뮬레이션, 전략","[Hardspace: Shipbreaker] Equipped with cutting-edge salvaging tech, carve & slice spaceships to recover valuable materials. Upgrade your gear to take on more lucrative contracts and pay your billion credit ‖ [Hacknet] Hacknet은 터미널 기반의 몰입형 해킹 시뮬레이터입니다. 최근에 사망한, 그러나 언론 보도와는 달리 사고로 사망하지 않은 해커의 지시에 따라 진실을 추척하십시오. ‖ [The Case of the Golden Idol] A new kind of detective game that allows you to think and investigate freely. Discover clues surrounding 12 strange and gruesome deaths and build your own theory. Pick your suspect ‖ [방 탈출 시뮬레이터] Escape Simulator는 단독 또는 온라인 협동 플레이가 가능한 1인칭 퍼즐 게임입니다. 점점 더 많아지는, 고도의 상호 작용이 가능한 방탈출 세트를 탐험하세요. 가구를 옮기고, 모든 것을 집어 들고 검사하고, 냄비를 부수고 자물쇠를 부수세요! 레벨 편집기를 통해 커뮤니티가 만든 방을 지원합니다. ‖ [shapez 2 - Factory] 공장 건설 게임에 빠져들어 보세요. 단 한 가지에 집중하세요. 대규모 우주 공장을 건설하는 것! 방대하게 펼쳐지는 다층 공장과 만족스러운 생산 라인을 무제한으로 설계하세요. 계속해서 어려워지는 자동화 목표를 적의 위협 없이 자신만의 속도로 달성하세요.",CaseCracker2,"인디, 시뮬레이션, 전략","Officer Jia has vanished, leaving a classified message pointing to the CaseCracker 2.0 system. Tear through suspects' alibis, look beyond the text, and extract hidden threads from seemingly unrelated intel. Will you find the ultimate truth, or a trap?",,,
B0493,A20,Counter-Strike 2 / PUBG: BATTLEGROUNDS / 톰 클랜시의 레인보우식스 시즈,"액션, 무료 플레이 / 액션, 어드벤처, 대규모 멀티플레이어, 무료 플레이 / 액션, 무료 플레이","[Counter-Strike 2] Counter-Strike는 20년이 넘는 시간 동안 전 세계 수백만 명의 플레이어가 모여 수준 높은 경쟁을 펼칠 수 있는 플랫폼을 제공해 왔습니다. 그리고 이제 곧 Counter-Strike 2와 함께 새로운 CS 시대의 막이 열립니다. ‖ [PUBG: BATTLEGROUNDS] 배틀로얄 유행의 시작이자, 그 정수를 보여준 PUBG: 배틀그라운드를 지금 무료로 플레이하세요! 다양한 맵에 낙하하여 무기와 보급품을 확보하고, 점점 줄어드는 블루존 속에서 끝까지 살아남아 승리를 쟁취하세요. ‖ [톰 클랜시의 레인보우식스 시즈] 톰 클랜시의 레인보우식스 시즈는 탁월한 계획과 기술이 승부를 좌우하는 전술적인 정예 팀 기반 슈팅 게임입니다.",War Trigger 3,"액션, 캐주얼, 인디, 시뮬레이션, 무료 플레이","Destroy, smash and blast your way to victory! Use advanced weapons and vehicles to dominate the battlefield.",,,
B0494,A30,Stardew Valley / Slime Rancher / Raft,"인디, RPG, 시뮬레이션 / 액션, 어드벤처, 인디, 시뮬레이션 / 어드벤처, 인디, 시뮬레이션","[Stardew Valley] You've inherited your grandfather's old farm plot in Stardew Valley. Armed with hand-me-down tools and a few coins, you set out to begin your new life. Can you learn to live off th ‖ [Slime Rancher] 슬라임 랜쳐는 젊고 용감한 랜쳐, 베아트릭스 르뷰가 지구에서 1,000광년 떨어진 '머나먼 평야'에서 슬라임들과 씨름하며 생계를 꾸려나가는 이야기입니다. 긍정적인 마인드와 강인한 의지로 베아트릭스는 진공팩을 사용하여 끊임없이 말랑말랑하게 굴러나오는 슬라임들을 피하며 이름을 알리고, 부자가 되려 합니다. ‖ [Raft] Raft™ throws you and your friends into an epic oceanic adventure! Alone or together, players battle to survive a perilous voyage across a vast sea! Gather debris, scavenge reefs an",猎魔者战纪,"어드벤처, 캐주얼, 인디, RPG, 전략",这是一款轻松休闲的角色扮演游戏，和米娅一起冒险，发现深藏在王国深处的秘密。,,,
B0495,A25,DOOMBLADE / Transiruby / Blast Brigade vs. the Evil Legion of Dr. Cread,"액션, 어드벤처, 인디 / 액션 / 액션, 어드벤처, 인디","[DOOMBLADE] Deep underground, Gloom Girl discovers DOOMBLADE, a sentient weapon hellbent on escape after eons in chains. Together, “Doom and Gloom” embark on a vengeful quest to unlock the pow ‖ [Transiruby] 차원 대륙의 의문을 풀어라! 는 사이보그 소녀 실비가 검과 엘리먼트 샷으로 적을 쓰러뜨리며 앞으로 나아가는 탐색형 액션 게임입니다! ‖ [Blast Brigade vs. the Evil Legion of Dr. Cread] 스릴 넘치는 플랫포밍과 깊이 있는 탐험 세계, 폭발적인 액션으로 가득한 2D 메트로이드배니아 어드벤처 게임을 즐겨보세요! Blast Brigade에서 영웅들로 팀을 구성해 세계를 구하세요!",Lunnye Devitsy,"캐주얼, 인디",An alien lost on a strange planet needs help returning home,,,
B0496,A17,Lethal Company / Phasmophobia / Deep Rock Galactic,"액션, 어드벤처, 인디, 앞서 해보기 / 액션, 인디, 앞서 해보기 / 액션","[Lethal Company] A co-op horror about scavenging at abandoned moons to sell scrap to the Company. ‖ [Phasmophobia] Phasmophobia is a 4 player online co-op psychological horror. Paranormal activity is on the rise and it’s up to you and your team to use all the ghost-hunting equipment at your dis ‖ [Deep Rock Galactic] 딥 락 갤럭틱은 1-4인의 플레이어가 협동하는 FPS 게임으로, 상남자 우주 드워프, 100% 파괴 가능한 맵 환경, 절차적 생성 동굴 지형, 그리고 끊임없이 등장하는 외계 괴물 무리가 특징입니다.",The Black Pool,"액션, 어드벤처, 인디, RPG","In the forest outside of town, four friends discover a mysterious black pool that transports them to an unknown world. To fight their way home, they must unlock and master supernatural abilities. Play cooperative or solo in this high-paced action game of skill that varies each session.",,,
B0497,A31,Hearts of Iron IV / Europa Universalis IV / Sid Meier's Civilization® V,"시뮬레이션, 전략 / 시뮬레이션, 전략 / 전략","[Hearts of Iron IV] Victory is at your fingertips! Your ability to lead your nation is your supreme weapon, the strategy game Hearts of Iron IV lets you take command of any nation in World War II; the ‖ [Europa Universalis IV] 비교할 수 없는 자유도, 깊이 있는 스토리, 정확한 역사적 고증을 즐기며 국토를 다스리고 세계를 정복하세요. 세계 역사를 새롭게 쓰며 시대를 풍미할 제국을 만드세요. ‖ [Sid Meier's Civilization® V] Create, discover, and download new player-created maps, scenarios, interfaces, and more!",Conquest of the New World,전략,"Discover the uncharted during the Age of Exploration in this strategy game of exploration, combat and colony management.",,,
B0498,A06,Cities: Skylines / Factorio / Farming Simulator 22,"시뮬레이션, 전략 / 캐주얼, 인디, 시뮬레이션, 전략 / 시뮬레이션","[Cities: Skylines] Cities: Skylines is a modern take on the classic city simulation. The game introduces new game play elements to realize the thrill and hardships of creating and maintaining a real  ‖ [Factorio] Factorio는 무한한 2D 세상에서 복잡성이 증가하는 아이템을 생산하기 위해 자동화 공장을 만드는 게임입니다. - 당신의 상상력으로 공장을 설계, 독창적인 방법으로 간단한 요소를 결합하고 마지막엔 당신을 좋아하지 않는 생물들로 부터 공장을 지키세요. ‖ [Farming Simulator 22] 농장을 만들고 농사를 즐기세요! 작물을 수확하고, 동물을 돌보고, 생산을 관리하고, 계절에 따른 어려움을 이겨내세요.",Software Inc.,"인디, 시뮬레이션, 전략, 앞서 해보기","Construct and design buildings for optimal working conditions. Hire people to design and release software, so you can defeat the simulated competition and take over their businesses. Manage and educate your employees to make sure they are skilled and satisfied with their job.",,,
B0499,A33,Garry's Mod / Team Fortress 2 / Left 4 Dead 2,"캐주얼, 인디, 시뮬레이션 / 액션, 무료 플레이 / 액션","[Garry's Mod] Garry's Mod is a physics sandbox. There aren't any predefined aims or goals. We give you the tools and leave you to play. ‖ [Team Fortress 2] 다양한 전술적 능력과 뚜렷한 개성을 갖춘 9가지 병과의 캐릭터를 플레이하세요. 끊임없이 업데이트되는 새로운 게임 모드, 맵, 장비 그리고 가장 중요한 모자까지 지금 바로 즐겨보세요! ‖ [Left 4 Dead 2] Set in the zombie apocalypse, Left 4 Dead 2 is a co-operative action horror FPS takes you and your friends through the cities, swamps and cemeteries of the Deep South, from Savanna",4Wheel Challenge (휠체어 시뮬레이터),"액션, 캐주얼, 인디, 레이싱, 시뮬레이션, 스포츠","혼자서, 또는 친구들과 함께 혼돈의 모드를 즐기며 물리 법칙을 마스터하세요… 아니면 그냥 모두를 날려버리세요!",,,
B0500,A05,Opus Magnum,"인디, 시뮬레이션","[Opus Magnum] Opus Magnum은 SpaceChem, Infinifactory, SHENZHEN I/O를 제작한 Zachtronics의 신작 퍼즐게임입니다. 연금술사들의 최첨단 도구인 변성 기관을 이용해 물약과 독을 만들어내는 기계들을 설계하고 만들어 내세요!",Osmos,"캐주얼, 인디","Osmos의 잔잔한 세계에 들어가 보세요: 물리 기반의 우아한 게임플레이, 몽환적인 시각 효과들 그리고 미니멀리즘 일렉트로닉 사운드트랙.당신의 목표는 다른 티끌들을 흡수해서 자라는 것입니다. 물질들을 뒤편으로 내뿜어서 나아가세요. 하지만 물질을 뿜는 것은 당신을 작게 만들기 때문에 신중해져야 합니다. 긴장을 푸세요 - 기다리는 사람에게 좋은 일이 생깁니다.주요 특징:세 분야의 Independent Games Festival 입상: Seumas McNally 대상, 디자인의 우수성과 우수한 기술차분하게 고요한 레벨들에서부터 다양하고 ",,,
B0501,A11,Forza Horizon 5 / Hi-Fi RUSH / Street Fighter 6,"액션, 어드벤처, 레이싱, 시뮬레이션, 스포츠 / 액션 / 액션, 어드벤처","[Forza Horizon 5] 세계 최고의 자동차를 타고 생동감 넘치는 멕시코의 대자연을 탐험하며 재미있는 드라이빙 액션을 마음껏 즐겨보세요. ‖ [Hi-Fi RUSH] 아케이드 챌린지! 업데이트!로 추가되는 두 개의 신규 게임 모드에서 여러분의 능력을 시험하고, 새로운 보상을 획득해 보세요. 몇 가지 비밀도 숨어 있답니다! 락 스타 지망생 차이가 되어 비트를 타고, 세상 모든 게 음악에 싱크되는 세계에서 오합지졸 팀과 함께 사악한 거대 기업에 맞서 싸우세요. ‖ [Street Fighter 6] 시리즈 최신작 『Street Fighter 6』, 2023년 6월 2일 발매 결정! RE ENGINE으로 개발된 본 작품은 대형 모드 「World Tour」, 「Fighting Ground」, 「Battle Hub」로 구성되어 있다. 새로운 「스트리트 파이터」에는 지금까지의 시리즈에는 없었던 새로운 체험이 기다리고 있다.",Ragnarock,"액션, 캐주얼, 인디","리듬 게임에서 바이킹선을 승리로 이끌어 보세요! 셀틱 록에서 바이킹 파워 메탈까지, 장대한 음악에 맞춰 드럼을 두드리고 라이벌을 상대로 항해를 시작하세요. 솔로, 분할 화면 및 온라인 PVP가 포함됩니다.",,,
B0502,A33,Garry's Mod / Team Fortress 2 / Left 4 Dead 2,"캐주얼, 인디, 시뮬레이션 / 액션, 무료 플레이 / 액션","[Garry's Mod] Garry's Mod is a physics sandbox. There aren't any predefined aims or goals. We give you the tools and leave you to play. ‖ [Team Fortress 2] 다양한 전술적 능력과 뚜렷한 개성을 갖춘 9가지 병과의 캐릭터를 플레이하세요. 끊임없이 업데이트되는 새로운 게임 모드, 맵, 장비 그리고 가장 중요한 모자까지 지금 바로 즐겨보세요! ‖ [Left 4 Dead 2] Set in the zombie apocalypse, Left 4 Dead 2 is a co-operative action horror FPS takes you and your friends through the cities, swamps and cemeteries of the Deep South, from Savanna",Home Improvisation: Furniture Sandbox,"캐주얼, 인디, 시뮬레이션","Build beautifully precise or wildly creative furniture! Decorate an entire house with your creations. 4 players can play locally, or invite an online player to help you build! Full support for the HTC Vive, including local and online multiplayer",,,
B0503,A05,Opus Magnum,"인디, 시뮬레이션","[Opus Magnum] Opus Magnum은 SpaceChem, Infinifactory, SHENZHEN I/O를 제작한 Zachtronics의 신작 퍼즐게임입니다. 연금술사들의 최첨단 도구인 변성 기관을 이용해 물약과 독을 만들어내는 기계들을 설계하고 만들어 내세요!",Masterplan Tycoon,"인디, 시뮬레이션, 전략",Welcome to the resource management game where your creativity and logistics skills are put to the test! In this minimalistic simulation you will build interconnected chains of products and open new missions by completing various tasks to create the biggest system you can.,,,
B0504,A07,Into the Breach / Monster Train / Mini Metro,"인디, RPG, 시뮬레이션, 전략 / 전략 / 인디, 시뮬레이션, 전략","[Into the Breach] 미래의 강력한 메크를 조종하여 외계 세력을 물리치세요. 이 턴제 전략 게임에서는 세계를 구하려 시도할 때마다 무작위로 새롭게 생성되는 도전이 여러분 앞에 나타납니다. ‖ [Monster Train] Monster Train is a strategic roguelike deck building game with a twist. Set on a train to hell, you’ll use tactical decision making to defend multiple vertical battlegrounds. With  ‖ [Mini Metro] 미니 메트로는 성장하는 도시를 위해 지하철 노선을 설계하는 게임입니다. 역과 역 사이에 노선을 그려서 열차 운행을 시작하세요. 새로운 역이 열리면 노선을 수정해서 노선도를 효율적으로 유지하세요. 한정된 자원을 어느 곳에 사용할 것인지 결정하세요. 도시를 얼마나 오래 유지할 수 있을까요?",이볼빙,"액션, 인디, RPG","Evolings은 간단한, 로그라이크 몬스터 포획 게임입니다. 턴제 전투 방식으로, 이볼링들을 모아 악의 무리들과 싸워서 나만의 치명적이지만 귀여운 몬스터 팀을 만들어 보세요! 또한, 계획에 영향을 줄 수 있는 무작위 이벤트를 조심하세요.",,,
B0505,A17,Lethal Company / Phasmophobia / Deep Rock Galactic,"액션, 어드벤처, 인디, 앞서 해보기 / 액션, 인디, 앞서 해보기 / 액션","[Lethal Company] A co-op horror about scavenging at abandoned moons to sell scrap to the Company. ‖ [Phasmophobia] Phasmophobia is a 4 player online co-op psychological horror. Paranormal activity is on the rise and it’s up to you and your team to use all the ghost-hunting equipment at your dis ‖ [Deep Rock Galactic] 딥 락 갤럭틱은 1-4인의 플레이어가 협동하는 FPS 게임으로, 상남자 우주 드워프, 100% 파괴 가능한 맵 환경, 절차적 생성 동굴 지형, 그리고 끊임없이 등장하는 외계 괴물 무리가 특징입니다.",Silent Rain,"액션, 어드벤처, 인디","Silent Rain is a challenging and immersive co-op horror game, for 1 to 4 players. Explore abandoned locations, solve puzzles, and gather information while trying to survive the threats lurking in the dark. How many tries will it take you to master your fear?",,,
B0506,A35,Project Zomboid / Don't Starve / The Forest,"인디, RPG, 시뮬레이션, 앞서 해보기 / 어드벤처, 인디, 시뮬레이션 / 액션, 어드벤처, 인디, 시뮬레이션","[Project Zomboid] Project Zomboid is the ultimate in zombie survival. Alone or in MP: you loot, build, craft, fight, farm and fish in a struggle to survive. A hardcore RPG skillset, a vast map, mass ‖ [Don't Starve] Don’t Starve is an uncompromising wilderness survival game full of science and magic. Enter a strange and unexplored world full of strange creatures, dangers, and surprises. Gather ‖ [The Forest] As the lone survivor of a passenger jet crash, you find yourself in a mysterious forest battling to stay alive against a society of cannibalistic mutants. Build, explore, survive i",DYSMANTLE,"액션, 어드벤처, 인디, RPG, 시뮬레이션",쉘터에서 일어나라. 모든 것을 파괴하라. 끔찍한 섬을 탈출하라. ⚔️🔨🎣🌱🌵🍰 탐험하라. 싸우라. 레벨업하라. 살아남으라. 모으라. 제조하라. 수확하라. 사냥하라. 건설하라. 농사를 지으라. 퍼즐을 풀라. 낚시를 하라. 요리하라. 살라. 괴로우면서도 즐거운 포스트 아포칼립스를 즐기라.,,,
B0507,A09,Roots of Yggdrasil / Ancient Gods / Flick Shot Rogues,"인디, 전략 / RPG, 전략 / 인디, 전략","[Roots of Yggdrasil] Build settlements, explore the Nine Realms, collect artifacts and upgrade your deck to reach the top of Yggdrasil in this post-Ragnarok roguelike city-builder! Can you survive the  ‖ [Ancient Gods] Ancient Gods is a fusion of hero collector and deck-building rogue-lite where you collect your character, fight, and experience exciting events. Any character can use all the cards ‖ [Flick Shot Rogues] 계획하고, 조준하고, 쏘세요! FLICK SHOT ROGUES는 테이블 위에서 물건을 튕기는 촉각적 만족감과 사람들이 좋아하는 턴제 로그라이크의 전략적 깊이를 결합한 게임입니다. 말도 안되는 콤보를 연결하고, 캐릭터, 아이템, 스킬을 잠금 해제하면서, 섬을 정복하세요!",The Dreamers Foresight,"액션, 인디, RPG",A third-person roguelike deck-builder where every run is different. Play as a ninja - fight or stealth your way through nightmares. Build your map by placing randomized biome tiles. Align similar tiles for better rewards. Build a powerful deck from a variety set of cards while balancing your energy.,,,
B0508,A28,Dordogne / A YEAR OF SPRINGS / Botany Manor,"어드벤처, 인디 / 캐주얼, 인디, 시뮬레이션 / 어드벤처","[Dordogne] 이 유년 시절의 여정에서 특별한 내러티브에 몰입하며 도르도뉴의 수천 가지 여름의 색을 탐험하고, 추억을 떠올리며 가족의 비밀을 밝히세요. ‖ [A YEAR OF SPRINGS] 세 명의 여성, 세 개의 이야기, 세 개의 봄. 세 명의 친구들이 사랑, 공감, 그리고 단지 함께하고 싶어하는 감정에 대한 방향을 찾아나가는 3 부작 비주얼 노벨 A YEAR OF SPRINGS 에서 하루, 에리카, 마나미의 이야기를 체험하세요. ‖ [Botany Manor] Welcome to Botany Manor, a stately home in 19th century England. You play as inhabitant Arabella Greene, a retired botanist. Explore your house and gardens, filled with research, t",Drizzlepath: Genie,"어드벤처, 캐주얼, 인디","Walk as Lula, on the path you choose, as she journeys to discover the meaning of the Genie and fulfill her destiny.",,,
B0509,A06,Cities: Skylines / Factorio / Farming Simulator 22,"시뮬레이션, 전략 / 캐주얼, 인디, 시뮬레이션, 전략 / 시뮬레이션","[Cities: Skylines] Cities: Skylines is a modern take on the classic city simulation. The game introduces new game play elements to realize the thrill and hardships of creating and maintaining a real  ‖ [Factorio] Factorio는 무한한 2D 세상에서 복잡성이 증가하는 아이템을 생산하기 위해 자동화 공장을 만드는 게임입니다. - 당신의 상상력으로 공장을 설계, 독창적인 방법으로 간단한 요소를 결합하고 마지막엔 당신을 좋아하지 않는 생물들로 부터 공장을 지키세요. ‖ [Farming Simulator 22] 농장을 만들고 농사를 즐기세요! 작물을 수확하고, 동물을 돌보고, 생산을 관리하고, 계절에 따른 어려움을 이겨내세요.",Time to Morp,"어드벤처, 캐주얼, 인디, 시뮬레이션","Play with friends in a cozy base-building adventure! Take care of adorable creatures — Morps, explore, discover new species, grow crops, fish, build relationships with your crew, decorate your perfect home, and automate production along the way!",,,
