pair_key,프로필,좋아하는_게임,좋아하는_게임_장르,추천_게임,추천_게임_장르,추천_게임_설명,적합도,이유태그,메모
B0001,A11,Hollow Knight / Dead Cells / Garry's Mod,"액션, 어드벤처, 인디 / 액션, 어드벤처, 인디 / 캐주얼, 인디, 시뮬레이션",가이더스 제로,"액션, 어드벤처, 인디, 전략",가이더스 제로는 실시간 그리드 액션 로그라이크 게임입니다. 대륙에 생겨난 미지의 싱크홀 '상처'를 탐험하며 신비로운 정령들과 보물상자를 찾아보세요. 그리고 어둠에 침식된 적들과 강력한 보스를 물리치고 상처의 최하층에 도달해보세요. 재앙의 원인이 기다리고 있습니다.,,,
B0002,A04,Counter-Strike 2 / PUBG: BATTLEGROUNDS / Stardew Valley,"액션, 무료 플레이 / 액션, 어드벤처, 대규모 멀티플레이어, 무료 플레이 / 인디, RPG, 시뮬레이션",Totally Accurate Battlegrounds,"액션, 인디, 무료 플레이","Grab your balloon crossbow and trusty inflatable hammer, because things are about to get wobbly! Be the last weirdo standing in the world-leading physics-based Battle Royale game.",,,
B0003,A14,The Forest / 7 Days to Die / Sid Meier’s Civilization® VI,"액션, 어드벤처, 인디, 시뮬레이션 / 액션, 어드벤처, 인디, RPG, 시뮬레이션, 전략 / 전략",Andarilho,"액션, 어드벤처, 캐주얼, 인디, 시뮬레이션","You are a guy with a backpack, just try to stay alive!",,,
B0004,A19,Garry's Mod / Team Fortress 2 / Left 4 Dead 2,"캐주얼, 인디, 시뮬레이션 / 액션, 무료 플레이 / 액션",Garbanzo Quest,"액션, 어드벤처, 인디","GARBANZO QUEST! The crazy bullet-heck platformer where your main weapon is your own spit! Bring a friend! Hand-crafted challenges, secrets, and branching paths galore!",,,
B0005,A07,Hardspace: Shipbreaker / Hacknet / The Case of the Golden Idol / 방 탈출 시뮬레이터 / shapez 2 - Factory,"시뮬레이션 / 인디, 시뮬레이션 / 어드벤처, 인디 / 어드벤처, 캐주얼, 인디, 시뮬레이션 / 캐주얼, 인디, 시뮬레이션, 전략",hack_me 2,"인디, 시뮬레이션","hack_me 2 is a story about hacker-beginner, who is going to confront to new World Order, where is no place for personal secrets.",,,
B0006,A19,Garry's Mod / Team Fortress 2 / Left 4 Dead 2,"캐주얼, 인디, 시뮬레이션 / 액션, 무료 플레이 / 액션",Fantasy Strike,"액션, 캐주얼, 인디, 무료 플레이","A fighting game designed from the ground up to be so easy to control that even non-fighting game players can play it, yet deep enough to play in tournaments. Vibrant graphics and excellent online play.",,,
B0007,A09,Hearts of Iron IV / Europa Universalis IV / Sid Meier's Civilization® V,"시뮬레이션, 전략 / 시뮬레이션, 전략 / 전략",Easy Red 2,"액션, 인디, 시뮬레이션, 전략","Experience massive battles with infantry, tanks, artillery, and aircraft on large destructible open-world maps. Equip yourself, coordinate with your squad, and fight through World War II in singleplayer, co-op, or multiplayer!",,,
B0008,A04,Counter-Strike 2 / PUBG: BATTLEGROUNDS / Stardew Valley,"액션, 무료 플레이 / 액션, 어드벤처, 대규모 멀티플레이어, 무료 플레이 / 인디, RPG, 시뮬레이션",Research Story,"캐주얼, 인디, RPG, 시뮬레이션","Set out to discover and record plants and creatures for the Violet Archive. Grow crops, tame animals, and build the perfect farm! Forge friendships along the way as you begin your life as a researcher!",,,
B0009,A17,Hollow Knight / Dead Cells / Celeste,"액션, 어드벤처, 인디 / 액션, 어드벤처, 인디 / 액션, 어드벤처, 인디",Narita Boy,"어드벤처, 인디",Narita Boy의 세계를 여러분이 직접 가꿔보세요! Digital Kingdom 안에 소리 없이 갇혀 있는 전설적인 픽셀 영웅이 되어 역동적인 액션 어드벤처를 경험해보세요. Techno-sword의 숨겨진 비밀을 파헤쳐서 타락한 Stallions를 봉인하고 세상을 구하세요!,,,
B0010,A18,Project Zomboid / Don't Starve / The Forest,"인디, RPG, 시뮬레이션, 앞서 해보기 / 어드벤처, 인디, 시뮬레이션 / 액션, 어드벤처, 인디, 시뮬레이션",Dead Horde,"액션, 인디","As a survivor of the mutant virus, make your way through the city and wipe out the hordes of flesh eating mutants. Teamwork is the key to survive the DEAD HORDE...",,,
B0011,A10,Death's Door / Children of Morta / Roboquest / Spelunky 2 / Nuclear Throne / Streets of Rogue / Neon Abyss / Curse of the Dead Gods / Rogue Legacy 2 / Have a Nice Death,"액션, 어드벤처, 인디, RPG / 액션, 어드벤처, 인디, RPG / 액션, 인디 / 액션, 인디 / 액션, 인디, RPG / 액션, 어드벤처, 인디, RPG / 액션, 어드벤처, 인디, RPG / 액션, 어드벤처 / 액션, 어드벤처, 인디, RPG / 액션, 인디",Dungeon Souls,"액션, 어드벤처, 인디, RPG","Dungeon Souls is an action-adventure roguelike dungeon crawler which draws heavy inspiration from Nuclear Throne, Risk of Rain, and Overture. Explore vast procedurally generated dungeons, collect loot, and slay hordes of challenging enemies!",,,
B0012,A14,The Forest / 7 Days to Die / Sid Meier’s Civilization® VI,"액션, 어드벤처, 인디, 시뮬레이션 / 액션, 어드벤처, 인디, RPG, 시뮬레이션, 전략 / 전략",Under A New Sun,"어드벤처, 인디, 시뮬레이션, 앞서 해보기","While searching for a new home, an unexpected failure in your ship has left you stranded on a planet surprisingly similar to Earth. Discover a vast open world, hunt for food, develop technologies, and build yourself a new home to survive!",,,
B0013,A01,DARK SOULS™ III / Fallout 4 / The Forest,"액션 / RPG / 액션, 어드벤처, 인디, 시뮬레이션",블레이드 오브 파이어 Blades of Fire,"액션, 어드벤처","강철을 단조하여 전투와 진행 상황, 운명을 모두 바꿀 수 있는 다크 판타지 어드벤처입니다.",,,
B0014,A02,Sid Meier’s Civilization® VI / XCOM® 2 / Stellaris,"전략 / 전략 / 시뮬레이션, 전략",XCOM: Enemy Unknown,전략,The XCOM: Enemy Unknown - Slingshot Pack is Now Available!,,,
B0015,A05,A Short Hike / ISLANDERS / Gorogoa,"어드벤처, 인디 / 캐주얼, 인디, 전략 / 어드벤처, 캐주얼, 인디",Castaway Paradise - live among the animals,"어드벤처, 캐주얼, 인디, RPG, 시뮬레이션","It's the ultimate Sandbox sim! Farm, catch bugs, talk to villagers, build your own tropical dream island! If you like Animal Crossing, Among Us, or Harvest Moon, you will love this game!",,,
B0016,A16,DARK SOULS™ III / The Witcher 3: Wild Hunt / The Elder Scrolls V: Skyrim Special Edition,액션 / RPG / RPG,Our world has not decayed,"어드벤처, 캐주얼, 인디, RPG","Although it is already the end of the world, we still stay together. all characters are over the age of 18.",,,
B0017,A05,A Short Hike / ISLANDERS / Gorogoa,"어드벤처, 인디 / 캐주얼, 인디, 전략 / 어드벤처, 캐주얼, 인디",星际工业国,"캐주얼, 인디, 전략","This is a idle game modeled on industrial building gameplay. It will be three-dimensional, complex industrial assembly line, easy, simple plane conveyor belt. At the same time to join the battleship assembly, space campaign, character development, giant construction, trade orders and other gameplay!",,,
B0018,A05,A Short Hike / ISLANDERS / Gorogoa,"어드벤처, 인디 / 캐주얼, 인디, 전략 / 어드벤처, 캐주얼, 인디",Blockscape,"캐주얼, 인디, RPG, 시뮬레이션, 전략, 앞서 해보기",The ultimate block building game.,,,
B0019,A23,The Witcher 3: Wild Hunt / The Elder Scrolls V: Skyrim Special Edition / BeamNG.drive,"RPG / RPG / 레이싱, 시뮬레이션, 앞서 해보기",Wall World,"액션, 어드벤처, 인디, 전략","거대한 로보스파이더를 타고 신비로운 세계의 벽을 탐험해보세요: 귀중한 자원을 채굴하고, 장비를 업그레이드하여 수많은 괴물들을 물리치고, 전투 중간에 매력적인 생물군을 발견할 수 있습니다. 여러분은 살아남아 세계의 벽이 가진 비밀을 알아낼 수 있을까요?",,,
B0020,A13,Sid Meier's Civilization® V / Europa Universalis IV / Human Fall Flat,"전략 / 시뮬레이션, 전략 / 어드벤처, 캐주얼, 인디, 시뮬레이션",Space Rogue,"인디, 시뮬레이션, 전략","Take on the role of a spaceship captain. Explore new worlds, and engage in intense ship-to-ship battles. Develop unique battle tactics, upgrade your ship, and recruit crew members as you fight for peace or piracy.",,,
B0021,A08,Euro Truck Simulator 2 / BeamNG.drive / 아세토 코르사 Assetto Corsa,"인디, 시뮬레이션 / 레이싱, 시뮬레이션, 앞서 해보기 / 인디, 레이싱, 시뮬레이션, 스포츠",Scania Truck Driving Simulator,"인디, 시뮬레이션","Get behind the wheel of one of the most iconic trucks on the road with this highly detailed Scania R-series truck simulation by SCS Software, developers of Euro Truck Simulator 2.",,,
B0022,A20,Team Fortress 2 / Left 4 Dead 2 / Terraria,"액션, 무료 플레이 / 액션 / 액션, 어드벤처, 인디, RPG",Paladins®,"액션, 어드벤처, 대규모 멀티플레이어, 전략, 무료 플레이","Paladins is the ultimate fantasy team-based shooter experience, with over 50 customizable Champions fighting in 5v5 action across a diverse Realm of modes and maps!",,,
B0023,A20,Team Fortress 2 / Left 4 Dead 2 / Terraria,"액션, 무료 플레이 / 액션 / 액션, 어드벤처, 인디, RPG",Street Warriors Online,"액션, 대규모 멀티플레이어, 시뮬레이션, 스포츠","First, realistic PvP brawling game for up to 8 vs 8 players with original, dynamic combat system and fast, round based battles. Create and develop Your character. Earn new skills and items that helps You beat Your opponents. Gather Your friends and fight together in a clan.",,,
B0024,A08,Euro Truck Simulator 2 / BeamNG.drive / 아세토 코르사 Assetto Corsa,"인디, 시뮬레이션 / 레이싱, 시뮬레이션, 앞서 해보기 / 인디, 레이싱, 시뮬레이션, 스포츠",Cities in Motion,시뮬레이션,"Manage transportation for commuters in four of the world's greatest cities - Vienna, Helsinki, Berlin, and Amsterdam",,,
B0025,A14,The Forest / 7 Days to Die / Sid Meier’s Civilization® VI,"액션, 어드벤처, 인디, 시뮬레이션 / 액션, 어드벤처, 인디, RPG, 시뮬레이션, 전략 / 전략",State of Decay 2: Juggernaut Edition,"액션, RPG, 시뮬레이션","The dead have risen and civilization has fallen. Now it's up to you to gather survivors, scavenge for resources and build a community in a post-apocalyptic world – a world where you define what it means to survive in this ultimate zombie survival simulation.",,,
B0026,A25,Raft / Stardew Valley / Counter-Strike 2,"어드벤처, 인디, 시뮬레이션 / 인디, RPG, 시뮬레이션 / 액션, 무료 플레이",Team Fortress 2,"액션, 무료 플레이","다양한 전술적 능력과 뚜렷한 개성을 갖춘 9가지 병과의 캐릭터를 플레이하세요. 끊임없이 업데이트되는 새로운 게임 모드, 맵, 장비 그리고 가장 중요한 모자까지 지금 바로 즐겨보세요!",,,
B0027,A21,Into the Breach / Monster Train / Mini Metro,"인디, RPG, 시뮬레이션, 전략 / 전략 / 인디, 시뮬레이션, 전략",Warnament,"인디, 시뮬레이션, 전략","턴제 대전략 게임으로, 초보자도 쉽게 플레이할 수 있지만 고수에게는 도전적인 게임입니다. 국가의 지도자가 되어 영토를 정복하고 군사·기술·문화·정치 분야에서 발전하세요. 역사적 시나리오를 선택하거나 게임 내 편집기로 나만의 시나리오를 만들어 보세요.",,,
B0028,A26,Counter-Strike 2 / PUBG: BATTLEGROUNDS / 톰 클랜시의 레인보우식스 시즈,"액션, 무료 플레이 / 액션, 어드벤처, 대규모 멀티플레이어, 무료 플레이 / 액션, 무료 플레이",Half-Life,액션,"50개 이상의 언론사에서 올해의 게임으로 선정된 Valve의 데뷔 타이틀로서, 수상 경력에 빛나는 기술력이 결합된 액션과 어드벤처가 플레이어의 생존 본능을 자극하며 놀랍도록 현실적인 세계를 선사합니다. 전 세계의 플레이어와 친구 또는 적이 될 수 있는 흥미진진한 멀티플레이어 모드도 포함되어 있습니다.",,,
B0029,A21,Into the Breach / Monster Train / Mini Metro,"인디, RPG, 시뮬레이션, 전략 / 전략 / 인디, 시뮬레이션, 전략",The Long Journey Home,"인디, RPG, 시뮬레이션, 전략","끝없이 변화하는 우주를 탐험하고, 강력한 외계 종족과 동맹을 맺으세요. 그리고 고고학 연구부터 우주 전투까지 선원들의 기술을 활용하여, 어떻게든 고향에 돌아가세요.",,,
B0030,A25,Raft / Stardew Valley / Counter-Strike 2,"어드벤처, 인디, 시뮬레이션 / 인디, RPG, 시뮬레이션 / 액션, 무료 플레이",Creativerse,"액션, 어드벤처, 캐주얼, 인디, 대규모 멀티플레이어, RPG, 시뮬레이션",A sandbox adventure game as big as your imagination.,,,
B0031,A01,DARK SOULS™ III / Fallout 4 / The Forest,"액션 / RPG / 액션, 어드벤처, 인디, 시뮬레이션",DARK SOULS™ II,"액션, RPG",FROM SOFTWARE에서 개발한 DARK SOULS™ II는 2011년에 출시되어 큰 인기를 누린 Dark Souls™의 속편입니다. 특유의 전통 방식 액션 RPG는 도전 의식을 고취시키고 강한 성취감을 느끼게 함으로써 세계 각지의 게이머 마음을 사로잡았습니다. Dark Souls™ II는 싱글 플레이와 멀티 플레이 모두에서 명성이 자자한 이 시리즈 특유의 난이도와 눈을 떼지 못하게 하는 게임 플레이를 선보일 것입니다. 어둠의 여정에 동참해 FROM SOFTWARE만이 제공할 수 있는 압도적인 적과 악마의 위협 그리고 끊임없는 ,,,
B0032,A10,Death's Door / Children of Morta / Roboquest / Spelunky 2 / Nuclear Throne / Streets of Rogue / Neon Abyss / Curse of the Dead Gods / Rogue Legacy 2 / Have a Nice Death,"액션, 어드벤처, 인디, RPG / 액션, 어드벤처, 인디, RPG / 액션, 인디 / 액션, 인디 / 액션, 인디, RPG / 액션, 어드벤처, 인디, RPG / 액션, 어드벤처, 인디, RPG / 액션, 어드벤처 / 액션, 어드벤처, 인디, RPG / 액션, 인디",Dungeon Defenders: Going Rogue,"액션, 어드벤처, 인디, RPG","Combining Roguelite, Action RPG, and Tower Defense gameplay into a crazy free-for-all, where it’s you and up to three friends versus hordes of enemies. Select your hero, survive the waves of foes, unlock new weapons and runes, and take on the bosses that await you!",,,
B0033,A19,Garry's Mod / Team Fortress 2 / Left 4 Dead 2,"캐주얼, 인디, 시뮬레이션 / 액션, 무료 플레이 / 액션",Crossout,"액션, 어드벤처, 대규모 멀티플레이어, 레이싱, 무료 플레이",황폐한 세계에서 펼쳐지는 액션 게임 CROSSOUT에 참여하세요! 수십 가지의 교환 가능한 부품으로 자신만의 독특한 전투 머신을 만들고 탑승하여 폭발적인 PvP 온라인 전투에서 적을 파괴하세요!,,,
B0034,A26,Counter-Strike 2 / PUBG: BATTLEGROUNDS / 톰 클랜시의 레인보우식스 시즈,"액션, 무료 플레이 / 액션, 어드벤처, 대규모 멀티플레이어, 무료 플레이 / 액션, 무료 플레이",Crush Your Enemies,"액션, 인디, 전략","Go back to the awesome glory days of Real-Time Strategy games. Crush Your Enemies has everything you love of the genre: Planning, choosing different types of units, managing resources, taking enemy territory and outwitting your opponent with the ingenious formations of your men.",,,
B0035,A18,Project Zomboid / Don't Starve / The Forest,"인디, RPG, 시뮬레이션, 앞서 해보기 / 어드벤처, 인디, 시뮬레이션 / 액션, 어드벤처, 인디, 시뮬레이션",Hiveswap Friendsim,"어드벤처, 인디, RPG, 시뮬레이션","You’ve crash landed on a dangerous alien planet with no food, medicine, or prospects, but you do know one thing—you are absolutely desperate for friendship.",,,
B0036,A20,Team Fortress 2 / Left 4 Dead 2 / Terraria,"액션, 무료 플레이 / 액션 / 액션, 어드벤처, 인디, RPG",Survival Zombies The Inverted Evolution,"액션, 어드벤처, 인디, 시뮬레이션",Survival Zombies is a bloody chaotic survival first person shooter that pits heavily armed players against humanity's greatest fear - hordes of undead.,,,
B0037,A18,Project Zomboid / Don't Starve / The Forest,"인디, RPG, 시뮬레이션, 앞서 해보기 / 어드벤처, 인디, 시뮬레이션 / 액션, 어드벤처, 인디, 시뮬레이션",Winter Survival - 겨울 생존,"액션, 어드벤처, 인디, 시뮬레이션","Winter Survival is a story-driven survival game where trauma turns reality into a reflection of your breaking mind. Battle cold, hunger, hallucinations, and adapt to the wilderness as it adapts to you.",,,
B0038,A20,Team Fortress 2 / Left 4 Dead 2 / Terraria,"액션, 무료 플레이 / 액션 / 액션, 어드벤처, 인디, RPG",White Noise 2,"액션, 어드벤처, 인디, 전략","Enjoy a 4vs1 asymmetric horror experience like no other. Be a part of the investigator team, or take control of the creature and devour them!",,,
B0039,A01,DARK SOULS™ III / Fallout 4 / The Forest,"액션 / RPG / 액션, 어드벤처, 인디, 시뮬레이션",Don't Starve,"어드벤처, 인디, 시뮬레이션","Don’t Starve is an uncompromising wilderness survival game full of science and magic. Enter a strange and unexplored world full of strange creatures, dangers, and surprises. Gather resources to craft items and structures that match your survival style.",,,
B0040,A15,No Man's Sky / 서브노티카 / Slime Rancher,"액션, 어드벤처 / 어드벤처, 인디 / 액션, 어드벤처, 인디, 시뮬레이션",Sea of Survivors,"액션, 어드벤처, 캐주얼, 인디, 앞서 해보기",생존자의 바다에선 어떤 방향으로든 항해할 수 있지만 움직임을 멈출 순 없습니다. 해적 무리와 바다 괴물을 피하고 파괴해 경험치를 얻고 레벨을 올리고 선박 업그레이드를 선택하세요. 기이한 저주를 발견하고 특별한 보물을 잠금 해제하고 생존을 위해 싸우세요.,,,
B0041,A19,Garry's Mod / Team Fortress 2 / Left 4 Dead 2,"캐주얼, 인디, 시뮬레이션 / 액션, 무료 플레이 / 액션",Military Conflict: Vietnam,"액션, 캐주얼, 앞서 해보기","It’s 1968 in Vietnam, the time to “Make War Not Love”. Side with the Viet Cong or U.S. Army in this intense, fast-paced FPS set in the Vietnam War — now with co-op zombie mode. Choose from 300+ weapons of destruction. Kill or be killed!",,,
B0042,A12,Euro Truck Simulator 2 / 아세토 코르사 Assetto Corsa / Left 4 Dead 2,"인디, 시뮬레이션 / 인디, 레이싱, 시뮬레이션, 스포츠 / 액션",Nuclear Dawn,"액션, 전략",Explore war-torn post-apocalyptic landscapes and take fight against enemies using various weapons in this FPS/RTS hybrid.,,,
B0043,A02,Sid Meier’s Civilization® VI / XCOM® 2 / Stellaris,"전략 / 전략 / 시뮬레이션, 전략",시드 마이어의 문명 VII,"시뮬레이션, 전략",시대를 진보 또는 존속시키는 지도자가 되어 제국을 이끌어 보세요. 시드 마이어의 문명® VII에서 여러분의 신념을 실현하세요.,,,
B0044,A16,DARK SOULS™ III / The Witcher 3: Wild Hunt / The Elder Scrolls V: Skyrim Special Edition,액션 / RPG / RPG,FOUNTAINS,"액션, 어드벤처, 인디, RPG",숙련된 전투를 마스터하여 전쟁으로 짓밟힌 제국의 비밀을 밝혀내고 감시자들로부터 탈출하세요. 거대하고 유기적으로 연결된 세계를 배경으로 한 하드보일드 소울라이크 RPG에서 자신만의 길을 개척하세요.,,,
B0045,A08,Euro Truck Simulator 2 / BeamNG.drive / 아세토 코르사 Assetto Corsa,"인디, 시뮬레이션 / 레이싱, 시뮬레이션, 앞서 해보기 / 인디, 레이싱, 시뮬레이션, 스포츠",The Zone - FPV Drone Simulator,"레이싱, 시뮬레이션, 앞서 해보기","Learn new tricks, improve your freestyle flow, get inspiration by spectating other pilots, or learn to fly in the first place. The drone setup and physics are already dialed in by Pro pilots, so no need to mess with complicated settings.",,,
B0046,A02,Sid Meier’s Civilization® VI / XCOM® 2 / Stellaris,"전략 / 전략 / 시뮬레이션, 전략",Phoenix Point,"RPG, 전략","The acclaimed strategy game from the creator of X-COM. Fight tactical battles on procedural maps against a foe that adapts to your tactics. Manage diplomacy and economy on a global scale. Research, explore, overcome. Now includes Steam Workshop support for mods!",,,
B0047,A01,DARK SOULS™ III / Fallout 4 / The Forest,"액션 / RPG / 액션, 어드벤처, 인디, 시뮬레이션",SIMULACRA,"어드벤처, 인디, 시뮬레이션",An interactive horror experience of exploring a missing woman’s phone.,,,
B0048,A11,Hollow Knight / Dead Cells / Garry's Mod,"액션, 어드벤처, 인디 / 액션, 어드벤처, 인디 / 캐주얼, 인디, 시뮬레이션",Halls of Torment,"액션, 인디, RPG","이 게임은 무시무시한 몬스터 무리를 학살하며 생존하는 로그라이트 게임입니다. 온갖 지하의 군주들이 도사리고 있는 고뇌의 전당으로 내려가세요. 보물, 마법 장신구, 점점 늘어나는 영웅들을 활용하여 이 세상의 존재가 아닌 듯한 공포들을 박멸하세요. 여러분은 얼마나 오랫동안 살아남을 수 있을까요?",,,
B0049,A24,Stardew Valley / Slime Rancher / Raft,"인디, RPG, 시뮬레이션 / 액션, 어드벤처, 인디, 시뮬레이션 / 어드벤처, 인디, 시뮬레이션",영지: 농사와 전쟁 (Territory: Farming and Warfare),"인디, 시뮬레이션, 전략","From a small village of a dozen people to a small kingdom of thousands of people. Arrange for residents to work, gathering, fishing and hunting, farming and mining, processing and manufacturing. Trade, accumulate supplies, increase your strength, and fight evil forces and monsters.",,,
B0050,A03,Salt and Sanctuary,"액션, 인디, RPG",Salt 2: Shores of Gold,"액션, 어드벤처, 인디, RPG","Salt 2 is a pirate-themed open world adventure focused on exploration, crafting, and survival. Play solo or with up to 5 friends, sailing the sea with your ship as a mobile base. Discover islands full of quests, towns, caves, and secrets. Level up, craft gear, hunt, fish, and customize your ship.",,,
B0051,A06,서브노티카 / The Long Dark / No Man's Sky,"어드벤처, 인디 / 어드벤처, 인디, 시뮬레이션, 전략 / 액션, 어드벤처",Windbound,"어드벤처, 인디, RPG","금지된 섬이 부르고 있습니다. 그곳의 비밀을 밝히세요. 미지의 섬에 난파된 당신은 육지와 바다를 탐험하고, 환경에 적응하고, 곳곳을 탐사하며 살아남아야 합니다.",,,
B0052,A15,No Man's Sky / 서브노티카 / Slime Rancher,"액션, 어드벤처 / 어드벤처, 인디 / 액션, 어드벤처, 인디, 시뮬레이션",Trinity Fusion,"액션, 인디, RPG","세 개의 갈라진 현실. 붕괴하는 멀티버스. 어두운 SF 세계를 배경으로 한 빠르고 부드러운 전투를 경험하세요. 매번 다른 우주에서 시작해 평행한 자신과 능력, 세계를 융합하며 잔혹하고 끊임없이 진화하는 빌드를 만들어갑니다.",,,
B0053,A23,The Witcher 3: Wild Hunt / The Elder Scrolls V: Skyrim Special Edition / BeamNG.drive,"RPG / RPG / 레이싱, 시뮬레이션, 앞서 해보기",The Zone - FPV Drone Simulator,"레이싱, 시뮬레이션, 앞서 해보기","Learn new tricks, improve your freestyle flow, get inspiration by spectating other pilots, or learn to fly in the first place. The drone setup and physics are already dialed in by Pro pilots, so no need to mess with complicated settings.",,,
B0054,A19,Garry's Mod / Team Fortress 2 / Left 4 Dead 2,"캐주얼, 인디, 시뮬레이션 / 액션, 무료 플레이 / 액션",Trapped Dead,"액션, 전략",You and up to three friends fight to survive the Zombie outbreak in this game inspired by early '80s horror films!,,,
B0055,A08,Euro Truck Simulator 2 / BeamNG.drive / 아세토 코르사 Assetto Corsa,"인디, 시뮬레이션 / 레이싱, 시뮬레이션, 앞서 해보기 / 인디, 레이싱, 시뮬레이션, 스포츠",아세토 코르사 에보 Assetto Corsa EVO,"레이싱, 시뮬레이션, 스포츠, 앞서 해보기",아세토 코르사 에보가 여태까지 개발된 가장 인기 있는 멀티플랫폼 드라이빙 시뮬레이션의 현실감과 기능을 새롭게 정의합니다. 수년간의 자동차 역사를 아우르는 다양한 클래스의 차량을 만나보세요.,,,
B0056,A22,Opus Magnum,"인디, 시뮬레이션",Mechanica,"인디, 앞서 해보기","Mechanica is a multiplayer open-world survival game involving building and programming. Create your own bases, defenses, manufacturing systems and more. Explore the map and expand the scope and complexity of your creations.",,,
B0057,A08,Euro Truck Simulator 2 / BeamNG.drive / 아세토 코르사 Assetto Corsa,"인디, 시뮬레이션 / 레이싱, 시뮬레이션, 앞서 해보기 / 인디, 레이싱, 시뮬레이션, 스포츠",ScootX,"캐주얼, 인디, 시뮬레이션, 스포츠","The world’s first 100% physics-driven scooter simulation. From the wheels to the rider’s head, everything is powered by physics. Session tricks, grinds, and community-made parks with Mod.io support.",,,
B0058,A01,DARK SOULS™ III / Fallout 4 / The Forest,"액션 / RPG / 액션, 어드벤처, 인디, 시뮬레이션",Camping Simulator: The Squad,"어드벤처, 인디, 시뮬레이션",Camping Simulator lets you experience what camp means by preparing your backpack wisely for challenging conditions of nature. You can play all the experiences with up to 8 friends in multiplayer mode or single player mode.,,,
B0059,A24,Stardew Valley / Slime Rancher / Raft,"인디, RPG, 시뮬레이션 / 액션, 어드벤처, 인디, 시뮬레이션 / 어드벤처, 인디, 시뮬레이션",Скуф на рыбалке,"어드벤처, 인디, 시뮬레이션","Рыбалка никогда не была скучным занятием и она никогда не была на столько весёлой и иммерсивной! Присоединяйся к рядам настоящих скуфов, лови рыбу и веселись",,,
B0060,A23,The Witcher 3: Wild Hunt / The Elder Scrolls V: Skyrim Special Edition / BeamNG.drive,"RPG / RPG / 레이싱, 시뮬레이션, 앞서 해보기",FOUNTAINS,"액션, 어드벤처, 인디, RPG",숙련된 전투를 마스터하여 전쟁으로 짓밟힌 제국의 비밀을 밝혀내고 감시자들로부터 탈출하세요. 거대하고 유기적으로 연결된 세계를 배경으로 한 하드보일드 소울라이크 RPG에서 자신만의 길을 개척하세요.,,,
B0061,A14,The Forest / 7 Days to Die / Sid Meier’s Civilization® VI,"액션, 어드벤처, 인디, 시뮬레이션 / 액션, 어드벤처, 인디, RPG, 시뮬레이션, 전략 / 전략",The Gold River Project,"어드벤처, 인디, 시뮬레이션, 앞서 해보기","혼자서 또는 멀티플레이어로 즐기는 오픈 월드 캠핑 어드벤처 게임입니다. 여러분과 친구들에게 제안된 외딴 캠핑 여행. 일주일의 예정이 몇 주로 늘어나면서 가이드가 돌아오지 않을 것이라는 의심이 들기 시작합니다. 버려진 채, 여러분은 생존 실험의 피실험자로 갇혀 있다는 사실을 발견하게 됩니다.",,,
B0062,A14,The Forest / 7 Days to Die / Sid Meier’s Civilization® VI,"액션, 어드벤처, 인디, 시뮬레이션 / 액션, 어드벤처, 인디, RPG, 시뮬레이션, 전략 / 전략",Aliens vs. Predator™,액션,"Survive, hunt and prey in the deadly jungles and swamps in distinctly new and thrilling first person gameplay.",,,
B0063,A17,Hollow Knight / Dead Cells / Celeste,"액션, 어드벤처, 인디 / 액션, 어드벤처, 인디 / 액션, 어드벤처, 인디",KAKU: Ancient Seal,"액션, 어드벤처, 인디, RPG","이 개방형 액션 어드벤처 게임에서, 당신은 소년 카쿠와 날아다니는 작은 돼지 '피기'와 함께 광활한 고대 원소 대륙을 탐험하고 강력한 적을 물리치며 다양한 유적의 수수께끼를 풀어 마침내 재앙이 닥친 진실을 밝혀낼 것입니다.",,,
B0064,A01,DARK SOULS™ III / Fallout 4 / The Forest,"액션 / RPG / 액션, 어드벤처, 인디, 시뮬레이션",The Backrooms: Survival,"액션, 어드벤처, 인디, 대규모 멀티플레이어, 시뮬레이션","Survival horror with roguelike elements. Explore randomized levels with different items and entities while trying to maintain your thirst, hunger, and sanity, ensuring a new experience every time. Play alone or with up to TEN friends online! Cross-platform multiplayer with Nintendo Switch.",,,
B0065,A10,Death's Door / Children of Morta / Roboquest / Spelunky 2 / Nuclear Throne / Streets of Rogue / Neon Abyss / Curse of the Dead Gods / Rogue Legacy 2 / Have a Nice Death,"액션, 어드벤처, 인디, RPG / 액션, 어드벤처, 인디, RPG / 액션, 인디 / 액션, 인디 / 액션, 인디, RPG / 액션, 어드벤처, 인디, RPG / 액션, 어드벤처, 인디, RPG / 액션, 어드벤처 / 액션, 어드벤처, 인디, RPG / 액션, 인디",Space Rangers HD: A War Apart,"액션, 어드벤처, RPG, 시뮬레이션, 전략","Space adventure, open world RPG, strategy, arcade, quest and more!",,,
B0066,A02,Sid Meier’s Civilization® VI / XCOM® 2 / Stellaris,"전략 / 전략 / 시뮬레이션, 전략",Space Haven,"인디, RPG, 시뮬레이션, 전략",아마추어 시민 승무원들과 새로운 보금자리를 찾아 떠나는 경이로운 우주 항해를 떠나보세요. 타일을 하나하나 연결해 우주선을 제작하고 연료 보급 상태를 최적화하세요. 승무원의 요구와 기분을 관리하고 이 흥미진진한 우주선 식민지 시뮬레이션 게임에서 경이로운 우주를 탐험해보시는 건 어떨까요?,,,
B0067,A03,Salt and Sanctuary,"액션, 인디, RPG",Cruelty Squad,"액션, 인디, 시뮬레이션",An immersive power fantasy simulator with tactical stealth elements set in a sewage infused garbage world,,,
B0068,A19,Garry's Mod / Team Fortress 2 / Left 4 Dead 2,"캐주얼, 인디, 시뮬레이션 / 액션, 무료 플레이 / 액션",李雷和韩梅梅,"캐주얼, 인디, RPG, 시뮬레이션",A campus simulation game full of tons of surprising interactive gameplay elements along the way.,,,
B0069,A06,서브노티카 / The Long Dark / No Man's Sky,"어드벤처, 인디 / 어드벤처, 인디, 시뮬레이션, 전략 / 액션, 어드벤처",Sea of Survivors,"액션, 어드벤처, 캐주얼, 인디, 앞서 해보기",생존자의 바다에선 어떤 방향으로든 항해할 수 있지만 움직임을 멈출 순 없습니다. 해적 무리와 바다 괴물을 피하고 파괴해 경험치를 얻고 레벨을 올리고 선박 업그레이드를 선택하세요. 기이한 저주를 발견하고 특별한 보물을 잠금 해제하고 생존을 위해 싸우세요.,,,
B0070,A11,Hollow Knight / Dead Cells / Garry's Mod,"액션, 어드벤처, 인디 / 액션, 어드벤처, 인디 / 캐주얼, 인디, 시뮬레이션",[REDACTED],액션,"평론가들의 극찬을 받은 로그라이크 [REDACTED]에서 괴물들을 학살하고, 라이벌을 따돌리고, 동료 교도관의 되살아난 시체와 맞서 싸우며 블랙 아이언 교도소를 탈출하세요.",,,
B0071,A25,Raft / Stardew Valley / Counter-Strike 2,"어드벤처, 인디, 시뮬레이션 / 인디, RPG, 시뮬레이션 / 액션, 무료 플레이",Pathless Woods,"어드벤처, 캐주얼, 인디, RPG, 시뮬레이션, 전략, 앞서 해보기","Embark on a cozy open-world survival journey inspired by ancient China's heritage. Gather resources, cultivate crops, build your dream home, and defend it from marauders. Team up with friends to explore and uncover a world where adventure meets serenity.",,,
B0072,A10,Death's Door / Children of Morta / Roboquest / Spelunky 2 / Nuclear Throne / Streets of Rogue / Neon Abyss / Curse of the Dead Gods / Rogue Legacy 2 / Have a Nice Death,"액션, 어드벤처, 인디, RPG / 액션, 어드벤처, 인디, RPG / 액션, 인디 / 액션, 인디 / 액션, 인디, RPG / 액션, 어드벤처, 인디, RPG / 액션, 어드벤처, 인디, RPG / 액션, 어드벤처 / 액션, 어드벤처, 인디, RPG / 액션, 인디",루시의 일기,"액션, 어드벤처, 인디, RPG, 전략","루시의 일기는 RPG Maker로 제작된 액션 로그라이트 게임입니다. 무기에 따라서 전투스타일이 변화하며, 매번 새로운 스킬과 어빌리티를 얻게 됩니다. 주어진 다양한 상황에 맞게 전략적으로 당신의 플레이스타일을 만들어보세요!",,,
B0073,A02,Sid Meier’s Civilization® VI / XCOM® 2 / Stellaris,"전략 / 전략 / 시뮬레이션, 전략",Farworld Pioneers,"액션, 어드벤처, 인디, 시뮬레이션","오픈월드 sci-fi 샌드박스 게임. 혼자서도, 친구와 함께도 멀티플레이로 탐험하고, 외계 행성에 식민지를 건설 & 관리하고, 독특한 개성과 기술을 가진 AI 생존자를 모집하세요. 다 함께 제작, 건설, 채굴, 농사를 짓거나 레이저 소총을 등에 메고 은하계에 맞서 싸우세요!",,,
B0074,A22,Opus Magnum,"인디, 시뮬레이션",Sunshine Heavy Industries,"캐주얼, 인디, 시뮬레이션","Welcome to Sunshine Heavy Industries! As the new spaceship engineer, solve increasingly tricky design puzzles with your own personal style. Manage customer demands, juggle budget and ship performance, and survive the questionable decision making skills of your business partner.",,,
B0075,A11,Hollow Knight / Dead Cells / Garry's Mod,"액션, 어드벤처, 인디 / 액션, 어드벤처, 인디 / 캐주얼, 인디, 시뮬레이션",Nuclear Blaze,"액션, 어드벤처, 인디","A unique 2D firefighting platformer from the creator of Dead Cells, featuring devastating backdrafts, exploding walls, and expected cat rescues. Battle your way through a mysterious government facility, striving to keep the blaze under control.",,,
B0076,A13,Sid Meier's Civilization® V / Europa Universalis IV / Human Fall Flat,"전략 / 시뮬레이션, 전략 / 어드벤처, 캐주얼, 인디, 시뮬레이션",헤드 헤드의 모험:chibichibi,"액션, 어드벤처, 캐주얼, 인디, 레이싱","[97% 압도적 긍정적] 말 그대로 '헤드 헤드의 모험' 그 자체인 2인 협동(우정 파괴) 플랫폼 점프 게임입니다.냅다 머리통을 날리고, 머리로만 데굴데굴 구르고, 친구 머리는 축구공처럼 뻥 차버리는 게임이 있다?!플랫폼 점프 액션과 유쾌한 물리 시뮬레이션의 결합! 친구와 손잡고 난장판이 된 세계 속으로 지금 뛰어들어 보세요! (본 게임은 싱글 플레이도 완벽하게 지원합니다)",,,
B0077,A16,DARK SOULS™ III / The Witcher 3: Wild Hunt / The Elder Scrolls V: Skyrim Special Edition,액션 / RPG / RPG,블레이드 오브 파이어 Blades of Fire,"액션, 어드벤처","강철을 단조하여 전투와 진행 상황, 운명을 모두 바꿀 수 있는 다크 판타지 어드벤처입니다.",,,
B0078,A01,DARK SOULS™ III / Fallout 4 / The Forest,"액션 / RPG / 액션, 어드벤처, 인디, 시뮬레이션",LIFE EFFECT Survival,"액션, 어드벤처, 인디, 앞서 해보기","Survive in a harsh and dangerous world after an alien invasion. Gather resources, craft equipment, fight mutants and massive monsters, use weapons, vehicles and robots, explore territories, defend strongholds and fight for survival.",,,
B0079,A17,Hollow Knight / Dead Cells / Celeste,"액션, 어드벤처, 인디 / 액션, 어드벤처, 인디 / 액션, 어드벤처, 인디",Cataclysm: Dark Days Ahead,"어드벤처, RPG","카타클리즘: 다크 데이즈 어헤드는 모던 로그라이크를 대표하는 좀비 생존 게임입니다. 턴제 방식의 게임 플레이와 RPG 스킬 시스템으로 로그라이크 장르를 새로운 방식으로 개척했습니다. 자원을 수집하고, 적들과 싸우고, 차량을 구해 세상을 탐험하거나, 은신처를 만들어 살아남으세요.",,,
B0080,A19,Garry's Mod / Team Fortress 2 / Left 4 Dead 2,"캐주얼, 인디, 시뮬레이션 / 액션, 무료 플레이 / 액션",Game Dev Studio,"캐주얼, 인디, 시뮬레이션, 전략",Welcome to your own Game Dev Studio! How will you run your own offices and ascend to greatness in the gaming industry?,,,
B0081,A01,DARK SOULS™ III / Fallout 4 / The Forest,"액션 / RPG / 액션, 어드벤처, 인디, 시뮬레이션",PAYDAY™ The Heist,액션,"Take on the role of a hardened career criminal executing intense, dynamic heists in constant pursuit of the next “big score”",,,
B0082,A20,Team Fortress 2 / Left 4 Dead 2 / Terraria,"액션, 무료 플레이 / 액션 / 액션, 어드벤처, 인디, RPG",World War Z,액션,"World War Z is a heart-pounding coop third-person shooter for up to 4 players featuring massive swarms of hundreds of zombies, focused on fast-paced, gruesomely spectacular action.",,,
B0083,A03,Salt and Sanctuary,"액션, 인디, RPG",Town of Salem,"액션, 캐주얼, RPG, 전략","Inspired by the party games Werewolf and Mafia, Town of Salem is a game of murder, mystery and deception.",,,
B0084,A24,Stardew Valley / Slime Rancher / Raft,"인디, RPG, 시뮬레이션 / 액션, 어드벤처, 인디, 시뮬레이션 / 어드벤처, 인디, 시뮬레이션",Beyond Contact,"액션, 어드벤처, 인디","A fiercely formidable sci-fi survival game, set on a hostile alien world that wants you dead! Alone, or with a crew, do you have what it takes to survive?",,,
B0085,A18,Project Zomboid / Don't Starve / The Forest,"인디, RPG, 시뮬레이션, 앞서 해보기 / 어드벤처, 인디, 시뮬레이션 / 액션, 어드벤처, 인디, 시뮬레이션",Eco,"어드벤처, 인디, 시뮬레이션, 앞서 해보기","Build a civilization of real people, working together to advance society and stop a meteor, all without destroying the ecosystem in the process.",,,
B0086,A21,Into the Breach / Monster Train / Mini Metro,"인디, RPG, 시뮬레이션, 전략 / 전략 / 인디, 시뮬레이션, 전략",Core Defense,"캐주얼, 인디, 전략","A roguelike tower defense game with a dash of deckbuilding. Choose a reward, improve your build, survive the next wave, repeat. Highly replayable, difficult, and addictive. You'll want just one more wave, just one more run!",,,
B0087,A13,Sid Meier's Civilization® V / Europa Universalis IV / Human Fall Flat,"전략 / 시뮬레이션, 전략 / 어드벤처, 캐주얼, 인디, 시뮬레이션",Worms Ultimate Mayhem,전략,Load your weapons and experience a whole new dimension in destructive turn-based cartoon action!,,,
B0088,A03,Salt and Sanctuary,"액션, 인디, RPG",Judgment: Apocalypse Survival Simulation,"인디, 시뮬레이션, 전략","Build, scavenge, craft, and perform occult rituals to survive in a demon-infested, post-apocalyptic colony simulation. Will you survive Judgment day?",,,
B0089,A07,Hardspace: Shipbreaker / Hacknet / The Case of the Golden Idol / 방 탈출 시뮬레이터 / shapez 2 - Factory,"시뮬레이션 / 인디, 시뮬레이션 / 어드벤처, 인디 / 어드벤처, 캐주얼, 인디, 시뮬레이션 / 캐주얼, 인디, 시뮬레이션, 전략",Escape First Alchemist ⚗️,"액션, 어드벤처, 캐주얼, 인디, 시뮬레이션, 스포츠","First-person escape game, playable solo or co-op with up to 4 people. Solve riddles of a reclusive alchemist that trapped you in his workshop. Brew potions and overcome challenges as he laughs at your failures and makes light of your successes...But what if things are not what they seem?",,,
B0090,A21,Into the Breach / Monster Train / Mini Metro,"인디, RPG, 시뮬레이션, 전략 / 전략 / 인디, 시뮬레이션, 전략",Railroads & Catacombs,"어드벤처, 인디, RPG, 전략","In this exciting Card Building Roguelike game you create your cards from scratch adding different upgrades. Build your train, explore the Labyrinth and survive. Discover infinite synergies. How far will you go?",,,
B0091,A12,Euro Truck Simulator 2 / 아세토 코르사 Assetto Corsa / Left 4 Dead 2,"인디, 시뮬레이션 / 인디, 레이싱, 시뮬레이션, 스포츠 / 액션",Survival Zombies The Inverted Evolution,"액션, 어드벤처, 인디, 시뮬레이션",Survival Zombies is a bloody chaotic survival first person shooter that pits heavily armed players against humanity's greatest fear - hordes of undead.,,,
B0092,A05,A Short Hike / ISLANDERS / Gorogoa,"어드벤처, 인디 / 캐주얼, 인디, 전략 / 어드벤처, 캐주얼, 인디",挂机手游模拟器,"캐주얼, 인디, 시뮬레이션, 전략","Idle farming for treasures, summoning heroes, collecting compendiums, crafting equipment, unlocking formations, researching technologies, sweeping maps, and competing for resources!",,,
B0093,A13,Sid Meier's Civilization® V / Europa Universalis IV / Human Fall Flat,"전략 / 시뮬레이션, 전략 / 어드벤처, 캐주얼, 인디, 시뮬레이션",Easy Red 2,"액션, 인디, 시뮬레이션, 전략","Experience massive battles with infantry, tanks, artillery, and aircraft on large destructible open-world maps. Equip yourself, coordinate with your squad, and fight through World War II in singleplayer, co-op, or multiplayer!",,,
B0094,A19,Garry's Mod / Team Fortress 2 / Left 4 Dead 2,"캐주얼, 인디, 시뮬레이션 / 액션, 무료 플레이 / 액션",Band of Defenders,액션,"A Co-Op FPS game with base building in a post-apocalyptic world. Craft weapons, build barricades and automated turrets, unlock new gear and items for visual customization and kill all savages and mutants trying to destroy the remnants of human civilization.",,,
B0095,A21,Into the Breach / Monster Train / Mini Metro,"인디, RPG, 시뮬레이션, 전략 / 전략 / 인디, 시뮬레이션, 전략",Ticket to Ride®,"캐주얼, 시뮬레이션, 전략","Discover a fresh adaptation of the iconic, multi-award-winning board game. Play against fellow fans around the world, or take on state-of-the-art AI opponents. Build a railway empire, claim routes and dominate your competitors on the leaderboards in this fan-favourite modern classic!",,,
B0096,A01,DARK SOULS™ III / Fallout 4 / The Forest,"액션 / RPG / 액션, 어드벤처, 인디, 시뮬레이션",Infectonator: Survivors,"액션, 어드벤처, 인디, RPG, 시뮬레이션, 전략","""Infectonator : Survivors"" is a Randomized Permadeath Survival Simulator that combines RTS, Tower Defense, Roguelike, and Management-Simulation gameplay. The goal is to lead a group of survivors in a struggle to stay alive and find rescue in a zombie apocalyptic world.",,,
B0097,A21,Into the Breach / Monster Train / Mini Metro,"인디, RPG, 시뮬레이션, 전략 / 전략 / 인디, 시뮬레이션, 전략",Sweet Transit,"인디, 시뮬레이션, 전략",Sweet Transit은 철도가 곧 왕인 독특한 도시 건설 게임입니다. 시민들을 위한 꿈의 공급망을 구축하고 자동화하여 고풍스러운 마을을 번화한 도시로 확장하는 데 필요한 모든 걸 지원해 주세요. 증기 동력에서 디젤로 강화하면서 그 이상의 고품질 기차 세계까지 경험해 보세요.,,,
B0098,A01,DARK SOULS™ III / Fallout 4 / The Forest,"액션 / RPG / 액션, 어드벤처, 인디, 시뮬레이션",Delivery from the Pain:Survival / 末日方舟:生存,"액션, 어드벤처, 인디, RPG, 시뮬레이션, 전략","You'll play as a survivor in a world overrun by zombies. Explore and interact with other survivors, making tough choices about whether to help or exploit them. Defend against zombies, collect resources, craft, and fortify your shelter. Use strategy to escape this world and return to safety.",,,
B0099,A09,Hearts of Iron IV / Europa Universalis IV / Sid Meier's Civilization® V,"시뮬레이션, 전략 / 시뮬레이션, 전략 / 전략",GLADIABOTS - AI Combat Arena,"인디, 시뮬레이션, 전략","Assemble your robot squad, construct their AI and send them in the battle arena to see your strategy play out. Iterate, improve and repeat until you outsmart all your opponents and friends online.",,,
B0100,A19,Garry's Mod / Team Fortress 2 / Left 4 Dead 2,"캐주얼, 인디, 시뮬레이션 / 액션, 무료 플레이 / 액션",Over 9000 Zombies!,"액션, 인디","Over 9000 Zombies! is top-down arcade action blown out of all reasonable proportions. An endless horde of zombies is coming your way, how long can you survive?",,,
B0101,A06,서브노티카 / The Long Dark / No Man's Sky,"어드벤처, 인디 / 어드벤처, 인디, 시뮬레이션, 전략 / 액션, 어드벤처",SILT,"어드벤처, 인디","Dive into a surreal ocean abyss in an atmospheric puzzle-adventure. Explore dangerous waters, possess sea creatures and solve environmental puzzles to discover what lies deep below the surface…",,,
B0102,A10,Death's Door / Children of Morta / Roboquest / Spelunky 2 / Nuclear Throne / Streets of Rogue / Neon Abyss / Curse of the Dead Gods / Rogue Legacy 2 / Have a Nice Death,"액션, 어드벤처, 인디, RPG / 액션, 어드벤처, 인디, RPG / 액션, 인디 / 액션, 인디 / 액션, 인디, RPG / 액션, 어드벤처, 인디, RPG / 액션, 어드벤처, 인디, RPG / 액션, 어드벤처 / 액션, 어드벤처, 인디, RPG / 액션, 인디",Otherworld Legends,"액션, 인디, RPG, 무료 플레이","""피가 끓고 주먹이 작렬하는"" 로그라이크 액션 격투 게임입니다. 원하는 영웅을 마스터해 취향에 맞게 성장시키고, 적들을 쳐부수며 던전을 돌파하세요.",,,
B0103,A10,Death's Door / Children of Morta / Roboquest / Spelunky 2 / Nuclear Throne / Streets of Rogue / Neon Abyss / Curse of the Dead Gods / Rogue Legacy 2 / Have a Nice Death,"액션, 어드벤처, 인디, RPG / 액션, 어드벤처, 인디, RPG / 액션, 인디 / 액션, 인디 / 액션, 인디, RPG / 액션, 어드벤처, 인디, RPG / 액션, 어드벤처, 인디, RPG / 액션, 어드벤처 / 액션, 어드벤처, 인디, RPG / 액션, 인디",포탈 던전,"액션, 인디","은 4인 멀티플레이를 지원하는 액션 로그라이크 게임으로, 친구와 함께 포탈 세계로 들어가서 모험을 펼치고, 마지막 포탈을 찾아 세계를 구할 수 있습니다!",,,
B0104,A14,The Forest / 7 Days to Die / Sid Meier’s Civilization® VI,"액션, 어드벤처, 인디, 시뮬레이션 / 액션, 어드벤처, 인디, RPG, 시뮬레이션, 전략 / 전략",Jane's Advanced Strike Fighters,시뮬레이션,"Take on the massive assault of aerial, ground, and naval forces with only seconds to decide your fate of victory or defeat.",,,
B0105,A14,The Forest / 7 Days to Die / Sid Meier’s Civilization® VI,"액션, 어드벤처, 인디, 시뮬레이션 / 액션, 어드벤처, 인디, RPG, 시뮬레이션, 전략 / 전략",The Backrooms: Survival,"액션, 어드벤처, 인디, 대규모 멀티플레이어, 시뮬레이션","Survival horror with roguelike elements. Explore randomized levels with different items and entities while trying to maintain your thirst, hunger, and sanity, ensuring a new experience every time. Play alone or with up to TEN friends online! Cross-platform multiplayer with Nintendo Switch.",,,
B0106,A05,A Short Hike / ISLANDERS / Gorogoa,"어드벤처, 인디 / 캐주얼, 인디, 전략 / 어드벤처, 캐주얼, 인디",Isoland,"어드벤처, 인디","The objective of the game is to explore a small island in the Atlantic Ocean, and uncover its secrets",,,
B0107,A13,Sid Meier's Civilization® V / Europa Universalis IV / Human Fall Flat,"전략 / 시뮬레이션, 전략 / 어드벤처, 캐주얼, 인디, 시뮬레이션",Ashes of the Singularity: Escalation,"시뮬레이션, 전략",당신이 동적 전장에서 전체 군대를 명령 대규모 실시간 전략 게임. 여러 싱글 플레이어 캠페인을 통해 여러 세계를 정복; 또는 멀티 플레이어 전투에서 친구와 함께 재생할 수 있습니다.,,,
B0108,A03,Salt and Sanctuary,"액션, 인디, RPG",DYSMANTLE,"액션, 어드벤처, 인디, RPG, 시뮬레이션",쉘터에서 일어나라. 모든 것을 파괴하라. 끔찍한 섬을 탈출하라. ⚔️🔨🎣🌱🌵🍰 탐험하라. 싸우라. 레벨업하라. 살아남으라. 모으라. 제조하라. 수확하라. 사냥하라. 건설하라. 농사를 지으라. 퍼즐을 풀라. 낚시를 하라. 요리하라. 살라. 괴로우면서도 즐거운 포스트 아포칼립스를 즐기라.,,,
B0109,A06,서브노티카 / The Long Dark / No Man's Sky,"어드벤처, 인디 / 어드벤처, 인디, 시뮬레이션, 전략 / 액션, 어드벤처",Forsaken Isle,"액션, 어드벤처, 캐주얼, 인디, RPG","Stranded on a desert island, explore, craft, build and fight in this action survival game!",,,
B0110,A05,A Short Hike / ISLANDERS / Gorogoa,"어드벤처, 인디 / 캐주얼, 인디, 전략 / 어드벤처, 캐주얼, 인디",Blueprint Tycoon,"캐주얼, 인디, 시뮬레이션","Build your settlement, gather goods, ensure maximum efficiency and make a profit!",,,
B0111,A14,The Forest / 7 Days to Die / Sid Meier’s Civilization® VI,"액션, 어드벤처, 인디, 시뮬레이션 / 액션, 어드벤처, 인디, RPG, 시뮬레이션, 전략 / 전략",Camping Simulator: The Squad,"어드벤처, 인디, 시뮬레이션",Camping Simulator lets you experience what camp means by preparing your backpack wisely for challenging conditions of nature. You can play all the experiences with up to 8 friends in multiplayer mode or single player mode.,,,
B0112,A11,Hollow Knight / Dead Cells / Garry's Mod,"액션, 어드벤처, 인디 / 액션, 어드벤처, 인디 / 캐주얼, 인디, 시뮬레이션",Nuclear Dawn,"액션, 전략",Explore war-torn post-apocalyptic landscapes and take fight against enemies using various weapons in this FPS/RTS hybrid.,,,
B0113,A18,Project Zomboid / Don't Starve / The Forest,"인디, RPG, 시뮬레이션, 앞서 해보기 / 어드벤처, 인디, 시뮬레이션 / 액션, 어드벤처, 인디, 시뮬레이션",State of Decay: YOSE,"액션, RPG, 시뮬레이션","Make your stand against the collapse of society in the ultimate zombie survival-fantasy game. Explore an open world full of dangers and opportunities that respond to your every decision. Recruit a community of playable survivors, each with their own unique skills and talents.",,,
B0114,A13,Sid Meier's Civilization® V / Europa Universalis IV / Human Fall Flat,"전략 / 시뮬레이션, 전략 / 어드벤처, 캐주얼, 인디, 시뮬레이션",City Climber,"액션, 어드벤처, 캐주얼, 인디, 시뮬레이션, 스포츠","City Climber is a silly physics-based game about a floppy ragdoll climber, who has to save the world. Find your way through diverse hand-crafted environments and enjoy funny challenges full of falling and destruction.",,,
B0115,A05,A Short Hike / ISLANDERS / Gorogoa,"어드벤처, 인디 / 캐주얼, 인디, 전략 / 어드벤처, 캐주얼, 인디",Last Room,"액션, 어드벤처, 캐주얼, 인디, 전략","Dive into a world of puzzles, medieval mysteries, and strategic challenges. Navigate, solve, and leap your way through a thrilling adventure.",,,
B0116,A16,DARK SOULS™ III / The Witcher 3: Wild Hunt / The Elder Scrolls V: Skyrim Special Edition,액션 / RPG / RPG,Wall World,"액션, 어드벤처, 인디, 전략","거대한 로보스파이더를 타고 신비로운 세계의 벽을 탐험해보세요: 귀중한 자원을 채굴하고, 장비를 업그레이드하여 수많은 괴물들을 물리치고, 전투 중간에 매력적인 생물군을 발견할 수 있습니다. 여러분은 살아남아 세계의 벽이 가진 비밀을 알아낼 수 있을까요?",,,
B0117,A19,Garry's Mod / Team Fortress 2 / Left 4 Dead 2,"캐주얼, 인디, 시뮬레이션 / 액션, 무료 플레이 / 액션",Solar 2,"액션, 어드벤처, 캐주얼, 인디, 시뮬레이션",Dynamic abstract sandbox universe. Changes and evolves as you do.,,,
B0118,A05,A Short Hike / ISLANDERS / Gorogoa,"어드벤처, 인디 / 캐주얼, 인디, 전략 / 어드벤처, 캐주얼, 인디",Nyasha,"캐주얼, 인디",The game is a classic puzzle with three levels of difficulty.,,,
B0119,A05,A Short Hike / ISLANDERS / Gorogoa,"어드벤처, 인디 / 캐주얼, 인디, 전략 / 어드벤처, 캐주얼, 인디",Zup!,"캐주얼, 인디",Minimal physical puzzle with explosions,,,
B0120,A10,Death's Door / Children of Morta / Roboquest / Spelunky 2 / Nuclear Throne / Streets of Rogue / Neon Abyss / Curse of the Dead Gods / Rogue Legacy 2 / Have a Nice Death,"액션, 어드벤처, 인디, RPG / 액션, 어드벤처, 인디, RPG / 액션, 인디 / 액션, 인디 / 액션, 인디, RPG / 액션, 어드벤처, 인디, RPG / 액션, 어드벤처, 인디, RPG / 액션, 어드벤처 / 액션, 어드벤처, 인디, RPG / 액션, 인디",Biped 2,"액션, 어드벤처, 캐주얼, 인디, 레이싱, 시뮬레이션, 전략","사랑스러운 로봇들의 퍼즐 액션-어드벤처 게임! 미지의 행성을 탐험하고, 1인에서 최대 4인 협동전을 체험해 보세요!",,,
B0121,A26,Counter-Strike 2 / PUBG: BATTLEGROUNDS / 톰 클랜시의 레인보우식스 시즈,"액션, 무료 플레이 / 액션, 어드벤처, 대규모 멀티플레이어, 무료 플레이 / 액션, 무료 플레이",Battlezone 98 Redux,"액션, 전략","One of the greatest sci-fi strategy games of all time returns with remastered visuals, online multiplayer and near unlimited mod content from Steam Workshop. Experience thrilling first person action and acclaimed RTS in this explosive alternate vision of the 1960s space race.",,,
B0122,A21,Into the Breach / Monster Train / Mini Metro,"인디, RPG, 시뮬레이션, 전략 / 전략 / 인디, 시뮬레이션, 전략",Monster Slayers,"액션, 인디",Monster Slayers is a rogue-like deck-building RPG adventure. Create a hero and choose your path through the perilous Northern Valley as you battle to become a true Monster Slayer.,,,
B0123,A13,Sid Meier's Civilization® V / Europa Universalis IV / Human Fall Flat,"전략 / 시뮬레이션, 전략 / 어드벤처, 캐주얼, 인디, 시뮬레이션",Dice Kingdoms,"인디, 전략","Compete against friends in games filled with unpredictable twists and turns. Roll the dice to gather resources and test your adaptability. Lead your kingdom to success through military power, religious knowledge, or architectural ingenuity.",,,
B0124,A07,Hardspace: Shipbreaker / Hacknet / The Case of the Golden Idol / 방 탈출 시뮬레이터 / shapez 2 - Factory,"시뮬레이션 / 인디, 시뮬레이션 / 어드벤처, 인디 / 어드벤처, 캐주얼, 인디, 시뮬레이션 / 캐주얼, 인디, 시뮬레이션, 전략",방 탈출 시뮬레이터2,"어드벤처, 캐주얼, 인디, 시뮬레이션","많은 인기를 끈 방 탈출 게임의 후속작으로, 혼자 또는 친구와 함께 탐험할 수 있는 다양하고 새로운 방을 통해 일인칭 퍼즐을 새롭게 해석합니다. 방 편집기 2.0으로 복잡한 퍼즐을 풀거나, 숨겨진 비밀을 파헤치거나, 나만의 방을 만들어 보세요.",,,
B0125,A07,Hardspace: Shipbreaker / Hacknet / The Case of the Golden Idol / 방 탈출 시뮬레이터 / shapez 2 - Factory,"시뮬레이션 / 인디, 시뮬레이션 / 어드벤처, 인디 / 어드벤처, 캐주얼, 인디, 시뮬레이션 / 캐주얼, 인디, 시뮬레이션, 전략",FOUNDRY,"인디, 시뮬레이션, 전략, 앞서 해보기","무한한 복셀 세계에서 완벽하게 최적화된 공장 또는 아름다운 예술 작품을 건설하세요. FOUNDRY에서 자원을 채굴 및 수집하고, 계속해서 확장되는 생산 라인을 자동화하고, 복잡한 시스템을 관리하며 기계를 완벽하게 마스터할 방법을 연구해 보세요.",,,
B0126,A18,Project Zomboid / Don't Starve / The Forest,"인디, RPG, 시뮬레이션, 앞서 해보기 / 어드벤처, 인디, 시뮬레이션 / 액션, 어드벤처, 인디, 시뮬레이션",Andarilho,"액션, 어드벤처, 캐주얼, 인디, 시뮬레이션","You are a guy with a backpack, just try to stay alive!",,,
B0127,A15,No Man's Sky / 서브노티카 / Slime Rancher,"액션, 어드벤처 / 어드벤처, 인디 / 액션, 어드벤처, 인디, 시뮬레이션",Farworld Pioneers,"액션, 어드벤처, 인디, 시뮬레이션","오픈월드 sci-fi 샌드박스 게임. 혼자서도, 친구와 함께도 멀티플레이로 탐험하고, 외계 행성에 식민지를 건설 & 관리하고, 독특한 개성과 기술을 가진 AI 생존자를 모집하세요. 다 함께 제작, 건설, 채굴, 농사를 짓거나 레이저 소총을 등에 메고 은하계에 맞서 싸우세요!",,,
B0128,A19,Garry's Mod / Team Fortress 2 / Left 4 Dead 2,"캐주얼, 인디, 시뮬레이션 / 액션, 무료 플레이 / 액션",Castaway Paradise - live among the animals,"어드벤처, 캐주얼, 인디, RPG, 시뮬레이션","It's the ultimate Sandbox sim! Farm, catch bugs, talk to villagers, build your own tropical dream island! If you like Animal Crossing, Among Us, or Harvest Moon, you will love this game!",,,
B0129,A07,Hardspace: Shipbreaker / Hacknet / The Case of the Golden Idol / 방 탈출 시뮬레이터 / shapez 2 - Factory,"시뮬레이션 / 인디, 시뮬레이션 / 어드벤처, 인디 / 어드벤처, 캐주얼, 인디, 시뮬레이션 / 캐주얼, 인디, 시뮬레이션, 전략",The Escape: Together,"액션, 인디, 앞서 해보기",The Escape: Together is a 1-3 player Online CO-OP escape horror. The paranormal creature has taken over the house. You must use everything you find to survive and make your runaway.,,,
B0130,A16,DARK SOULS™ III / The Witcher 3: Wild Hunt / The Elder Scrolls V: Skyrim Special Edition,액션 / RPG / RPG,The Witcher Adventure Game,"어드벤처, 전략",'더 위쳐 어드벤처 게임'은 괴물 사냥꾼인 리비아의 게롤트의 잔혹한 판타지 세계를 바탕으로 펼쳐지는 CD프로젝트레드의 보드게임을 디지털로 구현한 것입니다. 잔혹하면서도 아름다운 세계를 돌아다니며 위험천만한 야수들을 사냥하고 고대 미스터리를 푸는 등 다양한 퀘스트를 완수하세요.,,,
B0131,A05,A Short Hike / ISLANDERS / Gorogoa,"어드벤처, 인디 / 캐주얼, 인디, 전략 / 어드벤처, 캐주얼, 인디",TerraScape,"캐주얼, 인디, 시뮬레이션, 전략","이 아늑한 도시 퍼즐 게임에서 건물을 전략적으로 배치하여 떠다니는 섬에 멋진 왕국을 세워보세요. 다양한 싱글 및 멀티플레이 게임 모드에서 비밀 조합을 발견하고, 주간 챌린지에 도전하고, 무작위로 생성된 맵을 탐험해 보세요.",,,
B0132,A02,Sid Meier’s Civilization® VI / XCOM® 2 / Stellaris,"전략 / 전략 / 시뮬레이션, 전략",Company of Heroes - Legacy Edition,"액션, 전략","실감 나는 제2차 세계 대전 게임인 Company of Heroes는 영웅적인 병사의 희생과 전쟁으로 파괴된 지역 그리고 역동적인 전장에 생명을 불어넣은 차세대 실시간 전략 게임입니다. 이 레거시 버전은 ""Company of Heroes""라 부르는 COH의 최신 버전을 이용할 수 있게 해줍니다.",,,
B0133,A26,Counter-Strike 2 / PUBG: BATTLEGROUNDS / 톰 클랜시의 레인보우식스 시즈,"액션, 무료 플레이 / 액션, 어드벤처, 대규모 멀티플레이어, 무료 플레이 / 액션, 무료 플레이",Insurgency,"액션, 인디, 전략","Take to the streets for intense close quarters combat, where a team's survival depends upon securing crucial strongholds and destroying enemy supply in this multiplayer and cooperative Source Engine based experience.",,,
B0134,A15,No Man's Sky / 서브노티카 / Slime Rancher,"액션, 어드벤처 / 어드벤처, 인디 / 액션, 어드벤처, 인디, 시뮬레이션",WILL: Follow The Light,"어드벤처, 인디",끝없는 바다를 항해하며 사랑하는 사람들에게 돌아갈 길을 찾는 일인칭 싱글 플레이어 여정. 혹독한 북쪽 바다를 배경으로 펼쳐지는 사실적인 모험에 빠져 보세요. 여러분은 과연 빛을 따라갈까요?,,,
B0135,A16,DARK SOULS™ III / The Witcher 3: Wild Hunt / The Elder Scrolls V: Skyrim Special Edition,액션 / RPG / RPG,PAYDAY™ The Heist,액션,"Take on the role of a hardened career criminal executing intense, dynamic heists in constant pursuit of the next “big score”",,,
B0136,A08,Euro Truck Simulator 2 / BeamNG.drive / 아세토 코르사 Assetto Corsa,"인디, 시뮬레이션 / 레이싱, 시뮬레이션, 앞서 해보기 / 인디, 레이싱, 시뮬레이션, 스포츠",아세토 코르사 컴페티치오네 Assetto Corsa Competizione,"레이싱, 시뮬레이션, 스포츠","아세토 코르사 컴페티치오네는 새로운 공식 GT 월드 챌린지 비디오 게임입니다. 탁월한 시뮬레이션 품질을 자랑하는 본 게임에서는 정교하게 재현된 공식 드라이버, 팀, 차, 서킷을 상대로 경쟁하는 FIA GT3 챔피언십의 실제 분위기를 만끽할 수 있습니다.",,,
B0137,A26,Counter-Strike 2 / PUBG: BATTLEGROUNDS / 톰 클랜시의 레인보우식스 시즈,"액션, 무료 플레이 / 액션, 어드벤처, 대규모 멀티플레이어, 무료 플레이 / 액션, 무료 플레이",Battlefield 3™,액션,"원하는 대로 싸우는 완전한 자유를 즐기세요. 29가지 거대한 멀티플레이어 전장을 탐험하고, 다양한 탑승장비, 무기 및 보조장비를 사용해 기세를 강화하세요. 전투의 매 순간마다 대량의 추가 콘텐츠가 해제되고 계급이 올라갑니다. 지금 바로 시작하세요.",,,
B0138,A10,Death's Door / Children of Morta / Roboquest / Spelunky 2 / Nuclear Throne / Streets of Rogue / Neon Abyss / Curse of the Dead Gods / Rogue Legacy 2 / Have a Nice Death,"액션, 어드벤처, 인디, RPG / 액션, 어드벤처, 인디, RPG / 액션, 인디 / 액션, 인디 / 액션, 인디, RPG / 액션, 어드벤처, 인디, RPG / 액션, 어드벤처, 인디, RPG / 액션, 어드벤처 / 액션, 어드벤처, 인디, RPG / 액션, 인디",Crown Trick / 不思议的皇冠,"어드벤처, 인디, RPG, 전략",여러분을 따라 움직이는 미로 속에서 원소를 다스리는 것이 몬스터를 물리치고 지하 세계의 비밀을 파헤칠 수 있는 유일한 열쇠입니다. 왕관으로 더 강력해진 힘을 발휘해보세요!,,,
B0139,A06,서브노티카 / The Long Dark / No Man's Sky,"어드벤처, 인디 / 어드벤처, 인디, 시뮬레이션, 전략 / 액션, 어드벤처",Grim Realms,"인디, 시뮬레이션, 전략","언데드가 들끓는 다크 판타지 세계에 당신만의 정착지를 건설하세요. 다가오는 '공포의 폭풍(Dread Storm)'을 종식시켜 인류를 구원할 것인지, 아니면 어둠의 힘을 직접 다루게 될 것인지는 당신의 선택에 달렸습니다. 생존을 위해 처절하게 사투를 벌이는 주민들을 이끄십시오.",,,
B0140,A11,Hollow Knight / Dead Cells / Garry's Mod,"액션, 어드벤처, 인디 / 액션, 어드벤처, 인디 / 캐주얼, 인디, 시뮬레이션",Cataclysm: Dark Days Ahead,"어드벤처, RPG","카타클리즘: 다크 데이즈 어헤드는 모던 로그라이크를 대표하는 좀비 생존 게임입니다. 턴제 방식의 게임 플레이와 RPG 스킬 시스템으로 로그라이크 장르를 새로운 방식으로 개척했습니다. 자원을 수집하고, 적들과 싸우고, 차량을 구해 세상을 탐험하거나, 은신처를 만들어 살아남으세요.",,,
B0141,A14,The Forest / 7 Days to Die / Sid Meier’s Civilization® VI,"액션, 어드벤처, 인디, 시뮬레이션 / 액션, 어드벤처, 인디, RPG, 시뮬레이션, 전략 / 전략",Dying Light,"액션, 어드벤처, RPG","종말 이후 굶주린 좀비가 넘쳐나는 오픈 월드를 배경으로 펼쳐지는 1인칭 액션 생존 게임을 즐겨보세요. 여러분은 수수께끼의 바이러스 전염에 의해 몰락한 도시를 탐험하며 물자를 찾고, 무기를 제작하여 감염된 생명체 무리들을 상대해야 합니다.",,,
B0142,A14,The Forest / 7 Days to Die / Sid Meier’s Civilization® VI,"액션, 어드벤처, 인디, 시뮬레이션 / 액션, 어드벤처, 인디, RPG, 시뮬레이션, 전략 / 전략",Hiveswap Friendsim,"어드벤처, 인디, RPG, 시뮬레이션","You’ve crash landed on a dangerous alien planet with no food, medicine, or prospects, but you do know one thing—you are absolutely desperate for friendship.",,,
B0143,A10,Death's Door / Children of Morta / Roboquest / Spelunky 2 / Nuclear Throne / Streets of Rogue / Neon Abyss / Curse of the Dead Gods / Rogue Legacy 2 / Have a Nice Death,"액션, 어드벤처, 인디, RPG / 액션, 어드벤처, 인디, RPG / 액션, 인디 / 액션, 인디 / 액션, 인디, RPG / 액션, 어드벤처, 인디, RPG / 액션, 어드벤처, 인디, RPG / 액션, 어드벤처 / 액션, 어드벤처, 인디, RPG / 액션, 인디",The Messenger,"액션, 인디","악마의 군단이 에워싼 마을의 젊은 닌자가 일족의 생존을 위해 두루마리를 전달하는 임무를 부여받고 이 저주받은 세계를 모험합니다. 짜릿함과 놀라움, 그리고 공포로 가득 찬 시간여행 액션 플랫포머 어드벤처를 경험해보세요.",,,
B0144,A26,Counter-Strike 2 / PUBG: BATTLEGROUNDS / 톰 클랜시의 레인보우식스 시즈,"액션, 무료 플레이 / 액션, 어드벤처, 대규모 멀티플레이어, 무료 플레이 / 액션, 무료 플레이",WARMODE,"액션, 무료 플레이","Free to play shooter about the confrontation of two irreconcilable sides, represented by the government military housings and the armed hirelings. Try your hand at virtual battles with off-scale dynamics and hurricane gameplay in the spirit of the classical shooters.",,,
B0145,A10,Death's Door / Children of Morta / Roboquest / Spelunky 2 / Nuclear Throne / Streets of Rogue / Neon Abyss / Curse of the Dead Gods / Rogue Legacy 2 / Have a Nice Death,"액션, 어드벤처, 인디, RPG / 액션, 어드벤처, 인디, RPG / 액션, 인디 / 액션, 인디 / 액션, 인디, RPG / 액션, 어드벤처, 인디, RPG / 액션, 어드벤처, 인디, RPG / 액션, 어드벤처 / 액션, 어드벤처, 인디, RPG / 액션, 인디",Return to abyss 重返深渊,"액션, 어드벤처, 인디","Return to Abyss is a mowing survival game with Rogue-Lite elements, upgrade your weapons and use your fighting skills to fight through over 10,000 monsters on screen until defeat the culprit who brought chaos!",,,
B0146,A20,Team Fortress 2 / Left 4 Dead 2 / Terraria,"액션, 무료 플레이 / 액션 / 액션, 어드벤처, 인디, RPG",Worms Ultimate Mayhem,전략,Load your weapons and experience a whole new dimension in destructive turn-based cartoon action!,,,
B0147,A17,Hollow Knight / Dead Cells / Celeste,"액션, 어드벤처, 인디 / 액션, 어드벤처, 인디 / 액션, 어드벤처, 인디",가이더스 제로,"액션, 어드벤처, 인디, 전략",가이더스 제로는 실시간 그리드 액션 로그라이크 게임입니다. 대륙에 생겨난 미지의 싱크홀 '상처'를 탐험하며 신비로운 정령들과 보물상자를 찾아보세요. 그리고 어둠에 침식된 적들과 강력한 보스를 물리치고 상처의 최하층에 도달해보세요. 재앙의 원인이 기다리고 있습니다.,,,
B0148,A07,Hardspace: Shipbreaker / Hacknet / The Case of the Golden Idol / 방 탈출 시뮬레이터 / shapez 2 - Factory,"시뮬레이션 / 인디, 시뮬레이션 / 어드벤처, 인디 / 어드벤처, 캐주얼, 인디, 시뮬레이션 / 캐주얼, 인디, 시뮬레이션, 전략",Space Rogue,"인디, 시뮬레이션, 전략","Take on the role of a spaceship captain. Explore new worlds, and engage in intense ship-to-ship battles. Develop unique battle tactics, upgrade your ship, and recruit crew members as you fight for peace or piracy.",,,
B0149,A10,Death's Door / Children of Morta / Roboquest / Spelunky 2 / Nuclear Throne / Streets of Rogue / Neon Abyss / Curse of the Dead Gods / Rogue Legacy 2 / Have a Nice Death,"액션, 어드벤처, 인디, RPG / 액션, 어드벤처, 인디, RPG / 액션, 인디 / 액션, 인디 / 액션, 인디, RPG / 액션, 어드벤처, 인디, RPG / 액션, 어드벤처, 인디, RPG / 액션, 어드벤처 / 액션, 어드벤처, 인디, RPG / 액션, 인디",30XX,"액션, 인디","친구와 함께 즐길 수 있는 로그라이트 액션 플래포머, 30XX로 뛰고, 쏘고, 베며 앞으로 나아가세요! 화끈한 전투와 정밀한 플랫폼이 하나로 섞인, 끝없이 변화하는 멋진 세계들을 탐험하세요. 무시무시한 가디언들을 무찌르세요. 그들의 독특한 힘을 마스터하세요. 잃어버린 천 년을 재발견하세요.",,,
B0150,A06,서브노티카 / The Long Dark / No Man's Sky,"어드벤처, 인디 / 어드벤처, 인디, 시뮬레이션, 전략 / 액션, 어드벤처",Sheltered 2,"인디, RPG, 시뮬레이션, 전략","포스트 아포칼립스적인 황무지를 무대로 잔혹한 생존 관리 시뮬레이션이 펼쳐집니다. 여러분의 생존자 무리를 살려 두고, 피난처를 보전하고, 이 황폐한 세계에서 어떻게든 자원을 확보하십시오. 상대 진영과 친분을 맺고 교역하거나 상대를 무력으로 정복하세요.",,,
B0151,A22,Opus Magnum,"인디, 시뮬레이션",Last Call BBS,"인디, 시뮬레이션",Z5 Powerlance에 시동을 걸고 Zachtronics의 마지막 게임인 Last Call BBS에 빠져 보세요! Barkeep이 여러분을 위해 레트로 컴퓨터에 퍼즐 게임 풀 세트를 가득 담았습니다. 복사 방지를 걱정할 필요는 없어요. 이미 다 크랙되어 있고 즐기기만 하면 됩니다!,,,
B0152,A13,Sid Meier's Civilization® V / Europa Universalis IV / Human Fall Flat,"전략 / 시뮬레이션, 전략 / 어드벤처, 캐주얼, 인디, 시뮬레이션",Knights of Honor II: Sovereign,"시뮬레이션, 전략","새로 탄생한 실시간 중세 대전략 게임에서 국왕이 되어 유럽의 패권을 놓고 다투십시오. 지역을 관리하고, 군대를 소집하고, 외교를 시행하고 치열한 첩보 활동에 뛰어드십시오. 가능성은 무궁무진합니다. 국민들이 우러러보는 진정한 군주가 되어 영광의 시대로 인도하십시오.",,,
B0153,A20,Team Fortress 2 / Left 4 Dead 2 / Terraria,"액션, 무료 플레이 / 액션 / 액션, 어드벤처, 인디, RPG",Duelists of Eden,"액션, 인디",Build a deck and battle online in real-time action with rollback netcode!,,,
B0154,A15,No Man's Sky / 서브노티카 / Slime Rancher,"액션, 어드벤처 / 어드벤처, 인디 / 액션, 어드벤처, 인디, 시뮬레이션",Subterror,"액션, 어드벤처, 인디","Explore abandoned biospheres at the bottom of the ocean, alone or with up to 4 friends.",,,
B0155,A18,Project Zomboid / Don't Starve / The Forest,"인디, RPG, 시뮬레이션, 앞서 해보기 / 어드벤처, 인디, 시뮬레이션 / 액션, 어드벤처, 인디, 시뮬레이션",Flesh Eaters,"액션, 어드벤처, 인디, RPG, 시뮬레이션","Flesh Eaters is retro style single player RTS zombie survival game with resource gathering and crafting. Zombies are everywhere! You must gather resources to build barricades, upgrade weapons and armour and explore the city under the siege of the dead",,,
B0156,A22,Opus Magnum,"인디, 시뮬레이션",Mega Mosaic,캐주얼,Mega Mosaic is a meditative game about completing a single enormous puzzle,,,
B0157,A12,Euro Truck Simulator 2 / 아세토 코르사 Assetto Corsa / Left 4 Dead 2,"인디, 시뮬레이션 / 인디, 레이싱, 시뮬레이션, 스포츠 / 액션",Trapped Dead,"액션, 전략",You and up to three friends fight to survive the Zombie outbreak in this game inspired by early '80s horror films!,,,
B0158,A08,Euro Truck Simulator 2 / BeamNG.drive / 아세토 코르사 Assetto Corsa,"인디, 시뮬레이션 / 레이싱, 시뮬레이션, 앞서 해보기 / 인디, 레이싱, 시뮬레이션, 스포츠",LOTUS-Simulator,"인디, 시뮬레이션, 앞서 해보기","For the first time, bus, tram and train are simulated extremely realistic in a single game – and you can drive them, build them or create the world around. LOTUS – simulation will never be the same!",,,
B0159,A25,Raft / Stardew Valley / Counter-Strike 2,"어드벤처, 인디, 시뮬레이션 / 인디, RPG, 시뮬레이션 / 액션, 무료 플레이",Half-Life 2: Deathmatch,액션,Half-Life 2 세계에서 펼쳐지는 박진감 넘치는 멀티플레이어 액션! 현실감 있는 플레이로 데스매치 플레이가 한 단계 진화했습니다. 일반 데스매치 플레이를 하거나 콤바인 대 저항군 팀플레이에 도전해 보세요. 지금 바로 친구를 불러 함께 플레이하세요!,,,
B0160,A09,Hearts of Iron IV / Europa Universalis IV / Sid Meier's Civilization® V,"시뮬레이션, 전략 / 시뮬레이션, 전략 / 전략",Strategic Mind: Blitzkrieg,"시뮬레이션, 전략",Strategic Mind: Blitzkrieg는 과거 워게임 장르에 현대적 그래픽과 새로운 기능들을 가미한 2차 세계대전 배경의 턴제 전략 게임입니다. 여러분은 독일 국방군을 이끌어 압도적으로 강한 적수들과 맞서 유럽 대륙에서 최후의 승리를 쟁취해야 합니다. 전격전을 준비하십시오!,,,
B0161,A13,Sid Meier's Civilization® V / Europa Universalis IV / Human Fall Flat,"전략 / 시뮬레이션, 전략 / 어드벤처, 캐주얼, 인디, 시뮬레이션",Songs of Silence,"어드벤처, 인디, RPG, 시뮬레이션, 전략",군대를 이끌고 몰락한 왕국을 재건하여 위대함에 도달하세요! 시각적으로 놀라운 세계에서 전략적인 서사적 여정을 시작하세요. 치열한 전투를 치르고 매혹적인 이야기를 밝혀내세요.,,,
B0162,A10,Death's Door / Children of Morta / Roboquest / Spelunky 2 / Nuclear Throne / Streets of Rogue / Neon Abyss / Curse of the Dead Gods / Rogue Legacy 2 / Have a Nice Death,"액션, 어드벤처, 인디, RPG / 액션, 어드벤처, 인디, RPG / 액션, 인디 / 액션, 인디 / 액션, 인디, RPG / 액션, 어드벤처, 인디, RPG / 액션, 어드벤처, 인디, RPG / 액션, 어드벤처 / 액션, 어드벤처, 인디, RPG / 액션, 인디",Feel The Snow,"액션, 어드벤처, 인디, 대규모 멀티플레이어, RPG, 시뮬레이션","Choose one of the characters and start your journey. The game has many interesting things in store: building, crafting, puzzles, bosses, mystery, laughs, quests etc.",,,
B0163,A19,Garry's Mod / Team Fortress 2 / Left 4 Dead 2,"캐주얼, 인디, 시뮬레이션 / 액션, 무료 플레이 / 액션",Game Corp DX,"인디, 시뮬레이션","Manage your Game Studio, earn big bucks, impress the critics, beat rival studios and clean up at the awards!",,,
B0164,A15,No Man's Sky / 서브노티카 / Slime Rancher,"액션, 어드벤처 / 어드벤처, 인디 / 액션, 어드벤처, 인디, 시뮬레이션",Arthas - The Game,"액션, 어드벤처",A great game about a Great man!,,,
B0165,A22,Opus Magnum,"인디, 시뮬레이션",카이젠: 팩토리 스토리,"시뮬레이션, 전략",카이젠은 Zachtronics 원년 멤버가 제작한 개방형 퍼즐 자동화 게임입니다. 1980년대 일본에서 생산 라인을 설계·구축·개선해 계산기·캠코더·오락기 등 상징적 제품을 생산하세요.,,,
B0166,A01,DARK SOULS™ III / Fallout 4 / The Forest,"액션 / RPG / 액션, 어드벤처, 인디, 시뮬레이션",House of Detention,"액션, 어드벤처, 인디, 대규모 멀티플레이어, RPG, 시뮬레이션, 스포츠, 전략","딥 플롯, 많은 캐릭터, 훌륭한 음향 효과 및 리얼 던전의 소름 끼치는 분위기가있는 독특한 공포. 탈의실, 체육관, 다양한 몬스터, 분위기있는 음악, 밈 스크롤, 때리기의 속눈썹 등!",,,
B0167,A16,DARK SOULS™ III / The Witcher 3: Wild Hunt / The Elder Scrolls V: Skyrim Special Edition,액션 / RPG / RPG,트리거 소녀,"어드벤처, 캐주얼, RPG, 전략","보물 사냥꾼 인 아오이와 샐리는 탐험 중에 동굴을 발견했습니다. 그들은 그 안에 보물을 예견합니다. 그래서 들어가서 살펴보기로 결정했습니다. 예기치 않게, 이것은 촉수 동굴입니다.",,,
B0168,A18,Project Zomboid / Don't Starve / The Forest,"인디, RPG, 시뮬레이션, 앞서 해보기 / 어드벤처, 인디, 시뮬레이션 / 액션, 어드벤처, 인디, 시뮬레이션",Zombie Party,"액션, 어드벤처, 인디, RPG","Zombie Party is a retro rampage of fun and over-the-top action, while still giving the players a deep and engaging Action-RPG Rogue-like experience! Go on a time traveling adventure, or delve deep into procedural dungeons full of gold, loot, and secrets!",,,
B0169,A21,Into the Breach / Monster Train / Mini Metro,"인디, RPG, 시뮬레이션, 전략 / 전략 / 인디, 시뮬레이션, 전략",Metro Simulator 2,"인디, 시뮬레이션",Metro Simulator 2 is a unique game featuring recreated Moscow Metro and realistic train controls.,,,
B0170,A08,Euro Truck Simulator 2 / BeamNG.drive / 아세토 코르사 Assetto Corsa,"인디, 시뮬레이션 / 레이싱, 시뮬레이션, 앞서 해보기 / 인디, 레이싱, 시뮬레이션, 스포츠",Derail Valley,"어드벤처, 인디, 시뮬레이션, 앞서 해보기",Drive massive trains and build your career in a vast open railway network. For both PC and VR.,,,
B0171,A21,Into the Breach / Monster Train / Mini Metro,"인디, RPG, 시뮬레이션, 전략 / 전략 / 인디, 시뮬레이션, 전략",Dobbel Dungeon,"인디, RPG, 전략","로그라이크 턴제 전략 RPG 게임에서 파티를 모으고, 주사위를 굴리고, 섬을 가로질러 전투를 하며 강력한 저주를 완전히 끝내세요!",,,
B0172,A23,The Witcher 3: Wild Hunt / The Elder Scrolls V: Skyrim Special Edition / BeamNG.drive,"RPG / RPG / 레이싱, 시뮬레이션, 앞서 해보기",ACTION SANDBOX,시뮬레이션,"A physics sandbox game for people who like to play with digital toys. Create, control toys and define your goals.",,,
B0173,A26,Counter-Strike 2 / PUBG: BATTLEGROUNDS / 톰 클랜시의 레인보우식스 시즈,"액션, 무료 플레이 / 액션, 어드벤처, 대규모 멀티플레이어, 무료 플레이 / 액션, 무료 플레이",Arena Wars 2,"액션, 전략",Arena Wars 2 is the sequel of the award-winning Arena Wars series and combines revolutionary RTS fights with RPG elements.,,,
B0174,A05,A Short Hike / ISLANDERS / Gorogoa,"어드벤처, 인디 / 캐주얼, 인디, 전략 / 어드벤처, 캐주얼, 인디",Mini Settlers,"인디, 시뮬레이션, 전략","Mini Settlers는 미니멀리스트 도시 건설 게임입니다! 섬에 정착하고, 도시를 건설하고, 효율적인 물류 네트워크를 디자인해서 건물들에 필요한 사항을 지원하고, 인구를 증가시켜 새로운 세계로 진출하세요.",,,
B0175,A03,Salt and Sanctuary,"액션, 인디, RPG",Sons Of The Forest,"액션, 어드벤처, 인디, 시뮬레이션",외딴 섬에서 실종된 억만장자를 찾기 위해 파견된 당신은 식인종으로 가득한 지옥을 마주하게 됩니다. 이 무시무시한 오픈 월드 기반의 공포 서바이벌 시뮬레이터에서 혼자 또는 친구들과 함께 무기를 제작하고 건물을 지으며 생존을 위해 고군분투하세요.,,,
B0176,A15,No Man's Sky / 서브노티카 / Slime Rancher,"액션, 어드벤처 / 어드벤처, 인디 / 액션, 어드벤처, 인디, 시뮬레이션",The Flame in the Flood,"액션, 어드벤처, 인디","A rogue-like river journey through the backwaters of a forgotten post-societal America. Forage, craft, evade predators.",,,
B0177,A06,서브노티카 / The Long Dark / No Man's Sky,"어드벤처, 인디 / 어드벤처, 인디, 시뮬레이션, 전략 / 액션, 어드벤처",StarMade,"액션, 어드벤처, 인디, RPG, 시뮬레이션, 전략, 앞서 해보기","The ultimate space sandbox. Participate in epic fleet battles, form alliances, strive to dominate entire galaxies and harness the universe’s resources for your industrious empire or the destruction of others. Customise your experience, the universe is yours!",,,
B0178,A02,Sid Meier’s Civilization® VI / XCOM® 2 / Stellaris,"전략 / 전략 / 시뮬레이션, 전략",Company of Heroes,"액션, 전략","실감 나는 제2차 세계 대전 게임인 Company of Heroes는 영웅적인 병사의 희생과 전쟁으로 파괴된 지역 그리고 역동적인 전장에 생명을 불어넣은 차세대 실시간 전략 게임입니다. 추가 사용자 리뷰는 ""Company of Heroes - 레거시 에디션"" 페이지에서 확인하십시오.",,,
B0179,A11,Hollow Knight / Dead Cells / Garry's Mod,"액션, 어드벤처, 인디 / 액션, 어드벤처, 인디 / 캐주얼, 인디, 시뮬레이션",Space Rangers HD: A War Apart,"액션, 어드벤처, RPG, 시뮬레이션, 전략","Space adventure, open world RPG, strategy, arcade, quest and more!",,,
B0180,A09,Hearts of Iron IV / Europa Universalis IV / Sid Meier's Civilization® V,"시뮬레이션, 전략 / 시뮬레이션, 전략 / 전략",Canvas of Kings,"캐주얼, 인디, RPG, 앞서 해보기","Canvas of Kings is a minimalistic mapmaking tool that focuses on randomness and auto-generated elements on user-definable and interactive paths, plots and rooms.",,,
B0181,A02,Sid Meier’s Civilization® VI / XCOM® 2 / Stellaris,"전략 / 전략 / 시뮬레이션, 전략",Outpost: Infinity Siege,"액션, 전략","자신의 이동초소를 지휘해 보세요. 'XEN'을 들고 위험천만한 '천인' 감시 지역에 잠입하여 희귀한 무기 부품을 수집하여 전투력을 높이세요. 타워 디펜스, FPS, RTS 등 다양한 장르가 융합된 이곳에서 유연한 대처로 몰려오는 적군들을 물리쳐 보세요. 멀티 협력 모드에서 동료들과 협력하여 전방의 위기와 도전을 극복하고, '천인'으로부터 영토를 되찾으세요!",,,
B0182,A25,Raft / Stardew Valley / Counter-Strike 2,"어드벤처, 인디, 시뮬레이션 / 인디, RPG, 시뮬레이션 / 액션, 무료 플레이",Beyond Contact,"액션, 어드벤처, 인디","A fiercely formidable sci-fi survival game, set on a hostile alien world that wants you dead! Alone, or with a crew, do you have what it takes to survive?",,,
B0183,A01,DARK SOULS™ III / Fallout 4 / The Forest,"액션 / RPG / 액션, 어드벤처, 인디, 시뮬레이션",Yet Another Zombie Defense,"액션, 캐주얼, 인디, 전략","Darkness is coming. How long can YOU survive? Build your base by day, defend it by night. Play in online or local co-op. Stay alive as long as you can.",,,
B0184,A16,DARK SOULS™ III / The Witcher 3: Wild Hunt / The Elder Scrolls V: Skyrim Special Edition,액션 / RPG / RPG,The Elder Scrolls IV: Oblivion Remastered,RPG,Elder Scrolls IV: Oblivion™ Remastered에서 멋진 새 비주얼과 정제된 게임플레이로 새로워진 Cyrodiil을 탐험해 보세요.,,,
B0185,A25,Raft / Stardew Valley / Counter-Strike 2,"어드벤처, 인디, 시뮬레이션 / 인디, RPG, 시뮬레이션 / 액션, 무료 플레이",Nuclear Dawn,"액션, 전략",Explore war-torn post-apocalyptic landscapes and take fight against enemies using various weapons in this FPS/RTS hybrid.,,,
B0186,A12,Euro Truck Simulator 2 / 아세토 코르사 Assetto Corsa / Left 4 Dead 2,"인디, 시뮬레이션 / 인디, 레이싱, 시뮬레이션, 스포츠 / 액션",City Transport Simulator 2025,시뮬레이션,"The All-in-One Simulation! Drive highly detailed and licensed real buses & trams, build and design your own transport company, and grow your network in a European-inspired city.",,,
B0187,A02,Sid Meier’s Civilization® VI / XCOM® 2 / Stellaris,"전략 / 전략 / 시뮬레이션, 전략",StarMade,"액션, 어드벤처, 인디, RPG, 시뮬레이션, 전략, 앞서 해보기","The ultimate space sandbox. Participate in epic fleet battles, form alliances, strive to dominate entire galaxies and harness the universe’s resources for your industrious empire or the destruction of others. Customise your experience, the universe is yours!",,,
B0188,A21,Into the Breach / Monster Train / Mini Metro,"인디, RPG, 시뮬레이션, 전략 / 전략 / 인디, 시뮬레이션, 전략",Munchkin Digital,"액션, 어드벤처, 캐주얼, RPG, 전략",Kill the monsters & grab the loot in the classic card game!,,,
B0189,A14,The Forest / 7 Days to Die / Sid Meier’s Civilization® VI,"액션, 어드벤처, 인디, 시뮬레이션 / 액션, 어드벤처, 인디, RPG, 시뮬레이션, 전략 / 전략",Dead Horde,"액션, 인디","As a survivor of the mutant virus, make your way through the city and wipe out the hordes of flesh eating mutants. Teamwork is the key to survive the DEAD HORDE...",,,
B0190,A06,서브노티카 / The Long Dark / No Man's Sky,"어드벤처, 인디 / 어드벤처, 인디, 시뮬레이션, 전략 / 액션, 어드벤처",Subterror,"액션, 어드벤처, 인디","Explore abandoned biospheres at the bottom of the ocean, alone or with up to 4 friends.",,,
B0191,A20,Team Fortress 2 / Left 4 Dead 2 / Terraria,"액션, 무료 플레이 / 액션 / 액션, 어드벤처, 인디, RPG",Military Conflict: Vietnam,"액션, 캐주얼, 앞서 해보기","It’s 1968 in Vietnam, the time to “Make War Not Love”. Side with the Viet Cong or U.S. Army in this intense, fast-paced FPS set in the Vietnam War — now with co-op zombie mode. Choose from 300+ weapons of destruction. Kill or be killed!",,,
B0192,A22,Opus Magnum,"인디, 시뮬레이션",Dealer's Life,"캐주얼, 인디, 시뮬레이션",Live the ultimate pawn shop experience in this funny retro style tycoon game!,,,
B0193,A01,DARK SOULS™ III / Fallout 4 / The Forest,"액션 / RPG / 액션, 어드벤처, 인디, 시뮬레이션",State of Decay 2: Juggernaut Edition,"액션, RPG, 시뮬레이션","The dead have risen and civilization has fallen. Now it's up to you to gather survivors, scavenge for resources and build a community in a post-apocalyptic world – a world where you define what it means to survive in this ultimate zombie survival simulation.",,,
B0194,A09,Hearts of Iron IV / Europa Universalis IV / Sid Meier's Civilization® V,"시뮬레이션, 전략 / 시뮬레이션, 전략 / 전략",Fantasy Map Simulator,"인디, 시뮬레이션, 전략, 앞서 해보기","환상 지도 시뮬레이터: 수세기에 걸쳐 상상의 세계를 만들고 진화하는 것을 지켜보세요. 지도를 디자인하고, 국가를 시뮬레이션하며, 운명을 통제하세요. 데스크톱 배경화면에서 제국의 흥망성쇠를 목격하세요. 역사 애호가와 창의적인 마인드를 가진 사람들을 위한 독특한 시뮬레이션입니다.",,,
B0195,A20,Team Fortress 2 / Left 4 Dead 2 / Terraria,"액션, 무료 플레이 / 액션 / 액션, 어드벤처, 인디, RPG",Band of Defenders,액션,"A Co-Op FPS game with base building in a post-apocalyptic world. Craft weapons, build barricades and automated turrets, unlock new gear and items for visual customization and kill all savages and mutants trying to destroy the remnants of human civilization.",,,
B0196,A13,Sid Meier's Civilization® V / Europa Universalis IV / Human Fall Flat,"전략 / 시뮬레이션, 전략 / 어드벤처, 캐주얼, 인디, 시뮬레이션",Ultimate Epic Battle Simulator 2,"액션, 어드벤처, 캐주얼, 인디, 시뮬레이션, 전략","Welcome to Ultimate Epic Battle Simulator 2, the most ridiculous and insane battle simulator in existence! Create eye watering battles with hundreds of thousands, even millions of characters on screen! Jump into multiple campaigns in game or player made, or play in sandbox mode and FPS invasion",,,
B0197,A13,Sid Meier's Civilization® V / Europa Universalis IV / Human Fall Flat,"전략 / 시뮬레이션, 전략 / 어드벤처, 캐주얼, 인디, 시뮬레이션",Kingdoms Reborn,"인디, 시뮬레이션, 전략, 앞서 해보기","A city builder with simulated citizens, set in a procedurally-generated world map. Grow your kingdom through the eras from a tiny medieval hamlet into a prosperous global empire! Cooperate or compete in real-time with your friends in multiplayer mode.",,,
B0198,A05,A Short Hike / ISLANDERS / Gorogoa,"어드벤처, 인디 / 캐주얼, 인디, 전략 / 어드벤처, 캐주얼, 인디",Dice Kingdoms,"인디, 전략","Compete against friends in games filled with unpredictable twists and turns. Roll the dice to gather resources and test your adaptability. Lead your kingdom to success through military power, religious knowledge, or architectural ingenuity.",,,
B0199,A02,Sid Meier’s Civilization® VI / XCOM® 2 / Stellaris,"전략 / 전략 / 시뮬레이션, 전략",The Pioneers: Surviving Desolation,"RPG, 시뮬레이션, 전략, 앞서 해보기","깊고 혁신적인 우주 생존 시뮬레이션 경험. 기지를 건설하고, 승무원을 관리하며, 목성의 가장 안쪽 위성인 Io의 가혹한 환경을 탐험하십시오. 당신은 살아남을 용기가 있습니까?",,,
B0200,A13,Sid Meier's Civilization® V / Europa Universalis IV / Human Fall Flat,"전략 / 시뮬레이션, 전략 / 어드벤처, 캐주얼, 인디, 시뮬레이션",The Anomaly Project,"액션, 어드벤처, 캐주얼, 인디, 전략","목표는 간단합니다. 이상 현상을 발견해 탈출하세요. 혼자서 플레이하거나 최대 8명과 함께 온라인 협동 플레이를 즐길 수 있습니다. 올바른 선택을 해야 다음 레벨로 진행할 수 있으며, 실패하면 처음부터 다시 시작하게 됩니다!",,,
B0201,A12,Euro Truck Simulator 2 / 아세토 코르사 Assetto Corsa / Left 4 Dead 2,"인디, 시뮬레이션 / 인디, 레이싱, 시뮬레이션, 스포츠 / 액션",Rig n Roll,시뮬레이션,Players will step into the shoes of a young man in the year 2014 as he arrives in California to pursue his dreams of road domination and capture the Californian cargo transportation market. There are miles of highways to conquer and cities and towns to reach as he becomes the greatest trucker on the,,,
B0202,A22,Opus Magnum,"인디, 시뮬레이션",For The Warp,"인디, 전략","A roguelike deckbuilding game in space! Explore randomly generated systems, enemies and strange encounters. Build your deck, survive and reach For The Warp gate!",,,
B0203,A03,Salt and Sanctuary,"액션, 인디, RPG",Lucid Blocks,"액션, 어드벤처, 인디, RPG","Explore, build, and survive in a cryptic expanse oozing with dreamlike oddities and esoteric critters.",,,
B0204,A16,DARK SOULS™ III / The Witcher 3: Wild Hunt / The Elder Scrolls V: Skyrim Special Edition,액션 / RPG / RPG,Tearscape,"액션, 어드벤처, 인디, RPG","사냥꾼이 되어 던전으로 가득한 어둡고 서로 연결된 세계를 탐험하세요. 정교한 전투 기술로 살아남고, 기괴한 괴물들과 싸우며, 무기를 확장하고, 비선형 구조 속 숨겨진 길을 발견하세요.",,,
B0205,A24,Stardew Valley / Slime Rancher / Raft,"인디, RPG, 시뮬레이션 / 액션, 어드벤처, 인디, 시뮬레이션 / 어드벤처, 인디, 시뮬레이션",Farm Manager World,"캐주얼, 인디, 시뮬레이션, 전략","Farm Manager World와 함께 농사 짓는 삶을 살아보세요! 활기찬 세계의 여러 지역에서 나만의 농장을 관리하고, 이국적인 작물을 재배하며 농업 비즈니스 제국을 건설하세요. 최고의 지속 가능한 농업에 오신 것을 환영합니다.",,,
B0206,A13,Sid Meier's Civilization® V / Europa Universalis IV / Human Fall Flat,"전략 / 시뮬레이션, 전략 / 어드벤처, 캐주얼, 인디, 시뮬레이션",Last Room,"액션, 어드벤처, 캐주얼, 인디, 전략","Dive into a world of puzzles, medieval mysteries, and strategic challenges. Navigate, solve, and leap your way through a thrilling adventure.",,,
B0207,A03,Salt and Sanctuary,"액션, 인디, RPG",파스칼 웨이저: 완전판,"액션, 어드벤처, RPG",은 도전성이 넘치는 액션 RPG입니다. 당신은 선구자로서 검은 안개에 뒤덮인 솔라스 대륙에서 이 세상의 모든 빛을 삼킨 재앙 뒤에 숨겨진 진실을 찾아야 합니다.,,,
B0208,A24,Stardew Valley / Slime Rancher / Raft,"인디, RPG, 시뮬레이션 / 액션, 어드벤처, 인디, 시뮬레이션 / 어드벤처, 인디, 시뮬레이션",Immortal Life,"액션, 어드벤처, 캐주얼, RPG, 시뮬레이션","Embark on a magical journey in this captivating life simulation game. Escape to a welcoming valley, farm with spells, and master skills like fishing, crafting, and cooking. Engage in epic battles, strengthen the bonds with your companions, and build your dream home to achieve Immortal Life!",,,
B0209,A26,Counter-Strike 2 / PUBG: BATTLEGROUNDS / 톰 클랜시의 레인보우식스 시즈,"액션, 무료 플레이 / 액션, 어드벤처, 대규모 멀티플레이어, 무료 플레이 / 액션, 무료 플레이",Counter-Strike,액션,"세계 최고의 온라인 액션 게임을 즐기세요. 전 세계적으로 유명한 팀 기반의 게임에서 테러리스트가 벌이는 생생한 전투의 현장에 흠뻑 빠지세요. 팀 동료들과 협력하여 전략적인 미션을 완수하고, 적군 기지를 점령하고 인질을 구출해보세요. 여러분의 임무는 아군의 성패를 좌우하고 아군의 성패는 여러분의 임무를 결정합니다.",,,
B0210,A14,The Forest / 7 Days to Die / Sid Meier’s Civilization® VI,"액션, 어드벤처, 인디, 시뮬레이션 / 액션, 어드벤처, 인디, RPG, 시뮬레이션, 전략 / 전략",Don't Starve,"어드벤처, 인디, 시뮬레이션","Don’t Starve is an uncompromising wilderness survival game full of science and magic. Enter a strange and unexplored world full of strange creatures, dangers, and surprises. Gather resources to craft items and structures that match your survival style.",,,
B0211,A04,Counter-Strike 2 / PUBG: BATTLEGROUNDS / Stardew Valley,"액션, 무료 플레이 / 액션, 어드벤처, 대규모 멀티플레이어, 무료 플레이 / 인디, RPG, 시뮬레이션",Half-Life 2: Deathmatch,액션,Half-Life 2 세계에서 펼쳐지는 박진감 넘치는 멀티플레이어 액션! 현실감 있는 플레이로 데스매치 플레이가 한 단계 진화했습니다. 일반 데스매치 플레이를 하거나 콤바인 대 저항군 팀플레이에 도전해 보세요. 지금 바로 친구를 불러 함께 플레이하세요!,,,
B0212,A06,서브노티카 / The Long Dark / No Man's Sky,"어드벤처, 인디 / 어드벤처, 인디, 시뮬레이션, 전략 / 액션, 어드벤처",WILL: Follow The Light,"어드벤처, 인디",끝없는 바다를 항해하며 사랑하는 사람들에게 돌아갈 길을 찾는 일인칭 싱글 플레이어 여정. 혹독한 북쪽 바다를 배경으로 펼쳐지는 사실적인 모험에 빠져 보세요. 여러분은 과연 빛을 따라갈까요?,,,
B0213,A14,The Forest / 7 Days to Die / Sid Meier’s Civilization® VI,"액션, 어드벤처, 인디, 시뮬레이션 / 액션, 어드벤처, 인디, RPG, 시뮬레이션, 전략 / 전략",The Isle,"액션, 어드벤처, 인디, 대규모 멀티플레이어, 시뮬레이션, 앞서 해보기",Experience fierce open world survival gameplay as you attempt to stay alive on an unforgiving island inhabited by dinosaurs! Hunt. Grow. Survive.,,,
B0214,A06,서브노티카 / The Long Dark / No Man's Sky,"어드벤처, 인디 / 어드벤처, 인디, 시뮬레이션, 전략 / 액션, 어드벤처",Dark Light,"액션, 어드벤처","Dark Light is a post-apocalyptic cyberpunk action-platformer with intense hack'n slash combat. Explore the unknown, enhance your abilities with cyberwares, and face off against supernatural entities to seal the Dark Void and end the eternal darkness.",,,
B0215,A16,DARK SOULS™ III / The Witcher 3: Wild Hunt / The Elder Scrolls V: Skyrim Special Edition,액션 / RPG / RPG,Dark Envoy,RPG,총과 마법이 난무하는 거대한 cRPG 세계관에서 유물 사냥꾼으로 파티를 이끄십시오. 슬로우 모션이 가미된 현대적 전투 시스템을 통해 전술을 마음껏 펼치십시오.,,,
B0216,A01,DARK SOULS™ III / Fallout 4 / The Forest,"액션 / RPG / 액션, 어드벤처, 인디, 시뮬레이션",Aliens vs. Predator™,액션,"Survive, hunt and prey in the deadly jungles and swamps in distinctly new and thrilling first person gameplay.",,,
B0217,A26,Counter-Strike 2 / PUBG: BATTLEGROUNDS / 톰 클랜시의 레인보우식스 시즈,"액션, 무료 플레이 / 액션, 어드벤처, 대규모 멀티플레이어, 무료 플레이 / 액션, 무료 플레이",Among Ass,"액션, 캐주얼, 인디, 스포츠",Local party or single player game about teamwork and killing with forbidden items!,,,
B0218,A07,Hardspace: Shipbreaker / Hacknet / The Case of the Golden Idol / 방 탈출 시뮬레이터 / shapez 2 - Factory,"시뮬레이션 / 인디, 시뮬레이션 / 어드벤처, 인디 / 어드벤처, 캐주얼, 인디, 시뮬레이션 / 캐주얼, 인디, 시뮬레이션, 전략",Outworld Station,"인디, 시뮬레이션, 전략",Take the helm as a new Station Commander and exploit an alien star system in this stunning space-station factory automation game. Amass resources and construct starships using increasingly advanced manufacturing and expand your station in a hostile universe.,,,
B0219,A16,DARK SOULS™ III / The Witcher 3: Wild Hunt / The Elder Scrolls V: Skyrim Special Edition,액션 / RPG / RPG,전설의 호플리트,"액션, 어드벤처, 인디, RPG, 전략","액션 RPG와 타워 디펜스의 결합: 괴물들을 도륙하고, 무기를 찾고, 무장을 업그레이드하고, 기지를 방어하세요...그리스 신화에 등장하는 괴물들과 고대 부족들로부터 인류의 운명을 보호하세요. 지휘관, 절대 그들이 성문을 넘지 못하도록 하세요!",,,
B0220,A21,Into the Breach / Monster Train / Mini Metro,"인디, RPG, 시뮬레이션, 전략 / 전략 / 인디, 시뮬레이션, 전략",Tinyfolks,"인디, RPG, 전략","Train your folks, defeat monsters and upgrade your town!",,,
B0221,A03,Salt and Sanctuary,"액션, 인디, RPG",Hyper Light Drifter,"액션, 어드벤처, 인디, RPG","Explore a beautiful, vast and ruined world riddled with dangers and lost technologies.",,,
B0222,A17,Hollow Knight / Dead Cells / Celeste,"액션, 어드벤처, 인디 / 액션, 어드벤처, 인디 / 액션, 어드벤처, 인디",Omno,"액션, 어드벤처, 캐주얼, 인디","놀라움이 가득한 고대의 세계를 탐험하는 싱글플레이 게임입니다. 퍼즐과 비밀, 극복해야 할 장애물로 가득하며, 여러분을 데리고 잊힌 문명의 힘을 통해 우거진 숲, 태양이 작열하는 사막, 얼어붙은 동토, 심지어 구름 속까지 웅장한 모험을 떠날 것입니다.",,,
B0223,A20,Team Fortress 2 / Left 4 Dead 2 / Terraria,"액션, 무료 플레이 / 액션 / 액션, 어드벤처, 인디, RPG",Arcadegeddon,"액션, 어드벤처, 무료 플레이","이제 이 변화무쌍한 멀티플레이어 슈터에서 최대 3명의 친구들과 함께 플레이할 수 있습니다. 다양한 생물군계와 미니 게임을 탐험하고, 숨겨진 상자를 발견하고, 셀 수 없는 적과 보스를 처치해보세요.",,,
B0224,A01,DARK SOULS™ III / Fallout 4 / The Forest,"액션 / RPG / 액션, 어드벤처, 인디, 시뮬레이션",Andarilho,"액션, 어드벤처, 캐주얼, 인디, 시뮬레이션","You are a guy with a backpack, just try to stay alive!",,,
B0225,A17,Hollow Knight / Dead Cells / Celeste,"액션, 어드벤처, 인디 / 액션, 어드벤처, 인디 / 액션, 어드벤처, 인디",30XX,"액션, 인디","친구와 함께 즐길 수 있는 로그라이트 액션 플래포머, 30XX로 뛰고, 쏘고, 베며 앞으로 나아가세요! 화끈한 전투와 정밀한 플랫폼이 하나로 섞인, 끝없이 변화하는 멋진 세계들을 탐험하세요. 무시무시한 가디언들을 무찌르세요. 그들의 독특한 힘을 마스터하세요. 잃어버린 천 년을 재발견하세요.",,,
B0226,A19,Garry's Mod / Team Fortress 2 / Left 4 Dead 2,"캐주얼, 인디, 시뮬레이션 / 액션, 무료 플레이 / 액션",Survival Zombies The Inverted Evolution,"액션, 어드벤처, 인디, 시뮬레이션",Survival Zombies is a bloody chaotic survival first person shooter that pits heavily armed players against humanity's greatest fear - hordes of undead.,,,
B0227,A15,No Man's Sky / 서브노티카 / Slime Rancher,"액션, 어드벤처 / 어드벤처, 인디 / 액션, 어드벤처, 인디, 시뮬레이션",Forgotten Seas,"액션, 어드벤처, 인디, 시뮬레이션","끝없이 펼쳐진 바다와 마른 땅이 귀한 버뮤다 공허에서 길을 잃었습니다. 병 속의 배를 제작하고 공해에서 생존하세요. 새로운 땅을 향해 항해하고, 캠프를 건설하고, 보물을 찾고, 상품을 거래하고, 이 낯선 영역을 노리는 무시무시한 해적들로부터 배를 지켜내세요!",,,
B0228,A15,No Man's Sky / 서브노티카 / Slime Rancher,"액션, 어드벤처 / 어드벤처, 인디 / 액션, 어드벤처, 인디, 시뮬레이션",Iron Marines,"액션, 캐주얼, 인디, 전략",공상과학 세계에서 펼쳐지는 실시간 전략 게임! 은하계에 당신이 필요합니다!,,,
B0229,A02,Sid Meier’s Civilization® VI / XCOM® 2 / Stellaris,"전략 / 전략 / 시뮬레이션, 전략",Per Aspera,"인디, 시뮬레이션, 전략","행성 규모의 도시 건설을 새로운 시각으로 경험해 보세요. 불가능에 가까운 확률을 극복하여 화성을 테라포밍하고, 붉은 행성의 숨겨진 자원을 채집하고, 과거에 이미 이 경이로운 과업을 시도했던 이들에 얽힌 수수께끼를 밝혀내세요. 인류의 미래가 당신에게 달려 있습니다.",,,
B0230,A10,Death's Door / Children of Morta / Roboquest / Spelunky 2 / Nuclear Throne / Streets of Rogue / Neon Abyss / Curse of the Dead Gods / Rogue Legacy 2 / Have a Nice Death,"액션, 어드벤처, 인디, RPG / 액션, 어드벤처, 인디, RPG / 액션, 인디 / 액션, 인디 / 액션, 인디, RPG / 액션, 어드벤처, 인디, RPG / 액션, 어드벤처, 인디, RPG / 액션, 어드벤처 / 액션, 어드벤처, 인디, RPG / 액션, 인디",Luna Abyss,"액션, 어드벤처, 인디",Luna Abyss는 유려한 플랫폼 스타일의 탄막 지옥 전투를 특징으로 하는 1인칭 스토리 액션 어드벤처 게임입니다. 수수께끼 같은 예언과 형벌 사이에 사로잡힌 루나의 죄수 포크스의 여정을 따라가 보세요.,,,
B0231,A16,DARK SOULS™ III / The Witcher 3: Wild Hunt / The Elder Scrolls V: Skyrim Special Edition,액션 / RPG / RPG,KINGDOM HEARTS III + Re Mind (DLC),"액션, 어드벤처, RPG","첫 번째 작품부터 이어진 “다크 시커”편의 완결을 그린 시리즈 최신작. 본 작품에서는 픽사 등의 새로운 세계관이 더해져 더욱 방대한 세계관으로 발전했다. 또한, 본 작품의 클라이맥스에서 벌어지고 있던 또 하나의 이야기 『Re Mind』도 함께 즐길 수 있다.",,,
B0232,A13,Sid Meier's Civilization® V / Europa Universalis IV / Human Fall Flat,"전략 / 시뮬레이션, 전략 / 어드벤처, 캐주얼, 인디, 시뮬레이션",Blaite,"액션, 어드벤처, 캐주얼, 인디","A platform game so difficult and at the same time, so addictive that you will enjoy having to repeat a levels dozens of times until complete them.",,,
B0233,A12,Euro Truck Simulator 2 / 아세토 코르사 Assetto Corsa / Left 4 Dead 2,"인디, 시뮬레이션 / 인디, 레이싱, 시뮬레이션, 스포츠 / 액션",아세토 코르사 에보 Assetto Corsa EVO,"레이싱, 시뮬레이션, 스포츠, 앞서 해보기",아세토 코르사 에보가 여태까지 개발된 가장 인기 있는 멀티플랫폼 드라이빙 시뮬레이션의 현실감과 기능을 새롭게 정의합니다. 수년간의 자동차 역사를 아우르는 다양한 클래스의 차량을 만나보세요.,,,
B0234,A10,Death's Door / Children of Morta / Roboquest / Spelunky 2 / Nuclear Throne / Streets of Rogue / Neon Abyss / Curse of the Dead Gods / Rogue Legacy 2 / Have a Nice Death,"액션, 어드벤처, 인디, RPG / 액션, 어드벤처, 인디, RPG / 액션, 인디 / 액션, 인디 / 액션, 인디, RPG / 액션, 어드벤처, 인디, RPG / 액션, 어드벤처, 인디, RPG / 액션, 어드벤처 / 액션, 어드벤처, 인디, RPG / 액션, 인디",ANIMAL WELL,"액션, 어드벤처, 인디","어두컴컴하고, 복잡하게 얽혀있는 미로를 탐험하며 미로 안의 숨겨진 비밀들을 밝혀내세요. 아이템을 수집해 주변 환경을 놀랍고 의미있는 방식으로 활용하세요. 어둠속에 숨어있는 위험으로부터 살아남기 위해 애쓰다보면, 귀엽지만, 마음의 동요를 불러일으키는 생물들도 만나게 됩니다. 눈 앞에 보이는것만 전부가 아닙니다.",,,
B0235,A23,The Witcher 3: Wild Hunt / The Elder Scrolls V: Skyrim Special Edition / BeamNG.drive,"RPG / RPG / 레이싱, 시뮬레이션, 앞서 해보기",Weird RPG 2,"액션, 어드벤처, RPG","혁신적인 3인칭 액션 RPG로, 전통적인 무기로 괴물과 공평하게 싸우거나 치트처럼 신의 능력을 발휘할 수 있습니다. 음성 제어 장비 시스템을 통해 마법을 소환하거나 자신을 강화할 수 있습니다. 이는 당신이 지금까지 경험한 적이 없는 모험이 될 것입니다!",,,
B0236,A12,Euro Truck Simulator 2 / 아세토 코르사 Assetto Corsa / Left 4 Dead 2,"인디, 시뮬레이션 / 인디, 레이싱, 시뮬레이션, 스포츠 / 액션",LOTUS-Simulator,"인디, 시뮬레이션, 앞서 해보기","For the first time, bus, tram and train are simulated extremely realistic in a single game – and you can drive them, build them or create the world around. LOTUS – simulation will never be the same!",,,
B0237,A01,DARK SOULS™ III / Fallout 4 / The Forest,"액션 / RPG / 액션, 어드벤처, 인디, 시뮬레이션",SOULCALIBUR VI,액션,"""최강의 검호들이 연주하는 빛과 어둠의 원점"" 소울 칼리버 시리즈 20주년 최신작이 등장! 무기 격투 액션 게임 최고봉의 미려한 그래픽으로 표현되는 새로운 검극을 체험하라!",,,
B0238,A21,Into the Breach / Monster Train / Mini Metro,"인디, RPG, 시뮬레이션, 전략 / 전략 / 인디, 시뮬레이션, 전략",Trainatic,"어드벤처, 캐주얼, 인디, 전략","Trainatic is an explosive incremental train-building game! Upgrade your cars, gather resources, and unlock powerful synergies to chug further down the track.",,,
B0239,A03,Salt and Sanctuary,"액션, 인디, RPG",The Backrooms: Survival,"액션, 어드벤처, 인디, 대규모 멀티플레이어, 시뮬레이션","Survival horror with roguelike elements. Explore randomized levels with different items and entities while trying to maintain your thirst, hunger, and sanity, ensuring a new experience every time. Play alone or with up to TEN friends online! Cross-platform multiplayer with Nintendo Switch.",,,
B0240,A14,The Forest / 7 Days to Die / Sid Meier’s Civilization® VI,"액션, 어드벤처, 인디, 시뮬레이션 / 액션, 어드벤처, 인디, RPG, 시뮬레이션, 전략 / 전략",Delivery from the Pain:Survival / 末日方舟:生存,"액션, 어드벤처, 인디, RPG, 시뮬레이션, 전략","You'll play as a survivor in a world overrun by zombies. Explore and interact with other survivors, making tough choices about whether to help or exploit them. Defend against zombies, collect resources, craft, and fortify your shelter. Use strategy to escape this world and return to safety.",,,
B0241,A06,서브노티카 / The Long Dark / No Man's Sky,"어드벤처, 인디 / 어드벤처, 인디, 시뮬레이션, 전략 / 액션, 어드벤처",The Flame in the Flood,"액션, 어드벤처, 인디","A rogue-like river journey through the backwaters of a forgotten post-societal America. Forage, craft, evade predators.",,,
B0242,A14,The Forest / 7 Days to Die / Sid Meier’s Civilization® VI,"액션, 어드벤처, 인디, 시뮬레이션 / 액션, 어드벤처, 인디, RPG, 시뮬레이션, 전략 / 전략",The Last Caretaker,"액션, 어드벤처, 인디, 시뮬레이션, 앞서 해보기","Explore a drowned Earth, restore lost systems, and raise the last human seeds in this first-person survival-crafting adventure. Build, scavenge, defend, and launch humanity back to the stars.",,,
B0243,A08,Euro Truck Simulator 2 / BeamNG.drive / 아세토 코르사 Assetto Corsa,"인디, 시뮬레이션 / 레이싱, 시뮬레이션, 앞서 해보기 / 인디, 레이싱, 시뮬레이션, 스포츠",City Transport Simulator 2025,시뮬레이션,"The All-in-One Simulation! Drive highly detailed and licensed real buses & trams, build and design your own transport company, and grow your network in a European-inspired city.",,,
B0244,A23,The Witcher 3: Wild Hunt / The Elder Scrolls V: Skyrim Special Edition / BeamNG.drive,"RPG / RPG / 레이싱, 시뮬레이션, 앞서 해보기",Dark Envoy,RPG,총과 마법이 난무하는 거대한 cRPG 세계관에서 유물 사냥꾼으로 파티를 이끄십시오. 슬로우 모션이 가미된 현대적 전투 시스템을 통해 전술을 마음껏 펼치십시오.,,,
B0245,A02,Sid Meier’s Civilization® VI / XCOM® 2 / Stellaris,"전략 / 전략 / 시뮬레이션, 전략",StarVaders,"어드벤처, 인디, 전략","덱 빌딩과 그리드 기반 전술의 궁극적인 융합을 바탕으로 강력한 메크를 조종해 외계 침공에 맞서 싸우세요. 무한 반복 플레이가 가능한 이 로그라이크에서 게임의 판도를 뒤집는 콤보를 발견하고, 시간을 되돌려 운명을 바꾸고, 인류의 미래를 지켜내세요.",,,
B0246,A02,Sid Meier’s Civilization® VI / XCOM® 2 / Stellaris,"전략 / 전략 / 시뮬레이션, 전략",OF MICE AND SAND -REVISED-,"시뮬레이션, 전략","머나먼 우주, 사막 행성에서 살고 있는 찍찍이들! 이동 요새 사막선을 타고 향해라! 환상의 황금향으로! !",,,
B0247,A07,Hardspace: Shipbreaker / Hacknet / The Case of the Golden Idol / 방 탈출 시뮬레이터 / shapez 2 - Factory,"시뮬레이션 / 인디, 시뮬레이션 / 어드벤처, 인디 / 어드벤처, 캐주얼, 인디, 시뮬레이션 / 캐주얼, 인디, 시뮬레이션, 전략",星际工业国,"캐주얼, 인디, 전략","This is a idle game modeled on industrial building gameplay. It will be three-dimensional, complex industrial assembly line, easy, simple plane conveyor belt. At the same time to join the battleship assembly, space campaign, character development, giant construction, trade orders and other gameplay!",,,
B0248,A25,Raft / Stardew Valley / Counter-Strike 2,"어드벤처, 인디, 시뮬레이션 / 인디, RPG, 시뮬레이션 / 액션, 무료 플레이",Boat Together,"액션, 어드벤처, 캐주얼, 인디, 레이싱, 시뮬레이션, 스포츠","Hop on kayaks and boats for a fun adventure with up to 8 friends! Work together to paddle through cool waters, overcome obstacles and bosses, and reach new islands. If the legend is true, a hidden treasure awaits on the final island. Can you make it without sinking?",,,
B0249,A15,No Man's Sky / 서브노티카 / Slime Rancher,"액션, 어드벤처 / 어드벤처, 인디 / 액션, 어드벤처, 인디, 시뮬레이션",Airships: Conquer the Skies,"액션, 인디, 전략","강력한 스팀펑크 비행선을 건조해 전장으로 날아오르고, 전쟁을 벌여 하늘을 정복하세요!",,,
B0250,A17,Hollow Knight / Dead Cells / Celeste,"액션, 어드벤처, 인디 / 액션, 어드벤처, 인디 / 액션, 어드벤처, 인디",Samawa Idle,"액션, 캐주얼, 인디, RPG, 전략","이 방치형 게임에서 특수 타워의 힘을 발휘하여 몬스터의 무리를 섬멸하세요. 로그라이크 요소가 포함된 이 게임에서 골드를 모으고, 타워를 업그레이드하며 강력한 보스를 상대하고, 진화하는 스킬 트리로 전략을 세우세요.",,,
B0251,A12,Euro Truck Simulator 2 / 아세토 코르사 Assetto Corsa / Left 4 Dead 2,"인디, 시뮬레이션 / 인디, 레이싱, 시뮬레이션, 스포츠 / 액션",Killing Floor 2,액션,"In KILLING FLOOR 2, players descend into continental Europe after it has been overrun by horrific, murderous clones called Zeds that were created by rogue elements of the Horzine Corporation. 6-player Co-Op & 12-player VS Zed-slaughtering mayhem.",,,
B0252,A14,The Forest / 7 Days to Die / Sid Meier’s Civilization® VI,"액션, 어드벤처, 인디, 시뮬레이션 / 액션, 어드벤처, 인디, RPG, 시뮬레이션, 전략 / 전략",Len's Island,"액션, 어드벤처, 인디, RPG","1–8인의 플레이어가 플레이할 수 있는 오픈 월드 생존 제작 게임으로 격렬한 던전 탐험과 ARPG 전투, 평화로운 파밍과 창의적인 건설이 결합되었습니다. 여정을 떠나 위험과 발견할 것들로 가득한 드넓은 절차적 생성 월드를 탐험하세요.",,,
B0253,A04,Counter-Strike 2 / PUBG: BATTLEGROUNDS / Stardew Valley,"액션, 무료 플레이 / 액션, 어드벤처, 대규모 멀티플레이어, 무료 플레이 / 인디, RPG, 시뮬레이션",콜 오브 듀티®: 워존,"액션, 무료 플레이","방대한 무료 플레이 전장, 콜 오브 듀티®: 워존에 오신 것을 환영합니다.",,,
B0254,A03,Salt and Sanctuary,"액션, 인디, RPG",Creativerse,"액션, 어드벤처, 캐주얼, 인디, 대규모 멀티플레이어, RPG, 시뮬레이션",A sandbox adventure game as big as your imagination.,,,
B0255,A22,Opus Magnum,"인디, 시뮬레이션",Pixel Puzzles Ultimate Jigsaw Puzzles,"캐주얼, 인디, 시뮬레이션, 전략, 무료 플레이","Pixel Puzzles Ultimate, 퍼즐을 디지털 시대로 가져옵니다.",,,
B0256,A17,Hollow Knight / Dead Cells / Celeste,"액션, 어드벤처, 인디 / 액션, 어드벤처, 인디 / 액션, 어드벤처, 인디",Aspire: Ina's Tale,"어드벤처, 캐주얼, 인디","Set out on a mystical adventure of self-discovery against the backdrop of fantastical landscapes of The Tower. Meet its dwellers and unravel their stories. Manipulate spirits to solve puzzles, and lead Ina on her path to freedom.",,,
B0257,A16,DARK SOULS™ III / The Witcher 3: Wild Hunt / The Elder Scrolls V: Skyrim Special Edition,액션 / RPG / RPG,Mistfall Hunter,"액션, 어드벤처","는 다크 판타지 액션 익스트랙션 RPG 게임입니다. 직업별로 스킬, 특성, 장비를 전략적으로 조합해 3인칭 시점의 박진감 넘치는 액션 전투를 즐겨 보세요! 파티원과 긴밀하게 협력할 수도, 홀로 전장에 뛰어들 수도 있습니다. 포위망을 뚫고 살아남아야만 값진 전리품을 손에 넣을 수 있습니다. 골드 헌터님, 행운을 빕니다.",,,
B0258,A02,Sid Meier’s Civilization® VI / XCOM® 2 / Stellaris,"전략 / 전략 / 시뮬레이션, 전략",Starship EVO,"액션, 어드벤처, 인디, 시뮬레이션, 앞서 해보기","Mine and craft your way to orbit, build your own starship and explore a vast, dangerous galaxy alongside your crew. For players who love a meaningful survival progression, a unique and elegant building system, and epic space-opera scale.",,,
B0259,A22,Opus Magnum,"인디, 시뮬레이션",Weapons Genius,"액션, 캐주얼, 인디, 시뮬레이션",You act as a weapon genius and create ever new types of weapon with better specifications.,,,
B0260,A17,Hollow Knight / Dead Cells / Celeste,"액션, 어드벤처, 인디 / 액션, 어드벤처, 인디 / 액션, 어드벤처, 인디",[REDACTED],액션,"평론가들의 극찬을 받은 로그라이크 [REDACTED]에서 괴물들을 학살하고, 라이벌을 따돌리고, 동료 교도관의 되살아난 시체와 맞서 싸우며 블랙 아이언 교도소를 탈출하세요.",,,
B0261,A24,Stardew Valley / Slime Rancher / Raft,"인디, RPG, 시뮬레이션 / 액션, 어드벤처, 인디, 시뮬레이션 / 어드벤처, 인디, 시뮬레이션",Pathless Woods,"어드벤처, 캐주얼, 인디, RPG, 시뮬레이션, 전략, 앞서 해보기","Embark on a cozy open-world survival journey inspired by ancient China's heritage. Gather resources, cultivate crops, build your dream home, and defend it from marauders. Team up with friends to explore and uncover a world where adventure meets serenity.",,,
B0262,A14,The Forest / 7 Days to Die / Sid Meier’s Civilization® VI,"액션, 어드벤처, 인디, 시뮬레이션 / 액션, 어드벤처, 인디, RPG, 시뮬레이션, 전략 / 전략",SIMULACRA,"어드벤처, 인디, 시뮬레이션",An interactive horror experience of exploring a missing woman’s phone.,,,
B0263,A11,Hollow Knight / Dead Cells / Garry's Mod,"액션, 어드벤처, 인디 / 액션, 어드벤처, 인디 / 캐주얼, 인디, 시뮬레이션",Dungeon Escape,"액션, 어드벤처, 인디",미니멀리즘 스타일로 제작된 하드코어 2D 플랫포머 게임입니다. 당신은 이 게임에서 위험한 함정과 적들로 가득 찬 불가사의한 던전을 탈출하게 될 것입니다.,,,
B0264,A04,Counter-Strike 2 / PUBG: BATTLEGROUNDS / Stardew Valley,"액션, 무료 플레이 / 액션, 어드벤처, 대규모 멀티플레이어, 무료 플레이 / 인디, RPG, 시뮬레이션",Battlefield 3™,액션,"원하는 대로 싸우는 완전한 자유를 즐기세요. 29가지 거대한 멀티플레이어 전장을 탐험하고, 다양한 탑승장비, 무기 및 보조장비를 사용해 기세를 강화하세요. 전투의 매 순간마다 대량의 추가 콘텐츠가 해제되고 계급이 올라갑니다. 지금 바로 시작하세요.",,,
B0265,A20,Team Fortress 2 / Left 4 Dead 2 / Terraria,"액션, 무료 플레이 / 액션 / 액션, 어드벤처, 인디, RPG",Crossout,"액션, 어드벤처, 대규모 멀티플레이어, 레이싱, 무료 플레이",황폐한 세계에서 펼쳐지는 액션 게임 CROSSOUT에 참여하세요! 수십 가지의 교환 가능한 부품으로 자신만의 독특한 전투 머신을 만들고 탑승하여 폭발적인 PvP 온라인 전투에서 적을 파괴하세요!,,,
B0266,A20,Team Fortress 2 / Left 4 Dead 2 / Terraria,"액션, 무료 플레이 / 액션 / 액션, 어드벤처, 인디, RPG",Killing Floor 2,액션,"In KILLING FLOOR 2, players descend into continental Europe after it has been overrun by horrific, murderous clones called Zeds that were created by rogue elements of the Horzine Corporation. 6-player Co-Op & 12-player VS Zed-slaughtering mayhem.",,,
B0267,A17,Hollow Knight / Dead Cells / Celeste,"액션, 어드벤처, 인디 / 액션, 어드벤처, 인디 / 액션, 어드벤처, 인디",Tower Factory,"액션, 인디, 시뮬레이션, 전략, 무료 플레이, 앞서 해보기",타워 팩토리는 로그라이트 요소가 포함된 타워 방어 및 자동화 게임입니다. 컨베이어 시스템을 사용하여 자원 생산을 최적화하면서 몬스터의 공격을 방어하세요. 적의 탑을 찾아 파괴할 수 있을까요?,,,
B0268,A12,Euro Truck Simulator 2 / 아세토 코르사 Assetto Corsa / Left 4 Dead 2,"인디, 시뮬레이션 / 인디, 레이싱, 시뮬레이션, 스포츠 / 액션",Band of Defenders,액션,"A Co-Op FPS game with base building in a post-apocalyptic world. Craft weapons, build barricades and automated turrets, unlock new gear and items for visual customization and kill all savages and mutants trying to destroy the remnants of human civilization.",,,
B0269,A12,Euro Truck Simulator 2 / 아세토 코르사 Assetto Corsa / Left 4 Dead 2,"인디, 시뮬레이션 / 인디, 레이싱, 시뮬레이션, 스포츠 / 액션",Zombieville USA 3D,"액션, 인디","Zombieville USA 3D is a stylized arcade shooter combining retro gameplay with strikingly polished visuals. Fight through an endless undead horde in the bleak hellscape of suburbia! Choose your weapons, grab a friend, and see how long you can survive.",,,
B0270,A03,Salt and Sanctuary,"액션, 인디, RPG",GreedFall: The Dying World,"액션, 어드벤처, RPG","어떤 선택이든 결과가 따르는 곳, 새롭게 펼쳐지는 짜릿한 모험 속 GreedFall 유니버스로 돌아가세요. 섬을 떠나 전쟁과 질병으로 황폐해진 구대륙 전역을 여행하며 동맹을 형성하고 자유를 되찾기 위해 싸워야 합니다.",,,
B0271,A06,서브노티카 / The Long Dark / No Man's Sky,"어드벤처, 인디 / 어드벤처, 인디, 시뮬레이션, 전략 / 액션, 어드벤처",Farworld Pioneers,"액션, 어드벤처, 인디, 시뮬레이션","오픈월드 sci-fi 샌드박스 게임. 혼자서도, 친구와 함께도 멀티플레이로 탐험하고, 외계 행성에 식민지를 건설 & 관리하고, 독특한 개성과 기술을 가진 AI 생존자를 모집하세요. 다 함께 제작, 건설, 채굴, 농사를 짓거나 레이저 소총을 등에 메고 은하계에 맞서 싸우세요!",,,
B0272,A13,Sid Meier's Civilization® V / Europa Universalis IV / Human Fall Flat,"전략 / 시뮬레이션, 전략 / 어드벤처, 캐주얼, 인디, 시뮬레이션",Due Process,"액션, 어드벤처, 인디, 시뮬레이션, 전략, 앞서 해보기",A PVP tactical FPS about PLANNING & EXECUTION. Sound strategy and good teamwork are essential for victory because new PROCEDURALLY-GENERATED MAPS are delivered every week. You'll face a new tactical challenge every round.,,,
B0273,A11,Hollow Knight / Dead Cells / Garry's Mod,"액션, 어드벤처, 인디 / 액션, 어드벤처, 인디 / 캐주얼, 인디, 시뮬레이션",Omno,"액션, 어드벤처, 캐주얼, 인디","놀라움이 가득한 고대의 세계를 탐험하는 싱글플레이 게임입니다. 퍼즐과 비밀, 극복해야 할 장애물로 가득하며, 여러분을 데리고 잊힌 문명의 힘을 통해 우거진 숲, 태양이 작열하는 사막, 얼어붙은 동토, 심지어 구름 속까지 웅장한 모험을 떠날 것입니다.",,,
B0274,A06,서브노티카 / The Long Dark / No Man's Sky,"어드벤처, 인디 / 어드벤처, 인디, 시뮬레이션, 전략 / 액션, 어드벤처",Trinity Fusion,"액션, 인디, RPG","세 개의 갈라진 현실. 붕괴하는 멀티버스. 어두운 SF 세계를 배경으로 한 빠르고 부드러운 전투를 경험하세요. 매번 다른 우주에서 시작해 평행한 자신과 능력, 세계를 융합하며 잔혹하고 끊임없이 진화하는 빌드를 만들어갑니다.",,,
B0275,A18,Project Zomboid / Don't Starve / The Forest,"인디, RPG, 시뮬레이션, 앞서 해보기 / 어드벤처, 인디, 시뮬레이션 / 액션, 어드벤처, 인디, 시뮬레이션",LIFE EFFECT Survival,"액션, 어드벤처, 인디, 앞서 해보기","Survive in a harsh and dangerous world after an alien invasion. Gather resources, craft equipment, fight mutants and massive monsters, use weapons, vehicles and robots, explore territories, defend strongholds and fight for survival.",,,
B0276,A12,Euro Truck Simulator 2 / 아세토 코르사 Assetto Corsa / Left 4 Dead 2,"인디, 시뮬레이션 / 인디, 레이싱, 시뮬레이션, 스포츠 / 액션",Over 9000 Zombies!,"액션, 인디","Over 9000 Zombies! is top-down arcade action blown out of all reasonable proportions. An endless horde of zombies is coming your way, how long can you survive?",,,
B0277,A09,Hearts of Iron IV / Europa Universalis IV / Sid Meier's Civilization® V,"시뮬레이션, 전략 / 시뮬레이션, 전략 / 전략",Hearts of Iron 2 Complete,전략,"Includes Hearts of Iron II plus the two expansions, Doomsday and Armageddon When Germany is defeated in 1945, the Allies and the new Soviet alliance fight for supremacy. World War III is drawing closer. Play as the ruler of one of 175 countries through World Wars II and III.",,,
B0278,A03,Salt and Sanctuary,"액션, 인디, RPG",Trials Survivors,"액션, 캐주얼, 인디, RPG, 앞서 해보기","별자리의 수호자들이 부여한 시련 속에서 끝없는 몬스터 무리를 헤치고 싸우세요. 스킬을 강화하고, 유물을 수집하며, 진정한 로그라이트 스타일의 압도적인 빌드를 만들어보세요! 핵 앤 슬래시와 벌렛 헤븐의 판타지를 다시 느껴보세요. 당신은 지금껏 가장 많은 몬스터가 등장하는 서바이버라이크에서 살아남을 수 있을까요?",,,
B0279,A02,Sid Meier’s Civilization® VI / XCOM® 2 / Stellaris,"전략 / 전략 / 시뮬레이션, 전략",Commandos 2: Men of Courage,전략,Commandos 2: Men of Courage is a tactical action/strategy game set against the backdrop of World War II. Take control of an elite group of commandos who must venture deep into enemy territory and utilize their combined expertise to complete a series of mission-based objectives.,,,
B0280,A08,Euro Truck Simulator 2 / BeamNG.drive / 아세토 코르사 Assetto Corsa,"인디, 시뮬레이션 / 레이싱, 시뮬레이션, 앞서 해보기 / 인디, 레이싱, 시뮬레이션, 스포츠",Offroad Mania,"어드벤처, 레이싱, 시뮬레이션","Offroad Mania — off-road 4x4 driving simulator based on realistic car physics. Modes: Classic (240 levels), Free Roam, Racing, Endless, Winter (rocks, mud, snow, water, logs, trees, bridges, ramps). Vehicles: 10+ amazing 4×4 cars for your driving fun. Free updates!",,,
B0281,A15,No Man's Sky / 서브노티카 / Slime Rancher,"액션, 어드벤처 / 어드벤처, 인디 / 액션, 어드벤처, 인디, 시뮬레이션",Down in Bermuda,"어드벤처, 캐주얼, 인디",모험을 좋아하는 비행기 조종사가 비정상적인 폭풍에 휘말려 악명 높은 버뮤다에 수십 년 동안 갇히게 됩니다. 섬 깊숙한 곳의 괴물을 물리치고 섬의 비밀을 풀어 집으로 돌아가는 길을 찾으세요.,,,
B0282,A01,DARK SOULS™ III / Fallout 4 / The Forest,"액션 / RPG / 액션, 어드벤처, 인디, 시뮬레이션",Mistfall Hunter,"액션, 어드벤처","는 다크 판타지 액션 익스트랙션 RPG 게임입니다. 직업별로 스킬, 특성, 장비를 전략적으로 조합해 3인칭 시점의 박진감 넘치는 액션 전투를 즐겨 보세요! 파티원과 긴밀하게 협력할 수도, 홀로 전장에 뛰어들 수도 있습니다. 포위망을 뚫고 살아남아야만 값진 전리품을 손에 넣을 수 있습니다. 골드 헌터님, 행운을 빕니다.",,,
B0283,A12,Euro Truck Simulator 2 / 아세토 코르사 Assetto Corsa / Left 4 Dead 2,"인디, 시뮬레이션 / 인디, 레이싱, 시뮬레이션, 스포츠 / 액션",Derail Valley,"어드벤처, 인디, 시뮬레이션, 앞서 해보기",Drive massive trains and build your career in a vast open railway network. For both PC and VR.,,,
B0284,A08,Euro Truck Simulator 2 / BeamNG.drive / 아세토 코르사 Assetto Corsa,"인디, 시뮬레이션 / 레이싱, 시뮬레이션, 앞서 해보기 / 인디, 레이싱, 시뮬레이션, 스포츠",CAR TUNE: Project,"인디, 레이싱, 시뮬레이션, 앞서 해보기","CAR TUNE: Project is a detailed car tuning simulator where every bolt, screw, and gear matters. Build your dream machine, fine-tune every parameter, and test it on the track.",,,
B0285,A21,Into the Breach / Monster Train / Mini Metro,"인디, RPG, 시뮬레이션, 전략 / 전략 / 인디, 시뮬레이션, 전략",Mini Settlers,"인디, 시뮬레이션, 전략","Mini Settlers는 미니멀리스트 도시 건설 게임입니다! 섬에 정착하고, 도시를 건설하고, 효율적인 물류 네트워크를 디자인해서 건물들에 필요한 사항을 지원하고, 인구를 증가시켜 새로운 세계로 진출하세요.",,,
B0286,A02,Sid Meier’s Civilization® VI / XCOM® 2 / Stellaris,"전략 / 전략 / 시뮬레이션, 전략",One Lonely Outpost,"인디, RPG, 시뮬레이션","외계 세계에 생명을 불어넣기 위해서는 때로 농부의 손길이 필요합니다. 이 공상 과학, 식민지 개척 시뮬레이션 게임에서 황량한 세계를 테라포밍해보세요. 탐험하고, 농사하고, 건설하면서 이 새롭고 낯선 행성의 수수께끼를 조금씩 밝혀나가고, 황무지를 녹음이 우거진 곳으로 탈바꿈시키세요.",,,
B0287,A06,서브노티카 / The Long Dark / No Man's Sky,"어드벤처, 인디 / 어드벤처, 인디, 시뮬레이션, 전략 / 액션, 어드벤처",Loddlenaut,"어드벤처, 캐주얼, 인디",우주 해양 관리자가 되어 오염된 해양 행성을 청소하세요. 생동감 넘치는 바닷속을 탐험하며 쓰레기를 줍고 외계 생명체를 보살피세요!,,,
B0288,A23,The Witcher 3: Wild Hunt / The Elder Scrolls V: Skyrim Special Edition / BeamNG.drive,"RPG / RPG / 레이싱, 시뮬레이션, 앞서 해보기",The Witcher Adventure Game,"어드벤처, 전략",'더 위쳐 어드벤처 게임'은 괴물 사냥꾼인 리비아의 게롤트의 잔혹한 판타지 세계를 바탕으로 펼쳐지는 CD프로젝트레드의 보드게임을 디지털로 구현한 것입니다. 잔혹하면서도 아름다운 세계를 돌아다니며 위험천만한 야수들을 사냥하고 고대 미스터리를 푸는 등 다양한 퀘스트를 완수하세요.,,,
B0289,A07,Hardspace: Shipbreaker / Hacknet / The Case of the Golden Idol / 방 탈출 시뮬레이터 / shapez 2 - Factory,"시뮬레이션 / 인디, 시뮬레이션 / 어드벤처, 인디 / 어드벤처, 캐주얼, 인디, 시뮬레이션 / 캐주얼, 인디, 시뮬레이션, 전략",Center Station Simulator,"인디, 시뮬레이션, 앞서 해보기","무한한 지하실에서 채굴하고, 농사를 짓고, 부품을 생산하고, 다양한 기계를 제작하세요. 자동화 덕분에 원시적인 작업은 잊으세요! 그리고 고객에게 제품을 판매하세요! 주차장, 주유소를 건설하세요...",,,
B0290,A24,Stardew Valley / Slime Rancher / Raft,"인디, RPG, 시뮬레이션 / 액션, 어드벤처, 인디, 시뮬레이션 / 어드벤처, 인디, 시뮬레이션",Uncharted Ocean,"액션, 어드벤처, 캐주얼, 인디, RPG, 시뮬레이션, 전략","This is a world of oceans, islands and ships. Players will start their own journey from Faro, facing an impermanent ocean and awkward opponents, and gradually build a strong fleet with wisdom and luck. The chaotic seas and tempting treasures, under the guidance of the banner, work hard for survival！",,,
B0291,A02,Sid Meier’s Civilization® VI / XCOM® 2 / Stellaris,"전략 / 전략 / 시뮬레이션, 전략",SPORE™ Galactic Adventures,"액션, 시뮬레이션","생물을 무에서 은하계 영웅으로 탈바꿈시키세요우주선에서 내려 Spore 생물들을 전설적인 우주 캡틴으로 만드세요. 처음으로 동료들과 공간 이동을 하고 액션으로 가득한 행성 모험에 도전하세요. 퀘스트를 완료하고, 보상을 수집하고, 나만의 임무를 만드세요.플레이 은하계 곳곳의 행성을 탐험하고 Maxis가 만든 다양한 임무를 플레이하세요!레벨 업 우주 캡틴의 레벨을 올리고 30가지가 넘는 강력한 새 액세서리를 획득하세요!창조 새로운 Adventure Creator로 나만의 임무를 만드세요!",,,
B0292,A20,Team Fortress 2 / Left 4 Dead 2 / Terraria,"액션, 무료 플레이 / 액션 / 액션, 어드벤처, 인디, RPG",Zombieville USA 3D,"액션, 인디","Zombieville USA 3D is a stylized arcade shooter combining retro gameplay with strikingly polished visuals. Fight through an endless undead horde in the bleak hellscape of suburbia! Choose your weapons, grab a friend, and see how long you can survive.",,,
B0293,A25,Raft / Stardew Valley / Counter-Strike 2,"어드벤처, 인디, 시뮬레이션 / 인디, RPG, 시뮬레이션 / 액션, 무료 플레이",Green Project,"인디, 시뮬레이션","Post apocalyptic survival farming, green the world to survive !",,,
B0294,A14,The Forest / 7 Days to Die / Sid Meier’s Civilization® VI,"액션, 어드벤처, 인디, 시뮬레이션 / 액션, 어드벤처, 인디, RPG, 시뮬레이션, 전략 / 전략",DayZ,"액션, 어드벤처, 대규모 멀티플레이어","대종말 이후의 세계에서 당신은 과연 얼마나 버틸 수 있을까요? 감염된 ‘좀비’들이 세상을 장악한 땅에서, 제한된 자원을 두고 다른 생존자와 경쟁해야 합니다. 낯선 이들과 손을 잡고 함께 살아남으시겠습니까? 아니면 배신을 피하기 위해 고독한 늑대가 되시겠습니까? 이것이 바로 DayZ, 곧 당신의 이야기입니다.",,,
B0295,A01,DARK SOULS™ III / Fallout 4 / The Forest,"액션 / RPG / 액션, 어드벤처, 인디, 시뮬레이션",KINGDOM HEARTS III + Re Mind (DLC),"액션, 어드벤처, RPG","첫 번째 작품부터 이어진 “다크 시커”편의 완결을 그린 시리즈 최신작. 본 작품에서는 픽사 등의 새로운 세계관이 더해져 더욱 방대한 세계관으로 발전했다. 또한, 본 작품의 클라이맥스에서 벌어지고 있던 또 하나의 이야기 『Re Mind』도 함께 즐길 수 있다.",,,
B0296,A26,Counter-Strike 2 / PUBG: BATTLEGROUNDS / 톰 클랜시의 레인보우식스 시즈,"액션, 무료 플레이 / 액션, 어드벤처, 대규모 멀티플레이어, 무료 플레이 / 액션, 무료 플레이",Call of Duty®: Black Ops,액션,The biggest first-person action series of all time and the follow-up to critically acclaimed Call of Duty®: Modern Warfare 2 returns with Call of Duty®: Black Ops.,,,
B0297,A21,Into the Breach / Monster Train / Mini Metro,"인디, RPG, 시뮬레이션, 전략 / 전략 / 인디, 시뮬레이션, 전략",SpaceBourne 2,"액션, 어드벤처, 인디, RPG, 시뮬레이션, 전략","Embark on a journey to greatness. Get ready for adrenaline-fueled battles and a chance to claim your place in the galaxy. Grab the controls of your ship, gear up for the fight, and unleash your ambition to conquer and build a new empire in the vastness of space.",,,
B0298,A12,Euro Truck Simulator 2 / 아세토 코르사 Assetto Corsa / Left 4 Dead 2,"인디, 시뮬레이션 / 인디, 레이싱, 시뮬레이션, 스포츠 / 액션",Scania Truck Driving Simulator,"인디, 시뮬레이션","Get behind the wheel of one of the most iconic trucks on the road with this highly detailed Scania R-series truck simulation by SCS Software, developers of Euro Truck Simulator 2.",,,
B0299,A02,Sid Meier’s Civilization® VI / XCOM® 2 / Stellaris,"전략 / 전략 / 시뮬레이션, 전략",StarsOne,"액션, 인디, 대규모 멀티플레이어","You’ll see an unexplored world full of dangers, mysteries and adventures. You will explore randomly generated planets, develop industry, conduct trade, plant colonies, explore outer space.",,,
B0300,A16,DARK SOULS™ III / The Witcher 3: Wild Hunt / The Elder Scrolls V: Skyrim Special Edition,액션 / RPG / RPG,The World is Your Weapon,"액션, 인디, RPG","우물, 함정, 집, 마을 사람, 괴물 (!?), 당신 주변의 어떤 것도 무기가 될 수 있습니다! 전에 보지 못했던 액션 RPG입니다. 게임에서 볼 수있는 모든 무기로 싸울 수 있습니다. 300 종류가 넘는 무기가 있습니다. 무기 갤러리를 완성하는 것입니다!",,,
B0301,A26,Counter-Strike 2 / PUBG: BATTLEGROUNDS / 톰 클랜시의 레인보우식스 시즈,"액션, 무료 플레이 / 액션, 어드벤처, 대규모 멀티플레이어, 무료 플레이 / 액션, 무료 플레이",Brawlhalla,"액션, 인디, 무료 플레이","An epic platform fighter for up to 8 players online or local. Try casual free-for-alls, ranked matches, or invite friends to a private room. And it's free! Play cross-platform with millions of players on PlayStation, Xbox, Nintendo Switch, iOS, Android & Steam! Frequent updates. Over sixty Legends.",,,
B0302,A15,No Man's Sky / 서브노티카 / Slime Rancher,"액션, 어드벤처 / 어드벤처, 인디 / 액션, 어드벤처, 인디, 시뮬레이션",Isoland,"어드벤처, 인디","The objective of the game is to explore a small island in the Atlantic Ocean, and uncover its secrets",,,
B0303,A03,Salt and Sanctuary,"액션, 인디, RPG",Force of Nature 2: Ghost Keeper,"액션, 어드벤처, 인디, RPG, 전략","Force of Nature 2: Ghost Keeper offers incredible adventures full of mystery, danger, exploration and magic. This game combines the genres of Survival, Sandbox, Action, Adventure, RPG, Strategy and Resource Management",,,
B0304,A09,Hearts of Iron IV / Europa Universalis IV / Sid Meier's Civilization® V,"시뮬레이션, 전략 / 시뮬레이션, 전략 / 전략",Making History II: The War of the World,"인디, 시뮬레이션, 전략",What if Germany won the Battle of Britain? What if Moscow fell in 1942?You’re in charge. Anything can happen and history will never repeat itself in this classic WWII grand strategy game MAKING HISTORY II: The War of the World. Are you ready to battle for global dominance?,,,
B0305,A26,Counter-Strike 2 / PUBG: BATTLEGROUNDS / 톰 클랜시의 레인보우식스 시즈,"액션, 무료 플레이 / 액션, 어드벤처, 대규모 멀티플레이어, 무료 플레이 / 액션, 무료 플레이",Dirty Bomb®,"액션, 무료 플레이","함께 싸우느냐, 홀로 죽느냐! 사상 최강의 경쟁적인 팀 기반 슈팅 게임에서 런던의 수호자가 되거나 파괴자가 되어보세요.",,,
B0306,A06,서브노티카 / The Long Dark / No Man's Sky,"어드벤처, 인디 / 어드벤처, 인디, 시뮬레이션, 전략 / 액션, 어드벤처",LOST EMBER,"액션, 어드벤처, 인디","매력적인 관점으로 무너진 세상의 모습을 탐험하세요! 여러 가지 다른 동물들로 스르륵 빙의하여 고대 세상의 운명을 파헤쳐 보세요. 깊은 물 속으로 잠수하고, 아주 높은 곳을 날아다니고, 두더지로 땅을 파고 들어가거나 산양으로 가파른 절벽을 올라가세요. 돌아다니는 방법은 많습니다.",,,
B0307,A24,Stardew Valley / Slime Rancher / Raft,"인디, RPG, 시뮬레이션 / 액션, 어드벤처, 인디, 시뮬레이션 / 어드벤처, 인디, 시뮬레이션",Boat Together,"액션, 어드벤처, 캐주얼, 인디, 레이싱, 시뮬레이션, 스포츠","Hop on kayaks and boats for a fun adventure with up to 8 friends! Work together to paddle through cool waters, overcome obstacles and bosses, and reach new islands. If the legend is true, a hidden treasure awaits on the final island. Can you make it without sinking?",,,
B0308,A10,Death's Door / Children of Morta / Roboquest / Spelunky 2 / Nuclear Throne / Streets of Rogue / Neon Abyss / Curse of the Dead Gods / Rogue Legacy 2 / Have a Nice Death,"액션, 어드벤처, 인디, RPG / 액션, 어드벤처, 인디, RPG / 액션, 인디 / 액션, 인디 / 액션, 인디, RPG / 액션, 어드벤처, 인디, RPG / 액션, 어드벤처, 인디, RPG / 액션, 어드벤처 / 액션, 어드벤처, 인디, RPG / 액션, 인디",Hide and Seek,"액션, 캐주얼, 인디, 대규모 멀티플레이어, RPG","It is a very funny, fast and easy game which can be played by adults as well as children. This game has two teams that try to prevent each other from winning.",,,
B0309,A06,서브노티카 / The Long Dark / No Man's Sky,"어드벤처, 인디 / 어드벤처, 인디, 시뮬레이션, 전략 / 액션, 어드벤처",The Light Remake,"어드벤처, 인디, 시뮬레이션","There is only you, the abandoned remains of a former life and the flourishing nature that feels great in the absence of man. This world is both gloomy and empty, but so incredibly beautiful.",,,
B0310,A18,Project Zomboid / Don't Starve / The Forest,"인디, RPG, 시뮬레이션, 앞서 해보기 / 어드벤처, 인디, 시뮬레이션 / 액션, 어드벤처, 인디, 시뮬레이션",ZED ZONE,"액션, 인디, RPG, 시뮬레이션, 앞서 해보기","A great catastrophe has come, and you, who are on duty, crash and trapped in a Zed Zone. There are zombies and monsters everywhere, In order to escape, by collecting materials, upgrading skills, building shelters, defeating zombie waves and mysterious mechs, chasing a glimmer of hope.",,,
B0311,A25,Raft / Stardew Valley / Counter-Strike 2,"어드벤처, 인디, 시뮬레이션 / 인디, RPG, 시뮬레이션 / 액션, 무료 플레이",Farm Together 2,"캐주얼, 인디, 시뮬레이션",아늑하고 편안한 농장 체험을 위해 오랫동안 기다려온 속편에서 혼자서 농장을 키우거나 친구들과 함께해 보세요!,,,
B0312,A23,The Witcher 3: Wild Hunt / The Elder Scrolls V: Skyrim Special Edition / BeamNG.drive,"RPG / RPG / 레이싱, 시뮬레이션, 앞서 해보기",The Elder Scrolls IV: Oblivion® Game of the Year Edition Deluxe (2009),,"퍼블리셔 업데이트 - 이 페이지는 2009년에 출시된 The Elder Scrolls IV: Oblivion Game of the Year Deluxe Edition(PC)의 제품 페이지입니다.---The Elder Scrolls IV: Oblivion® Game of the Year Edition은 전에 없던 최고의 RPG를 선사합니다. 정교하고 생동감 넘치는 게임 세상에 한 발자국 들어가 보십시오. 자유로운 게임플레이와 전에는 볼 수 없었던 그래픽과 더불어, 메인 퀘스트를 자신의 힘으로 풀어 나가거나 방대한 게임 세상을 탐험하며",,,
B0313,A03,Salt and Sanctuary,"액션, 인디, RPG",Dead District: Survival,"액션, 어드벤처, 인디, 대규모 멀티플레이어, 시뮬레이션","오픈 월드 생존 샌드박스. 기지 건설, 제작, 농사, 멀티플레이 지원. 위험한 섬을 탐험하고, 싸우고, 구축하고, 살아남으세요.",,,
B0314,A23,The Witcher 3: Wild Hunt / The Elder Scrolls V: Skyrim Special Edition / BeamNG.drive,"RPG / RPG / 레이싱, 시뮬레이션, 앞서 해보기",Scoot,"캐주얼, 인디, 시뮬레이션, 스포츠, 앞서 해보기","Scoot is an open world scooter riding game. Enter this physics based game and perform over 40 different tricks, customise your scooter and rider, build your dream park, film clips, or play online with friends!",,,
B0315,A03,Salt and Sanctuary,"액션, 인디, RPG",红石遗迹 - Red Obsidian Remnant,"액션, 어드벤처, 인디, RPG",A Roguelike gameplay and action system combined dungeon game.,,,
B0316,A21,Into the Breach / Monster Train / Mini Metro,"인디, RPG, 시뮬레이션, 전략 / 전략 / 인디, 시뮬레이션, 전략",One Deck Dungeon,"어드벤처, 인디, RPG, 전략",The hit roguelike adventure that captures all the fun of a dungeon crawl in a single deck of cards!,,,
B0317,A25,Raft / Stardew Valley / Counter-Strike 2,"어드벤처, 인디, 시뮬레이션 / 인디, RPG, 시뮬레이션 / 액션, 무료 플레이",영지: 농사와 전쟁 (Territory: Farming and Warfare),"인디, 시뮬레이션, 전략","From a small village of a dozen people to a small kingdom of thousands of people. Arrange for residents to work, gathering, fishing and hunting, farming and mining, processing and manufacturing. Trade, accumulate supplies, increase your strength, and fight evil forces and monsters.",,,
B0318,A03,Salt and Sanctuary,"액션, 인디, RPG",Mysteria ~Occult Shadows~,"액션, 어드벤처, 인디, RPG","Explore the land of Sulnas as the ""Shadow of Death"", a cat girl who's dauntless and fierce. The land is poisoned by secret power and desperately needs salvation. Can you save it from its sure demise or will you doom its fate like everyone else would?",,,
B0319,A18,Project Zomboid / Don't Starve / The Forest,"인디, RPG, 시뮬레이션, 앞서 해보기 / 어드벤처, 인디, 시뮬레이션 / 액션, 어드벤처, 인디, 시뮬레이션",Funnel Runners,"액션, 인디, 시뮬레이션, 앞서 해보기","Trapped in a doomed city, you and up to 7 friends must scavenge parts, fix your van, and escape the brutal tornado that approaches. A first-person co-op survival game with escalating disasters and total environmental destruction.",,,
B0320,A16,DARK SOULS™ III / The Witcher 3: Wild Hunt / The Elder Scrolls V: Skyrim Special Edition,액션 / RPG / RPG,Wo Long: Fallen Dynasty,"액션, 어드벤처, RPG",「인왕」을 제작한 Team NINJA가 제공하는 다크 심국지 소울라이크 게임,,,
B0321,A15,No Man's Sky / 서브노티카 / Slime Rancher,"액션, 어드벤처 / 어드벤처, 인디 / 액션, 어드벤처, 인디, 시뮬레이션",Inner Chains,"액션, 어드벤처","An FPS horror game set in a surreal, dark and deadly biomechanical world never seen before. Humankind is just a small part of a hostile universe. Want to survive? Discover its secrets.",,,
B0322,A07,Hardspace: Shipbreaker / Hacknet / The Case of the Golden Idol / 방 탈출 시뮬레이터 / shapez 2 - Factory,"시뮬레이션 / 인디, 시뮬레이션 / 어드벤처, 인디 / 어드벤처, 캐주얼, 인디, 시뮬레이션 / 캐주얼, 인디, 시뮬레이션, 전략",Celestial Command,"액션, 어드벤처, 인디, RPG, 시뮬레이션, 전략, 앞서 해보기","Mine asteroids, salvage space debris, design your own small or massive spacecraft using individual functional components, complete missions, and engage in battles against enemies in a vast galaxy with realistic physics based on orbital mechanics or in a classic physics mode.",,,
B0323,A14,The Forest / 7 Days to Die / Sid Meier’s Civilization® VI,"액션, 어드벤처, 인디, 시뮬레이션 / 액션, 어드벤처, 인디, RPG, 시뮬레이션, 전략 / 전략",DREADZONE,"액션, 어드벤처, 인디, 앞서 해보기","Dreadzone is a survival game set in a deadly quarantine zone. Scavenge for resources, craft tools, build shelter, and survive against dangerous animals, zombies, mutants, and other survivors. Explore the zone where desperation drives everyone to do whatever it takes to survive.",,,
B0324,A01,DARK SOULS™ III / Fallout 4 / The Forest,"액션 / RPG / 액션, 어드벤처, 인디, 시뮬레이션",The Last Caretaker,"액션, 어드벤처, 인디, 시뮬레이션, 앞서 해보기","Explore a drowned Earth, restore lost systems, and raise the last human seeds in this first-person survival-crafting adventure. Build, scavenge, defend, and launch humanity back to the stars.",,,
B0325,A11,Hollow Knight / Dead Cells / Garry's Mod,"액션, 어드벤처, 인디 / 액션, 어드벤처, 인디 / 캐주얼, 인디, 시뮬레이션",KAKU: Ancient Seal,"액션, 어드벤처, 인디, RPG","이 개방형 액션 어드벤처 게임에서, 당신은 소년 카쿠와 날아다니는 작은 돼지 '피기'와 함께 광활한 고대 원소 대륙을 탐험하고 강력한 적을 물리치며 다양한 유적의 수수께끼를 풀어 마침내 재앙이 닥친 진실을 밝혀낼 것입니다.",,,
B0326,A13,Sid Meier's Civilization® V / Europa Universalis IV / Human Fall Flat,"전략 / 시뮬레이션, 전략 / 어드벤처, 캐주얼, 인디, 시뮬레이션",GLADIABOTS - AI Combat Arena,"인디, 시뮬레이션, 전략","Assemble your robot squad, construct their AI and send them in the battle arena to see your strategy play out. Iterate, improve and repeat until you outsmart all your opponents and friends online.",,,
B0327,A01,DARK SOULS™ III / Fallout 4 / The Forest,"액션 / RPG / 액션, 어드벤처, 인디, 시뮬레이션",Dead Horde,"액션, 인디","As a survivor of the mutant virus, make your way through the city and wipe out the hordes of flesh eating mutants. Teamwork is the key to survive the DEAD HORDE...",,,
B0328,A22,Opus Magnum,"인디, 시뮬레이션",GearBlocks,"인디, 시뮬레이션, 앞서 해보기","Explore a world of creative building, interactive machines, and gears - lots of gears. Build all things mechanical: cars, trucks, cranes, tanks, gearboxes, engines, clocks, anything you can think of. Test your creations to destruction in challenging scenarios, and share them in the workshop!",,,
B0329,A12,Euro Truck Simulator 2 / 아세토 코르사 Assetto Corsa / Left 4 Dead 2,"인디, 시뮬레이션 / 인디, 레이싱, 시뮬레이션, 스포츠 / 액션",Cities in Motion,시뮬레이션,"Manage transportation for commuters in four of the world's greatest cities - Vienna, Helsinki, Berlin, and Amsterdam",,,
B0330,A16,DARK SOULS™ III / The Witcher 3: Wild Hunt / The Elder Scrolls V: Skyrim Special Edition,액션 / RPG / RPG,DARK SOULS™ II,"액션, RPG",FROM SOFTWARE에서 개발한 DARK SOULS™ II는 2011년에 출시되어 큰 인기를 누린 Dark Souls™의 속편입니다. 특유의 전통 방식 액션 RPG는 도전 의식을 고취시키고 강한 성취감을 느끼게 함으로써 세계 각지의 게이머 마음을 사로잡았습니다. Dark Souls™ II는 싱글 플레이와 멀티 플레이 모두에서 명성이 자자한 이 시리즈 특유의 난이도와 눈을 떼지 못하게 하는 게임 플레이를 선보일 것입니다. 어둠의 여정에 동참해 FROM SOFTWARE만이 제공할 수 있는 압도적인 적과 악마의 위협 그리고 끊임없는 ,,,
B0331,A26,Counter-Strike 2 / PUBG: BATTLEGROUNDS / 톰 클랜시의 레인보우식스 시즈,"액션, 무료 플레이 / 액션, 어드벤처, 대규모 멀티플레이어, 무료 플레이 / 액션, 무료 플레이",Natural Selection 2,"액션, 인디, 전략",A fast paced multiplayer shooter that pits aliens against humans in a strategic and action-packed struggle for survival!,,,
B0332,A26,Counter-Strike 2 / PUBG: BATTLEGROUNDS / 톰 클랜시의 레인보우식스 시즈,"액션, 무료 플레이 / 액션, 어드벤처, 대규모 멀티플레이어, 무료 플레이 / 액션, 무료 플레이",Rock of Ages,"액션, 인디, 레이싱, 전략","A rock-solid combination of rock-rolling action, deep strategy, and captivating art and music from different ages of history, this is a game of crush or be crushed!",,,
B0333,A16,DARK SOULS™ III / The Witcher 3: Wild Hunt / The Elder Scrolls V: Skyrim Special Edition,액션 / RPG / RPG,Weird RPG 2,"액션, 어드벤처, RPG","혁신적인 3인칭 액션 RPG로, 전통적인 무기로 괴물과 공평하게 싸우거나 치트처럼 신의 능력을 발휘할 수 있습니다. 음성 제어 장비 시스템을 통해 마법을 소환하거나 자신을 강화할 수 있습니다. 이는 당신이 지금까지 경험한 적이 없는 모험이 될 것입니다!",,,
B0334,A23,The Witcher 3: Wild Hunt / The Elder Scrolls V: Skyrim Special Edition / BeamNG.drive,"RPG / RPG / 레이싱, 시뮬레이션, 앞서 해보기",The Elder Scrolls IV: Oblivion Remastered,RPG,Elder Scrolls IV: Oblivion™ Remastered에서 멋진 새 비주얼과 정제된 게임플레이로 새로워진 Cyrodiil을 탐험해 보세요.,,,
B0335,A06,서브노티카 / The Long Dark / No Man's Sky,"어드벤처, 인디 / 어드벤처, 인디, 시뮬레이션, 전략 / 액션, 어드벤처",ASTRONEER,"어드벤처, 인디","독특하고 촉각적인 방식으로 낯선 새로운 세계와 상호 작용하여 환경 자체를 마치 손에 있는 진흙처럼 빚어보세요. 기지를 건설하고, 자원 관리를 마스터하고, 생산 라인을 자동화하는 등 혼자 또는 친구와 함께 우주의 미스터리를 풀어나가세요.",,,
B0336,A22,Opus Magnum,"인디, 시뮬레이션",Masterplan Tycoon,"인디, 시뮬레이션, 전략",Welcome to the resource management game where your creativity and logistics skills are put to the test! In this minimalistic simulation you will build interconnected chains of products and open new missions by completing various tasks to create the biggest system you can.,,,
B0337,A21,Into the Breach / Monster Train / Mini Metro,"인디, RPG, 시뮬레이션, 전략 / 전략 / 인디, 시뮬레이션, 전략",City Bus Manager,"캐주얼, 시뮬레이션","시티 버스 매니저에서 나만의 버스 차고지를 처음부터 건설하고 개인 버스 노선을 만들어 보세요. 실제 지도 데이터로 자신의 고향이나 전 세계 유명 도시에서 플레이하세요. 버스를 구매하고, 관리하고, 직원을 관리하고, 버스 회사를 이끌고 마을에서 최고의 버스 회사가 되세요!",,,
B0338,A23,The Witcher 3: Wild Hunt / The Elder Scrolls V: Skyrim Special Edition / BeamNG.drive,"RPG / RPG / 레이싱, 시뮬레이션, 앞서 해보기",전설의 호플리트,"액션, 어드벤처, 인디, RPG, 전략","액션 RPG와 타워 디펜스의 결합: 괴물들을 도륙하고, 무기를 찾고, 무장을 업그레이드하고, 기지를 방어하세요...그리스 신화에 등장하는 괴물들과 고대 부족들로부터 인류의 운명을 보호하세요. 지휘관, 절대 그들이 성문을 넘지 못하도록 하세요!",,,
B0339,A06,서브노티카 / The Long Dark / No Man's Sky,"어드벤처, 인디 / 어드벤처, 인디, 시뮬레이션, 전략 / 액션, 어드벤처",Inner Chains,"액션, 어드벤처","An FPS horror game set in a surreal, dark and deadly biomechanical world never seen before. Humankind is just a small part of a hostile universe. Want to survive? Discover its secrets.",,,
B0340,A22,Opus Magnum,"인디, 시뮬레이션",Contraption Maker,"캐주얼, 인디, 시뮬레이션",The spiritual successor to The Incredible Machine from its original designer and programmer. Play 100s of puzzles. Build and share elaborate contraptions with an huge variety of parts and critters.,,,
B0341,A15,No Man's Sky / 서브노티카 / Slime Rancher,"액션, 어드벤처 / 어드벤처, 인디 / 액션, 어드벤처, 인디, 시뮬레이션",Forsaken Isle,"액션, 어드벤처, 캐주얼, 인디, RPG","Stranded on a desert island, explore, craft, build and fight in this action survival game!",,,
B0342,A01,DARK SOULS™ III / Fallout 4 / The Forest,"액션 / RPG / 액션, 어드벤처, 인디, 시뮬레이션",The Isle,"액션, 어드벤처, 인디, 대규모 멀티플레이어, 시뮬레이션, 앞서 해보기",Experience fierce open world survival gameplay as you attempt to stay alive on an unforgiving island inhabited by dinosaurs! Hunt. Grow. Survive.,,,
B0343,A01,DARK SOULS™ III / Fallout 4 / The Forest,"액션 / RPG / 액션, 어드벤처, 인디, 시뮬레이션",Jane's Advanced Strike Fighters,시뮬레이션,"Take on the massive assault of aerial, ground, and naval forces with only seconds to decide your fate of victory or defeat.",,,
B0344,A25,Raft / Stardew Valley / Counter-Strike 2,"어드벤처, 인디, 시뮬레이션 / 인디, RPG, 시뮬레이션 / 액션, 무료 플레이",Camping Simulator: The Squad,"어드벤처, 인디, 시뮬레이션",Camping Simulator lets you experience what camp means by preparing your backpack wisely for challenging conditions of nature. You can play all the experiences with up to 8 friends in multiplayer mode or single player mode.,,,
B0345,A19,Garry's Mod / Team Fortress 2 / Left 4 Dead 2,"캐주얼, 인디, 시뮬레이션 / 액션, 무료 플레이 / 액션",Brawlhalla,"액션, 인디, 무료 플레이","An epic platform fighter for up to 8 players online or local. Try casual free-for-alls, ranked matches, or invite friends to a private room. And it's free! Play cross-platform with millions of players on PlayStation, Xbox, Nintendo Switch, iOS, Android & Steam! Frequent updates. Over sixty Legends.",,,
B0346,A05,A Short Hike / ISLANDERS / Gorogoa,"어드벤처, 인디 / 캐주얼, 인디, 전략 / 어드벤처, 캐주얼, 인디",The Islander,"캐주얼, 인디, 시뮬레이션","The Islander is a fast building/farming game set somewhere in an exotic Polynesia. Plant crops, bushes and trees, build livestock pens, but don’t forget to make it look classy by adding various decorations.",,,
B0347,A01,DARK SOULS™ III / Fallout 4 / The Forest,"액션 / RPG / 액션, 어드벤처, 인디, 시뮬레이션",Hiveswap Friendsim,"어드벤처, 인디, RPG, 시뮬레이션","You’ve crash landed on a dangerous alien planet with no food, medicine, or prospects, but you do know one thing—you are absolutely desperate for friendship.",,,
B0348,A14,The Forest / 7 Days to Die / Sid Meier’s Civilization® VI,"액션, 어드벤처, 인디, 시뮬레이션 / 액션, 어드벤처, 인디, RPG, 시뮬레이션, 전략 / 전략",드래곤볼 더 브레이커즈,"액션, 어드벤처, 캐주얼",본 게임은 1 대 7로 플레이하는 온라인 비대칭형 액션 게임입니다. 프리저나 셀을 비롯한 드래곤볼의 대표적인 라이벌인 「레이더」와 슈퍼 파워를 지니지 않은 7명의 일반 시민인 「서바이버」 사이에서 궁극의 탈출 게임이 펼쳐집니다.,,,
B0349,A23,The Witcher 3: Wild Hunt / The Elder Scrolls V: Skyrim Special Edition / BeamNG.drive,"RPG / RPG / 레이싱, 시뮬레이션, 앞서 해보기",The World is Your Weapon,"액션, 인디, RPG","우물, 함정, 집, 마을 사람, 괴물 (!?), 당신 주변의 어떤 것도 무기가 될 수 있습니다! 전에 보지 못했던 액션 RPG입니다. 게임에서 볼 수있는 모든 무기로 싸울 수 있습니다. 300 종류가 넘는 무기가 있습니다. 무기 갤러리를 완성하는 것입니다!",,,
B0350,A20,Team Fortress 2 / Left 4 Dead 2 / Terraria,"액션, 무료 플레이 / 액션 / 액션, 어드벤처, 인디, RPG",Over 9000 Zombies!,"액션, 인디","Over 9000 Zombies! is top-down arcade action blown out of all reasonable proportions. An endless horde of zombies is coming your way, how long can you survive?",,,
B0351,A20,Team Fortress 2 / Left 4 Dead 2 / Terraria,"액션, 무료 플레이 / 액션 / 액션, 어드벤처, 인디, RPG",Dragon Spear,"액션, 어드벤처, 인디, RPG",화려한 액션과 시원시원한 타격감을 경험하세요! 그리고 친구들과 함께 강력한 보스를 사냥 하세요.,,,
B0352,A24,Stardew Valley / Slime Rancher / Raft,"인디, RPG, 시뮬레이션 / 액션, 어드벤처, 인디, 시뮬레이션 / 어드벤처, 인디, 시뮬레이션",Farm Together 2,"캐주얼, 인디, 시뮬레이션",아늑하고 편안한 농장 체험을 위해 오랫동안 기다려온 속편에서 혼자서 농장을 키우거나 친구들과 함께해 보세요!,,,
B0353,A05,A Short Hike / ISLANDERS / Gorogoa,"어드벤처, 인디 / 캐주얼, 인디, 전략 / 어드벤처, 캐주얼, 인디",Hydrophobia: Prophecy,"액션, 어드벤처, 인디, 전략",The ultimate edition of the jaw-dropping action-adventure game set onboard a floating city.,,,
B0354,A11,Hollow Knight / Dead Cells / Garry's Mod,"액션, 어드벤처, 인디 / 액션, 어드벤처, 인디 / 캐주얼, 인디, 시뮬레이션",Creativerse,"액션, 어드벤처, 캐주얼, 인디, 대규모 멀티플레이어, RPG, 시뮬레이션",A sandbox adventure game as big as your imagination.,,,
B0355,A16,DARK SOULS™ III / The Witcher 3: Wild Hunt / The Elder Scrolls V: Skyrim Special Edition,액션 / RPG / RPG,Thronebreaker: The Witcher Tales,"어드벤처, RPG","'더 위쳐 3: 와일드 헌트'의 제작진이 탄생시킨 새 RPG 게임. 제국의 침략이 임박한 가운데, 노련한 전쟁 용사인 리리아와 리비아의 여왕 메브는 다시 한번 출정에 나서면서 파괴와 복수로 가득한 여정에 오르게 되는데...",,,
B0356,A23,The Witcher 3: Wild Hunt / The Elder Scrolls V: Skyrim Special Edition / BeamNG.drive,"RPG / RPG / 레이싱, 시뮬레이션, 앞서 해보기",트리거 소녀,"어드벤처, 캐주얼, RPG, 전략","보물 사냥꾼 인 아오이와 샐리는 탐험 중에 동굴을 발견했습니다. 그들은 그 안에 보물을 예견합니다. 그래서 들어가서 살펴보기로 결정했습니다. 예기치 않게, 이것은 촉수 동굴입니다.",,,
B0357,A19,Garry's Mod / Team Fortress 2 / Left 4 Dead 2,"캐주얼, 인디, 시뮬레이션 / 액션, 무료 플레이 / 액션",Sand:box,"캐주얼, 인디, 시뮬레이션, 무료 플레이","""Falling sand"" style particle sandbox, now with circuits and stickmen!",,,
B0358,A23,The Witcher 3: Wild Hunt / The Elder Scrolls V: Skyrim Special Edition / BeamNG.drive,"RPG / RPG / 레이싱, 시뮬레이션, 앞서 해보기",UNDER the SAND - a road trip simulator,"액션, 어드벤처, 인디, 레이싱, 시뮬레이션",You. Your car. And world under the sand.,,,
B0359,A18,Project Zomboid / Don't Starve / The Forest,"인디, RPG, 시뮬레이션, 앞서 해보기 / 어드벤처, 인디, 시뮬레이션 / 액션, 어드벤처, 인디, 시뮬레이션",SwarmZ,"액션, 인디, 시뮬레이션, 전략","Face massive zombie swarms in this funny post-apocalyptic tactical sandbox! Do you know what it's like to be surrounded by 100,000 zombies? Well, you're about to find out!",,,
B0360,A20,Team Fortress 2 / Left 4 Dead 2 / Terraria,"액션, 무료 플레이 / 액션 / 액션, 어드벤처, 인디, RPG",Line of Sight,"액션, 무료 플레이, 인디, 대규모 멀티플레이어","Fast paced FPS with high customizational freedom. From game mode customization to an in depth weapon tuning and attachment system up to detailed character customizations, while it was developed so you can choose to either go for high performance or graphical fidelity without an high end PC.",,,
B0361,A26,Counter-Strike 2 / PUBG: BATTLEGROUNDS / 톰 클랜시의 레인보우식스 시즈,"액션, 무료 플레이 / 액션, 어드벤처, 대규모 멀티플레이어, 무료 플레이 / 액션, 무료 플레이",빈 배틀즈,"액션, 인디",배틀로얄 인기 장르를 독특하게 변형한 게임입니다. 빠른 속도로 진행되는 여러 라운드에서 킬과 생존이 동일하게 보상됩니다. 팀을 구성하고 복수하며 마지막까지 살아남은 콩이 되어 보세요.,,,
B0362,A10,Death's Door / Children of Morta / Roboquest / Spelunky 2 / Nuclear Throne / Streets of Rogue / Neon Abyss / Curse of the Dead Gods / Rogue Legacy 2 / Have a Nice Death,"액션, 어드벤처, 인디, RPG / 액션, 어드벤처, 인디, RPG / 액션, 인디 / 액션, 인디 / 액션, 인디, RPG / 액션, 어드벤처, 인디, RPG / 액션, 어드벤처, 인디, RPG / 액션, 어드벤처 / 액션, 어드벤처, 인디, RPG / 액션, 인디",Neva,"액션, 어드벤처, 인디",여인과 거대 늑대의 평생의 유대감을 통해 급속히 죽어가는 세상을 헤쳐나가는 스릴 넘치는 모험을 시작하면서 감동적인 이야기를 경험하세요.,,,
B0363,A01,DARK SOULS™ III / Fallout 4 / The Forest,"액션 / RPG / 액션, 어드벤처, 인디, 시뮬레이션",Under A New Sun,"어드벤처, 인디, 시뮬레이션, 앞서 해보기","While searching for a new home, an unexpected failure in your ship has left you stranded on a planet surprisingly similar to Earth. Discover a vast open world, hunt for food, develop technologies, and build yourself a new home to survive!",,,
B0364,A02,Sid Meier’s Civilization® VI / XCOM® 2 / Stellaris,"전략 / 전략 / 시뮬레이션, 전략",EARTH DEFENSE FORCE 5,액션,"인류여, 운명에 맞서라. 서기 2020년. 돌연 습격해온 외계 생명체와 '전지구방위군' EDF의 전투를 그린 액션 슈팅. 당신은 EDF의 병사가 되어 무수히 덤벼드는 거대한 적을 섬멸하고 지구의 평화를 지켜라.",,,
B0365,A18,Project Zomboid / Don't Starve / The Forest,"인디, RPG, 시뮬레이션, 앞서 해보기 / 어드벤처, 인디, 시뮬레이션 / 액션, 어드벤처, 인디, 시뮬레이션",GIBZ,"액션, 어드벤처, 인디","Shoot, slice and surf on zombies by yourself or with friends. Fight overwhelming amounts of zombies and other monsters summoned by an evil wizard (ooOooOOOo spooky) in an early 1900s London.",,,
B0366,A26,Counter-Strike 2 / PUBG: BATTLEGROUNDS / 톰 클랜시의 레인보우식스 시즈,"액션, 무료 플레이 / 액션, 어드벤처, 대규모 멀티플레이어, 무료 플레이 / 액션, 무료 플레이",Quake Live,액션,"100개가 넘는 아레나에서 세계 각지의 플레이어와 경쟁하고, 수십 개의 게임 모드와 지속적인 커리어 통계 추적 등이 포함되어 있는 Quake III Arena의 온라인 기능 중심 후속작에서 가장 흥미롭고 빠르게 진행되는 FPS 게임 플레이를 경험해 보세요.",,,
B0367,A08,Euro Truck Simulator 2 / BeamNG.drive / 아세토 코르사 Assetto Corsa,"인디, 시뮬레이션 / 레이싱, 시뮬레이션, 앞서 해보기 / 인디, 레이싱, 시뮬레이션, 스포츠",UNDER the SAND - a road trip simulator,"액션, 어드벤처, 인디, 레이싱, 시뮬레이션",You. Your car. And world under the sand.,,,
B0368,A11,Hollow Knight / Dead Cells / Garry's Mod,"액션, 어드벤처, 인디 / 액션, 어드벤처, 인디 / 캐주얼, 인디, 시뮬레이션",Game Corp DX,"인디, 시뮬레이션","Manage your Game Studio, earn big bucks, impress the critics, beat rival studios and clean up at the awards!",,,
B0369,A11,Hollow Knight / Dead Cells / Garry's Mod,"액션, 어드벤처, 인디 / 액션, 어드벤처, 인디 / 캐주얼, 인디, 시뮬레이션",Project 5: Sightseer,"액션, 어드벤처, 인디, RPG","Open world multiplayer sandbox/RPG game. Explore, gather, build, research, and fight to protect what's yours -- by yourself or together with your friends.",,,
B0370,A24,Stardew Valley / Slime Rancher / Raft,"인디, RPG, 시뮬레이션 / 액션, 어드벤처, 인디, 시뮬레이션 / 어드벤처, 인디, 시뮬레이션",Research Story,"캐주얼, 인디, RPG, 시뮬레이션","Set out to discover and record plants and creatures for the Violet Archive. Grow crops, tame animals, and build the perfect farm! Forge friendships along the way as you begin your life as a researcher!",,,
B0371,A08,Euro Truck Simulator 2 / BeamNG.drive / 아세토 코르사 Assetto Corsa,"인디, 시뮬레이션 / 레이싱, 시뮬레이션, 앞서 해보기 / 인디, 레이싱, 시뮬레이션, 스포츠",ACTION SANDBOX,시뮬레이션,"A physics sandbox game for people who like to play with digital toys. Create, control toys and define your goals.",,,
B0372,A16,DARK SOULS™ III / The Witcher 3: Wild Hunt / The Elder Scrolls V: Skyrim Special Edition,액션 / RPG / RPG,"Yes, Your Grace 2: Snowfall","인디, RPG, 시뮬레이션, 전략","이 새로운 현실에서는 괴물들이 더 가까이서 도사리고, 적들은 한층 강해지고, 탄원자들은 그 어느 때보다 더욱 고통받고 있지만, 여러분은 왕으로서 의무를 다해야 합니다. 당신의 왕국에 대한 신뢰를 다시 쌓고 가족을 지키며 다가오는 겨울에서 살아남는 것은 여러분께 달렸습니다.",,,
B0373,A11,Hollow Knight / Dead Cells / Garry's Mod,"액션, 어드벤처, 인디 / 액션, 어드벤처, 인디 / 캐주얼, 인디, 시뮬레이션",Sand:box,"캐주얼, 인디, 시뮬레이션, 무료 플레이","""Falling sand"" style particle sandbox, now with circuits and stickmen!",,,
B0374,A13,Sid Meier's Civilization® V / Europa Universalis IV / Human Fall Flat,"전략 / 시뮬레이션, 전략 / 어드벤처, 캐주얼, 인디, 시뮬레이션",Old World 올드 월드,"RPG, 시뮬레이션, 전략","Old World는 새로운 역사 전략 게임으로, 몇 세대에 걸쳐 다른 왕들과 경쟁하면서 왕조를 이끌어야 합니다. 대규모 전쟁을 일으키고 궁중을 관리하며 왕조를 세워보거나, 제국의 몰락을 지켜봐야 하기도 합니다. 여러분은 어떤 유산을 남기겠습니까?",,,
B0375,A08,Euro Truck Simulator 2 / BeamNG.drive / 아세토 코르사 Assetto Corsa,"인디, 시뮬레이션 / 레이싱, 시뮬레이션, 앞서 해보기 / 인디, 레이싱, 시뮬레이션, 스포츠",Universe Sandbox,"캐주얼, 인디, 시뮬레이션, 앞서 해보기","Create & destroy on an unimaginable scale with a realistic physics-based space simulator. Explore the beauty of our universe and the fragility of our planet. Use science to bend the laws of gravity, collide planets, boil away oceans, fire epic space lasers, and customize your universe.",,,
B0376,A23,The Witcher 3: Wild Hunt / The Elder Scrolls V: Skyrim Special Edition / BeamNG.drive,"RPG / RPG / 레이싱, 시뮬레이션, 앞서 해보기","Yes, Your Grace 2: Snowfall","인디, RPG, 시뮬레이션, 전략","이 새로운 현실에서는 괴물들이 더 가까이서 도사리고, 적들은 한층 강해지고, 탄원자들은 그 어느 때보다 더욱 고통받고 있지만, 여러분은 왕으로서 의무를 다해야 합니다. 당신의 왕국에 대한 신뢰를 다시 쌓고 가족을 지키며 다가오는 겨울에서 살아남는 것은 여러분께 달렸습니다.",,,
B0377,A19,Garry's Mod / Team Fortress 2 / Left 4 Dead 2,"캐주얼, 인디, 시뮬레이션 / 액션, 무료 플레이 / 액션",Call of Duty®: Infinite Warfare,"액션, 어드벤처","Infinite Warfare delivers three unique game modes: Campaign, Multiplayer, and Zombies.",,,
B0378,A18,Project Zomboid / Don't Starve / The Forest,"인디, RPG, 시뮬레이션, 앞서 해보기 / 어드벤처, 인디, 시뮬레이션 / 액션, 어드벤처, 인디, 시뮬레이션",Hand Simulator: Survival,"액션, 어드벤처, 인디, 대규모 멀티플레이어, RPG, 시뮬레이션","Wild island. Thirst and hunger. Dangerous animals and insects. The perfect place to test your survival skills, especially if you only have empty hands, especially if it is a hand simulator.",,,
B0379,A25,Raft / Stardew Valley / Counter-Strike 2,"어드벤처, 인디, 시뮬레이션 / 인디, RPG, 시뮬레이션 / 액션, 무료 플레이",Ships At Sea,"어드벤처, 시뮬레이션, 앞서 해보기","다양한 선박을 조종하는 스릴을 경험하세요. 싱글 및 멀티플레이어 모드에서, 노르웨이의 섬들과 그 아름다운 풍경을 탐험하면서 서비스, 화물 운송, 상업 어업과 같은 작업에 몰입하세요. 바다가 당신의 손에 닿을 거리에 있습니다!",,,
B0380,A15,No Man's Sky / 서브노티카 / Slime Rancher,"액션, 어드벤처 / 어드벤처, 인디 / 액션, 어드벤처, 인디, 시뮬레이션",Loddlenaut,"어드벤처, 캐주얼, 인디",우주 해양 관리자가 되어 오염된 해양 행성을 청소하세요. 생동감 넘치는 바닷속을 탐험하며 쓰레기를 줍고 외계 생명체를 보살피세요!,,,
B0381,A14,The Forest / 7 Days to Die / Sid Meier’s Civilization® VI,"액션, 어드벤처, 인디, 시뮬레이션 / 액션, 어드벤처, 인디, RPG, 시뮬레이션, 전략 / 전략",White Noise 2,"액션, 어드벤처, 인디, 전략","Enjoy a 4vs1 asymmetric horror experience like no other. Be a part of the investigator team, or take control of the creature and devour them!",,,
B0382,A09,Hearts of Iron IV / Europa Universalis IV / Sid Meier's Civilization® V,"시뮬레이션, 전략 / 시뮬레이션, 전략 / 전략",Due Process,"액션, 어드벤처, 인디, 시뮬레이션, 전략, 앞서 해보기",A PVP tactical FPS about PLANNING & EXECUTION. Sound strategy and good teamwork are essential for victory because new PROCEDURALLY-GENERATED MAPS are delivered every week. You'll face a new tactical challenge every round.,,,
B0383,A20,Team Fortress 2 / Left 4 Dead 2 / Terraria,"액션, 무료 플레이 / 액션 / 액션, 어드벤처, 인디, RPG",Trapped Dead,"액션, 전략",You and up to three friends fight to survive the Zombie outbreak in this game inspired by early '80s horror films!,,,
B0384,A06,서브노티카 / The Long Dark / No Man's Sky,"어드벤처, 인디 / 어드벤처, 인디, 시뮬레이션, 전략 / 액션, 어드벤처",THE LONGING,"어드벤처, 인디, RPG","어드벤처와 방치형 게임의 기묘한 조합입니다. 당신의 임무는 철저하게 고독한 지하 깊은 곳에서, 당신의 왕이 깨어나길 기다리는 것입니다... 400일 동안 말이죠.",,,
B0385,A15,No Man's Sky / 서브노티카 / Slime Rancher,"액션, 어드벤처 / 어드벤처, 인디 / 액션, 어드벤처, 인디, 시뮬레이션",Stellar Tactics,"어드벤처, 인디, RPG, 전략","A Sci-Fi role-playing game featuring turn-based ground combat, space exploration, deep character customization and a massive living universe with thousands of star systems. Equip your ships with the best equipment you can find, gather a powerful crew of mercenaries and set out into the void!",,,
B0386,A09,Hearts of Iron IV / Europa Universalis IV / Sid Meier's Civilization® V,"시뮬레이션, 전략 / 시뮬레이션, 전략 / 전략",Ashes of the Singularity: Escalation,"시뮬레이션, 전략",당신이 동적 전장에서 전체 군대를 명령 대규모 실시간 전략 게임. 여러 싱글 플레이어 캠페인을 통해 여러 세계를 정복; 또는 멀티 플레이어 전투에서 친구와 함께 재생할 수 있습니다.,,,
B0387,A07,Hardspace: Shipbreaker / Hacknet / The Case of the Golden Idol / 방 탈출 시뮬레이터 / shapez 2 - Factory,"시뮬레이션 / 인디, 시뮬레이션 / 어드벤처, 인디 / 어드벤처, 캐주얼, 인디, 시뮬레이션 / 캐주얼, 인디, 시뮬레이션, 전략",스타베스터 - 별의 수확자,"캐주얼, 시뮬레이션, 전략","우주에서 거대한 메가스트럭처를 건설하기 위해 항성계 전반에 걸친 공장을 확장하는 짧은 인크리멘탈 게임입니다. 드론 무리를 배치해 자원을 채굴하고, 업그레이드를 해제하며, 별의 힘을 수확하세요!",,,
B0388,A02,Sid Meier’s Civilization® VI / XCOM® 2 / Stellaris,"전략 / 전략 / 시뮬레이션, 전략",Commandos: Origins,전략,경고! 당신은 세계 전체를 바꿀 엄청난 임무에 선정되었습니다. Commandos: Origins에서 전설의 엘리트 2차 세계 대전 특수 부대의 탄생을 지켜보세요. 오랫동안 기다려온 Commandos 시리즈의 후속편으로 실시간 전술 게임 장르의 뿌리를 직접 체험하세요.,,,
B0389,A24,Stardew Valley / Slime Rancher / Raft,"인디, RPG, 시뮬레이션 / 액션, 어드벤처, 인디, 시뮬레이션 / 어드벤처, 인디, 시뮬레이션",Ships At Sea,"어드벤처, 시뮬레이션, 앞서 해보기","다양한 선박을 조종하는 스릴을 경험하세요. 싱글 및 멀티플레이어 모드에서, 노르웨이의 섬들과 그 아름다운 풍경을 탐험하면서 서비스, 화물 운송, 상업 어업과 같은 작업에 몰입하세요. 바다가 당신의 손에 닿을 거리에 있습니다!",,,
B0390,A11,Hollow Knight / Dead Cells / Garry's Mod,"액션, 어드벤처, 인디 / 액션, 어드벤처, 인디 / 캐주얼, 인디, 시뮬레이션",Game Dev Studio,"캐주얼, 인디, 시뮬레이션, 전략",Welcome to your own Game Dev Studio! How will you run your own offices and ascend to greatness in the gaming industry?,,,
B0391,A05,A Short Hike / ISLANDERS / Gorogoa,"어드벤처, 인디 / 캐주얼, 인디, 전략 / 어드벤처, 캐주얼, 인디",Seek Girl Ⅱ,"캐주얼, 인디","This is a casual intellectual game, get beautiful pictures and exercise your observation.",,,
B0392,A09,Hearts of Iron IV / Europa Universalis IV / Sid Meier's Civilization® V,"시뮬레이션, 전략 / 시뮬레이션, 전략 / 전략",A Game of Thrones - Genesis,전략,Immerse yourself into the battles and intrigues between the Houses that shaped the Kingdom of Westeros and keep your spot on the Iron Throne by any means.,,,
B0393,A15,No Man's Sky / 서브노티카 / Slime Rancher,"액션, 어드벤처 / 어드벤처, 인디 / 액션, 어드벤처, 인디, 시뮬레이션",SILT,"어드벤처, 인디","Dive into a surreal ocean abyss in an atmospheric puzzle-adventure. Explore dangerous waters, possess sea creatures and solve environmental puzzles to discover what lies deep below the surface…",,,
B0394,A09,Hearts of Iron IV / Europa Universalis IV / Sid Meier's Civilization® V,"시뮬레이션, 전략 / 시뮬레이션, 전략 / 전략",Ultimate Epic Battle Simulator 2,"액션, 어드벤처, 캐주얼, 인디, 시뮬레이션, 전략","Welcome to Ultimate Epic Battle Simulator 2, the most ridiculous and insane battle simulator in existence! Create eye watering battles with hundreds of thousands, even millions of characters on screen! Jump into multiple campaigns in game or player made, or play in sandbox mode and FPS invasion",,,
B0395,A03,Salt and Sanctuary,"액션, 인디, RPG",Sanctum 2,"액션, 인디, 전략",Sanctum 2 is the sequel to the world’s first Tower Defense/FPS hybrid game. Pick from four unique character classes and embark on a mission to protect the oxygen-producing Cores from hordes of deadly aliens who are threatened by their existence.,,,
B0396,A25,Raft / Stardew Valley / Counter-Strike 2,"어드벤처, 인디, 시뮬레이션 / 인디, RPG, 시뮬레이션 / 액션, 무료 플레이",Uncharted Ocean,"액션, 어드벤처, 캐주얼, 인디, RPG, 시뮬레이션, 전략","This is a world of oceans, islands and ships. Players will start their own journey from Faro, facing an impermanent ocean and awkward opponents, and gradually build a strong fleet with wisdom and luck. The chaotic seas and tempting treasures, under the guidance of the banner, work hard for survival！",,,
B0397,A12,Euro Truck Simulator 2 / 아세토 코르사 Assetto Corsa / Left 4 Dead 2,"인디, 시뮬레이션 / 인디, 레이싱, 시뮬레이션, 스포츠 / 액션",Military Conflict: Vietnam,"액션, 캐주얼, 앞서 해보기","It’s 1968 in Vietnam, the time to “Make War Not Love”. Side with the Viet Cong or U.S. Army in this intense, fast-paced FPS set in the Vietnam War — now with co-op zombie mode. Choose from 300+ weapons of destruction. Kill or be killed!",,,
B0398,A11,Hollow Knight / Dead Cells / Garry's Mod,"액션, 어드벤처, 인디 / 액션, 어드벤처, 인디 / 캐주얼, 인디, 시뮬레이션",LOST EMBER,"액션, 어드벤처, 인디","매력적인 관점으로 무너진 세상의 모습을 탐험하세요! 여러 가지 다른 동물들로 스르륵 빙의하여 고대 세상의 운명을 파헤쳐 보세요. 깊은 물 속으로 잠수하고, 아주 높은 곳을 날아다니고, 두더지로 땅을 파고 들어가거나 산양으로 가파른 절벽을 올라가세요. 돌아다니는 방법은 많습니다.",,,
B0399,A06,서브노티카 / The Long Dark / No Man's Sky,"어드벤처, 인디 / 어드벤처, 인디, 시뮬레이션, 전략 / 액션, 어드벤처",The Witness,"어드벤처, 인디",당신은 크나큰 도전과 놀라움의 퍼즐로 가득 찬 낯선 섬에서 외로이 깨어납니다.,,,
B0400,A13,Sid Meier's Civilization® V / Europa Universalis IV / Human Fall Flat,"전략 / 시뮬레이션, 전략 / 어드벤처, 캐주얼, 인디, 시뮬레이션",Rolling Line,"캐주얼, 인디, 시뮬레이션","Build your own model railway tracks and scenery or explore pre-made maps, including 1000s of player-made maps and mods on the Steam Workshop! Play solo and in multiplayer, both in virtual reality and on PC!",,,
B0401,A07,Hardspace: Shipbreaker / Hacknet / The Case of the Golden Idol / 방 탈출 시뮬레이터 / shapez 2 - Factory,"시뮬레이션 / 인디, 시뮬레이션 / 어드벤처, 인디 / 어드벤처, 캐주얼, 인디, 시뮬레이션 / 캐주얼, 인디, 시뮬레이션, 전략",In Sink: A Co-op Escape Adventure,"어드벤처, 캐주얼, 인디, 시뮬레이션, 전략",조난을 당해 수수께끼의 섬에 다다른 두 명의 캐릭터가 되어 플레이하세요. 이 협동 게임에서는 친구와 한 팀이 되어 힘을 합쳐야 합니다. 함께 퍼즐을 풀고 집으로 돌아갈 길을 마련하세요. 비슷하게 생각하는 것만으로는 부족합니다. 진정으로 '빠져들어야' 탈출할 수 있습니다.,,,
B0402,A24,Stardew Valley / Slime Rancher / Raft,"인디, RPG, 시뮬레이션 / 액션, 어드벤처, 인디, 시뮬레이션 / 어드벤처, 인디, 시뮬레이션",Camping Simulator: The Squad,"어드벤처, 인디, 시뮬레이션",Camping Simulator lets you experience what camp means by preparing your backpack wisely for challenging conditions of nature. You can play all the experiences with up to 8 friends in multiplayer mode or single player mode.,,,
B0403,A03,Salt and Sanctuary,"액션, 인디, RPG",Smalland: Survive the Wilds,"액션, 어드벤처, 인디, RPG","소인이 되어 웅장한 모험을 경험하세요! 드넓고 위험천만한 세계에서 멀티플레이어 생존 게임을 즐기세요. 먹이 사슬의 밑바닥에 있는 자그마한 존재에게는 대비가 중요합니다. 무기와 갑옷을 만들고, 생물을 길들인 뒤 올라타고, 야영지를 만들고, 새로운 낯선 땅을 탐험하세요.",,,
B0404,A26,Counter-Strike 2 / PUBG: BATTLEGROUNDS / 톰 클랜시의 레인보우식스 시즈,"액션, 무료 플레이 / 액션, 어드벤처, 대규모 멀티플레이어, 무료 플레이 / 액션, 무료 플레이",Tom Clancy's Rainbow Six Lockdown™,액션,Red Storm Entertainment가 PC를 위해 특별히 개발한 레인보우 식스가 가장 최고의 긴장감을 자랑하는 근접전을 경험할 수 있는 온라인 전투로 돌아옵니다. 이번 에피소드에서는 레인보우 팀은 군단 바이러스와 관련된 독립적인 테러 위협에 직면하고 있습니다. 레인보우 팀은 이 테러 위협과 바이러스 사이의 연결고리를 찾아내야 합니다.스토리와 미션 구성의 변화 - 레인보우 팀은 군단 바이러스와 관련된 독립적인 테러 위협에 직면하고 있습니다. 레인보우 팀은 이 테러 위협과 바이러스 사이의 연결고리를 찾아내야 합니다.,,,
B0405,A22,Opus Magnum,"인디, 시뮬레이션",Particul,"캐주얼, 인디, 시뮬레이션, 전략","Click to mine particles and watch your pile grow. Turn resources into profit, automate extraction, research new technologies and trade. Can you mine the rarest particle and ascend? There is just one way to find out.",,,
B0406,A15,No Man's Sky / 서브노티카 / Slime Rancher,"액션, 어드벤처 / 어드벤처, 인디 / 액션, 어드벤처, 인디, 시뮬레이션",Windbound,"어드벤처, 인디, RPG","금지된 섬이 부르고 있습니다. 그곳의 비밀을 밝히세요. 미지의 섬에 난파된 당신은 육지와 바다를 탐험하고, 환경에 적응하고, 곳곳을 탐사하며 살아남아야 합니다.",,,
B0407,A06,서브노티카 / The Long Dark / No Man's Sky,"어드벤처, 인디 / 어드벤처, 인디, 시뮬레이션, 전략 / 액션, 어드벤처",Stellar Tactics,"어드벤처, 인디, RPG, 전략","A Sci-Fi role-playing game featuring turn-based ground combat, space exploration, deep character customization and a massive living universe with thousands of star systems. Equip your ships with the best equipment you can find, gather a powerful crew of mercenaries and set out into the void!",,,
B0408,A07,Hardspace: Shipbreaker / Hacknet / The Case of the Golden Idol / 방 탈출 시뮬레이터 / shapez 2 - Factory,"시뮬레이션 / 인디, 시뮬레이션 / 어드벤처, 인디 / 어드벤처, 캐주얼, 인디, 시뮬레이션 / 캐주얼, 인디, 시뮬레이션, 전략",Evospace,"어드벤처, 인디, 시뮬레이션, 앞서 해보기","Contribute to the colonization of the universe. Get and process resources, develop your technologies. Achieve complete automation and build a portal to include another planet in the chain of worlds.",,,
B0409,A20,Team Fortress 2 / Left 4 Dead 2 / Terraria,"액션, 무료 플레이 / 액션 / 액션, 어드벤처, 인디, RPG",Day of Defeat: Source,액션,Valve의 2차 세계대전 멀티플레이어 클래식 - 이제 Mac에서 즐길 수 있습니다.,,,
B0410,A09,Hearts of Iron IV / Europa Universalis IV / Sid Meier's Civilization® V,"시뮬레이션, 전략 / 시뮬레이션, 전략 / 전략",Worms Ultimate Mayhem,전략,Load your weapons and experience a whole new dimension in destructive turn-based cartoon action!,,,
B0411,A04,Counter-Strike 2 / PUBG: BATTLEGROUNDS / Stardew Valley,"액션, 무료 플레이 / 액션, 어드벤처, 대규모 멀티플레이어, 무료 플레이 / 인디, RPG, 시뮬레이션",Total Lockdown,"액션, 어드벤처, 인디, 대규모 멀티플레이어, 무료 플레이","Total Lockdown은 거대한 마천루의 최상층에서 펼쳐지는 배틀 로얄입니다. 이 흥미진진한 슈팅 게임의 목표는 구할 수 있는 무기, 장치, 편법을 되는대로 사용하여 살아남는 것입니다. 목숨을 건 전투에서 돈과 명예를 위해 싸우십시오!",,,
B0412,A22,Opus Magnum,"인디, 시뮬레이션",TIS-100,"인디, 시뮬레이션","TIS-100 is an open-ended programming game by Zachtronics, the creators of SpaceChem and Infinifactory, in which you rewrite corrupted code segments to repair the TIS-100 and unlock its secrets. It’s the assembly language programming game you never asked for!",,,
B0413,A19,Garry's Mod / Team Fortress 2 / Left 4 Dead 2,"캐주얼, 인디, 시뮬레이션 / 액션, 무료 플레이 / 액션",Line of Sight,"액션, 무료 플레이, 인디, 대규모 멀티플레이어","Fast paced FPS with high customizational freedom. From game mode customization to an in depth weapon tuning and attachment system up to detailed character customizations, while it was developed so you can choose to either go for high performance or graphical fidelity without an high end PC.",,,
B0414,A13,Sid Meier's Civilization® V / Europa Universalis IV / Human Fall Flat,"전략 / 시뮬레이션, 전략 / 어드벤처, 캐주얼, 인디, 시뮬레이션",Canvas of Kings,"캐주얼, 인디, RPG, 앞서 해보기","Canvas of Kings is a minimalistic mapmaking tool that focuses on randomness and auto-generated elements on user-definable and interactive paths, plots and rooms.",,,
B0415,A13,Sid Meier's Civilization® V / Europa Universalis IV / Human Fall Flat,"전략 / 시뮬레이션, 전략 / 어드벤처, 캐주얼, 인디, 시뮬레이션",Carry The Glass,"어드벤처, 캐주얼, 인디, 시뮬레이션",이 재미있는 2인 협동 플랫포머에서 두 명의 기발한 건설 노동자가 되어 팀을 이루어 보세요! 깨지기 쉬운 유리창을 들고 도전으로 가득한 다채로운 레벨을 통과하세요. 장애물을 피하고 퍼즐을 풀기 위해 소통하고 협력하세요. 유리를 깨지 않고 작업을 완료할 수 있을까요?,,,
B0416,A20,Team Fortress 2 / Left 4 Dead 2 / Terraria,"액션, 무료 플레이 / 액션 / 액션, 어드벤처, 인디, RPG",Atom Zombie Smasher,"인디, 전략","The zombie apocalypse is upon us and it's up to you to evacuate everyone before they fall prey to the undead. Conduct massive rescue operations with a helping hand from snipers, artillery crews, orbital bombardments, and more.",,,
B0417,A05,A Short Hike / ISLANDERS / Gorogoa,"어드벤처, 인디 / 캐주얼, 인디, 전략 / 어드벤처, 캐주얼, 인디",Garden Galaxy,"캐주얼, 인디, 무료 플레이","Discover, collect and organise to create your own unique garden in this relaxing idle / creative sandbox!",,,
B0418,A11,Hollow Knight / Dead Cells / Garry's Mod,"액션, 어드벤처, 인디 / 액션, 어드벤처, 인디 / 캐주얼, 인디, 시뮬레이션",30XX,"액션, 인디","친구와 함께 즐길 수 있는 로그라이트 액션 플래포머, 30XX로 뛰고, 쏘고, 베며 앞으로 나아가세요! 화끈한 전투와 정밀한 플랫폼이 하나로 섞인, 끝없이 변화하는 멋진 세계들을 탐험하세요. 무시무시한 가디언들을 무찌르세요. 그들의 독특한 힘을 마스터하세요. 잃어버린 천 년을 재발견하세요.",,,
B0419,A19,Garry's Mod / Team Fortress 2 / Left 4 Dead 2,"캐주얼, 인디, 시뮬레이션 / 액션, 무료 플레이 / 액션",Arcadegeddon,"액션, 어드벤처, 무료 플레이","이제 이 변화무쌍한 멀티플레이어 슈터에서 최대 3명의 친구들과 함께 플레이할 수 있습니다. 다양한 생물군계와 미니 게임을 탐험하고, 숨겨진 상자를 발견하고, 셀 수 없는 적과 보스를 처치해보세요.",,,
B0420,A26,Counter-Strike 2 / PUBG: BATTLEGROUNDS / 톰 클랜시의 레인보우식스 시즈,"액션, 무료 플레이 / 액션, 어드벤처, 대규모 멀티플레이어, 무료 플레이 / 액션, 무료 플레이",Empires Apart,"무료 플레이, 전략","중세 시대를 배경으로 흥미진진하게 펼쳐지는 무료 실시간 전략 게임. 독특하게 설계된 세력, 맞춤 설정 옵션, 싱글플레이어 및 멀티플레이어 게임 플레이. 현대적으로 재해석한 이 클래식 RTS 속에서 자원을 모으고 군대를 일으켜서 자신의 문명을 승리로 이끄세요.",,,
B0421,A05,A Short Hike / ISLANDERS / Gorogoa,"어드벤처, 인디 / 캐주얼, 인디, 전략 / 어드벤처, 캐주얼, 인디",24 Killers,"어드벤처, 캐주얼, 인디","Explore a desert island full of oddities, transform into monsters you've rescued, collect mysterious spirits, and unlock mods that change up future playthroughs.",,,
B0422,A14,The Forest / 7 Days to Die / Sid Meier’s Civilization® VI,"액션, 어드벤처, 인디, 시뮬레이션 / 액션, 어드벤처, 인디, RPG, 시뮬레이션, 전략 / 전략",Project 5: Sightseer,"액션, 어드벤처, 인디, RPG","Open world multiplayer sandbox/RPG game. Explore, gather, build, research, and fight to protect what's yours -- by yourself or together with your friends.",,,
B0423,A01,DARK SOULS™ III / Fallout 4 / The Forest,"액션 / RPG / 액션, 어드벤처, 인디, 시뮬레이션",ELDEN RING,"액션, RPG","본 게임은 본격적인 다크 판타지 세계를 무대로 한 액션 RPG입니다. 드넓은 필드와 던전 탐험을 통해 미지의 것들을 발견해 보세요. 앞길을 막아서는 난관과 그것을 극복했을 때의 달성감, 그리고 등장인물들의 의도가 교착하는 군상극도 즐기실 수 있습니다.",,,
B0424,A14,The Forest / 7 Days to Die / Sid Meier’s Civilization® VI,"액션, 어드벤처, 인디, 시뮬레이션 / 액션, 어드벤처, 인디, RPG, 시뮬레이션, 전략 / 전략",Wasteland Bites,"어드벤처, 시뮬레이션","Wasteland Bites is a horror-based food truck sim. Cooking up questionable cuisine in your post-apocalyptic food truck is tough. Fending off mutants, UFOs, rabid dogs, and things lurking in the dark? That's the real challenge. A chaotic mix of cooking and survival in a long gone world.",,,
B0425,A19,Garry's Mod / Team Fortress 2 / Left 4 Dead 2,"캐주얼, 인디, 시뮬레이션 / 액션, 무료 플레이 / 액션",Killing Floor 2,액션,"In KILLING FLOOR 2, players descend into continental Europe after it has been overrun by horrific, murderous clones called Zeds that were created by rogue elements of the Horzine Corporation. 6-player Co-Op & 12-player VS Zed-slaughtering mayhem.",,,
B0426,A07,Hardspace: Shipbreaker / Hacknet / The Case of the Golden Idol / 방 탈출 시뮬레이터 / shapez 2 - Factory,"시뮬레이션 / 인디, 시뮬레이션 / 어드벤처, 인디 / 어드벤처, 캐주얼, 인디, 시뮬레이션 / 캐주얼, 인디, 시뮬레이션, 전략",Hacker Simulator,"인디, 시뮬레이션","해커가 되어 온라인 평판을 최정상까지 끌어올리세요. 계약을 완료하고, 새 프로그램을 구입하고, 컴퓨터를 업그레이드하고, Wi-Fi 네트워크를 해킹하여 개인이나 기업의 온라인 시스템에 침투하세요.",,,
B0427,A10,Death's Door / Children of Morta / Roboquest / Spelunky 2 / Nuclear Throne / Streets of Rogue / Neon Abyss / Curse of the Dead Gods / Rogue Legacy 2 / Have a Nice Death,"액션, 어드벤처, 인디, RPG / 액션, 어드벤처, 인디, RPG / 액션, 인디 / 액션, 인디 / 액션, 인디, RPG / 액션, 어드벤처, 인디, RPG / 액션, 어드벤처, 인디, RPG / 액션, 어드벤처 / 액션, 어드벤처, 인디, RPG / 액션, 인디",Bloody Trapland 2: Curiosity,"액션, 어드벤처, 캐주얼, 인디","Take on the hard yet fair world of Bloody Trapland. Jump, slide, dash and dodge your way through the many deadly levels. Find secrets, solve puzzles, unlock mysteries and unravel the story. Go at it alone or bring your friends along for a co-op experience like no other. 1-4 players online and/or spl",,,
B0428,A09,Hearts of Iron IV / Europa Universalis IV / Sid Meier's Civilization® V,"시뮬레이션, 전략 / 시뮬레이션, 전략 / 전략",Space Rogue,"인디, 시뮬레이션, 전략","Take on the role of a spaceship captain. Explore new worlds, and engage in intense ship-to-ship battles. Develop unique battle tactics, upgrade your ship, and recruit crew members as you fight for peace or piracy.",,,
B0429,A10,Death's Door / Children of Morta / Roboquest / Spelunky 2 / Nuclear Throne / Streets of Rogue / Neon Abyss / Curse of the Dead Gods / Rogue Legacy 2 / Have a Nice Death,"액션, 어드벤처, 인디, RPG / 액션, 어드벤처, 인디, RPG / 액션, 인디 / 액션, 인디 / 액션, 인디, RPG / 액션, 어드벤처, 인디, RPG / 액션, 어드벤처, 인디, RPG / 액션, 어드벤처 / 액션, 어드벤처, 인디, RPG / 액션, 인디",Suicide Countdown: 7 Days,"어드벤처, 인디, RPG","사망이 당신을 감싸는데 7일 밖에 남지 않았습니다. 어린 소년의 일상은 점점 뒤틀리고 기묘하고 무서운 사건들로 전개됩니다. 운명이 찾아오면, 당신은 선택할 용기가 있을까요?",,,
B0430,A14,The Forest / 7 Days to Die / Sid Meier’s Civilization® VI,"액션, 어드벤처, 인디, 시뮬레이션 / 액션, 어드벤처, 인디, RPG, 시뮬레이션, 전략 / 전략",Infectonator: Survivors,"액션, 어드벤처, 인디, RPG, 시뮬레이션, 전략","""Infectonator : Survivors"" is a Randomized Permadeath Survival Simulator that combines RTS, Tower Defense, Roguelike, and Management-Simulation gameplay. The goal is to lead a group of survivors in a struggle to stay alive and find rescue in a zombie apocalyptic world.",,,
B0431,A01,DARK SOULS™ III / Fallout 4 / The Forest,"액션 / RPG / 액션, 어드벤처, 인디, 시뮬레이션",Wo Long: Fallen Dynasty,"액션, 어드벤처, RPG",「인왕」을 제작한 Team NINJA가 제공하는 다크 심국지 소울라이크 게임,,,
B0432,A03,Salt and Sanctuary,"액션, 인디, RPG",The Surge 2,"액션, RPG",살아남으려면 광대하게 펼쳐친 황량한 제리코 시티를 탐험하세요. 무자비하고 가차없는 전투 속에서 휘몰아치는 맹렬한 공격에 맞서 싸우며 상대의 사지를 찢어발긴 뒤 장비를 탈취하세요.,,,
B0433,A25,Raft / Stardew Valley / Counter-Strike 2,"어드벤처, 인디, 시뮬레이션 / 인디, RPG, 시뮬레이션 / 액션, 무료 플레이",Research Story,"캐주얼, 인디, RPG, 시뮬레이션","Set out to discover and record plants and creatures for the Violet Archive. Grow crops, tame animals, and build the perfect farm! Forge friendships along the way as you begin your life as a researcher!",,,
B0434,A05,A Short Hike / ISLANDERS / Gorogoa,"어드벤처, 인디 / 캐주얼, 인디, 전략 / 어드벤처, 캐주얼, 인디",TheoTown,"어드벤처, 캐주얼, 인디, 시뮬레이션, 전략",Build and manage your dream city in this captivating simulation game. Create unique urban landscapes and enjoy compatibility with the mobile versions. Unleash your creativity and shape the metropolis of your dreams.,,,
B0435,A26,Counter-Strike 2 / PUBG: BATTLEGROUNDS / 톰 클랜시의 레인보우식스 시즈,"액션, 무료 플레이 / 액션, 어드벤처, 대규모 멀티플레이어, 무료 플레이 / 액션, 무료 플레이",Blaite,"액션, 어드벤처, 캐주얼, 인디","A platform game so difficult and at the same time, so addictive that you will enjoy having to repeat a levels dozens of times until complete them.",,,
B0436,A07,Hardspace: Shipbreaker / Hacknet / The Case of the Golden Idol / 방 탈출 시뮬레이터 / shapez 2 - Factory,"시뮬레이션 / 인디, 시뮬레이션 / 어드벤처, 인디 / 어드벤처, 캐주얼, 인디, 시뮬레이션 / 캐주얼, 인디, 시뮬레이션, 전략",Hacker Evolution,시뮬레이션,"Hacker Evolution is a hacking simulation game, featuring unparalleled graphics and features. You play the role of a former intelligence agent, specializing in computer security. When a chain of events sets off worldwide, leaving critical service disabled, you assume the role a computer hacker to fin",,,
B0437,A15,No Man's Sky / 서브노티카 / Slime Rancher,"액션, 어드벤처 / 어드벤처, 인디 / 액션, 어드벤처, 인디, 시뮬레이션",Project Silverfish,"액션, 어드벤처, 인디, 앞서 해보기","Explore a hostile, living world: Uncover forgotten horrors, both man-made and supernatural, as you hunt for powerful weapons and exotic artifacts.",,,
B0438,A13,Sid Meier's Civilization® V / Europa Universalis IV / Human Fall Flat,"전략 / 시뮬레이션, 전략 / 어드벤처, 캐주얼, 인디, 시뮬레이션",Supreme Ruler 2030,"시뮬레이션, 전략","Rise to power as any modern day country in a realistic military, political and economic simulation. Command your country's diplomacy, espionage, and resource management to strengthen your position. Use real-time tactical control of your military to fortify your place as the Supreme Ruler.",,,
B0439,A25,Raft / Stardew Valley / Counter-Strike 2,"어드벤처, 인디, 시뮬레이션 / 인디, RPG, 시뮬레이션 / 액션, 무료 플레이",Fantasy Strike,"액션, 캐주얼, 인디, 무료 플레이","A fighting game designed from the ground up to be so easy to control that even non-fighting game players can play it, yet deep enough to play in tournaments. Vibrant graphics and excellent online play.",,,
B0440,A23,The Witcher 3: Wild Hunt / The Elder Scrolls V: Skyrim Special Edition / BeamNG.drive,"RPG / RPG / 레이싱, 시뮬레이션, 앞서 해보기",Offroad Mania,"어드벤처, 레이싱, 시뮬레이션","Offroad Mania — off-road 4x4 driving simulator based on realistic car physics. Modes: Classic (240 levels), Free Roam, Racing, Endless, Winter (rocks, mud, snow, water, logs, trees, bridges, ramps). Vehicles: 10+ amazing 4×4 cars for your driving fun. Free updates!",,,
B0441,A03,Salt and Sanctuary,"액션, 인디, RPG",Out of Reach,"액션, 어드벤처, 인디, 대규모 멀티플레이어, RPG, 시뮬레이션","폭풍우는 지나갔지만 아직 당신은 위험에서 벗어나지 못 했습니다. 파도가 당신을 미지의 섬에 밀어 넣었기 때문이죠. 먹을 것과 자원을 찾고, 장비를 제작하며 머무를 곳을 만드는 것은 가장 기본적인 생존 수단일 뿐입니다. 완벽한 생존을 위해서는 더 많은 노력이 필요합니다. 비록 세상과 동떨어져 있지만, 이곳은 황폐한 곳이 아닙니다. 씨를 심고 밭을 일구며, 배를 타고 끝 없는 탐험이 가능한 이곳, 잊혀진 섬에서 새로운 세상을 개척해 봅시다!",,,
B0442,A20,Team Fortress 2 / Left 4 Dead 2 / Terraria,"액션, 무료 플레이 / 액션 / 액션, 어드벤처, 인디, RPG",Son of a Witch,"액션, 어드벤처, 인디","Action roguelike for 1-4 players with cute graphics and deep game mechanics. Combine dozens of different weapons, magic items, potions and spells with unique effects to beat 8 enemy factions and 28 bosses. Can you find the ancient goblin artifact at the end of the dungeon?",,,
B0443,A07,Hardspace: Shipbreaker / Hacknet / The Case of the Golden Idol / 방 탈출 시뮬레이터 / shapez 2 - Factory,"시뮬레이션 / 인디, 시뮬레이션 / 어드벤처, 인디 / 어드벤처, 캐주얼, 인디, 시뮬레이션 / 캐주얼, 인디, 시뮬레이션, 전략",Little Big Workshop,"시뮬레이션, 전략","직원, 작업대, 기계를 관리하고 멋진 물건을 만들어서 작은 규모의 작업장을 꿈의 공장으로 성장시키세요!",,,
B0444,A02,Sid Meier’s Civilization® VI / XCOM® 2 / Stellaris,"전략 / 전략 / 시뮬레이션, 전략",Intravenous 2,"액션, 어드벤처, 전략","Intravenous 2는 전술적 게임플레이와 몰입적인 스토리텔링의 궁극적인 조화입니다. 그림자를 포용할 것인가, 아니면 적에게 당당히 맞설 것인가? 선택은 당신의 것입니다. 새로운 전술 은신 액션의 시대를 경험하세요. 생명을 구하고 비밀을 밝혀내며 복수하세요.",,,
