pair_key,프로필,좋아하는_게임,좋아하는_게임_장르,좋아하는_게임_설명,추천_게임,추천_게임_장르,추천_게임_설명,적합도,이유태그,메모
B0001,A29,Salt and Sanctuary,"액션, 인디, RPG","[Salt and Sanctuary] 두렵고도 잔혹한 섬의 탐험을 시작합니다… Salt and Sanctuary는 신속하고, 잔인하며, 복잡한 전투 시스템을 지닌 2D RPG입니다. 저주받은 도시의 잊힌 영역이나, 피에 물든 던전이나, 오염된 기념비와 같은 장소를 돌아다니며, 한때 축복을 받았지만 지금은 타락하고 만 영주들을 조우하세요.",First Dwarf,"액션, 어드벤처, 인디, RPG, 앞서 해보기","드워프 메카를 조종하고 드래곤과 함께 하세요. 기지 건설, 탐험, 생존이 결합된 액션 RPG에서 하늘을 떠도는 섬을 탐험하고 타락한 적들과 싸우며 붕괴된 세계의 비밀을 밝혀보세요. 싱글 또는 온라인 협동 지원.",1,GENRE_ONLY,
B0002,A17,Lethal Company / Phasmophobia / Deep Rock Galactic,"액션, 어드벤처, 인디, 앞서 해보기 / 액션, 인디, 앞서 해보기 / 액션","[Lethal Company] A co-op horror about scavenging at abandoned moons to sell scrap to the Company. ‖ [Phasmophobia] Phasmophobia is a 4 player online co-op psychological horror. Paranormal activity is on the rise and it’s up to you and your team to use all the ghost-hunting equipment at your dis ‖ [Deep Rock Galactic] 딥 락 갤럭틱은 1-4인의 플레이어가 협동하는 FPS 게임으로, 상남자 우주 드워프, 100% 파괴 가능한 맵 환경, 절차적 생성 동굴 지형, 그리고 끊임없이 등장하는 외계 괴물 무리가 특징입니다.",Paranormal Hunter,"액션, 캐주얼, 인디, 앞서 해보기","Paranormal Hunter is a first-person co-op online multiplayer horror game with VR support. Explore ominous haunted locations, turn your fear into courage, and face sinister supernatural challenges.",3,,
B0003,A09,Roots of Yggdrasil / Ancient Gods / Flick Shot Rogues,"인디, 전략 / RPG, 전략 / 인디, 전략","[Roots of Yggdrasil] Build settlements, explore the Nine Realms, collect artifacts and upgrade your deck to reach the top of Yggdrasil in this post-Ragnarok roguelike city-builder! Can you survive the  ‖ [Ancient Gods] Ancient Gods is a fusion of hero collector and deck-building rogue-lite where you collect your character, fight, and experience exciting events. Any character can use all the cards ‖ [Flick Shot Rogues] 계획하고, 조준하고, 쏘세요! FLICK SHOT ROGUES는 테이블 위에서 물건을 튕기는 촉각적 만족감과 사람들이 좋아하는 턴제 로그라이크의 전략적 깊이를 결합한 게임입니다. 말도 안되는 콤보를 연결하고, 캐릭터, 아이템, 스킬을 잠금 해제하면서, 섬을 정복하세요!",Dice Legacy,"인디, 전략","다이스 레거시는 신비로운 링월드에서 펼쳐지는 주사위 기반 생존 및 도시 건설 게임입니다. 주사위를 굴려 자원을 확보하고, 정착지를 확장하고 지키고, 무사히 겨울을 나면서 이 괴상한 세계의 특이한 거주민들과 교류하세요.",3,,
B0004,A10,A Short Hike / ISLANDERS / Gorogoa,"어드벤처, 인디 / 캐주얼, 인디, 전략 / 어드벤처, 캐주얼, 인디","[A Short Hike] Hike, climb, and soar through the peaceful mountainside landscapes of Hawk Peak Provincial Park as you make your way to the summit. ‖ [ISLANDERS] ISLANDERS is a minimalist strategy game about building cities on colorful islands. ‖ [Gorogoa] Gorogoa(고로고아)는 Jason Roberts가 디자인하고 일러스트레이션을 손으로 그린 아름다운 차세대 퍼즐 게임입니다.",Karma. Incarnation 1,"어드벤처, 캐주얼, 인디","수많은 상을 수상한 이 어드벤처 게임 속에서는 반짝이는 유머, 짜릿한 퍼즐, 기상천외한 핸드메이드 애니메이션 세계를 통한 아름다운 두 영혼의 러브 스토리가 펼쳐집니다.",3,,
B0005,A14,Iron Brigade / Ancient Planet Tower Defense / Creeper World IXE,"액션, 전략 / 캐주얼, 인디, 전략 / 액션, 캐주얼, 인디, 시뮬레이션, 전략","[Iron Brigade] Join The Mobile Trench Brigade and protect humanity from the evil Monovision menace! ‖ [Ancient Planet Tower Defense] 고대 행성 타워 디펜스는 정통 타워 디펜스 게임입니다. 고대 문명의 요새가 외계 침략자들로부터 침략당했습니다. 고대의 강력한 기술을 사용하여 적군의 공격을 물리치십시오! ‖ [Creeper World IXE] The unstoppable alien force known as The Creeper has returned, devouring thousands of worlds in its path, and yours is next. Battle against the Creeper fluid in a groundbreaking pi",Rock of Ages,"액션, 인디, 레이싱, 전략","A rock-solid combination of rock-rolling action, deep strategy, and captivating art and music from different ages of history, this is a game of crush or be crushed!",2,,
B0006,A20,Counter-Strike 2 / PUBG: BATTLEGROUNDS / 톰 클랜시의 레인보우식스 시즈,"액션, 무료 플레이 / 액션, 어드벤처, 대규모 멀티플레이어, 무료 플레이 / 액션, 무료 플레이","[Counter-Strike 2] Counter-Strike는 20년이 넘는 시간 동안 전 세계 수백만 명의 플레이어가 모여 수준 높은 경쟁을 펼칠 수 있는 플랫폼을 제공해 왔습니다. 그리고 이제 곧 Counter-Strike 2와 함께 새로운 CS 시대의 막이 열립니다. ‖ [PUBG: BATTLEGROUNDS] 배틀로얄 유행의 시작이자, 그 정수를 보여준 PUBG: 배틀그라운드를 지금 무료로 플레이하세요! 다양한 맵에 낙하하여 무기와 보급품을 확보하고, 점점 줄어드는 블루존 속에서 끝까지 살아남아 승리를 쟁취하세요. ‖ [톰 클랜시의 레인보우식스 시즈] 톰 클랜시의 레인보우식스 시즈는 탁월한 계획과 기술이 승부를 좌우하는 전술적인 정예 팀 기반 슈팅 게임입니다.",Planetary Annihilation: TITANS,"액션, 인디, 전략","거대한 군대를 지휘해 태양계 전체를 뒤덮는 전쟁을 일으키십시오. 세계를 뒤흔드는 타이탄 클래스 유닛으로 적군을 섬멸하고, 거대한 초강력 무기로 행성을 파괴하십시오!",1,MODE_MISMATCH,
B0007,A29,Salt and Sanctuary,"액션, 인디, RPG","[Salt and Sanctuary] 두렵고도 잔혹한 섬의 탐험을 시작합니다… Salt and Sanctuary는 신속하고, 잔인하며, 복잡한 전투 시스템을 지닌 2D RPG입니다. 저주받은 도시의 잊힌 영역이나, 피에 물든 던전이나, 오염된 기념비와 같은 장소를 돌아다니며, 한때 축복을 받았지만 지금은 타락하고 만 영주들을 조우하세요.",Moon Hunters,"어드벤처, 인디, RPG","Play alone or with friends! A co-op personality test about exploring an ancient, occult world in 5 days. How will you be remembered?",1,MODE_MISMATCH,
B0008,A27,The Raven Remastered / The Frostrune / Mad Experiments: Escape Room,"어드벤처 / 어드벤처 / 어드벤처, 캐주얼, 인디, 시뮬레이션, 전략","[The Raven Remastered] London, 1964. An ancient ruby is stolen from the British Museum. At the crime scene: a raven feather. Is somebody trying to follow in the footsteps of The Raven, the legendary mast ‖ [The Frostrune] Unravel a mystery inspired by Viking myth and legend in The Frostrune, a classic point-and-click adventure based on historically accurate Norse culture and environments. ‖ [Mad Experiments: Escape Room] 수상 후보에 오른 이스케이프 게임 1인 또는 최대 5인까지 플레이하며 3개의 독특한 방을 탐험하고, 두뇌를 자극하는 퍼즐을 풀며 체셔 교수와 그의 실험에 얽힌 어두운 비밀을 밝혀보세요.",Unboxing the Cryptic Killer,"어드벤처, 캐주얼, 인디","2인 협동 퍼즐 게임을 플레이하며 수수께끼 상자를 풀어보세요. 두 명의 수사관이 되어 힘을 합쳐 퍼즐을 풀고, 효과적으로 소통하며 암호를 해독하여 수수께끼 살인마보다 한 수 앞서가세요.",3,,
B0009,A06,Cities: Skylines / Factorio / Farming Simulator 22,"시뮬레이션, 전략 / 캐주얼, 인디, 시뮬레이션, 전략 / 시뮬레이션","[Cities: Skylines] Cities: Skylines is a modern take on the classic city simulation. The game introduces new game play elements to realize the thrill and hardships of creating and maintaining a real  ‖ [Factorio] Factorio는 무한한 2D 세상에서 복잡성이 증가하는 아이템을 생산하기 위해 자동화 공장을 만드는 게임입니다. - 당신의 상상력으로 공장을 설계, 독창적인 방법으로 간단한 요소를 결합하고 마지막엔 당신을 좋아하지 않는 생물들로 부터 공장을 지키세요. ‖ [Farming Simulator 22] 농장을 만들고 농사를 즐기세요! 작물을 수확하고, 동물을 돌보고, 생산을 관리하고, 계절에 따른 어려움을 이겨내세요.",Workers & Resources: Soviet Republic 워커스 앤 리소스: 소비에트 리퍼블릭,"시뮬레이션, 전략","복잡한 생산망과 완전하게 구현된 글로벌 경제를 갖춘 도시 건설 게임입니다. 소비에트 공화국을 빈곤국에서 부유한 산업 강대국으로 발전시키세요. 교육에서부터 근로, 당 충성도, 범죄 활동에 이르기까지 시민들의 삶을 관리하세요.",3,,
B0010,A34,Pid / ChromaGun / Deer & Boy,"어드벤처, 인디 / 액션, 어드벤처, 인디 / 액션, 어드벤처, 인디","[Pid] You are stranded on a strange and peculiar planet. It’s time to embark on your journey and find your way home! Explore a gravity defying and challenging platformer with striking vi ‖ [ChromaGun] Welcome to ChromaTec’s test lab! You’re here to test our state-of-the-art military-grade color-technology: The ChromaGun (patent pending)! Use it to solve our meticulously designed ‖ [Deer & Boy] 도망친 소년은 길 잃은 어린 사슴을 만나 고요하면서도 위태로운 세상을 함께 헤쳐 나갑니다. 퍼즐을 풀고, 높은 곳에 오르고, 위협을 피해 나아가며 당신의 동료는 연약한 아기 사슴에서 어엿한 사슴으로 성장하죠. 혼자서는 할 수 없었던 일을 함께 해내는 법을 배우게 됩니다.",사랑스러운 모험기,"어드벤처, 캐주얼, 인디","코 사용법을 배워 산불로 뿔뿔이 흩어진 가족과 재회해야 하는 호기심 가득한 새끼 멧돼지 보리스가 되어보세요. 아늑한 동물 어드벤처 게임에서 자연과 교감하며 아름다운 풍경을 탐험하고, 향기를 추적하고, 비밀을 밝혀내세요.",2,,
B0011,A24,Valheim / Grounded / My Time at Portia,"액션, 어드벤처, 인디, RPG, 앞서 해보기 / 액션, 어드벤처 / 어드벤처, 캐주얼, 인디, RPG, 시뮬레이션","[Valheim] 북구 신화와 바이킹 문화에 기반한 판타지 세계를 배경으로 펼쳐지는 생존 및 탐험 게임. ‖ [Grounded] The world is a vast, beautiful and dangerous place – especially when you have been shrunk to the size of an ant. Can you thrive alongside the hordes of giant insects, fighting to s ‖ [My Time at Portia] 아름다운 Portia 마을에서 새 삶을 시작하세요! 아버지가 방치한 작업장에서 제작을 부탁받고, 작물을 키우고, 가축을 기르고, 아름다운 세기말의 땅에서 특이한 친구들을 사귀며 작업장을 예전의 멋진 모습으로 복원하세요.",Stranded Deep,"어드벤처, 인디",Take the role of a plane crash survivor stranded somewhere in the Pacific Ocean. Come face to face with some of the most life threatening scenarios that will result in a different experience each time you play. Scavenge. Discover. Survive.,3,,
B0012,A07,Into the Breach / Monster Train / Mini Metro,"인디, RPG, 시뮬레이션, 전략 / 전략 / 인디, 시뮬레이션, 전략","[Into the Breach] 미래의 강력한 메크를 조종하여 외계 세력을 물리치세요. 이 턴제 전략 게임에서는 세계를 구하려 시도할 때마다 무작위로 새롭게 생성되는 도전이 여러분 앞에 나타납니다. ‖ [Monster Train] Monster Train is a strategic roguelike deck building game with a twist. Set on a train to hell, you’ll use tactical decision making to defend multiple vertical battlegrounds. With  ‖ [Mini Metro] 미니 메트로는 성장하는 도시를 위해 지하철 노선을 설계하는 게임입니다. 역과 역 사이에 노선을 그려서 열차 운행을 시작하세요. 새로운 역이 열리면 노선을 수정해서 노선도를 효율적으로 유지하세요. 한정된 자원을 어느 곳에 사용할 것인지 결정하세요. 도시를 얼마나 오래 유지할 수 있을까요?",Chaos Galaxy,"인디, 전략","A pixel-art turn-based Galaxy total war game. You can select 14 factions, 61 heroes, hundreds of warships and mecha, and command multiple fleets to carry out grand strategic operations on the map of the galaxy.",2,,
B0013,A09,Roots of Yggdrasil / Ancient Gods / Flick Shot Rogues,"인디, 전략 / RPG, 전략 / 인디, 전략","[Roots of Yggdrasil] Build settlements, explore the Nine Realms, collect artifacts and upgrade your deck to reach the top of Yggdrasil in this post-Ragnarok roguelike city-builder! Can you survive the  ‖ [Ancient Gods] Ancient Gods is a fusion of hero collector and deck-building rogue-lite where you collect your character, fight, and experience exciting events. Any character can use all the cards ‖ [Flick Shot Rogues] 계획하고, 조준하고, 쏘세요! FLICK SHOT ROGUES는 테이블 위에서 물건을 튕기는 촉각적 만족감과 사람들이 좋아하는 턴제 로그라이크의 전략적 깊이를 결합한 게임입니다. 말도 안되는 콤보를 연결하고, 캐릭터, 아이템, 스킬을 잠금 해제하면서, 섬을 정복하세요!",Roll & Reign,"캐주얼, 인디, 시뮬레이션, 전략","Roll & Reign is a turn-based roguelike deckbuilder. Build a city from scratch while paying tribute to the emperor. Manage your dice rolls, upgrade or modify them, and choose the most suitable buildings for your strategy.",3,,
B0014,A17,Lethal Company / Phasmophobia / Deep Rock Galactic,"액션, 어드벤처, 인디, 앞서 해보기 / 액션, 인디, 앞서 해보기 / 액션","[Lethal Company] A co-op horror about scavenging at abandoned moons to sell scrap to the Company. ‖ [Phasmophobia] Phasmophobia is a 4 player online co-op psychological horror. Paranormal activity is on the rise and it’s up to you and your team to use all the ghost-hunting equipment at your dis ‖ [Deep Rock Galactic] 딥 락 갤럭틱은 1-4인의 플레이어가 협동하는 FPS 게임으로, 상남자 우주 드워프, 100% 파괴 가능한 맵 환경, 절차적 생성 동굴 지형, 그리고 끊임없이 등장하는 외계 괴물 무리가 특징입니다.",파멸 협약,"액션, 인디, 전략","총구를 괴물 목에 처넣어라!홀로 남겨진 우주선 안에 지옥같이 구원 없고 오직 총과 본능뿐.사방은 울부짖는 괴물, 진동하는 금속 복도.쏴라!부숴라!전진하라!진정한 사나이의 전장이다.DOOM 폭력미+로그라이트의 살벌함.매번 클리어는 너의 한계를 묻는다.어둠 속에서 총구불이 운명을 비춘다.",2,,
B0015,A28,Dordogne / A YEAR OF SPRINGS / Botany Manor,"어드벤처, 인디 / 캐주얼, 인디, 시뮬레이션 / 어드벤처","[Dordogne] 이 유년 시절의 여정에서 특별한 내러티브에 몰입하며 도르도뉴의 수천 가지 여름의 색을 탐험하고, 추억을 떠올리며 가족의 비밀을 밝히세요. ‖ [A YEAR OF SPRINGS] 세 명의 여성, 세 개의 이야기, 세 개의 봄. 세 명의 친구들이 사랑, 공감, 그리고 단지 함께하고 싶어하는 감정에 대한 방향을 찾아나가는 3 부작 비주얼 노벨 A YEAR OF SPRINGS 에서 하루, 에리카, 마나미의 이야기를 체험하세요. ‖ [Botany Manor] Welcome to Botany Manor, a stately home in 19th century England. You play as inhabitant Arabella Greene, a retired botanist. Explore your house and gardens, filled with research, t",The Suicide of Rachel Foster,"어드벤처, 캐주얼, 인디","오랜 세월 후에 가족이 경영하던 호텔로 돌아왔다가 과거의 망령에 붙들리고 만 한 여인. 그녀는 본연의 강한 의지력을 바탕으로, 오로지 낡은 무선 전화 한 대에 기대어 끔찍한 진실을 밝혀내야 합니다.",2,,
B0016,A28,Dordogne / A YEAR OF SPRINGS / Botany Manor,"어드벤처, 인디 / 캐주얼, 인디, 시뮬레이션 / 어드벤처","[Dordogne] 이 유년 시절의 여정에서 특별한 내러티브에 몰입하며 도르도뉴의 수천 가지 여름의 색을 탐험하고, 추억을 떠올리며 가족의 비밀을 밝히세요. ‖ [A YEAR OF SPRINGS] 세 명의 여성, 세 개의 이야기, 세 개의 봄. 세 명의 친구들이 사랑, 공감, 그리고 단지 함께하고 싶어하는 감정에 대한 방향을 찾아나가는 3 부작 비주얼 노벨 A YEAR OF SPRINGS 에서 하루, 에리카, 마나미의 이야기를 체험하세요. ‖ [Botany Manor] Welcome to Botany Manor, a stately home in 19th century England. You play as inhabitant Arabella Greene, a retired botanist. Explore your house and gardens, filled with research, t",Shan Gui (山桂),"어드벤처, 캐주얼, 인디","여름의 끝. 대학생 한 휴이는 산에서 희 지아라 이름 밝힌 불가사의한 소녀를 만나게 됩니다. 이 우연한 만남을 통해, 두 소녀는 유쾌한 여행을 떠납니다.",3,,
B0017,A34,Pid / ChromaGun / Deer & Boy,"어드벤처, 인디 / 액션, 어드벤처, 인디 / 액션, 어드벤처, 인디","[Pid] You are stranded on a strange and peculiar planet. It’s time to embark on your journey and find your way home! Explore a gravity defying and challenging platformer with striking vi ‖ [ChromaGun] Welcome to ChromaTec’s test lab! You’re here to test our state-of-the-art military-grade color-technology: The ChromaGun (patent pending)! Use it to solve our meticulously designed ‖ [Deer & Boy] 도망친 소년은 길 잃은 어린 사슴을 만나 고요하면서도 위태로운 세상을 함께 헤쳐 나갑니다. 퍼즐을 풀고, 높은 곳에 오르고, 위협을 피해 나아가며 당신의 동료는 연약한 아기 사슴에서 어엿한 사슴으로 성장하죠. 혼자서는 할 수 없었던 일을 함께 해내는 법을 배우게 됩니다.",Overloop,"액션, 어드벤처, 인디","이 독창적인 퍼즐 플랫폼 게임에서 클론 건을 쏴서 자신의 복제 인간을 만드세요. 클론을 발판으로 쓰거나, 트리거 플레이트를 계속 누르게 만들거나, 레이저 빔을 막는 용도로 사용하세요. 윤리적으로 문제는 없을까요? 그럴지도 모르죠. 하지만 디스토피아 제국을 전복시키기 위해 사용하는 거라면 어떨까요? 그렇다면 괜찮을지도 몰라요!",3,,
B0018,A23,Vomitoreum / Tales of Kenzera™: ZAU / Shantae: Half-Genie Hero,"액션, 어드벤처, 인디 / 액션, 어드벤처, 인디 / 액션, 어드벤처, 인디","[Vomitoreum] Vomitoreum is an FPS Metroidvania with a focus on atmosphere and horror, inspired by the paintings of Zdzisław Beksiński. ‖ [Tales of Kenzera™: ZAU] 샤먼의 춤을 추세요. 아버지의 영혼을 되찾으세요. Surgent Studios가 제작한 메트로이드바니아 스타일의 어드벤처 게임 Tales of Kenzera™: ZAU에서 죽음의 신과 함께 아름답고 위험한 켄제라의 땅으로 용감하게 모험을 떠나세요. ‖ [Shantae: Half-Genie Hero] Shantae embarks on her first full HD adventure! When a mysterious crime wave sweeps Sequin Land, it’s up to Half-Genie Hero Shantae to save the day! Use Shantae’s devastating Hair-",House,"액션, 어드벤처, 인디",Try to survive through the night in a house that's trying its best to kill you and your family.,0,KEYWORD_MATCH,
B0019,A23,Vomitoreum / Tales of Kenzera™: ZAU / Shantae: Half-Genie Hero,"액션, 어드벤처, 인디 / 액션, 어드벤처, 인디 / 액션, 어드벤처, 인디","[Vomitoreum] Vomitoreum is an FPS Metroidvania with a focus on atmosphere and horror, inspired by the paintings of Zdzisław Beksiński. ‖ [Tales of Kenzera™: ZAU] 샤먼의 춤을 추세요. 아버지의 영혼을 되찾으세요. Surgent Studios가 제작한 메트로이드바니아 스타일의 어드벤처 게임 Tales of Kenzera™: ZAU에서 죽음의 신과 함께 아름답고 위험한 켄제라의 땅으로 용감하게 모험을 떠나세요. ‖ [Shantae: Half-Genie Hero] Shantae embarks on her first full HD adventure! When a mysterious crime wave sweeps Sequin Land, it’s up to Half-Genie Hero Shantae to save the day! Use Shantae’s devastating Hair-",Freedom Planet 2,"액션, 어드벤처, 인디",The fast paced platforming of Freedom Planet returns! Become a full-time cartoon heroine and use abilities and items suited to your play style to explore the world of Avalice and defend its animal citizens!,3,,
B0020,A31,Hearts of Iron IV / Europa Universalis IV / Sid Meier's Civilization® V,"시뮬레이션, 전략 / 시뮬레이션, 전략 / 전략","[Hearts of Iron IV] Victory is at your fingertips! Your ability to lead your nation is your supreme weapon, the strategy game Hearts of Iron IV lets you take command of any nation in World War II; the ‖ [Europa Universalis IV] 비교할 수 없는 자유도, 깊이 있는 스토리, 정확한 역사적 고증을 즐기며 국토를 다스리고 세계를 정복하세요. 세계 역사를 새롭게 쓰며 시대를 풍미할 제국을 만드세요. ‖ [Sid Meier's Civilization® V] Create, discover, and download new player-created maps, scenarios, interfaces, and more!",Chris Sawyer's Locomotion™,"시뮬레이션, 전략",Explore a vast and detailed world and build a Transportation Empire!,1,IRRELEVANT,
B0021,A03,Balatro / Hades / Vampire Survivors,"캐주얼, 인디, 전략 / 액션, 인디, RPG / 액션, 캐주얼, 인디, RPG","[Balatro] 포커 로그라이크 게임. Balatro는 불법 포커 패로 게임을 하고, 판을 뒤엎는 조커를 발견하고, 아드레날린이 치솟는 강력한 콤보를 만드는 덱 빌딩 게임입니다. ‖ [Hades] Bastion, Transistor, Pyre의 제작사에서 선보이는 이 로그라이크 던전 탐색형 게임에서 핵 앤 슬래시로 지하 세계를 탈출하고 죽음의 신에게 도전하세요. ‖ [Vampire Survivors] 수많은 어둠의 피조물을 쓰러뜨리며 새벽이 올 때까지 생존하세요! Vampire Survivors는 로그라이트 요소를 갖춘 고딕 호러 케주얼 게임입니다. 당신의 선택으로 순식간에 수백 마리의 괴물이 눈덩이처럼 불어날 수 있죠.",Twilight Survivors,"액션, 어드벤처, 캐주얼, 인디, RPG",rogue-lite 요소와 귀여운 아트 스타일을 결합한 생존 게임입니다! 세상이 어둠에 빠져 당신만이 유일한 희망의 빛입니다. 버텨낼 수 있을까요? 아니면 여러 번의 죽음을 맞이할까요? 더 많은 코인을 모아 자신을 강화하세요!,3,,
B0022,A17,Lethal Company / Phasmophobia / Deep Rock Galactic,"액션, 어드벤처, 인디, 앞서 해보기 / 액션, 인디, 앞서 해보기 / 액션","[Lethal Company] A co-op horror about scavenging at abandoned moons to sell scrap to the Company. ‖ [Phasmophobia] Phasmophobia is a 4 player online co-op psychological horror. Paranormal activity is on the rise and it’s up to you and your team to use all the ghost-hunting equipment at your dis ‖ [Deep Rock Galactic] 딥 락 갤럭틱은 1-4인의 플레이어가 협동하는 FPS 게임으로, 상남자 우주 드워프, 100% 파괴 가능한 맵 환경, 절차적 생성 동굴 지형, 그리고 끊임없이 등장하는 외계 괴물 무리가 특징입니다.",Ghost Exile,"액션, 인디, 앞서 해보기","Ghost Exile - is a cooperative horror from 1 to 4 players: when hunting for ghosts, you need to determine the type of ghost, carry out a ritual of exorcism and then the ghost can no longer harm anyone. Be careful! Hasty conclusions can lead you to a sad outcome.",3,,
B0023,A19,ELDEN RING / Disco Elysium - The Final Cut / Outer Wilds,"액션, RPG / RPG / 액션, 어드벤처","[ELDEN RING] 본 게임은 본격적인 다크 판타지 세계를 무대로 한 액션 RPG입니다. 드넓은 필드와 던전 탐험을 통해 미지의 것들을 발견해 보세요. 앞길을 막아서는 난관과 그것을 극복했을 때의 달성감, 그리고 등장인물들의 의도가 교착하는 군상극도 즐기실 수 있습니다. ‖ [Disco Elysium - The Final Cut] 디스코 엘리시움 - 최종판은 획기적인 오픈 월드 롤플레잉 게임입니다. 당신은 독특한 스킬 시스템을 갖춘 형사로서 오롯한 도시 블록을 당신의 미래를 닦기 위해 다듬을 수 있습니다. 잊지 못할 등장인물들을 심문하거나, 살인 사건을 해결하거나, 뇌물을 받으세요. 영웅이 되거나 인류의 완전한 재앙이 되세요. ‖ [Outer Wilds] Giant Bomb, Polygon, Eurogamer, The Guardian에 의해 2019년 올해의 게임에 이름을 올리며 냉정한 호평과 수상 실적이 있는 Outer Wilds는 무한 시간 루프에 갇힌 태양계에 관한 공개된 세계의 미스터리 게임입니다.",炽澜号,"어드벤처, RPG, 시뮬레이션","In""FLAM EVAW "", you will continue to embody the community detective Maple Kurosawa, using your powerful detective and hacker skills to embark on a journey of investigation against the Rainbow Crime Organization with several female assistants of different styles.",2,,
B0024,A24,Valheim / Grounded / My Time at Portia,"액션, 어드벤처, 인디, RPG, 앞서 해보기 / 액션, 어드벤처 / 어드벤처, 캐주얼, 인디, RPG, 시뮬레이션","[Valheim] 북구 신화와 바이킹 문화에 기반한 판타지 세계를 배경으로 펼쳐지는 생존 및 탐험 게임. ‖ [Grounded] The world is a vast, beautiful and dangerous place – especially when you have been shrunk to the size of an ant. Can you thrive alongside the hordes of giant insects, fighting to s ‖ [My Time at Portia] 아름다운 Portia 마을에서 새 삶을 시작하세요! 아버지가 방치한 작업장에서 제작을 부탁받고, 작물을 키우고, 가축을 기르고, 아름다운 세기말의 땅에서 특이한 친구들을 사귀며 작업장을 예전의 멋진 모습으로 복원하세요.",Crashlands,"액션, 어드벤처, 인디, RPG","Fight and tame alien beasts, craft resources into menacing weaponry, befriend the outlandish locals, and go toe-to-chin with a world-domineering maniac.",3,,
B0025,A20,Counter-Strike 2 / PUBG: BATTLEGROUNDS / 톰 클랜시의 레인보우식스 시즈,"액션, 무료 플레이 / 액션, 어드벤처, 대규모 멀티플레이어, 무료 플레이 / 액션, 무료 플레이","[Counter-Strike 2] Counter-Strike는 20년이 넘는 시간 동안 전 세계 수백만 명의 플레이어가 모여 수준 높은 경쟁을 펼칠 수 있는 플랫폼을 제공해 왔습니다. 그리고 이제 곧 Counter-Strike 2와 함께 새로운 CS 시대의 막이 열립니다. ‖ [PUBG: BATTLEGROUNDS] 배틀로얄 유행의 시작이자, 그 정수를 보여준 PUBG: 배틀그라운드를 지금 무료로 플레이하세요! 다양한 맵에 낙하하여 무기와 보급품을 확보하고, 점점 줄어드는 블루존 속에서 끝까지 살아남아 승리를 쟁취하세요. ‖ [톰 클랜시의 레인보우식스 시즈] 톰 클랜시의 레인보우식스 시즈는 탁월한 계획과 기술이 승부를 좌우하는 전술적인 정예 팀 기반 슈팅 게임입니다.",Abyssus,"액션, 어드벤처, 인디","장비를 선택하고 전설적인 힘을 휘두르며 심해 속 문명의 타락한 적들을 물리치세요. 1인에서 4인까지 플레이 가능한 쾌속 템포의 FPS 로그라이트, '브라인펑크' 스타일 어드벤처 게임, Abyssus를 만나보세요.",2,,
B0026,A01,It Takes Two / Overcooked! 2 / What Remains of Edith Finch,"액션, 어드벤처 / 액션, 캐주얼, 인디 / 어드벤처, 인디","[It Takes Two] It Takes Two에서 생애 가장 정신없는 여정을 시작하세요. 친구가 무료로 참가할 수 있게 친구 패스*로 초대하고, 함께 힘을 합쳐서 수많은 유쾌하고 획기적인 게임 플레이 챌린지를 헤쳐나가세요. ‖ [Overcooked! 2] 혼란스러운 요리 액션으로 가득한 Overcooked가 돌아왔습니다! 양파 왕국으로 돌아가는 여행을 떠나세요. 클래식 협동 또는 온라인 플레이에서 셰프 팀을 만들어서 최대 4명까지 플레이하세요. 앞치마를 준비하세요... 다시 세상을 구할 때가 되었습니다! ‖ [What Remains of Edith Finch] What Remains of Edith Finch(워트 리메인스 오브 에디스 핀치)는 워싱턴 주에 있는 어느 가족에 대한 이상한 이야기의 모음입니다. 플레이어는 에디스가 되어 거대한 핀치 가택을 탐사하고, 가족사를 연구하며 이야기를 찾고, 왜 가족 중에서 그녀만 살아남았는지 알아내야 합니다. 각 이야기는 새로운 가족 구성",Bone's Cafe,"액션, 캐주얼, 인디, 시뮬레이션, 전략","Bone's Cafe is a fast paced, 1-4 Players couch co-op, cooking game. Customize the layout of your kitchen to guarantee your success. Specialize your menu in ingredients and recipes to design your ultimate cafe. Put your necromancy skills to the test and raise your own undead kitchen staff.",3,,
B0027,A31,Hearts of Iron IV / Europa Universalis IV / Sid Meier's Civilization® V,"시뮬레이션, 전략 / 시뮬레이션, 전략 / 전략","[Hearts of Iron IV] Victory is at your fingertips! Your ability to lead your nation is your supreme weapon, the strategy game Hearts of Iron IV lets you take command of any nation in World War II; the ‖ [Europa Universalis IV] 비교할 수 없는 자유도, 깊이 있는 스토리, 정확한 역사적 고증을 즐기며 국토를 다스리고 세계를 정복하세요. 세계 역사를 새롭게 쓰며 시대를 풍미할 제국을 만드세요. ‖ [Sid Meier's Civilization® V] Create, discover, and download new player-created maps, scenarios, interfaces, and more!",Solar Nations 2,"시뮬레이션, 전략, 앞서 해보기","In this Grand Strategy game, you take control of the Solar System's Great Powers in 2092 and weather the storm of change as you navigate the uncertain waters of the future. Control the greatest military forces in the world and wage wars on an epic scale: outer space is yours to conquer!",3,,
B0028,A26,RimWorld / Oxygen Not Included / Unpacking 언패킹,"인디, 시뮬레이션, 전략 / 인디, 시뮬레이션 / 캐주얼, 인디, 시뮬레이션","[RimWorld] 지능형 AI 이야기꾼이 주도하는 공상과학 정착지 시뮬레이터입니다. 심리, 생태, 총격전과 근접전, 날씨, 기후, 외교, 사람 사이의 관계, 예술, 의학, 무역, 그 외 많은 것들을 시뮬레이션하여 이야기를 생성합니다. ‖ [Oxygen Not Included] Oxygen Not Included는 우주 콜로니 시뮬레이션 게임입니다. 외계의 우주 암석 깊은 곳에서 근면한 일꾼들은 생존하고 나아가 번영하기 위해 과학을 마스터하고, 낯선 새로운 생명체에 맞서며, 경이로운 우주 테크놀로지를 활용해야 합니다. ‖ [Unpacking 언패킹] Unpacking은 상자에서 짐을 꺼내 새집에 맞게 배치하는 친숙한 체험에 대한 명상적 퍼즐 게임입니다. 게임의 일부인 블록 맞추기 게임과 집 꾸미기를 하는 동안, 푸는 짐에 닮긴 삶의 실마리를 찾아가며 만족할 만한 생활 공간을 만들어 보세요.",Linked,"캐주얼, 인디","Relaxing, minimalistic 2d-puzzle game.",1,IRRELEVANT,
B0029,A35,Project Zomboid / Don't Starve / The Forest,"인디, RPG, 시뮬레이션, 앞서 해보기 / 어드벤처, 인디, 시뮬레이션 / 액션, 어드벤처, 인디, 시뮬레이션","[Project Zomboid] Project Zomboid is the ultimate in zombie survival. Alone or in MP: you loot, build, craft, fight, farm and fish in a struggle to survive. A hardcore RPG skillset, a vast map, mass ‖ [Don't Starve] Don’t Starve is an uncompromising wilderness survival game full of science and magic. Enter a strange and unexplored world full of strange creatures, dangers, and surprises. Gather ‖ [The Forest] As the lone survivor of a passenger jet crash, you find yourself in a mysterious forest battling to stay alive against a society of cannibalistic mutants. Build, explore, survive i",Echo of the Wilds,"어드벤처, 인디","Echo of the Wilds is a puzzly narrativy adventure, featuring randomised wilderness survival. Explore and survive this mysterious tale of wilds. Gather resources to build gear and sustain yourself, learning new skills, lore and the intertwining interactions between the various areas, seasons, and wea",3,,
B0030,A21,DARK SOULS™ III / The Witcher 3: Wild Hunt / The Elder Scrolls V: Skyrim Special Edition,액션 / RPG / RPG,"[DARK SOULS™ III] 장르를 새로 개척했다는 평가를 들으며 많은 좋은 평가들을 얻고 있는 다크 소울 시리즈는 계속해서 한계를 넘어서, 더욱 야심찬 단계에 도전하고자 하고 있습니다. 준비를 하고 어둠을 밝히십시오! ‖ [The Witcher 3: Wild Hunt] 리비아의 게롤트가 되어 의뢰를 받고 괴물을 사냥하세요. 전쟁의 상처가 가득하고 괴물이 들끓는 대륙을 마음껏 탐험해 보세요. 지금 가장 중요한 일은 대륙의 판도를 뒤바꿀 수도 있는 살아 있는 무기이자 예언의 아이, 시리를 추적하는 것입니다. ‖ [The Elder Scrolls V: Skyrim Special Edition] 200회 이상 올해의 게임에 선정된 The Elder Scrolls V: Skyrim Special Edition이 놀라운 디테일로 판타지에 생명을 불어넣었습니다. Special Edition에는 비평가들의 극찬을 받은 게임 및 새로운 기능이 포함된 애드온이 들어 있습니다.",Lords Of The Fallen™ 2014,"액션, RPG","복잡하지만 만족스러운 전투 시스템과 함께 강력한 마법을 사용할 수 있는 다크 판타지 액션-RPG에 뛰어드십시오. 폭군이자 신, 아르디는 오랜 투옥에 대한 복수를 위해 인간 영역을 침략하자, 보호자라고 하기엔 꺼림직한 인간… 추방된 범죄자… 하르킨을 부르게 됩니다.",3,,
B0031,A25,DOOMBLADE / Transiruby / Blast Brigade vs. the Evil Legion of Dr. Cread,"액션, 어드벤처, 인디 / 액션 / 액션, 어드벤처, 인디","[DOOMBLADE] Deep underground, Gloom Girl discovers DOOMBLADE, a sentient weapon hellbent on escape after eons in chains. Together, “Doom and Gloom” embark on a vengeful quest to unlock the pow ‖ [Transiruby] 차원 대륙의 의문을 풀어라! 는 사이보그 소녀 실비가 검과 엘리먼트 샷으로 적을 쓰러뜨리며 앞으로 나아가는 탐색형 액션 게임입니다! ‖ [Blast Brigade vs. the Evil Legion of Dr. Cread] 스릴 넘치는 플랫포밍과 깊이 있는 탐험 세계, 폭발적인 액션으로 가득한 2D 메트로이드배니아 어드벤처 게임을 즐겨보세요! Blast Brigade에서 영웅들로 팀을 구성해 세계를 구하세요!",Emberbane,"액션, 어드벤처, 인디",네 가지 원소. 하나의 운명. 균형과 힘의 전설에서 영감을 받은 원소의 여정이 메트로배니아 어드벤처로 새롭게 태어났습니다.,3,,
B0032,A28,Dordogne / A YEAR OF SPRINGS / Botany Manor,"어드벤처, 인디 / 캐주얼, 인디, 시뮬레이션 / 어드벤처","[Dordogne] 이 유년 시절의 여정에서 특별한 내러티브에 몰입하며 도르도뉴의 수천 가지 여름의 색을 탐험하고, 추억을 떠올리며 가족의 비밀을 밝히세요. ‖ [A YEAR OF SPRINGS] 세 명의 여성, 세 개의 이야기, 세 개의 봄. 세 명의 친구들이 사랑, 공감, 그리고 단지 함께하고 싶어하는 감정에 대한 방향을 찾아나가는 3 부작 비주얼 노벨 A YEAR OF SPRINGS 에서 하루, 에리카, 마나미의 이야기를 체험하세요. ‖ [Botany Manor] Welcome to Botany Manor, a stately home in 19th century England. You play as inhabitant Arabella Greene, a retired botanist. Explore your house and gardens, filled with research, t",The Witness,"어드벤처, 인디",당신은 크나큰 도전과 놀라움의 퍼즐로 가득 찬 낯선 섬에서 외로이 깨어납니다.,1,MODE_MISMATCH,
B0033,A07,Into the Breach / Monster Train / Mini Metro,"인디, RPG, 시뮬레이션, 전략 / 전략 / 인디, 시뮬레이션, 전략","[Into the Breach] 미래의 강력한 메크를 조종하여 외계 세력을 물리치세요. 이 턴제 전략 게임에서는 세계를 구하려 시도할 때마다 무작위로 새롭게 생성되는 도전이 여러분 앞에 나타납니다. ‖ [Monster Train] Monster Train is a strategic roguelike deck building game with a twist. Set on a train to hell, you’ll use tactical decision making to defend multiple vertical battlegrounds. With  ‖ [Mini Metro] 미니 메트로는 성장하는 도시를 위해 지하철 노선을 설계하는 게임입니다. 역과 역 사이에 노선을 그려서 열차 운행을 시작하세요. 새로운 역이 열리면 노선을 수정해서 노선도를 효율적으로 유지하세요. 한정된 자원을 어느 곳에 사용할 것인지 결정하세요. 도시를 얼마나 오래 유지할 수 있을까요?",Train Fever,"캐주얼, 인디, 시뮬레이션","It’s the year 1850, and there are great times ahead! Establish a transport company and be its manager. Build infrastructure such as railways and stations, purchase transportation vehicles and manage lines. Fulfill the people’s needs and watch cities evolve dynamically.",3,,
B0034,A09,Roots of Yggdrasil / Ancient Gods / Flick Shot Rogues,"인디, 전략 / RPG, 전략 / 인디, 전략","[Roots of Yggdrasil] Build settlements, explore the Nine Realms, collect artifacts and upgrade your deck to reach the top of Yggdrasil in this post-Ragnarok roguelike city-builder! Can you survive the  ‖ [Ancient Gods] Ancient Gods is a fusion of hero collector and deck-building rogue-lite where you collect your character, fight, and experience exciting events. Any character can use all the cards ‖ [Flick Shot Rogues] 계획하고, 조준하고, 쏘세요! FLICK SHOT ROGUES는 테이블 위에서 물건을 튕기는 촉각적 만족감과 사람들이 좋아하는 턴제 로그라이크의 전략적 깊이를 결합한 게임입니다. 말도 안되는 콤보를 연결하고, 캐릭터, 아이템, 스킬을 잠금 해제하면서, 섬을 정복하세요!",삼국 영웅：혈월의 전설,"어드벤처, 인디, RPG, 전략","이 게임은 약간 레트로하면서도 혁신적인 재미를 담은 로그라이크 덱빌딩 카드 게임입니다. 촉나라 장수가 되어 보물을 손에 쥐고, 다양한 카드를 수집하세요. 매 판마다 유일무이한 카드와 보물 조합을 구축하여 적을 무찌르고 역사를 다시 써 나갈 수 있습니다!",2,,
B0035,A23,Vomitoreum / Tales of Kenzera™: ZAU / Shantae: Half-Genie Hero,"액션, 어드벤처, 인디 / 액션, 어드벤처, 인디 / 액션, 어드벤처, 인디","[Vomitoreum] Vomitoreum is an FPS Metroidvania with a focus on atmosphere and horror, inspired by the paintings of Zdzisław Beksiński. ‖ [Tales of Kenzera™: ZAU] 샤먼의 춤을 추세요. 아버지의 영혼을 되찾으세요. Surgent Studios가 제작한 메트로이드바니아 스타일의 어드벤처 게임 Tales of Kenzera™: ZAU에서 죽음의 신과 함께 아름답고 위험한 켄제라의 땅으로 용감하게 모험을 떠나세요. ‖ [Shantae: Half-Genie Hero] Shantae embarks on her first full HD adventure! When a mysterious crime wave sweeps Sequin Land, it’s up to Half-Genie Hero Shantae to save the day! Use Shantae’s devastating Hair-",TUNIC,"액션, 어드벤처, RPG","위대한 모험을 떠나는 작은 여우에 대한 쿼터뷰 액션 게임 TUNIC에서 잊힌 전설, 고대의 힘, 사나운 괴물로 가득한 세상을 탐험하세요.",2,,
B0036,A26,RimWorld / Oxygen Not Included / Unpacking 언패킹,"인디, 시뮬레이션, 전략 / 인디, 시뮬레이션 / 캐주얼, 인디, 시뮬레이션","[RimWorld] 지능형 AI 이야기꾼이 주도하는 공상과학 정착지 시뮬레이터입니다. 심리, 생태, 총격전과 근접전, 날씨, 기후, 외교, 사람 사이의 관계, 예술, 의학, 무역, 그 외 많은 것들을 시뮬레이션하여 이야기를 생성합니다. ‖ [Oxygen Not Included] Oxygen Not Included는 우주 콜로니 시뮬레이션 게임입니다. 외계의 우주 암석 깊은 곳에서 근면한 일꾼들은 생존하고 나아가 번영하기 위해 과학을 마스터하고, 낯선 새로운 생명체에 맞서며, 경이로운 우주 테크놀로지를 활용해야 합니다. ‖ [Unpacking 언패킹] Unpacking은 상자에서 짐을 꺼내 새집에 맞게 배치하는 친숙한 체험에 대한 명상적 퍼즐 게임입니다. 게임의 일부인 블록 맞추기 게임과 집 꾸미기를 하는 동안, 푸는 짐에 닮긴 삶의 실마리를 찾아가며 만족할 만한 생활 공간을 만들어 보세요.",nStations,"캐주얼, 인디, 시뮬레이션, 전략","Construct and manage your colony anytime, anywhere, any device!!!!",2,,
B0037,A09,Roots of Yggdrasil / Ancient Gods / Flick Shot Rogues,"인디, 전략 / RPG, 전략 / 인디, 전략","[Roots of Yggdrasil] Build settlements, explore the Nine Realms, collect artifacts and upgrade your deck to reach the top of Yggdrasil in this post-Ragnarok roguelike city-builder! Can you survive the  ‖ [Ancient Gods] Ancient Gods is a fusion of hero collector and deck-building rogue-lite where you collect your character, fight, and experience exciting events. Any character can use all the cards ‖ [Flick Shot Rogues] 계획하고, 조준하고, 쏘세요! FLICK SHOT ROGUES는 테이블 위에서 물건을 튕기는 촉각적 만족감과 사람들이 좋아하는 턴제 로그라이크의 전략적 깊이를 결합한 게임입니다. 말도 안되는 콤보를 연결하고, 캐릭터, 아이템, 스킬을 잠금 해제하면서, 섬을 정복하세요!",SuperTaxCity,"캐주얼, 인디, 시뮬레이션",A new sensation!? City-building × Roguelike game *Super Tax City*. Choose and place your favorite facilities from randomly drawn options! The combinations are endless! Create a profitable city that's uniquely yours!,2,,
B0038,A08,Sid Meier’s Civilization® VI / XCOM® 2 / Stellaris,"전략 / 전략 / 시뮬레이션, 전략","[Sid Meier’s Civilization® VI] 문명 VI 에서는 새로운 방식으로 세상과 소통하고, 제국의 영토를 확장시키며, 문화를 발전시키고, 역사속 위대한 지도자들에 맞서 오래도록 지속될 나만의 문명을 건설해볼 수 있습니다. 클레오파트라를 비롯한 20명의 역사 속 지도자들 중 한명으로 플레이 해보세요. ‖ [XCOM® 2] XCOM 2는 수상 경력이 있는 전략 게임 XCOM: Enemy Unknown의 속편입니다. 인류가 외계인 침략군에게 항복한 지 20년, 이제 지구 상에는 새로운 세계 질서가 존재합니다. 수년간을 어둠 속에서 숨어 있었던 XCOM 부대는 반드시 일어나 외계인의 지배를 무너뜨릴 것입니다. ‖ [Stellaris] 항성간 여행을 통해 우주를 탐험하며 수많은 종족들도 만나보세요. 과학선을 보내 우주를 조사하고 탐험하면서 은하 제국을 건설하고, 건축선을 보내 새로 발견한 행성에 기지를 건설하세요. 소속 사회를 위한 탐험에 나서 매장된 보물과 은하계의 경이를 발견하고, 탐험가의 한계치와 진화 범위를 설정하세요. 동맹이 체결되고, 전쟁이 ",Call to Power II,전략,"Prepare to accept history's greatest challenge: build the world's most powerful empire over a span of 6,300 years.",3,,
B0039,A12,Baldur's Gate 3 / Mount & Blade II: Bannerlord / Kenshi,"어드벤처, RPG, 전략 / 액션, 인디, RPG, 시뮬레이션, 전략 / 액션, 인디, RPG, 시뮬레이션, 전략","[Baldur's Gate 3] Baldur’s Gate 3 is a story-rich, party-based RPG set in the universe of Dungeons & Dragons, where your choices shape a tale of fellowship and betrayal, survival and sacrifice, and  ‖ [Mount & Blade II: Bannerlord] 본 게임은 전략/액션 RPG입니다. 캐릭터를 생성하고, 외교에 참여하고, 제작, 거래를 하고, 방대한 중세풍의 샌드박스에서 새로운 땅을 정복하십시오. 군대를 일으켜 전쟁에 뛰어들고, 깊이가 있으나 직관적인 실력 기반의 전투 시스템을 채용한 대규모 실시간 전투에서 자신의 부대에 명령을 내리고 함께 싸우십시오. ‖ [Kenshi] 자유롭게 돌아다니는 분대 기반의 RPG. 스토리를 따라가는 대신 제한 없는 샌드박스식 게임플레이에 중점을 두었습니다. 무역상, 도둑, 반란군, 전쟁 군주, 모험가, 농부, 노예 등 다양한 삶을 체험할 수 있습니다. 운이 나쁘면 식인종의 먹잇감으로 전락할지도 모르죠. 새로운 장비를 연구하거나 제작해 보세요.",울루카인의 에르투그룰,"액션, 어드벤처, 인디, RPG, 앞서 해보기","Become a medieval warrior in this action-adventure game. Discover traditional myths and fight for your tribe. Mount your horse, sharpen your weapons and explore an ancient semi-open world.",2,,
B0040,A35,Project Zomboid / Don't Starve / The Forest,"인디, RPG, 시뮬레이션, 앞서 해보기 / 어드벤처, 인디, 시뮬레이션 / 액션, 어드벤처, 인디, 시뮬레이션","[Project Zomboid] Project Zomboid is the ultimate in zombie survival. Alone or in MP: you loot, build, craft, fight, farm and fish in a struggle to survive. A hardcore RPG skillset, a vast map, mass ‖ [Don't Starve] Don’t Starve is an uncompromising wilderness survival game full of science and magic. Enter a strange and unexplored world full of strange creatures, dangers, and surprises. Gather ‖ [The Forest] As the lone survivor of a passenger jet crash, you find yourself in a mysterious forest battling to stay alive against a society of cannibalistic mutants. Build, explore, survive i",Survival: Lost Way,"액션, 어드벤처, 인디, 대규모 멀티플레이어, 시뮬레이션","오픈 월드 포스트 아포칼립스 생존 샌드박스. 탐색하고 제작하고 건설해, 솔로 또는 협동으로 살아남으세요.",3,,
B0041,A27,The Raven Remastered / The Frostrune / Mad Experiments: Escape Room,"어드벤처 / 어드벤처 / 어드벤처, 캐주얼, 인디, 시뮬레이션, 전략","[The Raven Remastered] London, 1964. An ancient ruby is stolen from the British Museum. At the crime scene: a raven feather. Is somebody trying to follow in the footsteps of The Raven, the legendary mast ‖ [The Frostrune] Unravel a mystery inspired by Viking myth and legend in The Frostrune, a classic point-and-click adventure based on historically accurate Norse culture and environments. ‖ [Mad Experiments: Escape Room] 수상 후보에 오른 이스케이프 게임 1인 또는 최대 5인까지 플레이하며 3개의 독특한 방을 탐험하고, 두뇌를 자극하는 퍼즐을 풀며 체셔 교수와 그의 실험에 얽힌 어두운 비밀을 밝혀보세요.",Blackwell Unbound,"어드벤처, 인디","때는 1973년. 도심의 공사장에서 일련의 사고가 발생하고, 루스벨트 아일랜드 산책로에는 희미한 색소폰 독주 소리가 울려 퍼집니다. 맨해튼 주민들은 이 사건들이 연관되어 있다는 것을 모를뿐더러, 관심도 없습니다. 까칠한 영매인 로렌 블랙웰과 그녀의 수호령 조이 말론 만이 무언가 이상한 일이 벌어지고 있다고 믿고 있으며, 오로지 그들만이 정체불명의 살인자가 또다시 살인을 저지르는 것을 막을 수 있습니다...",3,,
B0042,A35,Project Zomboid / Don't Starve / The Forest,"인디, RPG, 시뮬레이션, 앞서 해보기 / 어드벤처, 인디, 시뮬레이션 / 액션, 어드벤처, 인디, 시뮬레이션","[Project Zomboid] Project Zomboid is the ultimate in zombie survival. Alone or in MP: you loot, build, craft, fight, farm and fish in a struggle to survive. A hardcore RPG skillset, a vast map, mass ‖ [Don't Starve] Don’t Starve is an uncompromising wilderness survival game full of science and magic. Enter a strange and unexplored world full of strange creatures, dangers, and surprises. Gather ‖ [The Forest] As the lone survivor of a passenger jet crash, you find yourself in a mysterious forest battling to stay alive against a society of cannibalistic mutants. Build, explore, survive i",LifeZ - Survival,"액션, 인디, RPG, 시뮬레이션, 앞서 해보기","LifeZ - Survival is a third-person sandbox-survival game. Build your hideout, search for water and food, mine resources and fight against zombies and finally find ways to contact the outside world and leave Catastrophie Area.",3,,
B0043,A22,Deck of Ashes / Dicefolk / Cubic Cosmos,"어드벤처, 인디, RPG, 전략 / 캐주얼, 인디, 전략 / 전략","[Deck of Ashes] 덱 오브 애쉬즈(Deck of Ashes)는 전술 카드 전투를 벌이는 어드벤처 게임입니다. 한 번에 한 캐릭터씩 안티히어로 일행을 이끌어 속죄의 여행을 떠나보세요. 저주받은 판타지 세계를 탐험하며 강력한 카드를 찾아보세요. 독특한 전투 덱을 형성하여 적들을 무찌르세요! 잿빛 저주의 세계를 제거하실 수 있겠습니까? ‖ [Dicefolk] 마법 주사위의 힘을 휘두르고 강력한 키메라 팀을 구축해보세요! 수수께끼의 악을 멈추기 위한 택티컬 덱빌딩 로그라이트 모험이 다가오고 있습니다. 키메라 소환사로서, 신화적인 짐승들을 모집하고 완벽한 팀을 만들고, 다이스포크만의 독특한 주사위 메커니즘을 활용하여 승리로 이끌어주세요. ‖ [Cubic Cosmos] Cubic Cosmos is a thrilling fast-paced roguelike card game. You have been trapped in a deadly game. One wrong move could see you reduced to a plaything of the goddess. Can you free",He is Coming 히 이즈 커밍,"RPG, 전략, 앞서 해보기","세상의 잊혀진 구석, 깊은 곳에서 어둠의 세력이 꿈틀대며 마왕이 다시 한번 도래합니다. 이 로그라이트 RPG 자동 전투 게임에서 지혜를 갈고 닦아, 강력한 유물을 찾고, 종말에 맞서 굳건하게 살아남으세요.",3,,
B0044,A15,서브노티카 / The Long Dark / No Man's Sky,"어드벤처, 인디 / 어드벤처, 인디, 시뮬레이션, 전략 / 액션, 어드벤처","[서브노티카] 위험과 경이로움이 가득한 외계의 바다 속으로 내려가세요. 장비를 제작하고, 잠수함을 조종하며 야생 생물보다 앞서가세요. 우거진 산호초, 화산, 동굴 같은 많은 장소들을 탐험하세요. 물론 살아남는 걸 잊으면 안 되겠죠. ‖ [The Long Dark] The Long Dark는 깊은 생각을 요구하는 탐험 생존 게임입니다. 플레이어는 지구 자기장 이상으로 인한 대재앙이 휩쓸고 간 세상에서 혼자 드넓은 설원 황무지를 탐험하며 살아남아야 합니다. 좀비는 등장하지 않으며 오직 플레이어와 추위, 그리고 자연 속의 위험들만 존재합니다. 고요한 종말의 세상에 오신 것을 환영합니다. ‖ [No Man's Sky] No Man's Sky는 무한히 펼쳐지는 우주에서의 탐험과 생존을 그린 SF 게임입니다.",Invasion 2037,"액션, 어드벤처, 인디, 시뮬레이션, 앞서 해보기","Become a survival scientist in a savage post-apocalyptic world where aliens have the control of the world and find a cure, manage your shelter and fight to survive",2,,
B0045,A32,Hardspace: Shipbreaker / Hacknet / The Case of the Golden Idol / 방 탈출 시뮬레이터 / shapez 2 - Factory,"시뮬레이션 / 인디, 시뮬레이션 / 어드벤처, 인디 / 어드벤처, 캐주얼, 인디, 시뮬레이션 / 캐주얼, 인디, 시뮬레이션, 전략","[Hardspace: Shipbreaker] Equipped with cutting-edge salvaging tech, carve & slice spaceships to recover valuable materials. Upgrade your gear to take on more lucrative contracts and pay your billion credit ‖ [Hacknet] Hacknet은 터미널 기반의 몰입형 해킹 시뮬레이터입니다. 최근에 사망한, 그러나 언론 보도와는 달리 사고로 사망하지 않은 해커의 지시에 따라 진실을 추척하십시오. ‖ [The Case of the Golden Idol] A new kind of detective game that allows you to think and investigate freely. Discover clues surrounding 12 strange and gruesome deaths and build your own theory. Pick your suspect ‖ [방 탈출 시뮬레이터] Escape Simulator는 단독 또는 온라인 협동 플레이가 가능한 1인칭 퍼즐 게임입니다. 점점 더 많아지는, 고도의 상호 작용이 가능한 방탈출 세트를 탐험하세요. 가구를 옮기고, 모든 것을 집어 들고 검사하고, 냄비를 부수고 자물쇠를 부수세요! 레벨 편집기를 통해 커뮤니티가 만든 방을 지원합니다. ‖ [shapez 2 - Factory] 공장 건설 게임에 빠져들어 보세요. 단 한 가지에 집중하세요. 대규모 우주 공장을 건설하는 것! 방대하게 펼쳐지는 다층 공장과 만족스러운 생산 라인을 무제한으로 설계하세요. 계속해서 어려워지는 자동화 목표를 적의 위협 없이 자신만의 속도로 달성하세요.",First Class Escape: The Train of Thought,"어드벤처, 캐주얼, 인디","""First Class Escape: The Train of Thought"" is a co-operative atmospheric escape room puzzle game, set in a beautifully realized vintage train. Do you think you have what it takes to solve the puzzles and escape the train?",3,,
B0046,A23,Vomitoreum / Tales of Kenzera™: ZAU / Shantae: Half-Genie Hero,"액션, 어드벤처, 인디 / 액션, 어드벤처, 인디 / 액션, 어드벤처, 인디","[Vomitoreum] Vomitoreum is an FPS Metroidvania with a focus on atmosphere and horror, inspired by the paintings of Zdzisław Beksiński. ‖ [Tales of Kenzera™: ZAU] 샤먼의 춤을 추세요. 아버지의 영혼을 되찾으세요. Surgent Studios가 제작한 메트로이드바니아 스타일의 어드벤처 게임 Tales of Kenzera™: ZAU에서 죽음의 신과 함께 아름답고 위험한 켄제라의 땅으로 용감하게 모험을 떠나세요. ‖ [Shantae: Half-Genie Hero] Shantae embarks on her first full HD adventure! When a mysterious crime wave sweeps Sequin Land, it’s up to Half-Genie Hero Shantae to save the day! Use Shantae’s devastating Hair-",Eternity Egg,"액션, 어드벤처, 인디, 앞서 해보기","Chaotic adventure-platformer with bouncy movement, grotesque characters & high-energy trance music.",2,,
B0047,A31,Hearts of Iron IV / Europa Universalis IV / Sid Meier's Civilization® V,"시뮬레이션, 전략 / 시뮬레이션, 전략 / 전략","[Hearts of Iron IV] Victory is at your fingertips! Your ability to lead your nation is your supreme weapon, the strategy game Hearts of Iron IV lets you take command of any nation in World War II; the ‖ [Europa Universalis IV] 비교할 수 없는 자유도, 깊이 있는 스토리, 정확한 역사적 고증을 즐기며 국토를 다스리고 세계를 정복하세요. 세계 역사를 새롭게 쓰며 시대를 풍미할 제국을 만드세요. ‖ [Sid Meier's Civilization® V] Create, discover, and download new player-created maps, scenarios, interfaces, and more!","Codename: Panzers, Phase Two","시뮬레이션, 전략","Fight alongside your troops in the sweltering desert heat of the Sahara or in the blustery heights of the Italian Alps. Wield your strategic prowess to gain the upper hand by the light of day and exploit the dark shroud of night to launch surprise attacks. Tanks, planes, troops, weapons - the resour",2,,
B0048,A27,The Raven Remastered / The Frostrune / Mad Experiments: Escape Room,"어드벤처 / 어드벤처 / 어드벤처, 캐주얼, 인디, 시뮬레이션, 전략","[The Raven Remastered] London, 1964. An ancient ruby is stolen from the British Museum. At the crime scene: a raven feather. Is somebody trying to follow in the footsteps of The Raven, the legendary mast ‖ [The Frostrune] Unravel a mystery inspired by Viking myth and legend in The Frostrune, a classic point-and-click adventure based on historically accurate Norse culture and environments. ‖ [Mad Experiments: Escape Room] 수상 후보에 오른 이스케이프 게임 1인 또는 최대 5인까지 플레이하며 3개의 독특한 방을 탐험하고, 두뇌를 자극하는 퍼즐을 풀며 체셔 교수와 그의 실험에 얽힌 어두운 비밀을 밝혀보세요.",올려다 보면 천장 뿐,"어드벤처, 인디",스트레스로 고통받는 소녀가 다락방을 탐험하려는 이야기.,2,,
B0049,A22,Deck of Ashes / Dicefolk / Cubic Cosmos,"어드벤처, 인디, RPG, 전략 / 캐주얼, 인디, 전략 / 전략","[Deck of Ashes] 덱 오브 애쉬즈(Deck of Ashes)는 전술 카드 전투를 벌이는 어드벤처 게임입니다. 한 번에 한 캐릭터씩 안티히어로 일행을 이끌어 속죄의 여행을 떠나보세요. 저주받은 판타지 세계를 탐험하며 강력한 카드를 찾아보세요. 독특한 전투 덱을 형성하여 적들을 무찌르세요! 잿빛 저주의 세계를 제거하실 수 있겠습니까? ‖ [Dicefolk] 마법 주사위의 힘을 휘두르고 강력한 키메라 팀을 구축해보세요! 수수께끼의 악을 멈추기 위한 택티컬 덱빌딩 로그라이트 모험이 다가오고 있습니다. 키메라 소환사로서, 신화적인 짐승들을 모집하고 완벽한 팀을 만들고, 다이스포크만의 독특한 주사위 메커니즘을 활용하여 승리로 이끌어주세요. ‖ [Cubic Cosmos] Cubic Cosmos is a thrilling fast-paced roguelike card game. You have been trapped in a deadly game. One wrong move could see you reduced to a plaything of the goddess. Can you free",Across the Obelisk,"어드벤처, 인디, RPG, 전략","협동 로그라이트 덱 빌딩에서는 모든 선택이 중요합니다! 강력한 덱을 만들고, 홀로 또는 최대 3명의 친구와 함께하세요. Across the Obelisk에서 파티에게 영광을 안겨줄 방법을 구상하고 전술 전투에서 승리해 세넨시아 왕국을 구하세요!",3,,
B0050,A02,Still Life / Jenny LeClue - Detectivu / Telling Lies,"어드벤처 / 액션, 어드벤처, 캐주얼, 인디 / 어드벤처, 인디, 시뮬레이션",[Still Life] Still Life 2 also now available! ‖ [Jenny LeClue - Detectivu] Jenny LeClue - Detectivu는 조사와 선택지로 가득한 스릴 넘치는 미스터리 어드벤처 게임입니다. ‖ [Telling Lies] 네 명의 삶. 그리고 하나의 큰 거짓말. 아무도 모르게 녹화된 은밀한 대화를 들으며 진실을 알아내십시오. 큰 호평을 받았던 Her Story의 계승작입니다.,DELETE AFTER READING,"어드벤처, 인디","Turn on your ghost detector and join your new pals in a funny, thrilling, and lovingly-presented interactive text adventure. Brain-teasing puzzles, a cartoon visual style, and engaging audio design - Delete After Reading weaves a delightful interactive tale.",2,,
B0051,A32,Hardspace: Shipbreaker / Hacknet / The Case of the Golden Idol / 방 탈출 시뮬레이터 / shapez 2 - Factory,"시뮬레이션 / 인디, 시뮬레이션 / 어드벤처, 인디 / 어드벤처, 캐주얼, 인디, 시뮬레이션 / 캐주얼, 인디, 시뮬레이션, 전략","[Hardspace: Shipbreaker] Equipped with cutting-edge salvaging tech, carve & slice spaceships to recover valuable materials. Upgrade your gear to take on more lucrative contracts and pay your billion credit ‖ [Hacknet] Hacknet은 터미널 기반의 몰입형 해킹 시뮬레이터입니다. 최근에 사망한, 그러나 언론 보도와는 달리 사고로 사망하지 않은 해커의 지시에 따라 진실을 추척하십시오. ‖ [The Case of the Golden Idol] A new kind of detective game that allows you to think and investigate freely. Discover clues surrounding 12 strange and gruesome deaths and build your own theory. Pick your suspect ‖ [방 탈출 시뮬레이터] Escape Simulator는 단독 또는 온라인 협동 플레이가 가능한 1인칭 퍼즐 게임입니다. 점점 더 많아지는, 고도의 상호 작용이 가능한 방탈출 세트를 탐험하세요. 가구를 옮기고, 모든 것을 집어 들고 검사하고, 냄비를 부수고 자물쇠를 부수세요! 레벨 편집기를 통해 커뮤니티가 만든 방을 지원합니다. ‖ [shapez 2 - Factory] 공장 건설 게임에 빠져들어 보세요. 단 한 가지에 집중하세요. 대규모 우주 공장을 건설하는 것! 방대하게 펼쳐지는 다층 공장과 만족스러운 생산 라인을 무제한으로 설계하세요. 계속해서 어려워지는 자동화 목표를 적의 위협 없이 자신만의 속도로 달성하세요.",SIMULACRA 2,"인디, 시뮬레이션","사망한 인플루언서. 사건을 파고드는 탐정. 세 명의 용의자. 비평가들의 극찬을 받은 시뮬라크라의 후속작에서 희생자의 휴대폰 메시지, 동영상, 소셜 미디어를 통해 진실의 조각을 찾아 보세요.",3,,
B0052,A31,Hearts of Iron IV / Europa Universalis IV / Sid Meier's Civilization® V,"시뮬레이션, 전략 / 시뮬레이션, 전략 / 전략","[Hearts of Iron IV] Victory is at your fingertips! Your ability to lead your nation is your supreme weapon, the strategy game Hearts of Iron IV lets you take command of any nation in World War II; the ‖ [Europa Universalis IV] 비교할 수 없는 자유도, 깊이 있는 스토리, 정확한 역사적 고증을 즐기며 국토를 다스리고 세계를 정복하세요. 세계 역사를 새롭게 쓰며 시대를 풍미할 제국을 만드세요. ‖ [Sid Meier's Civilization® V] Create, discover, and download new player-created maps, scenarios, interfaces, and more!",Strategic Command WWII: World at War,전략,"Strategic Command WWII: World At War is your chance to re-fight the 20th century’s greatest conflict, from Poland to China, Normandy to the Pacific, on a map encompassing the globe.",3,,
B0053,A09,Roots of Yggdrasil / Ancient Gods / Flick Shot Rogues,"인디, 전략 / RPG, 전략 / 인디, 전략","[Roots of Yggdrasil] Build settlements, explore the Nine Realms, collect artifacts and upgrade your deck to reach the top of Yggdrasil in this post-Ragnarok roguelike city-builder! Can you survive the  ‖ [Ancient Gods] Ancient Gods is a fusion of hero collector and deck-building rogue-lite where you collect your character, fight, and experience exciting events. Any character can use all the cards ‖ [Flick Shot Rogues] 계획하고, 조준하고, 쏘세요! FLICK SHOT ROGUES는 테이블 위에서 물건을 튕기는 촉각적 만족감과 사람들이 좋아하는 턴제 로그라이크의 전략적 깊이를 결합한 게임입니다. 말도 안되는 콤보를 연결하고, 캐릭터, 아이템, 스킬을 잠금 해제하면서, 섬을 정복하세요!",Primateria,"어드벤처, 인디, 전략","Embark on an epic journey in Primateria, a game redefining the roguelike deckbuilder with a nod to classic Yu-Gi-Oh! experience. Fuse cards, battle divine beings, and navigate through a universe teeming with challenges and surprises. Embrace the thrill of endless combinations and tactical depths.",3,,
B0054,A08,Sid Meier’s Civilization® VI / XCOM® 2 / Stellaris,"전략 / 전략 / 시뮬레이션, 전략","[Sid Meier’s Civilization® VI] 문명 VI 에서는 새로운 방식으로 세상과 소통하고, 제국의 영토를 확장시키며, 문화를 발전시키고, 역사속 위대한 지도자들에 맞서 오래도록 지속될 나만의 문명을 건설해볼 수 있습니다. 클레오파트라를 비롯한 20명의 역사 속 지도자들 중 한명으로 플레이 해보세요. ‖ [XCOM® 2] XCOM 2는 수상 경력이 있는 전략 게임 XCOM: Enemy Unknown의 속편입니다. 인류가 외계인 침략군에게 항복한 지 20년, 이제 지구 상에는 새로운 세계 질서가 존재합니다. 수년간을 어둠 속에서 숨어 있었던 XCOM 부대는 반드시 일어나 외계인의 지배를 무너뜨릴 것입니다. ‖ [Stellaris] 항성간 여행을 통해 우주를 탐험하며 수많은 종족들도 만나보세요. 과학선을 보내 우주를 조사하고 탐험하면서 은하 제국을 건설하고, 건축선을 보내 새로 발견한 행성에 기지를 건설하세요. 소속 사회를 위한 탐험에 나서 매장된 보물과 은하계의 경이를 발견하고, 탐험가의 한계치와 진화 범위를 설정하세요. 동맹이 체결되고, 전쟁이 ",Nexus 5X,"인디, RPG, 시뮬레이션, 전략","eXplore, eXpand, eXploit, eXterminate, EXPRESS. All of the depth, diplomacy, conflict and conquest of a turn-based 4X epic but played in fast-paced 60-minute competitive sessions. Play Solo or Multiplayer for 2-8 players.",3,,
B0055,A30,Stardew Valley / Slime Rancher / Raft,"인디, RPG, 시뮬레이션 / 액션, 어드벤처, 인디, 시뮬레이션 / 어드벤처, 인디, 시뮬레이션","[Stardew Valley] You've inherited your grandfather's old farm plot in Stardew Valley. Armed with hand-me-down tools and a few coins, you set out to begin your new life. Can you learn to live off th ‖ [Slime Rancher] 슬라임 랜쳐는 젊고 용감한 랜쳐, 베아트릭스 르뷰가 지구에서 1,000광년 떨어진 '머나먼 평야'에서 슬라임들과 씨름하며 생계를 꾸려나가는 이야기입니다. 긍정적인 마인드와 강인한 의지로 베아트릭스는 진공팩을 사용하여 끊임없이 말랑말랑하게 굴러나오는 슬라임들을 피하며 이름을 알리고, 부자가 되려 합니다. ‖ [Raft] Raft™ throws you and your friends into an epic oceanic adventure! Alone or together, players battle to survive a perilous voyage across a vast sea! Gather debris, scavenge reefs an",Sailing alone:Aftermath,"액션, 어드벤처, RPG, 시뮬레이션, 앞서 해보기","You are just an ordinary person, with only a small boat serving as your home, struggling to find a way to survive in the ruthless ocean of the post-apocalyptic world.",2,,
B0056,A09,Roots of Yggdrasil / Ancient Gods / Flick Shot Rogues,"인디, 전략 / RPG, 전략 / 인디, 전략","[Roots of Yggdrasil] Build settlements, explore the Nine Realms, collect artifacts and upgrade your deck to reach the top of Yggdrasil in this post-Ragnarok roguelike city-builder! Can you survive the  ‖ [Ancient Gods] Ancient Gods is a fusion of hero collector and deck-building rogue-lite where you collect your character, fight, and experience exciting events. Any character can use all the cards ‖ [Flick Shot Rogues] 계획하고, 조준하고, 쏘세요! FLICK SHOT ROGUES는 테이블 위에서 물건을 튕기는 촉각적 만족감과 사람들이 좋아하는 턴제 로그라이크의 전략적 깊이를 결합한 게임입니다. 말도 안되는 콤보를 연결하고, 캐릭터, 아이템, 스킬을 잠금 해제하면서, 섬을 정복하세요!",SpellRogue,"인디, RPG, 전략","SpellRogue는 진정한 턴제 전술 로그라이크 게임입니다! 350개 이상의 강력한 주문들을 골라 완벽한 조합을 만들고 70개 이상의 특별한 조우에서 적을 격파하세요. 냉혹한 선택을 마주하고, 불가능해 보이는 확률에 적응해 나가며, 세상을 파괴한 공포에 맞서 반격을 시작하세요.",3,,
B0057,A16,The Talos Principle / Rust / Inscryption,"액션, 어드벤처, 인디 / 액션, 어드벤처, 인디, 대규모 멀티플레이어, RPG / 어드벤처, 인디, 전략","[The Talos Principle] 탈로스 법칙은 철학적 SF 소설의 전통을 따른 1인칭 퍼즐 게임입니다. 시리어스 샘을 개발한 크로팀에서 만들었으며, 톰 주버트(FTL, 더 스와퍼)와 조나스 카이라츠(바다는 모든 것을 요구한다.)가 스토리를 작성했습니다. ‖ [Rust] Rust에서의 목표는 오직 하나, 바로 살아남는 것입니다. 섬의 야생 동물, 다른 주민, 환경, 다른 생존자 모두가 여러분의 목숨을 노립니다. 하루 더 살아남을 수 있다면 수단과 방법을 가리지 마세요. ‖ [Inscryption] Inscryption은 검은 잉크로 그려진 카드를 기반으로 한 덱빌딩 로그라이크, 방탈출 퍼즐, 피가 흐르는 심리적 공포 등의 요소가 섞인 여정을 다룹니다. 카드에는 더 어두운 비밀이 새겨져 있습니다…",Which hand?,"캐주얼, 인디","Solve the titan’s riddle, uncovering more hidden rules and connections each time you try",2,,
B0058,A14,Iron Brigade / Ancient Planet Tower Defense / Creeper World IXE,"액션, 전략 / 캐주얼, 인디, 전략 / 액션, 캐주얼, 인디, 시뮬레이션, 전략","[Iron Brigade] Join The Mobile Trench Brigade and protect humanity from the evil Monovision menace! ‖ [Ancient Planet Tower Defense] 고대 행성 타워 디펜스는 정통 타워 디펜스 게임입니다. 고대 문명의 요새가 외계 침략자들로부터 침략당했습니다. 고대의 강력한 기술을 사용하여 적군의 공격을 물리치십시오! ‖ [Creeper World IXE] The unstoppable alien force known as The Creeper has returned, devouring thousands of worlds in its path, and yours is next. Battle against the Creeper fluid in a groundbreaking pi",VERSUS SQUAD,"액션, 인디","Versus Squad is a fast action twin-stick shooter from the creator of Nation Red. Build your own sandbox defense and battle thousands of zombie mutants in top down combat! Face up to a dozen bosses. Simultaneously. Collect loot, build and repair. Play single player, on-line or local coop!",2,,
B0059,A08,Sid Meier’s Civilization® VI / XCOM® 2 / Stellaris,"전략 / 전략 / 시뮬레이션, 전략","[Sid Meier’s Civilization® VI] 문명 VI 에서는 새로운 방식으로 세상과 소통하고, 제국의 영토를 확장시키며, 문화를 발전시키고, 역사속 위대한 지도자들에 맞서 오래도록 지속될 나만의 문명을 건설해볼 수 있습니다. 클레오파트라를 비롯한 20명의 역사 속 지도자들 중 한명으로 플레이 해보세요. ‖ [XCOM® 2] XCOM 2는 수상 경력이 있는 전략 게임 XCOM: Enemy Unknown의 속편입니다. 인류가 외계인 침략군에게 항복한 지 20년, 이제 지구 상에는 새로운 세계 질서가 존재합니다. 수년간을 어둠 속에서 숨어 있었던 XCOM 부대는 반드시 일어나 외계인의 지배를 무너뜨릴 것입니다. ‖ [Stellaris] 항성간 여행을 통해 우주를 탐험하며 수많은 종족들도 만나보세요. 과학선을 보내 우주를 조사하고 탐험하면서 은하 제국을 건설하고, 건축선을 보내 새로 발견한 행성에 기지를 건설하세요. 소속 사회를 위한 탐험에 나서 매장된 보물과 은하계의 경이를 발견하고, 탐험가의 한계치와 진화 범위를 설정하세요. 동맹이 체결되고, 전쟁이 ",창조 삼국지,"인디, RPG, 전략, 앞서 해보기","이것은 클래식한 역사 시뮬레이션 + 실시간 전략 게임으로, 당신은 삼국시대로 돌아가 유명한 군주들을 연기하게 됩니다. 역사의 변화무쌍한 풍운 속에서 정진하여 국가를 부흥시키고, 최종적으로 화하 대륙을 통일하게 됩니다. 십만 명이 동시에 참가하는 웅대한 전장에서 정확한 전략과 모략을 세우고, 자신의 지혜와 기술에 도전하여 진정한 통치자가 되어보세요.",2,,
B0060,A12,Baldur's Gate 3 / Mount & Blade II: Bannerlord / Kenshi,"어드벤처, RPG, 전략 / 액션, 인디, RPG, 시뮬레이션, 전략 / 액션, 인디, RPG, 시뮬레이션, 전략","[Baldur's Gate 3] Baldur’s Gate 3 is a story-rich, party-based RPG set in the universe of Dungeons & Dragons, where your choices shape a tale of fellowship and betrayal, survival and sacrifice, and  ‖ [Mount & Blade II: Bannerlord] 본 게임은 전략/액션 RPG입니다. 캐릭터를 생성하고, 외교에 참여하고, 제작, 거래를 하고, 방대한 중세풍의 샌드박스에서 새로운 땅을 정복하십시오. 군대를 일으켜 전쟁에 뛰어들고, 깊이가 있으나 직관적인 실력 기반의 전투 시스템을 채용한 대규모 실시간 전투에서 자신의 부대에 명령을 내리고 함께 싸우십시오. ‖ [Kenshi] 자유롭게 돌아다니는 분대 기반의 RPG. 스토리를 따라가는 대신 제한 없는 샌드박스식 게임플레이에 중점을 두었습니다. 무역상, 도둑, 반란군, 전쟁 군주, 모험가, 농부, 노예 등 다양한 삶을 체험할 수 있습니다. 운이 나쁘면 식인종의 먹잇감으로 전락할지도 모르죠. 새로운 장비를 연구하거나 제작해 보세요.",Elengard: Ascension,"액션, 어드벤처, RPG, 전략, 앞서 해보기","Embark on an epic adventure to rise to power in this new Real-Time-With-Pause medieval fantasy RPG that combines action and strategy mechanics. Fight a lot, explore, choose how you fight, configure your abilities, create powerful builds and combos. Awaken your true power!",2,,
B0061,A23,Vomitoreum / Tales of Kenzera™: ZAU / Shantae: Half-Genie Hero,"액션, 어드벤처, 인디 / 액션, 어드벤처, 인디 / 액션, 어드벤처, 인디","[Vomitoreum] Vomitoreum is an FPS Metroidvania with a focus on atmosphere and horror, inspired by the paintings of Zdzisław Beksiński. ‖ [Tales of Kenzera™: ZAU] 샤먼의 춤을 추세요. 아버지의 영혼을 되찾으세요. Surgent Studios가 제작한 메트로이드바니아 스타일의 어드벤처 게임 Tales of Kenzera™: ZAU에서 죽음의 신과 함께 아름답고 위험한 켄제라의 땅으로 용감하게 모험을 떠나세요. ‖ [Shantae: Half-Genie Hero] Shantae embarks on her first full HD adventure! When a mysterious crime wave sweeps Sequin Land, it’s up to Half-Genie Hero Shantae to save the day! Use Shantae’s devastating Hair-",Forgive Me Father 2,"액션, 인디",제정신을 차리기 위해 가장 어두운 악몽 속으로 여행을 떠나세요. 사로잡힌 적 무리를 뚫고 나아가 치명적인 무기가 가득한 무기고와 놀라운 능력을 잠금 해제하고 액션이 가득한 FPS 속편에서 더욱 러브크래프트적인 광기에 맞설 준비를 하세요.,2,,
B0062,A12,Baldur's Gate 3 / Mount & Blade II: Bannerlord / Kenshi,"어드벤처, RPG, 전략 / 액션, 인디, RPG, 시뮬레이션, 전략 / 액션, 인디, RPG, 시뮬레이션, 전략","[Baldur's Gate 3] Baldur’s Gate 3 is a story-rich, party-based RPG set in the universe of Dungeons & Dragons, where your choices shape a tale of fellowship and betrayal, survival and sacrifice, and  ‖ [Mount & Blade II: Bannerlord] 본 게임은 전략/액션 RPG입니다. 캐릭터를 생성하고, 외교에 참여하고, 제작, 거래를 하고, 방대한 중세풍의 샌드박스에서 새로운 땅을 정복하십시오. 군대를 일으켜 전쟁에 뛰어들고, 깊이가 있으나 직관적인 실력 기반의 전투 시스템을 채용한 대규모 실시간 전투에서 자신의 부대에 명령을 내리고 함께 싸우십시오. ‖ [Kenshi] 자유롭게 돌아다니는 분대 기반의 RPG. 스토리를 따라가는 대신 제한 없는 샌드박스식 게임플레이에 중점을 두었습니다. 무역상, 도둑, 반란군, 전쟁 군주, 모험가, 농부, 노예 등 다양한 삶을 체험할 수 있습니다. 운이 나쁘면 식인종의 먹잇감으로 전락할지도 모르죠. 새로운 장비를 연구하거나 제작해 보세요.",The RPG Engine,"어드벤처, RPG, 시뮬레이션, 전략, 무료 플레이","Host immersive tabletop campaigns in a world imagined entirely by you! Build from the ground up with The RPG Engine, an intuitive virtual tabletop that lets you create unparalleled roleplaying environments for your party to get lost in.",1,MODE_MISMATCH,
B0063,A02,Still Life / Jenny LeClue - Detectivu / Telling Lies,"어드벤처 / 액션, 어드벤처, 캐주얼, 인디 / 어드벤처, 인디, 시뮬레이션",[Still Life] Still Life 2 also now available! ‖ [Jenny LeClue - Detectivu] Jenny LeClue - Detectivu는 조사와 선택지로 가득한 스릴 넘치는 미스터리 어드벤처 게임입니다. ‖ [Telling Lies] 네 명의 삶. 그리고 하나의 큰 거짓말. 아무도 모르게 녹화된 은밀한 대화를 들으며 진실을 알아내십시오. 큰 호평을 받았던 Her Story의 계승작입니다.,Inspector Waffles,"어드벤처, 인디","Murder. Nothin’ nice about it. In this old school detective adventure, step into the boots of whip-smart Inspector Waffles and travel the city to track hidden clues, interrogate shady suspects, and unravel a dangerous mystery. But be warned: curiosity killed the cat...",3,,
B0064,A33,Garry's Mod / Team Fortress 2 / Left 4 Dead 2,"캐주얼, 인디, 시뮬레이션 / 액션, 무료 플레이 / 액션","[Garry's Mod] Garry's Mod is a physics sandbox. There aren't any predefined aims or goals. We give you the tools and leave you to play. ‖ [Team Fortress 2] 다양한 전술적 능력과 뚜렷한 개성을 갖춘 9가지 병과의 캐릭터를 플레이하세요. 끊임없이 업데이트되는 새로운 게임 모드, 맵, 장비 그리고 가장 중요한 모자까지 지금 바로 즐겨보세요! ‖ [Left 4 Dead 2] Set in the zombie apocalypse, Left 4 Dead 2 is a co-operative action horror FPS takes you and your friends through the cities, swamps and cemeteries of the Deep South, from Savanna",ACTION SANDBOX,시뮬레이션,"A physics sandbox game for people who like to play with digital toys. Create, control toys and define your goals.",2,,
B0065,A06,Cities: Skylines / Factorio / Farming Simulator 22,"시뮬레이션, 전략 / 캐주얼, 인디, 시뮬레이션, 전략 / 시뮬레이션","[Cities: Skylines] Cities: Skylines is a modern take on the classic city simulation. The game introduces new game play elements to realize the thrill and hardships of creating and maintaining a real  ‖ [Factorio] Factorio는 무한한 2D 세상에서 복잡성이 증가하는 아이템을 생산하기 위해 자동화 공장을 만드는 게임입니다. - 당신의 상상력으로 공장을 설계, 독창적인 방법으로 간단한 요소를 결합하고 마지막엔 당신을 좋아하지 않는 생물들로 부터 공장을 지키세요. ‖ [Farming Simulator 22] 농장을 만들고 농사를 즐기세요! 작물을 수확하고, 동물을 돌보고, 생산을 관리하고, 계절에 따른 어려움을 이겨내세요.",MR FARMBOY,"캐주얼, 인디, 시뮬레이션, 전략","MR FARMBOY는 자동화가 가능한 귀여운 농장 게임입니다. 꿈의 농장을 만들고, 작물을 재배하고, 동물을 기르고, 마을 사람들을 끌어들이고, 모든 것을 자동화할 일꾼들을 고용하세요.",3,,
B0066,A35,Project Zomboid / Don't Starve / The Forest,"인디, RPG, 시뮬레이션, 앞서 해보기 / 어드벤처, 인디, 시뮬레이션 / 액션, 어드벤처, 인디, 시뮬레이션","[Project Zomboid] Project Zomboid is the ultimate in zombie survival. Alone or in MP: you loot, build, craft, fight, farm and fish in a struggle to survive. A hardcore RPG skillset, a vast map, mass ‖ [Don't Starve] Don’t Starve is an uncompromising wilderness survival game full of science and magic. Enter a strange and unexplored world full of strange creatures, dangers, and surprises. Gather ‖ [The Forest] As the lone survivor of a passenger jet crash, you find yourself in a mysterious forest battling to stay alive against a society of cannibalistic mutants. Build, explore, survive i",Blockscape,"캐주얼, 인디, RPG, 시뮬레이션, 전략, 앞서 해보기",The ultimate block building game.,1,GENRE_ONLY,
B0067,A07,Into the Breach / Monster Train / Mini Metro,"인디, RPG, 시뮬레이션, 전략 / 전략 / 인디, 시뮬레이션, 전략","[Into the Breach] 미래의 강력한 메크를 조종하여 외계 세력을 물리치세요. 이 턴제 전략 게임에서는 세계를 구하려 시도할 때마다 무작위로 새롭게 생성되는 도전이 여러분 앞에 나타납니다. ‖ [Monster Train] Monster Train is a strategic roguelike deck building game with a twist. Set on a train to hell, you’ll use tactical decision making to defend multiple vertical battlegrounds. With  ‖ [Mini Metro] 미니 메트로는 성장하는 도시를 위해 지하철 노선을 설계하는 게임입니다. 역과 역 사이에 노선을 그려서 열차 운행을 시작하세요. 새로운 역이 열리면 노선을 수정해서 노선도를 효율적으로 유지하세요. 한정된 자원을 어느 곳에 사용할 것인지 결정하세요. 도시를 얼마나 오래 유지할 수 있을까요?",Wolfstride,"액션, 어드벤처, 인디, RPG, 전략","세 친구를 중심으로 펼쳐지는 스타일리시한 RPG에서 싸우고, 정비하고, 관리하여 승리로 향하는 길을 닦으세요. 친구들과 전 세계의 운명이 턴 기반 거대 메카 전투의 결과에 달려 있습니다. 메카를 수리하고 업그레이드하여 새로운 상대와 맞서고, 묘한 일거리를 처리하여 비용을 마련하세요.",3,,
B0068,A24,Valheim / Grounded / My Time at Portia,"액션, 어드벤처, 인디, RPG, 앞서 해보기 / 액션, 어드벤처 / 어드벤처, 캐주얼, 인디, RPG, 시뮬레이션","[Valheim] 북구 신화와 바이킹 문화에 기반한 판타지 세계를 배경으로 펼쳐지는 생존 및 탐험 게임. ‖ [Grounded] The world is a vast, beautiful and dangerous place – especially when you have been shrunk to the size of an ant. Can you thrive alongside the hordes of giant insects, fighting to s ‖ [My Time at Portia] 아름다운 Portia 마을에서 새 삶을 시작하세요! 아버지가 방치한 작업장에서 제작을 부탁받고, 작물을 키우고, 가축을 기르고, 아름다운 세기말의 땅에서 특이한 친구들을 사귀며 작업장을 예전의 멋진 모습으로 복원하세요.",Abiotic Factor,"액션, 어드벤처, RPG, 시뮬레이션","이상 현상의 위협에 잠식된 연구 시설을 무대로 한 협동 생존-제작 게임(1-6인)입니다. 지구 최고의 과학자인 여러분은 하나로 뭉쳐 기발한 도구와 무기를 만들고, 당신이 아는 단 하나의 방법으로 살아남아야 합니다. 바로 과학으로 적들을 모두 죽이는 것입니다!",3,,
B0069,A29,Salt and Sanctuary,"액션, 인디, RPG","[Salt and Sanctuary] 두렵고도 잔혹한 섬의 탐험을 시작합니다… Salt and Sanctuary는 신속하고, 잔인하며, 복잡한 전투 시스템을 지닌 2D RPG입니다. 저주받은 도시의 잊힌 영역이나, 피에 물든 던전이나, 오염된 기념비와 같은 장소를 돌아다니며, 한때 축복을 받았지만 지금은 타락하고 만 영주들을 조우하세요.",Lords Of The Fallen™ 2014,"액션, RPG","복잡하지만 만족스러운 전투 시스템과 함께 강력한 마법을 사용할 수 있는 다크 판타지 액션-RPG에 뛰어드십시오. 폭군이자 신, 아르디는 오랜 투옥에 대한 복수를 위해 인간 영역을 침략하자, 보호자라고 하기엔 꺼림직한 인간… 추방된 범죄자… 하르킨을 부르게 됩니다.",3,,
B0070,A25,DOOMBLADE / Transiruby / Blast Brigade vs. the Evil Legion of Dr. Cread,"액션, 어드벤처, 인디 / 액션 / 액션, 어드벤처, 인디","[DOOMBLADE] Deep underground, Gloom Girl discovers DOOMBLADE, a sentient weapon hellbent on escape after eons in chains. Together, “Doom and Gloom” embark on a vengeful quest to unlock the pow ‖ [Transiruby] 차원 대륙의 의문을 풀어라! 는 사이보그 소녀 실비가 검과 엘리먼트 샷으로 적을 쓰러뜨리며 앞으로 나아가는 탐색형 액션 게임입니다! ‖ [Blast Brigade vs. the Evil Legion of Dr. Cread] 스릴 넘치는 플랫포밍과 깊이 있는 탐험 세계, 폭발적인 액션으로 가득한 2D 메트로이드배니아 어드벤처 게임을 즐겨보세요! Blast Brigade에서 영웅들로 팀을 구성해 세계를 구하세요!",SteamWorld Dig 2,"액션, 어드벤처, 인디",SteamWorld Dig이 돌아왔습니다! 고전적인 Metroidvania 스타일 게임에 영향을 받은 땅굴 탐험에서 더 깊게 파 내려가 보상을 얻고 지하 세계의 위협을 밝혀보세요.,3,,
B0071,A01,It Takes Two / Overcooked! 2 / What Remains of Edith Finch,"액션, 어드벤처 / 액션, 캐주얼, 인디 / 어드벤처, 인디","[It Takes Two] It Takes Two에서 생애 가장 정신없는 여정을 시작하세요. 친구가 무료로 참가할 수 있게 친구 패스*로 초대하고, 함께 힘을 합쳐서 수많은 유쾌하고 획기적인 게임 플레이 챌린지를 헤쳐나가세요. ‖ [Overcooked! 2] 혼란스러운 요리 액션으로 가득한 Overcooked가 돌아왔습니다! 양파 왕국으로 돌아가는 여행을 떠나세요. 클래식 협동 또는 온라인 플레이에서 셰프 팀을 만들어서 최대 4명까지 플레이하세요. 앞치마를 준비하세요... 다시 세상을 구할 때가 되었습니다! ‖ [What Remains of Edith Finch] What Remains of Edith Finch(워트 리메인스 오브 에디스 핀치)는 워싱턴 주에 있는 어느 가족에 대한 이상한 이야기의 모음입니다. 플레이어는 에디스가 되어 거대한 핀치 가택을 탐사하고, 가족사를 연구하며 이야기를 찾고, 왜 가족 중에서 그녀만 살아남았는지 알아내야 합니다. 각 이야기는 새로운 가족 구성",Feed the Cups,"캐주얼, 인디, 시뮬레이션, 앞서 해보기","Feed the Cups is a Roguelite multiplayer online cooperative game. Run a Drink Shop, stocking up, preparing ingredients, taking orders, crafting drinks, cleaning up, and checking equipment. Join your friends together!",3,,
B0072,A05,Opus Magnum,"인디, 시뮬레이션","[Opus Magnum] Opus Magnum은 SpaceChem, Infinifactory, SHENZHEN I/O를 제작한 Zachtronics의 신작 퍼즐게임입니다. 연금술사들의 최첨단 도구인 변성 기관을 이용해 물약과 독을 만들어내는 기계들을 설계하고 만들어 내세요!",Contraption Maker,"캐주얼, 인디, 시뮬레이션",The spiritual successor to The Incredible Machine from its original designer and programmer. Play 100s of puzzles. Build and share elaborate contraptions with an huge variety of parts and critters.,2,,
B0073,A03,Balatro / Hades / Vampire Survivors,"캐주얼, 인디, 전략 / 액션, 인디, RPG / 액션, 캐주얼, 인디, RPG","[Balatro] 포커 로그라이크 게임. Balatro는 불법 포커 패로 게임을 하고, 판을 뒤엎는 조커를 발견하고, 아드레날린이 치솟는 강력한 콤보를 만드는 덱 빌딩 게임입니다. ‖ [Hades] Bastion, Transistor, Pyre의 제작사에서 선보이는 이 로그라이크 던전 탐색형 게임에서 핵 앤 슬래시로 지하 세계를 탈출하고 죽음의 신에게 도전하세요. ‖ [Vampire Survivors] 수많은 어둠의 피조물을 쓰러뜨리며 새벽이 올 때까지 생존하세요! Vampire Survivors는 로그라이트 요소를 갖춘 고딕 호러 케주얼 게임입니다. 당신의 선택으로 순식간에 수백 마리의 괴물이 눈덩이처럼 불어날 수 있죠.",Loot River,"액션, 어드벤처, 인디, RPG, 전략","맹렬한 실시간 전투와 다크 판타지 설정, 그리고 공간 블록 변화가 하나로 합쳐진 도전적인 던전 크롤링 로그라이크 게임에서 끝없이 순차적으로 생성되는 미궁을 탐험하세요. 고대 유적의 블록을 옮기고, 잔혹한 야수와 싸우고, 전리품을 얻고, 레벨을 높이고, 전략을 짜고, 강력한 주문을 사용하고, 죽고, 새로 태어나세요.",3,,
B0074,A07,Into the Breach / Monster Train / Mini Metro,"인디, RPG, 시뮬레이션, 전략 / 전략 / 인디, 시뮬레이션, 전략","[Into the Breach] 미래의 강력한 메크를 조종하여 외계 세력을 물리치세요. 이 턴제 전략 게임에서는 세계를 구하려 시도할 때마다 무작위로 새롭게 생성되는 도전이 여러분 앞에 나타납니다. ‖ [Monster Train] Monster Train is a strategic roguelike deck building game with a twist. Set on a train to hell, you’ll use tactical decision making to defend multiple vertical battlegrounds. With  ‖ [Mini Metro] 미니 메트로는 성장하는 도시를 위해 지하철 노선을 설계하는 게임입니다. 역과 역 사이에 노선을 그려서 열차 운행을 시작하세요. 새로운 역이 열리면 노선을 수정해서 노선도를 효율적으로 유지하세요. 한정된 자원을 어느 곳에 사용할 것인지 결정하세요. 도시를 얼마나 오래 유지할 수 있을까요?",Warriors of the Nile,"인디, 전략",Choose skill tablets to build your unique squad. Show your tactics in fast-paced battles. Lead the warriors blessed by the Egyptian gods to challenge random levels and powerful bosses. Defeat the Serpent Apophis and bring back the sun.,3,,
B0075,A15,서브노티카 / The Long Dark / No Man's Sky,"어드벤처, 인디 / 어드벤처, 인디, 시뮬레이션, 전략 / 액션, 어드벤처","[서브노티카] 위험과 경이로움이 가득한 외계의 바다 속으로 내려가세요. 장비를 제작하고, 잠수함을 조종하며 야생 생물보다 앞서가세요. 우거진 산호초, 화산, 동굴 같은 많은 장소들을 탐험하세요. 물론 살아남는 걸 잊으면 안 되겠죠. ‖ [The Long Dark] The Long Dark는 깊은 생각을 요구하는 탐험 생존 게임입니다. 플레이어는 지구 자기장 이상으로 인한 대재앙이 휩쓸고 간 세상에서 혼자 드넓은 설원 황무지를 탐험하며 살아남아야 합니다. 좀비는 등장하지 않으며 오직 플레이어와 추위, 그리고 자연 속의 위험들만 존재합니다. 고요한 종말의 세상에 오신 것을 환영합니다. ‖ [No Man's Sky] No Man's Sky는 무한히 펼쳐지는 우주에서의 탐험과 생존을 그린 SF 게임입니다.",Force of Nature,"액션, 어드벤처, 인디, RPG, 시뮬레이션, 전략","Force of Nature is a Sandbox game that combines Action, Adventure, RPG, Strategy and Management genres",2,,
B0076,A32,Hardspace: Shipbreaker / Hacknet / The Case of the Golden Idol / 방 탈출 시뮬레이터 / shapez 2 - Factory,"시뮬레이션 / 인디, 시뮬레이션 / 어드벤처, 인디 / 어드벤처, 캐주얼, 인디, 시뮬레이션 / 캐주얼, 인디, 시뮬레이션, 전략","[Hardspace: Shipbreaker] Equipped with cutting-edge salvaging tech, carve & slice spaceships to recover valuable materials. Upgrade your gear to take on more lucrative contracts and pay your billion credit ‖ [Hacknet] Hacknet은 터미널 기반의 몰입형 해킹 시뮬레이터입니다. 최근에 사망한, 그러나 언론 보도와는 달리 사고로 사망하지 않은 해커의 지시에 따라 진실을 추척하십시오. ‖ [The Case of the Golden Idol] A new kind of detective game that allows you to think and investigate freely. Discover clues surrounding 12 strange and gruesome deaths and build your own theory. Pick your suspect ‖ [방 탈출 시뮬레이터] Escape Simulator는 단독 또는 온라인 협동 플레이가 가능한 1인칭 퍼즐 게임입니다. 점점 더 많아지는, 고도의 상호 작용이 가능한 방탈출 세트를 탐험하세요. 가구를 옮기고, 모든 것을 집어 들고 검사하고, 냄비를 부수고 자물쇠를 부수세요! 레벨 편집기를 통해 커뮤니티가 만든 방을 지원합니다. ‖ [shapez 2 - Factory] 공장 건설 게임에 빠져들어 보세요. 단 한 가지에 집중하세요. 대규모 우주 공장을 건설하는 것! 방대하게 펼쳐지는 다층 공장과 만족스러운 생산 라인을 무제한으로 설계하세요. 계속해서 어려워지는 자동화 목표를 적의 위협 없이 자신만의 속도로 달성하세요.",당신의 안녕을 위하여,"어드벤처, 인디",부검을 통해 진실을 밝히는 추리게임입니다. 법의관이 되어 사망자가 어떤 이유로 죽었는지 밝혀보세요.,3,,
B0077,A25,DOOMBLADE / Transiruby / Blast Brigade vs. the Evil Legion of Dr. Cread,"액션, 어드벤처, 인디 / 액션 / 액션, 어드벤처, 인디","[DOOMBLADE] Deep underground, Gloom Girl discovers DOOMBLADE, a sentient weapon hellbent on escape after eons in chains. Together, “Doom and Gloom” embark on a vengeful quest to unlock the pow ‖ [Transiruby] 차원 대륙의 의문을 풀어라! 는 사이보그 소녀 실비가 검과 엘리먼트 샷으로 적을 쓰러뜨리며 앞으로 나아가는 탐색형 액션 게임입니다! ‖ [Blast Brigade vs. the Evil Legion of Dr. Cread] 스릴 넘치는 플랫포밍과 깊이 있는 탐험 세계, 폭발적인 액션으로 가득한 2D 메트로이드배니아 어드벤처 게임을 즐겨보세요! Blast Brigade에서 영웅들로 팀을 구성해 세계를 구하세요!",ダンジョンビーチ,액션,Cute and sexy seaside random dungeon action,1,LOW_QUALITY,
B0078,A11,Forza Horizon 5 / Hi-Fi RUSH / Street Fighter 6,"액션, 어드벤처, 레이싱, 시뮬레이션, 스포츠 / 액션 / 액션, 어드벤처","[Forza Horizon 5] 세계 최고의 자동차를 타고 생동감 넘치는 멕시코의 대자연을 탐험하며 재미있는 드라이빙 액션을 마음껏 즐겨보세요. ‖ [Hi-Fi RUSH] 아케이드 챌린지! 업데이트!로 추가되는 두 개의 신규 게임 모드에서 여러분의 능력을 시험하고, 새로운 보상을 획득해 보세요. 몇 가지 비밀도 숨어 있답니다! 락 스타 지망생 차이가 되어 비트를 타고, 세상 모든 게 음악에 싱크되는 세계에서 오합지졸 팀과 함께 사악한 거대 기업에 맞서 싸우세요. ‖ [Street Fighter 6] 시리즈 최신작 『Street Fighter 6』, 2023년 6월 2일 발매 결정! RE ENGINE으로 개발된 본 작품은 대형 모드 「World Tour」, 「Fighting Ground」, 「Battle Hub」로 구성되어 있다. 새로운 「스트리트 파이터」에는 지금까지의 시리즈에는 없었던 새로운 체험이 기다리고 있다.",MX Bikes,"레이싱, 시뮬레이션, 스포츠, 앞서 해보기","MX Bikes is a realistic motocross simulator, based on a scratch built physics engine that accurately simulates motorcycle dynamics and setup options.",2,,
B0079,A32,Hardspace: Shipbreaker / Hacknet / The Case of the Golden Idol / 방 탈출 시뮬레이터 / shapez 2 - Factory,"시뮬레이션 / 인디, 시뮬레이션 / 어드벤처, 인디 / 어드벤처, 캐주얼, 인디, 시뮬레이션 / 캐주얼, 인디, 시뮬레이션, 전략","[Hardspace: Shipbreaker] Equipped with cutting-edge salvaging tech, carve & slice spaceships to recover valuable materials. Upgrade your gear to take on more lucrative contracts and pay your billion credit ‖ [Hacknet] Hacknet은 터미널 기반의 몰입형 해킹 시뮬레이터입니다. 최근에 사망한, 그러나 언론 보도와는 달리 사고로 사망하지 않은 해커의 지시에 따라 진실을 추척하십시오. ‖ [The Case of the Golden Idol] A new kind of detective game that allows you to think and investigate freely. Discover clues surrounding 12 strange and gruesome deaths and build your own theory. Pick your suspect ‖ [방 탈출 시뮬레이터] Escape Simulator는 단독 또는 온라인 협동 플레이가 가능한 1인칭 퍼즐 게임입니다. 점점 더 많아지는, 고도의 상호 작용이 가능한 방탈출 세트를 탐험하세요. 가구를 옮기고, 모든 것을 집어 들고 검사하고, 냄비를 부수고 자물쇠를 부수세요! 레벨 편집기를 통해 커뮤니티가 만든 방을 지원합니다. ‖ [shapez 2 - Factory] 공장 건설 게임에 빠져들어 보세요. 단 한 가지에 집중하세요. 대규모 우주 공장을 건설하는 것! 방대하게 펼쳐지는 다층 공장과 만족스러운 생산 라인을 무제한으로 설계하세요. 계속해서 어려워지는 자동화 목표를 적의 위협 없이 자신만의 속도로 달성하세요.",HACK_IT,"액션, 어드벤처, 캐주얼, 인디, RPG, 시뮬레이션, 전략","HACK_IT presents players with a fully immersive hacking experience, you’ll meet characters and find out things you never imagined. Including interactive apps that will give you the power to shutdown servers and retrieve passwords.",2,,
B0080,A18,Euro Truck Simulator 2 / BeamNG.drive / 아세토 코르사 Assetto Corsa,"인디, 시뮬레이션 / 레이싱, 시뮬레이션, 앞서 해보기 / 인디, 레이싱, 시뮬레이션, 스포츠","[Euro Truck Simulator 2] 도로의 왕이 되어 인상적인 거리를 가로질러 중요한 화물을 배달하는 트럭 운전사가 되어 유럽을 여행하세요! 탐험할 도시가 수십 개나 되므로, 당신의 인내심, 기술, 속도가 모두 한계에 도달할 것입니다. ‖ [BeamNG.drive] 뭐든지 할 수 있는 동적 소프트 보디 물리 시뮬레이터입니다. ‖ [아세토 코르사 Assetto Corsa] 아세토 코르사(Assetto Corsa) v1.16은 새로운 레이저 스캔 트랙 ""라구나 세카(Laguna Seca)"" 및 기다리던 Alfa Romeo Giulia Quadrifoglio를 포함한 7개의 신차를 소개합니다! 체인지로그에서 더 자세한 내용을 확인하세요!",18 Wheels of Steel: Extreme Trucker 2,시뮬레이션,Non-Stop Extreme Driving Action! Take this Job and Love It! Build your trucking empire from a single hauler to a vast network of convoys crisscrossing the globe’s most extreme roads. Can you feel the hair on your neck raise?,3,,
B0081,A11,Forza Horizon 5 / Hi-Fi RUSH / Street Fighter 6,"액션, 어드벤처, 레이싱, 시뮬레이션, 스포츠 / 액션 / 액션, 어드벤처","[Forza Horizon 5] 세계 최고의 자동차를 타고 생동감 넘치는 멕시코의 대자연을 탐험하며 재미있는 드라이빙 액션을 마음껏 즐겨보세요. ‖ [Hi-Fi RUSH] 아케이드 챌린지! 업데이트!로 추가되는 두 개의 신규 게임 모드에서 여러분의 능력을 시험하고, 새로운 보상을 획득해 보세요. 몇 가지 비밀도 숨어 있답니다! 락 스타 지망생 차이가 되어 비트를 타고, 세상 모든 게 음악에 싱크되는 세계에서 오합지졸 팀과 함께 사악한 거대 기업에 맞서 싸우세요. ‖ [Street Fighter 6] 시리즈 최신작 『Street Fighter 6』, 2023년 6월 2일 발매 결정! RE ENGINE으로 개발된 본 작품은 대형 모드 「World Tour」, 「Fighting Ground」, 「Battle Hub」로 구성되어 있다. 새로운 「스트리트 파이터」에는 지금까지의 시리즈에는 없었던 새로운 체험이 기다리고 있다.",Drift Streets Japan,"액션, 인디, 대규모 멀티플레이어, 레이싱, 시뮬레이션, 스포츠","Racing Game about Illegal Night Street Racing. Nice Cars and Advanced Engine Tuning. Most Realistic and Best Physics. Most Quality Graphics. Drive the Large Japan Highway with traffic. Feel the Real experience, try to drift with car cockpit camera.",2,,
B0082,A06,Cities: Skylines / Factorio / Farming Simulator 22,"시뮬레이션, 전략 / 캐주얼, 인디, 시뮬레이션, 전략 / 시뮬레이션","[Cities: Skylines] Cities: Skylines is a modern take on the classic city simulation. The game introduces new game play elements to realize the thrill and hardships of creating and maintaining a real  ‖ [Factorio] Factorio는 무한한 2D 세상에서 복잡성이 증가하는 아이템을 생산하기 위해 자동화 공장을 만드는 게임입니다. - 당신의 상상력으로 공장을 설계, 독창적인 방법으로 간단한 요소를 결합하고 마지막엔 당신을 좋아하지 않는 생물들로 부터 공장을 지키세요. ‖ [Farming Simulator 22] 농장을 만들고 농사를 즐기세요! 작물을 수확하고, 동물을 돌보고, 생산을 관리하고, 계절에 따른 어려움을 이겨내세요.",리: 레전드 Re:Legend,"액션, 어드벤처, 인디, RPG, 시뮬레이션","아름다운 풍경과 환상적인 생물이 있는 세계에서 친구들과 함께 모험을 떠나 보세요. 놀라운 반려동물을 키우고, 공예하고, 농사를 짓고, 물고기를 잡고, 기르고, 번식시키세요!",2,,
B0083,A18,Euro Truck Simulator 2 / BeamNG.drive / 아세토 코르사 Assetto Corsa,"인디, 시뮬레이션 / 레이싱, 시뮬레이션, 앞서 해보기 / 인디, 레이싱, 시뮬레이션, 스포츠","[Euro Truck Simulator 2] 도로의 왕이 되어 인상적인 거리를 가로질러 중요한 화물을 배달하는 트럭 운전사가 되어 유럽을 여행하세요! 탐험할 도시가 수십 개나 되므로, 당신의 인내심, 기술, 속도가 모두 한계에 도달할 것입니다. ‖ [BeamNG.drive] 뭐든지 할 수 있는 동적 소프트 보디 물리 시뮬레이터입니다. ‖ [아세토 코르사 Assetto Corsa] 아세토 코르사(Assetto Corsa) v1.16은 새로운 레이저 스캔 트랙 ""라구나 세카(Laguna Seca)"" 및 기다리던 Alfa Romeo Giulia Quadrifoglio를 포함한 7개의 신차를 소개합니다! 체인지로그에서 더 자세한 내용을 확인하세요!",Selaco,"액션, 어드벤처, 인디, 앞서 해보기","Selaco is a brand new original shooter inspired by classics, featuring thrilling action set pieces, destructibility, smart enemies and a fleshed out story taking place within an immersive game world.",1,GENRE_ONLY,
B0084,A03,Balatro / Hades / Vampire Survivors,"캐주얼, 인디, 전략 / 액션, 인디, RPG / 액션, 캐주얼, 인디, RPG","[Balatro] 포커 로그라이크 게임. Balatro는 불법 포커 패로 게임을 하고, 판을 뒤엎는 조커를 발견하고, 아드레날린이 치솟는 강력한 콤보를 만드는 덱 빌딩 게임입니다. ‖ [Hades] Bastion, Transistor, Pyre의 제작사에서 선보이는 이 로그라이크 던전 탐색형 게임에서 핵 앤 슬래시로 지하 세계를 탈출하고 죽음의 신에게 도전하세요. ‖ [Vampire Survivors] 수많은 어둠의 피조물을 쓰러뜨리며 새벽이 올 때까지 생존하세요! Vampire Survivors는 로그라이트 요소를 갖춘 고딕 호러 케주얼 게임입니다. 당신의 선택으로 순식간에 수백 마리의 괴물이 눈덩이처럼 불어날 수 있죠.",와일드프로스트 (Wildfrost),"인디, 전략","전략 로그라이크 덱빌더 게임인 Wildfrost에서 원소를 조종하세요! 얼어붙은 툰드라를 건너, 영겁의 겨울을 없앨 수 있을 정도로 강력한 덱을 완성해보세요…",3,,
B0085,A26,RimWorld / Oxygen Not Included / Unpacking 언패킹,"인디, 시뮬레이션, 전략 / 인디, 시뮬레이션 / 캐주얼, 인디, 시뮬레이션","[RimWorld] 지능형 AI 이야기꾼이 주도하는 공상과학 정착지 시뮬레이터입니다. 심리, 생태, 총격전과 근접전, 날씨, 기후, 외교, 사람 사이의 관계, 예술, 의학, 무역, 그 외 많은 것들을 시뮬레이션하여 이야기를 생성합니다. ‖ [Oxygen Not Included] Oxygen Not Included는 우주 콜로니 시뮬레이션 게임입니다. 외계의 우주 암석 깊은 곳에서 근면한 일꾼들은 생존하고 나아가 번영하기 위해 과학을 마스터하고, 낯선 새로운 생명체에 맞서며, 경이로운 우주 테크놀로지를 활용해야 합니다. ‖ [Unpacking 언패킹] Unpacking은 상자에서 짐을 꺼내 새집에 맞게 배치하는 친숙한 체험에 대한 명상적 퍼즐 게임입니다. 게임의 일부인 블록 맞추기 게임과 집 꾸미기를 하는 동안, 푸는 짐에 닮긴 삶의 실마리를 찾아가며 만족할 만한 생활 공간을 만들어 보세요.",Planetbase,"인디, 시뮬레이션, 전략","Guide a group of space settlers trying to establish a base on a remote planet. Grow food, collect energy, mine resources, survive disasters and build a self-sufficient colony in a harsh and unforgiving environment.",3,,
B0086,A22,Deck of Ashes / Dicefolk / Cubic Cosmos,"어드벤처, 인디, RPG, 전략 / 캐주얼, 인디, 전략 / 전략","[Deck of Ashes] 덱 오브 애쉬즈(Deck of Ashes)는 전술 카드 전투를 벌이는 어드벤처 게임입니다. 한 번에 한 캐릭터씩 안티히어로 일행을 이끌어 속죄의 여행을 떠나보세요. 저주받은 판타지 세계를 탐험하며 강력한 카드를 찾아보세요. 독특한 전투 덱을 형성하여 적들을 무찌르세요! 잿빛 저주의 세계를 제거하실 수 있겠습니까? ‖ [Dicefolk] 마법 주사위의 힘을 휘두르고 강력한 키메라 팀을 구축해보세요! 수수께끼의 악을 멈추기 위한 택티컬 덱빌딩 로그라이트 모험이 다가오고 있습니다. 키메라 소환사로서, 신화적인 짐승들을 모집하고 완벽한 팀을 만들고, 다이스포크만의 독특한 주사위 메커니즘을 활용하여 승리로 이끌어주세요. ‖ [Cubic Cosmos] Cubic Cosmos is a thrilling fast-paced roguelike card game. You have been trapped in a deadly game. One wrong move could see you reduced to a plaything of the goddess. Can you free",For The Warp,"인디, 전략","A roguelike deckbuilding game in space! Explore randomly generated systems, enemies and strange encounters. Build your deck, survive and reach For The Warp gate!",3,,
B0087,A27,The Raven Remastered / The Frostrune / Mad Experiments: Escape Room,"어드벤처 / 어드벤처 / 어드벤처, 캐주얼, 인디, 시뮬레이션, 전략","[The Raven Remastered] London, 1964. An ancient ruby is stolen from the British Museum. At the crime scene: a raven feather. Is somebody trying to follow in the footsteps of The Raven, the legendary mast ‖ [The Frostrune] Unravel a mystery inspired by Viking myth and legend in The Frostrune, a classic point-and-click adventure based on historically accurate Norse culture and environments. ‖ [Mad Experiments: Escape Room] 수상 후보에 오른 이스케이프 게임 1인 또는 최대 5인까지 플레이하며 3개의 독특한 방을 탐험하고, 두뇌를 자극하는 퍼즐을 풀며 체셔 교수와 그의 실험에 얽힌 어두운 비밀을 밝혀보세요.",In the Raven Shadow,"어드벤처, 인디",In the Raven Shadow is in the best sense an old-fashioned adventure game for all sense-seeking people.,3,,
B0088,A34,Pid / ChromaGun / Deer & Boy,"어드벤처, 인디 / 액션, 어드벤처, 인디 / 액션, 어드벤처, 인디","[Pid] You are stranded on a strange and peculiar planet. It’s time to embark on your journey and find your way home! Explore a gravity defying and challenging platformer with striking vi ‖ [ChromaGun] Welcome to ChromaTec’s test lab! You’re here to test our state-of-the-art military-grade color-technology: The ChromaGun (patent pending)! Use it to solve our meticulously designed ‖ [Deer & Boy] 도망친 소년은 길 잃은 어린 사슴을 만나 고요하면서도 위태로운 세상을 함께 헤쳐 나갑니다. 퍼즐을 풀고, 높은 곳에 오르고, 위협을 피해 나아가며 당신의 동료는 연약한 아기 사슴에서 어엿한 사슴으로 성장하죠. 혼자서는 할 수 없었던 일을 함께 해내는 법을 배우게 됩니다.",Path of Giants,"어드벤처, 캐주얼, 인디",패스 오브 자이언트는 세 명의 사랑스러운 탐험가가 잃어버린 보물을 찾아 얼어붙은 산에서 여러 다양한 시험을 통과해가는 평화로운 퍼즐 어드벤처 게임입니다. 세 명의 캐릭터를 조종하고 팀워크를 통해 낙오자 없이 황금을 찾아내시길 바랍니다!,3,,
B0089,A02,Still Life / Jenny LeClue - Detectivu / Telling Lies,"어드벤처 / 액션, 어드벤처, 캐주얼, 인디 / 어드벤처, 인디, 시뮬레이션",[Still Life] Still Life 2 also now available! ‖ [Jenny LeClue - Detectivu] Jenny LeClue - Detectivu는 조사와 선택지로 가득한 스릴 넘치는 미스터리 어드벤처 게임입니다. ‖ [Telling Lies] 네 명의 삶. 그리고 하나의 큰 거짓말. 아무도 모르게 녹화된 은밀한 대화를 들으며 진실을 알아내십시오. 큰 호평을 받았던 Her Story의 계승작입니다.,은폐된 살인의 진실들 - 하드코어 본격 추리 탐정 게임,"어드벤처, 인디, 시뮬레이션",할리우드를 뒤흔든 한 차례 살인사건! 수사 실력을 발휘해 현장을 조사하여 단서를 찾고 사건을 풀어내세요. 은밀한 살인사건을 조종하는 배후의 인물은 과연?!,3,,
B0090,A20,Counter-Strike 2 / PUBG: BATTLEGROUNDS / 톰 클랜시의 레인보우식스 시즈,"액션, 무료 플레이 / 액션, 어드벤처, 대규모 멀티플레이어, 무료 플레이 / 액션, 무료 플레이","[Counter-Strike 2] Counter-Strike는 20년이 넘는 시간 동안 전 세계 수백만 명의 플레이어가 모여 수준 높은 경쟁을 펼칠 수 있는 플랫폼을 제공해 왔습니다. 그리고 이제 곧 Counter-Strike 2와 함께 새로운 CS 시대의 막이 열립니다. ‖ [PUBG: BATTLEGROUNDS] 배틀로얄 유행의 시작이자, 그 정수를 보여준 PUBG: 배틀그라운드를 지금 무료로 플레이하세요! 다양한 맵에 낙하하여 무기와 보급품을 확보하고, 점점 줄어드는 블루존 속에서 끝까지 살아남아 승리를 쟁취하세요. ‖ [톰 클랜시의 레인보우식스 시즈] 톰 클랜시의 레인보우식스 시즈는 탁월한 계획과 기술이 승부를 좌우하는 전술적인 정예 팀 기반 슈팅 게임입니다.",Pixel Battle Royale,"액션, 무료 플레이, 인디",Fantastic battle royale inspired game in which you must be the last player standing.,1,LOW_QUALITY,
B0091,A14,Iron Brigade / Ancient Planet Tower Defense / Creeper World IXE,"액션, 전략 / 캐주얼, 인디, 전략 / 액션, 캐주얼, 인디, 시뮬레이션, 전략","[Iron Brigade] Join The Mobile Trench Brigade and protect humanity from the evil Monovision menace! ‖ [Ancient Planet Tower Defense] 고대 행성 타워 디펜스는 정통 타워 디펜스 게임입니다. 고대 문명의 요새가 외계 침략자들로부터 침략당했습니다. 고대의 강력한 기술을 사용하여 적군의 공격을 물리치십시오! ‖ [Creeper World IXE] The unstoppable alien force known as The Creeper has returned, devouring thousands of worlds in its path, and yours is next. Battle against the Creeper fluid in a groundbreaking pi",PixelJunk™ Monsters 2,액션,"PixelJunk™ Monsters is back with the simple, yet highly strategic real-time tower defense gameplay gameplay of the original title, now with updated graphics and brand new multiplayer modes!",3,,
B0092,A25,DOOMBLADE / Transiruby / Blast Brigade vs. the Evil Legion of Dr. Cread,"액션, 어드벤처, 인디 / 액션 / 액션, 어드벤처, 인디","[DOOMBLADE] Deep underground, Gloom Girl discovers DOOMBLADE, a sentient weapon hellbent on escape after eons in chains. Together, “Doom and Gloom” embark on a vengeful quest to unlock the pow ‖ [Transiruby] 차원 대륙의 의문을 풀어라! 는 사이보그 소녀 실비가 검과 엘리먼트 샷으로 적을 쓰러뜨리며 앞으로 나아가는 탐색형 액션 게임입니다! ‖ [Blast Brigade vs. the Evil Legion of Dr. Cread] 스릴 넘치는 플랫포밍과 깊이 있는 탐험 세계, 폭발적인 액션으로 가득한 2D 메트로이드배니아 어드벤처 게임을 즐겨보세요! Blast Brigade에서 영웅들로 팀을 구성해 세계를 구하세요!",Fallen Tear: The Ascension,"액션, 어드벤처, 인디, RPG, 앞서 해보기","A story-driven Metroidvania where the allies you choose to bond with change how you fight and explore. Journey through the high-fantasy world of Raoah, uncover lost civilizations, and forge bonds that shape your path through a land on the brink of collapse.",3,,
B0093,A10,A Short Hike / ISLANDERS / Gorogoa,"어드벤처, 인디 / 캐주얼, 인디, 전략 / 어드벤처, 캐주얼, 인디","[A Short Hike] Hike, climb, and soar through the peaceful mountainside landscapes of Hawk Peak Provincial Park as you make your way to the summit. ‖ [ISLANDERS] ISLANDERS is a minimalist strategy game about building cities on colorful islands. ‖ [Gorogoa] Gorogoa(고로고아)는 Jason Roberts가 디자인하고 일러스트레이션을 손으로 그린 아름다운 차세대 퍼즐 게임입니다.",Sudoku Universe / 数独宇宙,"캐주얼, 인디, 전략",Making the best Sudoku game on Steam.,1,IRRELEVANT,
B0094,A15,서브노티카 / The Long Dark / No Man's Sky,"어드벤처, 인디 / 어드벤처, 인디, 시뮬레이션, 전략 / 액션, 어드벤처","[서브노티카] 위험과 경이로움이 가득한 외계의 바다 속으로 내려가세요. 장비를 제작하고, 잠수함을 조종하며 야생 생물보다 앞서가세요. 우거진 산호초, 화산, 동굴 같은 많은 장소들을 탐험하세요. 물론 살아남는 걸 잊으면 안 되겠죠. ‖ [The Long Dark] The Long Dark는 깊은 생각을 요구하는 탐험 생존 게임입니다. 플레이어는 지구 자기장 이상으로 인한 대재앙이 휩쓸고 간 세상에서 혼자 드넓은 설원 황무지를 탐험하며 살아남아야 합니다. 좀비는 등장하지 않으며 오직 플레이어와 추위, 그리고 자연 속의 위험들만 존재합니다. 고요한 종말의 세상에 오신 것을 환영합니다. ‖ [No Man's Sky] No Man's Sky는 무한히 펼쳐지는 우주에서의 탐험과 생존을 그린 SF 게임입니다.",Out of Reach,"액션, 어드벤처, 인디, 대규모 멀티플레이어, RPG, 시뮬레이션","폭풍우는 지나갔지만 아직 당신은 위험에서 벗어나지 못 했습니다. 파도가 당신을 미지의 섬에 밀어 넣었기 때문이죠. 먹을 것과 자원을 찾고, 장비를 제작하며 머무를 곳을 만드는 것은 가장 기본적인 생존 수단일 뿐입니다. 완벽한 생존을 위해서는 더 많은 노력이 필요합니다. 비록 세상과 동떨어져 있지만, 이곳은 황폐한 곳이 아닙니다. 씨를 심고 밭을 일구며, 배를 타고 끝 없는 탐험이 가능한 이곳, 잊혀진 섬에서 새로운 세상을 개척해 봅시다!",2,,
B0095,A15,서브노티카 / The Long Dark / No Man's Sky,"어드벤처, 인디 / 어드벤처, 인디, 시뮬레이션, 전략 / 액션, 어드벤처","[서브노티카] 위험과 경이로움이 가득한 외계의 바다 속으로 내려가세요. 장비를 제작하고, 잠수함을 조종하며 야생 생물보다 앞서가세요. 우거진 산호초, 화산, 동굴 같은 많은 장소들을 탐험하세요. 물론 살아남는 걸 잊으면 안 되겠죠. ‖ [The Long Dark] The Long Dark는 깊은 생각을 요구하는 탐험 생존 게임입니다. 플레이어는 지구 자기장 이상으로 인한 대재앙이 휩쓸고 간 세상에서 혼자 드넓은 설원 황무지를 탐험하며 살아남아야 합니다. 좀비는 등장하지 않으며 오직 플레이어와 추위, 그리고 자연 속의 위험들만 존재합니다. 고요한 종말의 세상에 오신 것을 환영합니다. ‖ [No Man's Sky] No Man's Sky는 무한히 펼쳐지는 우주에서의 탐험과 생존을 그린 SF 게임입니다.",Crashlands,"액션, 어드벤처, 인디, RPG","Fight and tame alien beasts, craft resources into menacing weaponry, befriend the outlandish locals, and go toe-to-chin with a world-domineering maniac.",3,,
B0096,A28,Dordogne / A YEAR OF SPRINGS / Botany Manor,"어드벤처, 인디 / 캐주얼, 인디, 시뮬레이션 / 어드벤처","[Dordogne] 이 유년 시절의 여정에서 특별한 내러티브에 몰입하며 도르도뉴의 수천 가지 여름의 색을 탐험하고, 추억을 떠올리며 가족의 비밀을 밝히세요. ‖ [A YEAR OF SPRINGS] 세 명의 여성, 세 개의 이야기, 세 개의 봄. 세 명의 친구들이 사랑, 공감, 그리고 단지 함께하고 싶어하는 감정에 대한 방향을 찾아나가는 3 부작 비주얼 노벨 A YEAR OF SPRINGS 에서 하루, 에리카, 마나미의 이야기를 체험하세요. ‖ [Botany Manor] Welcome to Botany Manor, a stately home in 19th century England. You play as inhabitant Arabella Greene, a retired botanist. Explore your house and gardens, filled with research, t",人间 The Lost We Lost,"어드벤처, 캐주얼, 인디, 시뮬레이션",《人间》是一款现实主义视觉小说合集，讲述了在同一个夏天、同一个地方的三对不同的男女之间所发生的最为真实的故事。,2,,
B0097,A22,Deck of Ashes / Dicefolk / Cubic Cosmos,"어드벤처, 인디, RPG, 전략 / 캐주얼, 인디, 전략 / 전략","[Deck of Ashes] 덱 오브 애쉬즈(Deck of Ashes)는 전술 카드 전투를 벌이는 어드벤처 게임입니다. 한 번에 한 캐릭터씩 안티히어로 일행을 이끌어 속죄의 여행을 떠나보세요. 저주받은 판타지 세계를 탐험하며 강력한 카드를 찾아보세요. 독특한 전투 덱을 형성하여 적들을 무찌르세요! 잿빛 저주의 세계를 제거하실 수 있겠습니까? ‖ [Dicefolk] 마법 주사위의 힘을 휘두르고 강력한 키메라 팀을 구축해보세요! 수수께끼의 악을 멈추기 위한 택티컬 덱빌딩 로그라이트 모험이 다가오고 있습니다. 키메라 소환사로서, 신화적인 짐승들을 모집하고 완벽한 팀을 만들고, 다이스포크만의 독특한 주사위 메커니즘을 활용하여 승리로 이끌어주세요. ‖ [Cubic Cosmos] Cubic Cosmos is a thrilling fast-paced roguelike card game. You have been trapped in a deadly game. One wrong move could see you reduced to a plaything of the goddess. Can you free",덕앤롤,"어드벤처, 캐주얼, 인디, 전략",🎲고민하지 마세요. 주사위를 굴리세요!🎲 덕 앤 롤은 마법사 오리와 그 친구들이 모험을 떠나는 주사위 로그라이크 게임입니다. 주사위를 굴려 나온 눈으로 강력한 스킬을 사용하고 몬스터들을 상대로 승리하세요!,3,,
B0098,A30,Stardew Valley / Slime Rancher / Raft,"인디, RPG, 시뮬레이션 / 액션, 어드벤처, 인디, 시뮬레이션 / 어드벤처, 인디, 시뮬레이션","[Stardew Valley] You've inherited your grandfather's old farm plot in Stardew Valley. Armed with hand-me-down tools and a few coins, you set out to begin your new life. Can you learn to live off th ‖ [Slime Rancher] 슬라임 랜쳐는 젊고 용감한 랜쳐, 베아트릭스 르뷰가 지구에서 1,000광년 떨어진 '머나먼 평야'에서 슬라임들과 씨름하며 생계를 꾸려나가는 이야기입니다. 긍정적인 마인드와 강인한 의지로 베아트릭스는 진공팩을 사용하여 끊임없이 말랑말랑하게 굴러나오는 슬라임들을 피하며 이름을 알리고, 부자가 되려 합니다. ‖ [Raft] Raft™ throws you and your friends into an epic oceanic adventure! Alone or together, players battle to survive a perilous voyage across a vast sea! Gather debris, scavenge reefs an",SHARK SIEGE - TOGETHER SURVIVAL,"액션, 어드벤처, 대규모 멀티플레이어, RPG, 시뮬레이션","Solo or CO-OP with friends, survive the siege and keep your vessel afloat in “SHARK SIEGE - TOGETHER SURVIVAL” where the deep blue sea is your adversary, and courage is your strongest ally. Join the voyage, if you dare!",1,LOW_QUALITY,
B0099,A23,Vomitoreum / Tales of Kenzera™: ZAU / Shantae: Half-Genie Hero,"액션, 어드벤처, 인디 / 액션, 어드벤처, 인디 / 액션, 어드벤처, 인디","[Vomitoreum] Vomitoreum is an FPS Metroidvania with a focus on atmosphere and horror, inspired by the paintings of Zdzisław Beksiński. ‖ [Tales of Kenzera™: ZAU] 샤먼의 춤을 추세요. 아버지의 영혼을 되찾으세요. Surgent Studios가 제작한 메트로이드바니아 스타일의 어드벤처 게임 Tales of Kenzera™: ZAU에서 죽음의 신과 함께 아름답고 위험한 켄제라의 땅으로 용감하게 모험을 떠나세요. ‖ [Shantae: Half-Genie Hero] Shantae embarks on her first full HD adventure! When a mysterious crime wave sweeps Sequin Land, it’s up to Half-Genie Hero Shantae to save the day! Use Shantae’s devastating Hair-",SHEEPO,"액션, 어드벤처, 캐주얼, 인디","Explore a strange planet, collect the creatures you find, and then shape-shift into them to expand your world. Build your own path, chat with the locals, and discover the planets sprawling secrets in this quirky metroidvania platformer.",3,,
B0100,A30,Stardew Valley / Slime Rancher / Raft,"인디, RPG, 시뮬레이션 / 액션, 어드벤처, 인디, 시뮬레이션 / 어드벤처, 인디, 시뮬레이션","[Stardew Valley] You've inherited your grandfather's old farm plot in Stardew Valley. Armed with hand-me-down tools and a few coins, you set out to begin your new life. Can you learn to live off th ‖ [Slime Rancher] 슬라임 랜쳐는 젊고 용감한 랜쳐, 베아트릭스 르뷰가 지구에서 1,000광년 떨어진 '머나먼 평야'에서 슬라임들과 씨름하며 생계를 꾸려나가는 이야기입니다. 긍정적인 마인드와 강인한 의지로 베아트릭스는 진공팩을 사용하여 끊임없이 말랑말랑하게 굴러나오는 슬라임들을 피하며 이름을 알리고, 부자가 되려 합니다. ‖ [Raft] Raft™ throws you and your friends into an epic oceanic adventure! Alone or together, players battle to survive a perilous voyage across a vast sea! Gather debris, scavenge reefs an",The Survivalists,"액션, 어드벤처, 캐주얼, 인디","The Escapists 세계를 배경으로 모험이 가득한 생존 샌드박스, The Survivalists에는 놀라움과 비밀, 위험으로 가득한 세계가 기다리고 있습니다. 필사적인 생존을 위해 최대 세 명의 친구와 함께 탐색하고 건축하고 제작하고, 심지어 원숭이들을 훈련시키기도 합니다. 당신은 생존주의자가 되는 데 필요한 것을 갖추고 있나요?",3,,
B0101,A11,Forza Horizon 5 / Hi-Fi RUSH / Street Fighter 6,"액션, 어드벤처, 레이싱, 시뮬레이션, 스포츠 / 액션 / 액션, 어드벤처","[Forza Horizon 5] 세계 최고의 자동차를 타고 생동감 넘치는 멕시코의 대자연을 탐험하며 재미있는 드라이빙 액션을 마음껏 즐겨보세요. ‖ [Hi-Fi RUSH] 아케이드 챌린지! 업데이트!로 추가되는 두 개의 신규 게임 모드에서 여러분의 능력을 시험하고, 새로운 보상을 획득해 보세요. 몇 가지 비밀도 숨어 있답니다! 락 스타 지망생 차이가 되어 비트를 타고, 세상 모든 게 음악에 싱크되는 세계에서 오합지졸 팀과 함께 사악한 거대 기업에 맞서 싸우세요. ‖ [Street Fighter 6] 시리즈 최신작 『Street Fighter 6』, 2023년 6월 2일 발매 결정! RE ENGINE으로 개발된 본 작품은 대형 모드 「World Tour」, 「Fighting Ground」, 「Battle Hub」로 구성되어 있다. 새로운 「스트리트 파이터」에는 지금까지의 시리즈에는 없었던 새로운 체험이 기다리고 있다.",Pizza Possum,"액션, 캐주얼, 인디",간편하게 즐길 수 있고 정신 없이 흘러가는 아케이드 게임에서 주머니쥐로 살아가는 궁극의 꿈을 실현해 보세요. 싱글 플레이어 또는 로컬 협동 모드에서 붙잡히지 않고 음식을 최대한 많이 먹어 치우기만 하면 됩니다.,1,IRRELEVANT,
B0102,A21,DARK SOULS™ III / The Witcher 3: Wild Hunt / The Elder Scrolls V: Skyrim Special Edition,액션 / RPG / RPG,"[DARK SOULS™ III] 장르를 새로 개척했다는 평가를 들으며 많은 좋은 평가들을 얻고 있는 다크 소울 시리즈는 계속해서 한계를 넘어서, 더욱 야심찬 단계에 도전하고자 하고 있습니다. 준비를 하고 어둠을 밝히십시오! ‖ [The Witcher 3: Wild Hunt] 리비아의 게롤트가 되어 의뢰를 받고 괴물을 사냥하세요. 전쟁의 상처가 가득하고 괴물이 들끓는 대륙을 마음껏 탐험해 보세요. 지금 가장 중요한 일은 대륙의 판도를 뒤바꿀 수도 있는 살아 있는 무기이자 예언의 아이, 시리를 추적하는 것입니다. ‖ [The Elder Scrolls V: Skyrim Special Edition] 200회 이상 올해의 게임에 선정된 The Elder Scrolls V: Skyrim Special Edition이 놀라운 디테일로 판타지에 생명을 불어넣었습니다. Special Edition에는 비평가들의 극찬을 받은 게임 및 새로운 기능이 포함된 애드온이 들어 있습니다.",Darksiders II Deathinitive Edition,"액션, 어드벤처, RPG","The ultimate DARKSIDERS II experience! 1080p native resolution. Reworked and tuned game balancing and loot distribution. Improved Graphic Render Engine for even higher visual quality, lighting and shadows. Improved and reworked level, character and environment graphics.",2,,
B0103,A29,Salt and Sanctuary,"액션, 인디, RPG","[Salt and Sanctuary] 두렵고도 잔혹한 섬의 탐험을 시작합니다… Salt and Sanctuary는 신속하고, 잔인하며, 복잡한 전투 시스템을 지닌 2D RPG입니다. 저주받은 도시의 잊힌 영역이나, 피에 물든 던전이나, 오염된 기념비와 같은 장소를 돌아다니며, 한때 축복을 받았지만 지금은 타락하고 만 영주들을 조우하세요.",Spark in the Dark,"액션, 어드벤처, 인디, RPG, 앞서 해보기",The hardcore dark fantasy Dungeon Crawler where you will go to the endless depths of a mysterious grim Dungeon.,3,,
B0104,A12,Baldur's Gate 3 / Mount & Blade II: Bannerlord / Kenshi,"어드벤처, RPG, 전략 / 액션, 인디, RPG, 시뮬레이션, 전략 / 액션, 인디, RPG, 시뮬레이션, 전략","[Baldur's Gate 3] Baldur’s Gate 3 is a story-rich, party-based RPG set in the universe of Dungeons & Dragons, where your choices shape a tale of fellowship and betrayal, survival and sacrifice, and  ‖ [Mount & Blade II: Bannerlord] 본 게임은 전략/액션 RPG입니다. 캐릭터를 생성하고, 외교에 참여하고, 제작, 거래를 하고, 방대한 중세풍의 샌드박스에서 새로운 땅을 정복하십시오. 군대를 일으켜 전쟁에 뛰어들고, 깊이가 있으나 직관적인 실력 기반의 전투 시스템을 채용한 대규모 실시간 전투에서 자신의 부대에 명령을 내리고 함께 싸우십시오. ‖ [Kenshi] 자유롭게 돌아다니는 분대 기반의 RPG. 스토리를 따라가는 대신 제한 없는 샌드박스식 게임플레이에 중점을 두었습니다. 무역상, 도둑, 반란군, 전쟁 군주, 모험가, 농부, 노예 등 다양한 삶을 체험할 수 있습니다. 운이 나쁘면 식인종의 먹잇감으로 전락할지도 모르죠. 새로운 장비를 연구하거나 제작해 보세요.",Demeo x Dungeons & Dragons: Battlemarked,"어드벤처, RPG, 전략",전략성과 협동 요소를 두루 갖춘 D&D 기반 RPG. 테이블 톱으로 펼쳐지는 판타지 모험을 떠나세요. 떠나고 싶을 때 떠나는 나만의 퀘스트입니다.,3,,
B0105,A12,Baldur's Gate 3 / Mount & Blade II: Bannerlord / Kenshi,"어드벤처, RPG, 전략 / 액션, 인디, RPG, 시뮬레이션, 전략 / 액션, 인디, RPG, 시뮬레이션, 전략","[Baldur's Gate 3] Baldur’s Gate 3 is a story-rich, party-based RPG set in the universe of Dungeons & Dragons, where your choices shape a tale of fellowship and betrayal, survival and sacrifice, and  ‖ [Mount & Blade II: Bannerlord] 본 게임은 전략/액션 RPG입니다. 캐릭터를 생성하고, 외교에 참여하고, 제작, 거래를 하고, 방대한 중세풍의 샌드박스에서 새로운 땅을 정복하십시오. 군대를 일으켜 전쟁에 뛰어들고, 깊이가 있으나 직관적인 실력 기반의 전투 시스템을 채용한 대규모 실시간 전투에서 자신의 부대에 명령을 내리고 함께 싸우십시오. ‖ [Kenshi] 자유롭게 돌아다니는 분대 기반의 RPG. 스토리를 따라가는 대신 제한 없는 샌드박스식 게임플레이에 중점을 두었습니다. 무역상, 도둑, 반란군, 전쟁 군주, 모험가, 농부, 노예 등 다양한 삶을 체험할 수 있습니다. 운이 나쁘면 식인종의 먹잇감으로 전락할지도 모르죠. 새로운 장비를 연구하거나 제작해 보세요.",Gloomhaven,"어드벤처, RPG, 전략","Lead your band of mercenaries in the land of Gloomhaven, work with unsavoury individuals, shape the fate of the region, fight your way through horrific places and get rich or die trying in this ruthless Tactical-RPG.",3,,
B0106,A10,A Short Hike / ISLANDERS / Gorogoa,"어드벤처, 인디 / 캐주얼, 인디, 전략 / 어드벤처, 캐주얼, 인디","[A Short Hike] Hike, climb, and soar through the peaceful mountainside landscapes of Hawk Peak Provincial Park as you make your way to the summit. ‖ [ISLANDERS] ISLANDERS is a minimalist strategy game about building cities on colorful islands. ‖ [Gorogoa] Gorogoa(고로고아)는 Jason Roberts가 디자인하고 일러스트레이션을 손으로 그린 아름다운 차세대 퍼즐 게임입니다.",The Bonfire 2: Uncharted Shores,"인디, 시뮬레이션, 전략","Build, survive, explore. Design your city, manage resource chains and workers, Send ships on expedition, trade with cities, discover mysterious dungeons and uncover secrets of ancients.",2,,
B0107,A31,Hearts of Iron IV / Europa Universalis IV / Sid Meier's Civilization® V,"시뮬레이션, 전략 / 시뮬레이션, 전략 / 전략","[Hearts of Iron IV] Victory is at your fingertips! Your ability to lead your nation is your supreme weapon, the strategy game Hearts of Iron IV lets you take command of any nation in World War II; the ‖ [Europa Universalis IV] 비교할 수 없는 자유도, 깊이 있는 스토리, 정확한 역사적 고증을 즐기며 국토를 다스리고 세계를 정복하세요. 세계 역사를 새롭게 쓰며 시대를 풍미할 제국을 만드세요. ‖ [Sid Meier's Civilization® V] Create, discover, and download new player-created maps, scenarios, interfaces, and more!",Pavel Repin's Collection,"액션, 어드벤처, 대규모 멀티플레이어, 레이싱, RPG, 시뮬레이션, 스포츠, 무료 플레이","Try games of various genres and styles, from sports, to games with a deep plot. Discover new game universes and explore them alone, online or in co-op mode on one screen.",0,IRRELEVANT,
B0108,A04,Hollow Knight / Dead Cells / Celeste,"액션, 어드벤처, 인디 / 액션, 어드벤처, 인디 / 액션, 어드벤처, 인디","[Hollow Knight] 할로우 나이트에서 자신만의 길을 구축하세요! 크게 파괴된 곤충과 영웅의 왕국을 통한 서사 액션 어드벤처입니다. 손으로 그린 클래식 2D 스타일로 구불구불한 동굴을 탐험하고 오염된 생물과 싸우고 이상한 곤충들과 친구가 되어 보세요. ‖ [Dead Cells] 데드 셀(Dead Cells)는 메트로배니아에서 영감을 받은 로그라이트 액션 플랫포머 게임입니다. 2D 소울 라이트 전투에서 성을 지키는 수호자들을 물리치고 끊임없이 변화하는 거대한 성을 탐험하게 됩니다. 세이브 포인트는 없습니다. 죽이고, 죽고, 배우고, 반복하세요. ‖ [Celeste] 타워폴(TowerFall) 시리즈의 개발자들이 만든 이 초밀착형 플랫폼 게임을 플레이하고, 매들린이 셀레스트 산 정상으로 향하는 여정에서 내면의 악마에게서 살아남을 수 있게 도와주세요. 한땀 한땀 손수 제작한 수백 가지의 도전 과제에 맞서고, 사악한 비밀을 밝혀내고, 산에 숨겨진 수수께끼를 풀어보세요.",Asgard's Fall — Viking Survivors,"액션, 어드벤처, 캐주얼, 인디, RPG, 전략, 앞서 해보기",북유럽을 배경으로 한 로그라이트 서바이벌 게임 Asgard's Fall에서 장대한 전설을 써내려 가세요. 수많은 생명체 무리와 맞서 싸우며 신들에게 당신의 끓어오르는 분노를 보여주세요. 과연 당신의 전설은 어떻게 펼쳐질까요?,2,,
B0109,A01,It Takes Two / Overcooked! 2 / What Remains of Edith Finch,"액션, 어드벤처 / 액션, 캐주얼, 인디 / 어드벤처, 인디","[It Takes Two] It Takes Two에서 생애 가장 정신없는 여정을 시작하세요. 친구가 무료로 참가할 수 있게 친구 패스*로 초대하고, 함께 힘을 합쳐서 수많은 유쾌하고 획기적인 게임 플레이 챌린지를 헤쳐나가세요. ‖ [Overcooked! 2] 혼란스러운 요리 액션으로 가득한 Overcooked가 돌아왔습니다! 양파 왕국으로 돌아가는 여행을 떠나세요. 클래식 협동 또는 온라인 플레이에서 셰프 팀을 만들어서 최대 4명까지 플레이하세요. 앞치마를 준비하세요... 다시 세상을 구할 때가 되었습니다! ‖ [What Remains of Edith Finch] What Remains of Edith Finch(워트 리메인스 오브 에디스 핀치)는 워싱턴 주에 있는 어느 가족에 대한 이상한 이야기의 모음입니다. 플레이어는 에디스가 되어 거대한 핀치 가택을 탐사하고, 가족사를 연구하며 이야기를 찾고, 왜 가족 중에서 그녀만 살아남았는지 알아내야 합니다. 각 이야기는 새로운 가족 구성",Among the Sleep - Enhanced Edition,"액션, 어드벤처, 인디",Among the Sleep: Enhanced Edition is a new and improved version of the award winning first person horror adventure. In the game you play as a small child trapped in a weird nightmare where you go looking for your mom.,2,GENRE_ONLY,
B0110,A24,Valheim / Grounded / My Time at Portia,"액션, 어드벤처, 인디, RPG, 앞서 해보기 / 액션, 어드벤처 / 어드벤처, 캐주얼, 인디, RPG, 시뮬레이션","[Valheim] 북구 신화와 바이킹 문화에 기반한 판타지 세계를 배경으로 펼쳐지는 생존 및 탐험 게임. ‖ [Grounded] The world is a vast, beautiful and dangerous place – especially when you have been shrunk to the size of an ant. Can you thrive alongside the hordes of giant insects, fighting to s ‖ [My Time at Portia] 아름다운 Portia 마을에서 새 삶을 시작하세요! 아버지가 방치한 작업장에서 제작을 부탁받고, 작물을 키우고, 가축을 기르고, 아름다운 세기말의 땅에서 특이한 친구들을 사귀며 작업장을 예전의 멋진 모습으로 복원하세요.",My Time at Sandrock,"어드벤처, 캐주얼, 인디, RPG, 시뮬레이션","사막 도시 샌드록으로 떠나 초보 공방주의 역할을 수행하세요. 여러분의 든든한 도구를 사용해 자원을 모으고, 기계를 만들고, 무너져가는 공방을 효율적인 생산 시설로 만들어, 마을을 경제 위기의 문턱으로부터 구하세요!",3,,
B0111,A10,A Short Hike / ISLANDERS / Gorogoa,"어드벤처, 인디 / 캐주얼, 인디, 전략 / 어드벤처, 캐주얼, 인디","[A Short Hike] Hike, climb, and soar through the peaceful mountainside landscapes of Hawk Peak Provincial Park as you make your way to the summit. ‖ [ISLANDERS] ISLANDERS is a minimalist strategy game about building cities on colorful islands. ‖ [Gorogoa] Gorogoa(고로고아)는 Jason Roberts가 디자인하고 일러스트레이션을 손으로 그린 아름다운 차세대 퍼즐 게임입니다.",Immortal Family,"캐주얼, 인디, RPG, 시뮬레이션, 전략",玩家扮演一位家族老祖，开创一个家族，然后在一片海域中，占领一个修仙小岛，带领家族逐渐壮大发展的故事，在壮大过程中你可以攻占其他修真小岛，探索深海，秘境探宝等等。,1,IRRELEVANT,
B0112,A32,Hardspace: Shipbreaker / Hacknet / The Case of the Golden Idol / 방 탈출 시뮬레이터 / shapez 2 - Factory,"시뮬레이션 / 인디, 시뮬레이션 / 어드벤처, 인디 / 어드벤처, 캐주얼, 인디, 시뮬레이션 / 캐주얼, 인디, 시뮬레이션, 전략","[Hardspace: Shipbreaker] Equipped with cutting-edge salvaging tech, carve & slice spaceships to recover valuable materials. Upgrade your gear to take on more lucrative contracts and pay your billion credit ‖ [Hacknet] Hacknet은 터미널 기반의 몰입형 해킹 시뮬레이터입니다. 최근에 사망한, 그러나 언론 보도와는 달리 사고로 사망하지 않은 해커의 지시에 따라 진실을 추척하십시오. ‖ [The Case of the Golden Idol] A new kind of detective game that allows you to think and investigate freely. Discover clues surrounding 12 strange and gruesome deaths and build your own theory. Pick your suspect ‖ [방 탈출 시뮬레이터] Escape Simulator는 단독 또는 온라인 협동 플레이가 가능한 1인칭 퍼즐 게임입니다. 점점 더 많아지는, 고도의 상호 작용이 가능한 방탈출 세트를 탐험하세요. 가구를 옮기고, 모든 것을 집어 들고 검사하고, 냄비를 부수고 자물쇠를 부수세요! 레벨 편집기를 통해 커뮤니티가 만든 방을 지원합니다. ‖ [shapez 2 - Factory] 공장 건설 게임에 빠져들어 보세요. 단 한 가지에 집중하세요. 대규모 우주 공장을 건설하는 것! 방대하게 펼쳐지는 다층 공장과 만족스러운 생산 라인을 무제한으로 설계하세요. 계속해서 어려워지는 자동화 목표를 적의 위협 없이 자신만의 속도로 달성하세요.",Why Am I Dead At Sea,"어드벤처, 인디, RPG","Why Am I Dead At Sea is an adventure game where you solve the mystery of your own murder. As a ghost, you will have to possess people and use them to investigate your surroundings. But in this place no one is who they seem...and everyone has a secret.",2,,
B0113,A20,Counter-Strike 2 / PUBG: BATTLEGROUNDS / 톰 클랜시의 레인보우식스 시즈,"액션, 무료 플레이 / 액션, 어드벤처, 대규모 멀티플레이어, 무료 플레이 / 액션, 무료 플레이","[Counter-Strike 2] Counter-Strike는 20년이 넘는 시간 동안 전 세계 수백만 명의 플레이어가 모여 수준 높은 경쟁을 펼칠 수 있는 플랫폼을 제공해 왔습니다. 그리고 이제 곧 Counter-Strike 2와 함께 새로운 CS 시대의 막이 열립니다. ‖ [PUBG: BATTLEGROUNDS] 배틀로얄 유행의 시작이자, 그 정수를 보여준 PUBG: 배틀그라운드를 지금 무료로 플레이하세요! 다양한 맵에 낙하하여 무기와 보급품을 확보하고, 점점 줄어드는 블루존 속에서 끝까지 살아남아 승리를 쟁취하세요. ‖ [톰 클랜시의 레인보우식스 시즈] 톰 클랜시의 레인보우식스 시즈는 탁월한 계획과 기술이 승부를 좌우하는 전술적인 정예 팀 기반 슈팅 게임입니다.",축구 온라인: 볼3D,스포츠,멀티플레이어 축구 시뮬레이터. 한 명의 선수를 조종. 온라인 또는 봇과 플레이.,1,LOW_QUALITY,
B0114,A17,Lethal Company / Phasmophobia / Deep Rock Galactic,"액션, 어드벤처, 인디, 앞서 해보기 / 액션, 인디, 앞서 해보기 / 액션","[Lethal Company] A co-op horror about scavenging at abandoned moons to sell scrap to the Company. ‖ [Phasmophobia] Phasmophobia is a 4 player online co-op psychological horror. Paranormal activity is on the rise and it’s up to you and your team to use all the ghost-hunting equipment at your dis ‖ [Deep Rock Galactic] 딥 락 갤럭틱은 1-4인의 플레이어가 협동하는 FPS 게임으로, 상남자 우주 드워프, 100% 파괴 가능한 맵 환경, 절차적 생성 동굴 지형, 그리고 끊임없이 등장하는 외계 괴물 무리가 특징입니다.",Murky Divers,"액션, 어드벤처, 인디","솔로 또는 최대 8명의 플레이어. 버려진 수중 연구실에서 고용주의 실패한 실험을 제거하세요. 잠수함을 조종하고, 심연의 공포를 피하고, 모든 시체를 제거하세요.",3,,
B0115,A13,Death's Door / Children of Morta / Roboquest / Spelunky 2 / Nuclear Throne / Streets of Rogue / Neon Abyss / Curse of the Dead Gods / Rogue Legacy 2 / Have a Nice Death,"액션, 어드벤처, 인디, RPG / 액션, 어드벤처, 인디, RPG / 액션, 인디 / 액션, 인디 / 액션, 인디, RPG / 액션, 어드벤처, 인디, RPG / 액션, 어드벤처, 인디, RPG / 액션, 어드벤처 / 액션, 어드벤처, 인디, RPG / 액션, 인디","[Death's Door] 죽은 자의 영혼을 수확하고 시간을 끝내는 것은 단조로울 수 있지만 까마귀에겐 평범한 일입니다. 하지만 주어진 영혼을 도둑맞게 되면 변화가 일어납니다. 영혼을 도난하고 죽음의 손길이 닿지 않는 영역으로 도망친 절망적인 도둑을 추적하십시오. ‖ [Children of Morta] Children of Morta는 비범한 가족 영웅에 대한 스토리 중심의 액션 RPG 게임입니다. 다가오는 부패에 맞서 모든 결함과 미덕을 갖춘 베르그송 가를 이끄세요. 여러분은 여러분이 아끼는 사람들을 구하기 위해 모든 것을 희생할 수 있으신가요? ‖ [Roboquest] 로보퀘스트는 멸망한 미래 세계의 빠른 FPS 로그라이트입니다. 당신은 재부팅된 수호자로, 강철 궁둥짝을 걷어 찰 준비를 하세요! 혼자서 혹은 친구와 함께 맞서거나 끊임없이 변화하는 환경에서 치명적인 로봇 군단을 섬멸하세요. ‖ [Spelunky 2] Spelunky 2 builds upon the unique, randomized challenges that made the original a roguelike classic, offering a huge adventure designed to satisfy players old and new. Meet the nex ‖ [Nuclear Throne] Nuclear Throne은 포스트 아포칼립스 세계관의 로그라이크 스타일 탑다운 슈터입니다. 여기서 말하는 포스트 아포칼립스는 '인류의 마지막 희망'이 남아 있는 세계가 아니라, '인류는 멸종했고 이제 돌연변이와 괴물들이 세상을 돌아다니는' 그런 세계입니다. 과연 당신은 뉴클리어 쓰론에 도달할 수 있을까요? ‖ [Streets of Rogue] 싸워서 몰래 들어가 임의 생성된 도시를 공격하세요. Nuclear Throne은 무법천지 GTA와 Deus Ex가 혼합된 형태입니다. Rogue-lite가 몰입도 높은 캐릭터를 만나 너무 재미있습니다. ‖ [Neon Abyss] Neon Abyss는 고속의 로그라이크 액션 플랫포머로, 하데스가 만든 '그림 스쿼드'의 일원이 되어 어비스로 총을 들고 뛰어드는 런 앤 건 게임입니다. 무한한 아이템 시너지와 던전 진화 시스템으로, 매번 게임을 할 때마다 다른 경험과 새로운 도전이 등장합니다. 진짜 지옥을 보여주세요! ‖ [Curse of the Dead Gods] 엄청난 부, 영원한 생명, 신성한 힘을 탐하는 마음이 당신을 끝없는 지옥 속의 미로, 치명적인 함정 및 몬스터가 우글거리는 이 저주받은 사원으로 이끌었습니다. ‖ [Rogue Legacy 2] 로그 레거시 2는 로그 레거시에 후속편을 끼얹은 작품입니다. 당신이 죽을 때마다 자식이 가업을 이어받습니다. 딸은 색맹 궁수이고 아들은 평화주의자 요리사일 수도 있죠. 어쨌거나 둘 중 한 명은 전장으로 나가야 합니다. ‖ [Have a Nice Death] Have a Nice Death는 과로에 고생하는 데스가 되어 플레이하는 2D 액션 로그라이크로, 통제 불능인 직원들 때문에 영혼의 균형과 데스의 휴가 계획이 틀어지고 말았습니다. 질서를 회복하려면 대낫을 들고 직원들과 서열 정리를 해야 합니다.",Son of a Witch,"액션, 어드벤처, 인디","Action roguelike for 1-4 players with cute graphics and deep game mechanics. Combine dozens of different weapons, magic items, potions and spells with unique effects to beat 8 enemy factions and 28 bosses. Can you find the ancient goblin artifact at the end of the dungeon?",3,,
B0116,A01,It Takes Two / Overcooked! 2 / What Remains of Edith Finch,"액션, 어드벤처 / 액션, 캐주얼, 인디 / 어드벤처, 인디","[It Takes Two] It Takes Two에서 생애 가장 정신없는 여정을 시작하세요. 친구가 무료로 참가할 수 있게 친구 패스*로 초대하고, 함께 힘을 합쳐서 수많은 유쾌하고 획기적인 게임 플레이 챌린지를 헤쳐나가세요. ‖ [Overcooked! 2] 혼란스러운 요리 액션으로 가득한 Overcooked가 돌아왔습니다! 양파 왕국으로 돌아가는 여행을 떠나세요. 클래식 협동 또는 온라인 플레이에서 셰프 팀을 만들어서 최대 4명까지 플레이하세요. 앞치마를 준비하세요... 다시 세상을 구할 때가 되었습니다! ‖ [What Remains of Edith Finch] What Remains of Edith Finch(워트 리메인스 오브 에디스 핀치)는 워싱턴 주에 있는 어느 가족에 대한 이상한 이야기의 모음입니다. 플레이어는 에디스가 되어 거대한 핀치 가택을 탐사하고, 가족사를 연구하며 이야기를 찾고, 왜 가족 중에서 그녀만 살아남았는지 알아내야 합니다. 각 이야기는 새로운 가족 구성",2 Cooks 1 Mess,"액션, 어드벤처, 캐주얼, 대규모 멀티플레이어, 전략, 무료 플레이, 앞서 해보기","2 Cooks 1 Mess는 다양한 능력을 가진 팀을 관리하는 혼돈의 온라인 요리 게임입니다. 요리하고, 청소하고, 서빙하며 주방의 혼란 속에서 살아남으세요.",3,,
B0117,A28,Dordogne / A YEAR OF SPRINGS / Botany Manor,"어드벤처, 인디 / 캐주얼, 인디, 시뮬레이션 / 어드벤처","[Dordogne] 이 유년 시절의 여정에서 특별한 내러티브에 몰입하며 도르도뉴의 수천 가지 여름의 색을 탐험하고, 추억을 떠올리며 가족의 비밀을 밝히세요. ‖ [A YEAR OF SPRINGS] 세 명의 여성, 세 개의 이야기, 세 개의 봄. 세 명의 친구들이 사랑, 공감, 그리고 단지 함께하고 싶어하는 감정에 대한 방향을 찾아나가는 3 부작 비주얼 노벨 A YEAR OF SPRINGS 에서 하루, 에리카, 마나미의 이야기를 체험하세요. ‖ [Botany Manor] Welcome to Botany Manor, a stately home in 19th century England. You play as inhabitant Arabella Greene, a retired botanist. Explore your house and gardens, filled with research, t",Herdling,"어드벤처, 캐주얼, 인디",Guide a herd of mysterious creatures on a stirring and beautiful journey into the mountains… and beyond.,3,,
B0118,A16,The Talos Principle / Rust / Inscryption,"액션, 어드벤처, 인디 / 액션, 어드벤처, 인디, 대규모 멀티플레이어, RPG / 어드벤처, 인디, 전략","[The Talos Principle] 탈로스 법칙은 철학적 SF 소설의 전통을 따른 1인칭 퍼즐 게임입니다. 시리어스 샘을 개발한 크로팀에서 만들었으며, 톰 주버트(FTL, 더 스와퍼)와 조나스 카이라츠(바다는 모든 것을 요구한다.)가 스토리를 작성했습니다. ‖ [Rust] Rust에서의 목표는 오직 하나, 바로 살아남는 것입니다. 섬의 야생 동물, 다른 주민, 환경, 다른 생존자 모두가 여러분의 목숨을 노립니다. 하루 더 살아남을 수 있다면 수단과 방법을 가리지 마세요. ‖ [Inscryption] Inscryption은 검은 잉크로 그려진 카드를 기반으로 한 덱빌딩 로그라이크, 방탈출 퍼즐, 피가 흐르는 심리적 공포 등의 요소가 섞인 여정을 다룹니다. 카드에는 더 어두운 비밀이 새겨져 있습니다…",The Legend of Bum-Bo,"어드벤처, 인디, 전략",A puzzle based deck building rogue-like prequel to The Binding of Isaac... Made of cardboard!,3,,
B0119,A10,A Short Hike / ISLANDERS / Gorogoa,"어드벤처, 인디 / 캐주얼, 인디, 전략 / 어드벤처, 캐주얼, 인디","[A Short Hike] Hike, climb, and soar through the peaceful mountainside landscapes of Hawk Peak Provincial Park as you make your way to the summit. ‖ [ISLANDERS] ISLANDERS is a minimalist strategy game about building cities on colorful islands. ‖ [Gorogoa] Gorogoa(고로고아)는 Jason Roberts가 디자인하고 일러스트레이션을 손으로 그린 아름다운 차세대 퍼즐 게임입니다.",Lone Land,"액션, 어드벤처, 인디","Don't be afraid of heights to find the way out. Lone Land it's about reflection, calm, and relaxation.",2,,
B0120,A18,Euro Truck Simulator 2 / BeamNG.drive / 아세토 코르사 Assetto Corsa,"인디, 시뮬레이션 / 레이싱, 시뮬레이션, 앞서 해보기 / 인디, 레이싱, 시뮬레이션, 스포츠","[Euro Truck Simulator 2] 도로의 왕이 되어 인상적인 거리를 가로질러 중요한 화물을 배달하는 트럭 운전사가 되어 유럽을 여행하세요! 탐험할 도시가 수십 개나 되므로, 당신의 인내심, 기술, 속도가 모두 한계에 도달할 것입니다. ‖ [BeamNG.drive] 뭐든지 할 수 있는 동적 소프트 보디 물리 시뮬레이터입니다. ‖ [아세토 코르사 Assetto Corsa] 아세토 코르사(Assetto Corsa) v1.16은 새로운 레이저 스캔 트랙 ""라구나 세카(Laguna Seca)"" 및 기다리던 Alfa Romeo Giulia Quadrifoglio를 포함한 7개의 신차를 소개합니다! 체인지로그에서 더 자세한 내용을 확인하세요!",Urban Shadows Racing™ Tokyo,"캐주얼, 인디, 레이싱, 스포츠","Urban Shadows Racing™ Tokyo — 네온 불빛이 비치는 도쿄의 거리에서 펼쳐지는 강렬한 레이스. 다른 레이서들과 경쟁하고, 자동차를 업그레이드하며, 트랙에서 당신이 최고임을 증명하세요.",2,,
B0121,A31,Hearts of Iron IV / Europa Universalis IV / Sid Meier's Civilization® V,"시뮬레이션, 전략 / 시뮬레이션, 전략 / 전략","[Hearts of Iron IV] Victory is at your fingertips! Your ability to lead your nation is your supreme weapon, the strategy game Hearts of Iron IV lets you take command of any nation in World War II; the ‖ [Europa Universalis IV] 비교할 수 없는 자유도, 깊이 있는 스토리, 정확한 역사적 고증을 즐기며 국토를 다스리고 세계를 정복하세요. 세계 역사를 새롭게 쓰며 시대를 풍미할 제국을 만드세요. ‖ [Sid Meier's Civilization® V] Create, discover, and download new player-created maps, scenarios, interfaces, and more!",To End All Wars,"시뮬레이션, 전략",Ageod’s To End All Wars is a grand strategy game set during World War One. Players will take control over one of the major powers that so desperately fought for control over Europe and to end all wars.,3,,
B0122,A07,Into the Breach / Monster Train / Mini Metro,"인디, RPG, 시뮬레이션, 전략 / 전략 / 인디, 시뮬레이션, 전략","[Into the Breach] 미래의 강력한 메크를 조종하여 외계 세력을 물리치세요. 이 턴제 전략 게임에서는 세계를 구하려 시도할 때마다 무작위로 새롭게 생성되는 도전이 여러분 앞에 나타납니다. ‖ [Monster Train] Monster Train is a strategic roguelike deck building game with a twist. Set on a train to hell, you’ll use tactical decision making to defend multiple vertical battlegrounds. With  ‖ [Mini Metro] 미니 메트로는 성장하는 도시를 위해 지하철 노선을 설계하는 게임입니다. 역과 역 사이에 노선을 그려서 열차 운행을 시작하세요. 새로운 역이 열리면 노선을 수정해서 노선도를 효율적으로 유지하세요. 한정된 자원을 어느 곳에 사용할 것인지 결정하세요. 도시를 얼마나 오래 유지할 수 있을까요?",Card Quest,"인디, RPG, 전략","Card Quest is a dungeon crawling adventure game with unique card combat. Play with a variety of unique character classes, and customize decks to fit your playstyle. Explore the strategic depth of tactical roguelike gameplay, and crush the undead plague.",3,,
B0123,A27,The Raven Remastered / The Frostrune / Mad Experiments: Escape Room,"어드벤처 / 어드벤처 / 어드벤처, 캐주얼, 인디, 시뮬레이션, 전략","[The Raven Remastered] London, 1964. An ancient ruby is stolen from the British Museum. At the crime scene: a raven feather. Is somebody trying to follow in the footsteps of The Raven, the legendary mast ‖ [The Frostrune] Unravel a mystery inspired by Viking myth and legend in The Frostrune, a classic point-and-click adventure based on historically accurate Norse culture and environments. ‖ [Mad Experiments: Escape Room] 수상 후보에 오른 이스케이프 게임 1인 또는 최대 5인까지 플레이하며 3개의 독특한 방을 탐험하고, 두뇌를 자극하는 퍼즐을 풀며 체셔 교수와 그의 실험에 얽힌 어두운 비밀을 밝혀보세요.",Near-Mage,"어드벤처, 인디","Attend a magic school, learn spells, and explore a folklore-rich Transylvania in this hand-crafted narrative adventure.",2,,
B0124,A19,ELDEN RING / Disco Elysium - The Final Cut / Outer Wilds,"액션, RPG / RPG / 액션, 어드벤처","[ELDEN RING] 본 게임은 본격적인 다크 판타지 세계를 무대로 한 액션 RPG입니다. 드넓은 필드와 던전 탐험을 통해 미지의 것들을 발견해 보세요. 앞길을 막아서는 난관과 그것을 극복했을 때의 달성감, 그리고 등장인물들의 의도가 교착하는 군상극도 즐기실 수 있습니다. ‖ [Disco Elysium - The Final Cut] 디스코 엘리시움 - 최종판은 획기적인 오픈 월드 롤플레잉 게임입니다. 당신은 독특한 스킬 시스템을 갖춘 형사로서 오롯한 도시 블록을 당신의 미래를 닦기 위해 다듬을 수 있습니다. 잊지 못할 등장인물들을 심문하거나, 살인 사건을 해결하거나, 뇌물을 받으세요. 영웅이 되거나 인류의 완전한 재앙이 되세요. ‖ [Outer Wilds] Giant Bomb, Polygon, Eurogamer, The Guardian에 의해 2019년 올해의 게임에 이름을 올리며 냉정한 호평과 수상 실적이 있는 Outer Wilds는 무한 시간 루프에 갇힌 태양계에 관한 공개된 세계의 미스터리 게임입니다.",노 레스트 포 더 위키드,"액션, 어드벤처, RPG, 앞서 해보기",수상 경력에 빛나는 Ori and the Blind Forest 및 Ori and the Will of the Wisps의 개발사 Moon Studios가 No Rest for the Wicked로 돌아옵니다. 정교한 세계에서 소울라이크 스타일 전투가 펼쳐지는 독특한 감성의 액션 RPG를 경험하세요. 최대 4인 협동 플레이를 지원합니다.,3,,
B0125,A25,DOOMBLADE / Transiruby / Blast Brigade vs. the Evil Legion of Dr. Cread,"액션, 어드벤처, 인디 / 액션 / 액션, 어드벤처, 인디","[DOOMBLADE] Deep underground, Gloom Girl discovers DOOMBLADE, a sentient weapon hellbent on escape after eons in chains. Together, “Doom and Gloom” embark on a vengeful quest to unlock the pow ‖ [Transiruby] 차원 대륙의 의문을 풀어라! 는 사이보그 소녀 실비가 검과 엘리먼트 샷으로 적을 쓰러뜨리며 앞으로 나아가는 탐색형 액션 게임입니다! ‖ [Blast Brigade vs. the Evil Legion of Dr. Cread] 스릴 넘치는 플랫포밍과 깊이 있는 탐험 세계, 폭발적인 액션으로 가득한 2D 메트로이드배니아 어드벤처 게임을 즐겨보세요! Blast Brigade에서 영웅들로 팀을 구성해 세계를 구하세요!",Timespinner,"액션, 어드벤처, 인디, RPG","Travel back in time to change fate itself, in this beautifully crafted story-driven adventure, inspired by classic 90s action-platformers. Join timekeeper Lunais on her quest for revenge against the empire that killed her family, using time-bending powers to explore a vast, connected world.",3,,
B0126,A07,Into the Breach / Monster Train / Mini Metro,"인디, RPG, 시뮬레이션, 전략 / 전략 / 인디, 시뮬레이션, 전략","[Into the Breach] 미래의 강력한 메크를 조종하여 외계 세력을 물리치세요. 이 턴제 전략 게임에서는 세계를 구하려 시도할 때마다 무작위로 새롭게 생성되는 도전이 여러분 앞에 나타납니다. ‖ [Monster Train] Monster Train is a strategic roguelike deck building game with a twist. Set on a train to hell, you’ll use tactical decision making to defend multiple vertical battlegrounds. With  ‖ [Mini Metro] 미니 메트로는 성장하는 도시를 위해 지하철 노선을 설계하는 게임입니다. 역과 역 사이에 노선을 그려서 열차 운행을 시작하세요. 새로운 역이 열리면 노선을 수정해서 노선도를 효율적으로 유지하세요. 한정된 자원을 어느 곳에 사용할 것인지 결정하세요. 도시를 얼마나 오래 유지할 수 있을까요?",Card Hog,"캐주얼, 인디, RPG, 전략","Card Hog is a pig-based dungeon crawler with roguelike and deck building elements. Take the role of an adventurous hog and interact with more than 100 cards of dangerous enemies, powerful weapons and exciting spells!",2,,
B0127,A26,RimWorld / Oxygen Not Included / Unpacking 언패킹,"인디, 시뮬레이션, 전략 / 인디, 시뮬레이션 / 캐주얼, 인디, 시뮬레이션","[RimWorld] 지능형 AI 이야기꾼이 주도하는 공상과학 정착지 시뮬레이터입니다. 심리, 생태, 총격전과 근접전, 날씨, 기후, 외교, 사람 사이의 관계, 예술, 의학, 무역, 그 외 많은 것들을 시뮬레이션하여 이야기를 생성합니다. ‖ [Oxygen Not Included] Oxygen Not Included는 우주 콜로니 시뮬레이션 게임입니다. 외계의 우주 암석 깊은 곳에서 근면한 일꾼들은 생존하고 나아가 번영하기 위해 과학을 마스터하고, 낯선 새로운 생명체에 맞서며, 경이로운 우주 테크놀로지를 활용해야 합니다. ‖ [Unpacking 언패킹] Unpacking은 상자에서 짐을 꺼내 새집에 맞게 배치하는 친숙한 체험에 대한 명상적 퍼즐 게임입니다. 게임의 일부인 블록 맞추기 게임과 집 꾸미기를 하는 동안, 푸는 짐에 닮긴 삶의 실마리를 찾아가며 만족할 만한 생활 공간을 만들어 보세요.",Per Aspera,"인디, 시뮬레이션, 전략","행성 규모의 도시 건설을 새로운 시각으로 경험해 보세요. 불가능에 가까운 확률을 극복하여 화성을 테라포밍하고, 붉은 행성의 숨겨진 자원을 채집하고, 과거에 이미 이 경이로운 과업을 시도했던 이들에 얽힌 수수께끼를 밝혀내세요. 인류의 미래가 당신에게 달려 있습니다.",3,,
B0128,A20,Counter-Strike 2 / PUBG: BATTLEGROUNDS / 톰 클랜시의 레인보우식스 시즈,"액션, 무료 플레이 / 액션, 어드벤처, 대규모 멀티플레이어, 무료 플레이 / 액션, 무료 플레이","[Counter-Strike 2] Counter-Strike는 20년이 넘는 시간 동안 전 세계 수백만 명의 플레이어가 모여 수준 높은 경쟁을 펼칠 수 있는 플랫폼을 제공해 왔습니다. 그리고 이제 곧 Counter-Strike 2와 함께 새로운 CS 시대의 막이 열립니다. ‖ [PUBG: BATTLEGROUNDS] 배틀로얄 유행의 시작이자, 그 정수를 보여준 PUBG: 배틀그라운드를 지금 무료로 플레이하세요! 다양한 맵에 낙하하여 무기와 보급품을 확보하고, 점점 줄어드는 블루존 속에서 끝까지 살아남아 승리를 쟁취하세요. ‖ [톰 클랜시의 레인보우식스 시즈] 톰 클랜시의 레인보우식스 시즈는 탁월한 계획과 기술이 승부를 좌우하는 전술적인 정예 팀 기반 슈팅 게임입니다.",THE FINALS,"액션, 무료 플레이","전 세계 명소를 배경으로 한 가상의 세계에서 펼쳐지는 전투 중심의 게임쇼, THE FINALS에 참여하세요! 적 팀의 취약점을 파악하고, 불가능해 보이지만 모두 부셔 버릴 수 있는 특별한 전장에서 팀원들과 싸워보십시오, 나만의 플레이 스타일로 토너먼트의 승리를 차지해 보세요.",3,,
B0129,A27,The Raven Remastered / The Frostrune / Mad Experiments: Escape Room,"어드벤처 / 어드벤처 / 어드벤처, 캐주얼, 인디, 시뮬레이션, 전략","[The Raven Remastered] London, 1964. An ancient ruby is stolen from the British Museum. At the crime scene: a raven feather. Is somebody trying to follow in the footsteps of The Raven, the legendary mast ‖ [The Frostrune] Unravel a mystery inspired by Viking myth and legend in The Frostrune, a classic point-and-click adventure based on historically accurate Norse culture and environments. ‖ [Mad Experiments: Escape Room] 수상 후보에 오른 이스케이프 게임 1인 또는 최대 5인까지 플레이하며 3개의 독특한 방을 탐험하고, 두뇌를 자극하는 퍼즐을 풀며 체셔 교수와 그의 실험에 얽힌 어두운 비밀을 밝혀보세요.",Rusty Lake Hotel,"어드벤처, 인디",Rusty Lake Hotel은 러스티 레이크와 큐브 이스케이프의 개발자들이 제작한 미스테리한 포인트 앤 클릭 어드벤처입니다.,3,,
B0130,A14,Iron Brigade / Ancient Planet Tower Defense / Creeper World IXE,"액션, 전략 / 캐주얼, 인디, 전략 / 액션, 캐주얼, 인디, 시뮬레이션, 전략","[Iron Brigade] Join The Mobile Trench Brigade and protect humanity from the evil Monovision menace! ‖ [Ancient Planet Tower Defense] 고대 행성 타워 디펜스는 정통 타워 디펜스 게임입니다. 고대 문명의 요새가 외계 침략자들로부터 침략당했습니다. 고대의 강력한 기술을 사용하여 적군의 공격을 물리치십시오! ‖ [Creeper World IXE] The unstoppable alien force known as The Creeper has returned, devouring thousands of worlds in its path, and yours is next. Battle against the Creeper fluid in a groundbreaking pi",Evil Defenders,"캐주얼, 인디, 전략","Evil Defenders is a fun, frenetic defense game: build and upgrade your towers, сast spells to repel enemy forces, use special landmarks and defend the Lands of Evil from invaders! Feel free to play the game in many different ways through unique tower upgrades, a deep skill tree and 100 in-game achie",3,,
B0131,A17,Lethal Company / Phasmophobia / Deep Rock Galactic,"액션, 어드벤처, 인디, 앞서 해보기 / 액션, 인디, 앞서 해보기 / 액션","[Lethal Company] A co-op horror about scavenging at abandoned moons to sell scrap to the Company. ‖ [Phasmophobia] Phasmophobia is a 4 player online co-op psychological horror. Paranormal activity is on the rise and it’s up to you and your team to use all the ghost-hunting equipment at your dis ‖ [Deep Rock Galactic] 딥 락 갤럭틱은 1-4인의 플레이어가 협동하는 FPS 게임으로, 상남자 우주 드워프, 100% 파괴 가능한 맵 환경, 절차적 생성 동굴 지형, 그리고 끊임없이 등장하는 외계 괴물 무리가 특징입니다.",Ghost Exorcism INC.,"액션, 인디, 시뮬레이션, 앞서 해보기","Ghost Exorcism INC is a horror game where you can play alone, or in a team of up to 6 exorcists. Your mission will be to identify paranormal entities, and then exorcise them.",3,,
B0132,A01,It Takes Two / Overcooked! 2 / What Remains of Edith Finch,"액션, 어드벤처 / 액션, 캐주얼, 인디 / 어드벤처, 인디","[It Takes Two] It Takes Two에서 생애 가장 정신없는 여정을 시작하세요. 친구가 무료로 참가할 수 있게 친구 패스*로 초대하고, 함께 힘을 합쳐서 수많은 유쾌하고 획기적인 게임 플레이 챌린지를 헤쳐나가세요. ‖ [Overcooked! 2] 혼란스러운 요리 액션으로 가득한 Overcooked가 돌아왔습니다! 양파 왕국으로 돌아가는 여행을 떠나세요. 클래식 협동 또는 온라인 플레이에서 셰프 팀을 만들어서 최대 4명까지 플레이하세요. 앞치마를 준비하세요... 다시 세상을 구할 때가 되었습니다! ‖ [What Remains of Edith Finch] What Remains of Edith Finch(워트 리메인스 오브 에디스 핀치)는 워싱턴 주에 있는 어느 가족에 대한 이상한 이야기의 모음입니다. 플레이어는 에디스가 되어 거대한 핀치 가택을 탐사하고, 가족사를 연구하며 이야기를 찾고, 왜 가족 중에서 그녀만 살아남았는지 알아내야 합니다. 각 이야기는 새로운 가족 구성",Embr,"액션, 캐주얼, 인디, 시뮬레이션, 전략",혼란스러운 예측 불가 멀티플레이 게임에서 화재 진압을 통해 재미를 느끼고 이윤을 창출하세요. 친구들과 힘을 합쳐 일일 도전을 완수하고 소방 사다리 꼭대기까지 올라 보세요. 영웅이 되는 방법은 한 가지가 아닙니다!,3,,
B0133,A01,It Takes Two / Overcooked! 2 / What Remains of Edith Finch,"액션, 어드벤처 / 액션, 캐주얼, 인디 / 어드벤처, 인디","[It Takes Two] It Takes Two에서 생애 가장 정신없는 여정을 시작하세요. 친구가 무료로 참가할 수 있게 친구 패스*로 초대하고, 함께 힘을 합쳐서 수많은 유쾌하고 획기적인 게임 플레이 챌린지를 헤쳐나가세요. ‖ [Overcooked! 2] 혼란스러운 요리 액션으로 가득한 Overcooked가 돌아왔습니다! 양파 왕국으로 돌아가는 여행을 떠나세요. 클래식 협동 또는 온라인 플레이에서 셰프 팀을 만들어서 최대 4명까지 플레이하세요. 앞치마를 준비하세요... 다시 세상을 구할 때가 되었습니다! ‖ [What Remains of Edith Finch] What Remains of Edith Finch(워트 리메인스 오브 에디스 핀치)는 워싱턴 주에 있는 어느 가족에 대한 이상한 이야기의 모음입니다. 플레이어는 에디스가 되어 거대한 핀치 가택을 탐사하고, 가족사를 연구하며 이야기를 찾고, 왜 가족 중에서 그녀만 살아남았는지 알아내야 합니다. 각 이야기는 새로운 가족 구성",Chained Together,"어드벤처, 캐주얼, 인디, 시뮬레이션","지옥의 깊은 곳에서 시작하여, 사슬로 묶인 채 친구들과 함께 다양한 세계들을 넘어 올라가세요. 혼자서 또는 협동으로, 정상에 도달해보고 거기에서 여러분을 기다리고 있는 것을 발견하세요...",3,,
B0134,A06,Cities: Skylines / Factorio / Farming Simulator 22,"시뮬레이션, 전략 / 캐주얼, 인디, 시뮬레이션, 전략 / 시뮬레이션","[Cities: Skylines] Cities: Skylines is a modern take on the classic city simulation. The game introduces new game play elements to realize the thrill and hardships of creating and maintaining a real  ‖ [Factorio] Factorio는 무한한 2D 세상에서 복잡성이 증가하는 아이템을 생산하기 위해 자동화 공장을 만드는 게임입니다. - 당신의 상상력으로 공장을 설계, 독창적인 방법으로 간단한 요소를 결합하고 마지막엔 당신을 좋아하지 않는 생물들로 부터 공장을 지키세요. ‖ [Farming Simulator 22] 농장을 만들고 농사를 즐기세요! 작물을 수확하고, 동물을 돌보고, 생산을 관리하고, 계절에 따른 어려움을 이겨내세요.",Plant Nursery Simulator,"캐주얼, 시뮬레이션","편안한 시뮬에서 아늑한 식물원 운영하세요. 작물 키우고, 진열하고, 고객 도우며 온실 확장, 직원 고용, 꿈의 가게 꾸미기까지! 따뜻한 농장과 시뮬 게임 팬에게 딱 맞아요.",3,,
B0135,A27,The Raven Remastered / The Frostrune / Mad Experiments: Escape Room,"어드벤처 / 어드벤처 / 어드벤처, 캐주얼, 인디, 시뮬레이션, 전략","[The Raven Remastered] London, 1964. An ancient ruby is stolen from the British Museum. At the crime scene: a raven feather. Is somebody trying to follow in the footsteps of The Raven, the legendary mast ‖ [The Frostrune] Unravel a mystery inspired by Viking myth and legend in The Frostrune, a classic point-and-click adventure based on historically accurate Norse culture and environments. ‖ [Mad Experiments: Escape Room] 수상 후보에 오른 이스케이프 게임 1인 또는 최대 5인까지 플레이하며 3개의 독특한 방을 탐험하고, 두뇌를 자극하는 퍼즐을 풀며 체셔 교수와 그의 실험에 얽힌 어두운 비밀을 밝혀보세요.",Penelope Pendrick and the Art of Deceit,"어드벤처, 인디","Pick up your magnifying glass as writer-turned-detective Penelope Pendrick in this first-person point and click mystery adventure! Three people have suddenly vanished from the sleepy town of Carlisle. Follow the clues, interrogate suspects, and solve puzzles to end this case - before it ends you.",3,,
B0136,A35,Project Zomboid / Don't Starve / The Forest,"인디, RPG, 시뮬레이션, 앞서 해보기 / 어드벤처, 인디, 시뮬레이션 / 액션, 어드벤처, 인디, 시뮬레이션","[Project Zomboid] Project Zomboid is the ultimate in zombie survival. Alone or in MP: you loot, build, craft, fight, farm and fish in a struggle to survive. A hardcore RPG skillset, a vast map, mass ‖ [Don't Starve] Don’t Starve is an uncompromising wilderness survival game full of science and magic. Enter a strange and unexplored world full of strange creatures, dangers, and surprises. Gather ‖ [The Forest] As the lone survivor of a passenger jet crash, you find yourself in a mysterious forest battling to stay alive against a society of cannibalistic mutants. Build, explore, survive i",Dying Light,"액션, 어드벤처, RPG","종말 이후 굶주린 좀비가 넘쳐나는 오픈 월드를 배경으로 펼쳐지는 1인칭 액션 생존 게임을 즐겨보세요. 여러분은 수수께끼의 바이러스 전염에 의해 몰락한 도시를 탐험하며 물자를 찾고, 무기를 제작하여 감염된 생명체 무리들을 상대해야 합니다.",3,,
B0137,A23,Vomitoreum / Tales of Kenzera™: ZAU / Shantae: Half-Genie Hero,"액션, 어드벤처, 인디 / 액션, 어드벤처, 인디 / 액션, 어드벤처, 인디","[Vomitoreum] Vomitoreum is an FPS Metroidvania with a focus on atmosphere and horror, inspired by the paintings of Zdzisław Beksiński. ‖ [Tales of Kenzera™: ZAU] 샤먼의 춤을 추세요. 아버지의 영혼을 되찾으세요. Surgent Studios가 제작한 메트로이드바니아 스타일의 어드벤처 게임 Tales of Kenzera™: ZAU에서 죽음의 신과 함께 아름답고 위험한 켄제라의 땅으로 용감하게 모험을 떠나세요. ‖ [Shantae: Half-Genie Hero] Shantae embarks on her first full HD adventure! When a mysterious crime wave sweeps Sequin Land, it’s up to Half-Genie Hero Shantae to save the day! Use Shantae’s devastating Hair-",Blast Brigade vs. the Evil Legion of Dr. Cread,"액션, 어드벤처, 인디","스릴 넘치는 플랫포밍과 깊이 있는 탐험 세계, 폭발적인 액션으로 가득한 2D 메트로이드배니아 어드벤처 게임을 즐겨보세요! Blast Brigade에서 영웅들로 팀을 구성해 세계를 구하세요!",3,,
B0138,A34,Pid / ChromaGun / Deer & Boy,"어드벤처, 인디 / 액션, 어드벤처, 인디 / 액션, 어드벤처, 인디","[Pid] You are stranded on a strange and peculiar planet. It’s time to embark on your journey and find your way home! Explore a gravity defying and challenging platformer with striking vi ‖ [ChromaGun] Welcome to ChromaTec’s test lab! You’re here to test our state-of-the-art military-grade color-technology: The ChromaGun (patent pending)! Use it to solve our meticulously designed ‖ [Deer & Boy] 도망친 소년은 길 잃은 어린 사슴을 만나 고요하면서도 위태로운 세상을 함께 헤쳐 나갑니다. 퍼즐을 풀고, 높은 곳에 오르고, 위협을 피해 나아가며 당신의 동료는 연약한 아기 사슴에서 어엿한 사슴으로 성장하죠. 혼자서는 할 수 없었던 일을 함께 해내는 법을 배우게 됩니다.",The Way,"액션, 어드벤처, 인디","Journey to another planet and discover its secrets in order to bring your loved one back to life. Experience an adventure, inspired by old school classics like Another World, Heart of Darkness and Flashback.",3,,
B0139,A22,Deck of Ashes / Dicefolk / Cubic Cosmos,"어드벤처, 인디, RPG, 전략 / 캐주얼, 인디, 전략 / 전략","[Deck of Ashes] 덱 오브 애쉬즈(Deck of Ashes)는 전술 카드 전투를 벌이는 어드벤처 게임입니다. 한 번에 한 캐릭터씩 안티히어로 일행을 이끌어 속죄의 여행을 떠나보세요. 저주받은 판타지 세계를 탐험하며 강력한 카드를 찾아보세요. 독특한 전투 덱을 형성하여 적들을 무찌르세요! 잿빛 저주의 세계를 제거하실 수 있겠습니까? ‖ [Dicefolk] 마법 주사위의 힘을 휘두르고 강력한 키메라 팀을 구축해보세요! 수수께끼의 악을 멈추기 위한 택티컬 덱빌딩 로그라이트 모험이 다가오고 있습니다. 키메라 소환사로서, 신화적인 짐승들을 모집하고 완벽한 팀을 만들고, 다이스포크만의 독특한 주사위 메커니즘을 활용하여 승리로 이끌어주세요. ‖ [Cubic Cosmos] Cubic Cosmos is a thrilling fast-paced roguelike card game. You have been trapped in a deadly game. One wrong move could see you reduced to a plaything of the goddess. Can you free",Curtain Call,전략,"Curtain Call: the latest game from the Noobs Want to Live devs. A strategic roguelite combining auto-battling and deck-building mechanics—recruit performers, take to the stage, and prepare for battle! Win glory and the rapturous applause of the audience. Take that curtain call!",3,,
B0140,A04,Hollow Knight / Dead Cells / Celeste,"액션, 어드벤처, 인디 / 액션, 어드벤처, 인디 / 액션, 어드벤처, 인디","[Hollow Knight] 할로우 나이트에서 자신만의 길을 구축하세요! 크게 파괴된 곤충과 영웅의 왕국을 통한 서사 액션 어드벤처입니다. 손으로 그린 클래식 2D 스타일로 구불구불한 동굴을 탐험하고 오염된 생물과 싸우고 이상한 곤충들과 친구가 되어 보세요. ‖ [Dead Cells] 데드 셀(Dead Cells)는 메트로배니아에서 영감을 받은 로그라이트 액션 플랫포머 게임입니다. 2D 소울 라이트 전투에서 성을 지키는 수호자들을 물리치고 끊임없이 변화하는 거대한 성을 탐험하게 됩니다. 세이브 포인트는 없습니다. 죽이고, 죽고, 배우고, 반복하세요. ‖ [Celeste] 타워폴(TowerFall) 시리즈의 개발자들이 만든 이 초밀착형 플랫폼 게임을 플레이하고, 매들린이 셀레스트 산 정상으로 향하는 여정에서 내면의 악마에게서 살아남을 수 있게 도와주세요. 한땀 한땀 손수 제작한 수백 가지의 도전 과제에 맞서고, 사악한 비밀을 밝혀내고, 산에 숨겨진 수수께끼를 풀어보세요.",gravilon,"어드벤처, 인디, 전략","An inventive, thought-provoking puzzle platformer. Use powerups in each environment, and your own inherent gravity-bending powers, to complete each level. The more you play, the more story details you'll uncover.",3,,
B0141,A24,Valheim / Grounded / My Time at Portia,"액션, 어드벤처, 인디, RPG, 앞서 해보기 / 액션, 어드벤처 / 어드벤처, 캐주얼, 인디, RPG, 시뮬레이션","[Valheim] 북구 신화와 바이킹 문화에 기반한 판타지 세계를 배경으로 펼쳐지는 생존 및 탐험 게임. ‖ [Grounded] The world is a vast, beautiful and dangerous place – especially when you have been shrunk to the size of an ant. Can you thrive alongside the hordes of giant insects, fighting to s ‖ [My Time at Portia] 아름다운 Portia 마을에서 새 삶을 시작하세요! 아버지가 방치한 작업장에서 제작을 부탁받고, 작물을 키우고, 가축을 기르고, 아름다운 세기말의 땅에서 특이한 친구들을 사귀며 작업장을 예전의 멋진 모습으로 복원하세요.",Outbreak: The New Nightmare,"액션, 어드벤처, 인디, RPG","Return to the roots of co-op survival horror as you face monstrous hordes, scrounge for supplies and attempt to survive the nightmare. You have one life. Make it count!",1,GENRE_ONLY,
B0142,A25,DOOMBLADE / Transiruby / Blast Brigade vs. the Evil Legion of Dr. Cread,"액션, 어드벤처, 인디 / 액션 / 액션, 어드벤처, 인디","[DOOMBLADE] Deep underground, Gloom Girl discovers DOOMBLADE, a sentient weapon hellbent on escape after eons in chains. Together, “Doom and Gloom” embark on a vengeful quest to unlock the pow ‖ [Transiruby] 차원 대륙의 의문을 풀어라! 는 사이보그 소녀 실비가 검과 엘리먼트 샷으로 적을 쓰러뜨리며 앞으로 나아가는 탐색형 액션 게임입니다! ‖ [Blast Brigade vs. the Evil Legion of Dr. Cread] 스릴 넘치는 플랫포밍과 깊이 있는 탐험 세계, 폭발적인 액션으로 가득한 2D 메트로이드배니아 어드벤처 게임을 즐겨보세요! Blast Brigade에서 영웅들로 팀을 구성해 세계를 구하세요!",Evil Tonight,"액션, 어드벤처, 인디","실비아는 결코 악을 외면하지 않습니다. 오히려 그것을 자신의 사명으로 삼았죠. 괴짜 같으면서도 따뜻한 마음을 지닌 이 노련한 현대식 엑소시스트는 초자연적 존재에 맞서는 기술을 완벽하게 익혀, 유령이 깃든 장소를 현실 속 악몽으로 바꾸고 맙니다. 그러나 운명적인 이 밤에는 모든 일이 계획대로 흘러가지 않습니다.",2,,
B0143,A01,It Takes Two / Overcooked! 2 / What Remains of Edith Finch,"액션, 어드벤처 / 액션, 캐주얼, 인디 / 어드벤처, 인디","[It Takes Two] It Takes Two에서 생애 가장 정신없는 여정을 시작하세요. 친구가 무료로 참가할 수 있게 친구 패스*로 초대하고, 함께 힘을 합쳐서 수많은 유쾌하고 획기적인 게임 플레이 챌린지를 헤쳐나가세요. ‖ [Overcooked! 2] 혼란스러운 요리 액션으로 가득한 Overcooked가 돌아왔습니다! 양파 왕국으로 돌아가는 여행을 떠나세요. 클래식 협동 또는 온라인 플레이에서 셰프 팀을 만들어서 최대 4명까지 플레이하세요. 앞치마를 준비하세요... 다시 세상을 구할 때가 되었습니다! ‖ [What Remains of Edith Finch] What Remains of Edith Finch(워트 리메인스 오브 에디스 핀치)는 워싱턴 주에 있는 어느 가족에 대한 이상한 이야기의 모음입니다. 플레이어는 에디스가 되어 거대한 핀치 가택을 탐사하고, 가족사를 연구하며 이야기를 찾고, 왜 가족 중에서 그녀만 살아남았는지 알아내야 합니다. 각 이야기는 새로운 가족 구성",HALF DEAD 3,"액션, 어드벤처, 대규모 멀티플레이어",많은 기대를 받고 있는 협동 공상 과학 쇼 속편의 일원이 되십시오. 네 명의 친구로 구성된 팀을 모으세요. 파트너가 많을수록 생존할 가능성이 높아집니다. 훨씬 더 정교한 함정으로 가득 찬 치명적인 새로운 방에서 탈출구를 찾으십시오.,2,,
B0144,A06,Cities: Skylines / Factorio / Farming Simulator 22,"시뮬레이션, 전략 / 캐주얼, 인디, 시뮬레이션, 전략 / 시뮬레이션","[Cities: Skylines] Cities: Skylines is a modern take on the classic city simulation. The game introduces new game play elements to realize the thrill and hardships of creating and maintaining a real  ‖ [Factorio] Factorio는 무한한 2D 세상에서 복잡성이 증가하는 아이템을 생산하기 위해 자동화 공장을 만드는 게임입니다. - 당신의 상상력으로 공장을 설계, 독창적인 방법으로 간단한 요소를 결합하고 마지막엔 당신을 좋아하지 않는 생물들로 부터 공장을 지키세요. ‖ [Farming Simulator 22] 농장을 만들고 농사를 즐기세요! 작물을 수확하고, 동물을 돌보고, 생산을 관리하고, 계절에 따른 어려움을 이겨내세요.",MMORPG Tycoon 2,"인디, 시뮬레이션, 전략, 앞서 해보기",MMORPG Tycoon 2 is a single-player world-builder game about creating the greatest MMORPG of all time – yours.,2,,
B0145,A16,The Talos Principle / Rust / Inscryption,"액션, 어드벤처, 인디 / 액션, 어드벤처, 인디, 대규모 멀티플레이어, RPG / 어드벤처, 인디, 전략","[The Talos Principle] 탈로스 법칙은 철학적 SF 소설의 전통을 따른 1인칭 퍼즐 게임입니다. 시리어스 샘을 개발한 크로팀에서 만들었으며, 톰 주버트(FTL, 더 스와퍼)와 조나스 카이라츠(바다는 모든 것을 요구한다.)가 스토리를 작성했습니다. ‖ [Rust] Rust에서의 목표는 오직 하나, 바로 살아남는 것입니다. 섬의 야생 동물, 다른 주민, 환경, 다른 생존자 모두가 여러분의 목숨을 노립니다. 하루 더 살아남을 수 있다면 수단과 방법을 가리지 마세요. ‖ [Inscryption] Inscryption은 검은 잉크로 그려진 카드를 기반으로 한 덱빌딩 로그라이크, 방탈출 퍼즐, 피가 흐르는 심리적 공포 등의 요소가 섞인 여정을 다룹니다. 카드에는 더 어두운 비밀이 새겨져 있습니다…",Fragmented,"액션, 인디, RPG","Stranded in a hostile alien world, you must fight to survive. Hunt, harvest, craft, advance skills, and build using local resources along with technology from your voyage.",2,,
B0146,A19,ELDEN RING / Disco Elysium - The Final Cut / Outer Wilds,"액션, RPG / RPG / 액션, 어드벤처","[ELDEN RING] 본 게임은 본격적인 다크 판타지 세계를 무대로 한 액션 RPG입니다. 드넓은 필드와 던전 탐험을 통해 미지의 것들을 발견해 보세요. 앞길을 막아서는 난관과 그것을 극복했을 때의 달성감, 그리고 등장인물들의 의도가 교착하는 군상극도 즐기실 수 있습니다. ‖ [Disco Elysium - The Final Cut] 디스코 엘리시움 - 최종판은 획기적인 오픈 월드 롤플레잉 게임입니다. 당신은 독특한 스킬 시스템을 갖춘 형사로서 오롯한 도시 블록을 당신의 미래를 닦기 위해 다듬을 수 있습니다. 잊지 못할 등장인물들을 심문하거나, 살인 사건을 해결하거나, 뇌물을 받으세요. 영웅이 되거나 인류의 완전한 재앙이 되세요. ‖ [Outer Wilds] Giant Bomb, Polygon, Eurogamer, The Guardian에 의해 2019년 올해의 게임에 이름을 올리며 냉정한 호평과 수상 실적이 있는 Outer Wilds는 무한 시간 루프에 갇힌 태양계에 관한 공개된 세계의 미스터리 게임입니다.",Marvel's Guardians of the Galaxy,"액션, 어드벤처",새롭게 재해석한 마블의 가디언즈 오브 갤럭시에서 우주 곳곳을 종횡무진 누비세요. 이 액션 어드벤처 게임에서 예측 불가능한 가디언즈를 이끄는 스타로드가 되어 일촉즉발의 위기 상황을 헤쳐나가세요. 당신이라면 할 수 있습니다. 아마도.,2,,
B0147,A24,Valheim / Grounded / My Time at Portia,"액션, 어드벤처, 인디, RPG, 앞서 해보기 / 액션, 어드벤처 / 어드벤처, 캐주얼, 인디, RPG, 시뮬레이션","[Valheim] 북구 신화와 바이킹 문화에 기반한 판타지 세계를 배경으로 펼쳐지는 생존 및 탐험 게임. ‖ [Grounded] The world is a vast, beautiful and dangerous place – especially when you have been shrunk to the size of an ant. Can you thrive alongside the hordes of giant insects, fighting to s ‖ [My Time at Portia] 아름다운 Portia 마을에서 새 삶을 시작하세요! 아버지가 방치한 작업장에서 제작을 부탁받고, 작물을 키우고, 가축을 기르고, 아름다운 세기말의 땅에서 특이한 친구들을 사귀며 작업장을 예전의 멋진 모습으로 복원하세요.",Gone: Survival,"액션, 어드벤처, 인디, 시뮬레이션",Gone Survival is a first-person survival game for one player. Where you have many opportunities and a completely open world,2,,
B0148,A21,DARK SOULS™ III / The Witcher 3: Wild Hunt / The Elder Scrolls V: Skyrim Special Edition,액션 / RPG / RPG,"[DARK SOULS™ III] 장르를 새로 개척했다는 평가를 들으며 많은 좋은 평가들을 얻고 있는 다크 소울 시리즈는 계속해서 한계를 넘어서, 더욱 야심찬 단계에 도전하고자 하고 있습니다. 준비를 하고 어둠을 밝히십시오! ‖ [The Witcher 3: Wild Hunt] 리비아의 게롤트가 되어 의뢰를 받고 괴물을 사냥하세요. 전쟁의 상처가 가득하고 괴물이 들끓는 대륙을 마음껏 탐험해 보세요. 지금 가장 중요한 일은 대륙의 판도를 뒤바꿀 수도 있는 살아 있는 무기이자 예언의 아이, 시리를 추적하는 것입니다. ‖ [The Elder Scrolls V: Skyrim Special Edition] 200회 이상 올해의 게임에 선정된 The Elder Scrolls V: Skyrim Special Edition이 놀라운 디테일로 판타지에 생명을 불어넣었습니다. Special Edition에는 비평가들의 극찬을 받은 게임 및 새로운 기능이 포함된 애드온이 들어 있습니다.",Erannorth Chronicles,"어드벤처, 인디, RPG, 전략","Erannorth Chronicles blends old-school card strategy with deep RPG progression in a vast sandbox world. With no fixed story, revel in unmatched freedom and limitless character customization.",1,MODE_MISMATCH,
B0149,A21,DARK SOULS™ III / The Witcher 3: Wild Hunt / The Elder Scrolls V: Skyrim Special Edition,액션 / RPG / RPG,"[DARK SOULS™ III] 장르를 새로 개척했다는 평가를 들으며 많은 좋은 평가들을 얻고 있는 다크 소울 시리즈는 계속해서 한계를 넘어서, 더욱 야심찬 단계에 도전하고자 하고 있습니다. 준비를 하고 어둠을 밝히십시오! ‖ [The Witcher 3: Wild Hunt] 리비아의 게롤트가 되어 의뢰를 받고 괴물을 사냥하세요. 전쟁의 상처가 가득하고 괴물이 들끓는 대륙을 마음껏 탐험해 보세요. 지금 가장 중요한 일은 대륙의 판도를 뒤바꿀 수도 있는 살아 있는 무기이자 예언의 아이, 시리를 추적하는 것입니다. ‖ [The Elder Scrolls V: Skyrim Special Edition] 200회 이상 올해의 게임에 선정된 The Elder Scrolls V: Skyrim Special Edition이 놀라운 디테일로 판타지에 생명을 불어넣었습니다. Special Edition에는 비평가들의 극찬을 받은 게임 및 새로운 기능이 포함된 애드온이 들어 있습니다.",We Who Are About To Die,"액션, 인디, RPG, 시뮬레이션, 전략, 앞서 해보기",장대한 전투와 투기장에서 전략을 수립하고 싸우세요. 미천한 노예에서 그랜드 챔피언의 자리까지 올라가서 자유를 쟁취하세요. 물론... 그러다 죽을 수도 있겠죠. 깊이 있는 커리어 관리 및 독특한 물리 연산 전투 시스템이 포함된 검투사 RPG 로그라이트 게임입니다. 목숨을 내건 여러분께 경배합니다!,2,,
B0150,A09,Roots of Yggdrasil / Ancient Gods / Flick Shot Rogues,"인디, 전략 / RPG, 전략 / 인디, 전략","[Roots of Yggdrasil] Build settlements, explore the Nine Realms, collect artifacts and upgrade your deck to reach the top of Yggdrasil in this post-Ragnarok roguelike city-builder! Can you survive the  ‖ [Ancient Gods] Ancient Gods is a fusion of hero collector and deck-building rogue-lite where you collect your character, fight, and experience exciting events. Any character can use all the cards ‖ [Flick Shot Rogues] 계획하고, 조준하고, 쏘세요! FLICK SHOT ROGUES는 테이블 위에서 물건을 튕기는 촉각적 만족감과 사람들이 좋아하는 턴제 로그라이크의 전략적 깊이를 결합한 게임입니다. 말도 안되는 콤보를 연결하고, 캐릭터, 아이템, 스킬을 잠금 해제하면서, 섬을 정복하세요!",Cross Blitz,"어드벤처, 인디, RPG, 전략","Cross Blitz is a unique RPG deckbuilder featuring fast-paced tactical combat with loads of cards to collect and synergies to wield. Explore, level up, craft new cards and build the perfect decks as you carve your own path to victory!",3,,
B0151,A05,Opus Magnum,"인디, 시뮬레이션","[Opus Magnum] Opus Magnum은 SpaceChem, Infinifactory, SHENZHEN I/O를 제작한 Zachtronics의 신작 퍼즐게임입니다. 연금술사들의 최첨단 도구인 변성 기관을 이용해 물약과 독을 만들어내는 기계들을 설계하고 만들어 내세요!",Particul,"캐주얼, 인디, 시뮬레이션, 전략","Click to mine particles and watch your pile grow. Turn resources into profit, automate extraction, research new technologies and trade. Can you mine the rarest particle and ascend? There is just one way to find out.",1,GENRE_ONLY,
B0152,A14,Iron Brigade / Ancient Planet Tower Defense / Creeper World IXE,"액션, 전략 / 캐주얼, 인디, 전략 / 액션, 캐주얼, 인디, 시뮬레이션, 전략","[Iron Brigade] Join The Mobile Trench Brigade and protect humanity from the evil Monovision menace! ‖ [Ancient Planet Tower Defense] 고대 행성 타워 디펜스는 정통 타워 디펜스 게임입니다. 고대 문명의 요새가 외계 침략자들로부터 침략당했습니다. 고대의 강력한 기술을 사용하여 적군의 공격을 물리치십시오! ‖ [Creeper World IXE] The unstoppable alien force known as The Creeper has returned, devouring thousands of worlds in its path, and yours is next. Battle against the Creeper fluid in a groundbreaking pi",OF MICE AND SAND -REVISED-,"시뮬레이션, 전략","머나먼 우주, 사막 행성에서 살고 있는 찍찍이들! 이동 요새 사막선을 타고 향해라! 환상의 황금향으로! !",2,,
B0153,A14,Iron Brigade / Ancient Planet Tower Defense / Creeper World IXE,"액션, 전략 / 캐주얼, 인디, 전략 / 액션, 캐주얼, 인디, 시뮬레이션, 전략","[Iron Brigade] Join The Mobile Trench Brigade and protect humanity from the evil Monovision menace! ‖ [Ancient Planet Tower Defense] 고대 행성 타워 디펜스는 정통 타워 디펜스 게임입니다. 고대 문명의 요새가 외계 침략자들로부터 침략당했습니다. 고대의 강력한 기술을 사용하여 적군의 공격을 물리치십시오! ‖ [Creeper World IXE] The unstoppable alien force known as The Creeper has returned, devouring thousands of worlds in its path, and yours is next. Battle against the Creeper fluid in a groundbreaking pi",Bloodsports.TV,"액션, 어드벤처, 캐주얼, 인디, 스포츠, 전략",Co-Op Hero Defense set in a deadly post-apocalyptic Sweden. Team up with your friends and protect the Missile Silo against horrific beasts and outlaws.,2,,
B0154,A28,Dordogne / A YEAR OF SPRINGS / Botany Manor,"어드벤처, 인디 / 캐주얼, 인디, 시뮬레이션 / 어드벤처","[Dordogne] 이 유년 시절의 여정에서 특별한 내러티브에 몰입하며 도르도뉴의 수천 가지 여름의 색을 탐험하고, 추억을 떠올리며 가족의 비밀을 밝히세요. ‖ [A YEAR OF SPRINGS] 세 명의 여성, 세 개의 이야기, 세 개의 봄. 세 명의 친구들이 사랑, 공감, 그리고 단지 함께하고 싶어하는 감정에 대한 방향을 찾아나가는 3 부작 비주얼 노벨 A YEAR OF SPRINGS 에서 하루, 에리카, 마나미의 이야기를 체험하세요. ‖ [Botany Manor] Welcome to Botany Manor, a stately home in 19th century England. You play as inhabitant Arabella Greene, a retired botanist. Explore your house and gardens, filled with research, t",Koko's Cafe,"어드벤처, 캐주얼, 인디, 시뮬레이션",이 성장 비주얼 노벨에서 커피를 서빙하고 손님들과 친구가 되어 그들의 이야기를 알아가 보세요,2,,
B0155,A15,서브노티카 / The Long Dark / No Man's Sky,"어드벤처, 인디 / 어드벤처, 인디, 시뮬레이션, 전략 / 액션, 어드벤처","[서브노티카] 위험과 경이로움이 가득한 외계의 바다 속으로 내려가세요. 장비를 제작하고, 잠수함을 조종하며 야생 생물보다 앞서가세요. 우거진 산호초, 화산, 동굴 같은 많은 장소들을 탐험하세요. 물론 살아남는 걸 잊으면 안 되겠죠. ‖ [The Long Dark] The Long Dark는 깊은 생각을 요구하는 탐험 생존 게임입니다. 플레이어는 지구 자기장 이상으로 인한 대재앙이 휩쓸고 간 세상에서 혼자 드넓은 설원 황무지를 탐험하며 살아남아야 합니다. 좀비는 등장하지 않으며 오직 플레이어와 추위, 그리고 자연 속의 위험들만 존재합니다. 고요한 종말의 세상에 오신 것을 환영합니다. ‖ [No Man's Sky] No Man's Sky는 무한히 펼쳐지는 우주에서의 탐험과 생존을 그린 SF 게임입니다.",Survivalist: Invisible Strain,"액션, 어드벤처, 인디, RPG, 시뮬레이션, 전략",감염이 시작된 지 10년. 오랜 정착지들은 알 수 없는 이유로 하나씩 무너져 내립니다. 생존자들은 외딴 지역이 안전하길 바라며 언덕으로 달아나 탈출합니다. 당신은 그들과 같은 난민으로서 스스로 새로운 삶을 개척해야 합니다. 어떤 수단을 써서라도 말입니다.,2,,
B0156,A15,서브노티카 / The Long Dark / No Man's Sky,"어드벤처, 인디 / 어드벤처, 인디, 시뮬레이션, 전략 / 액션, 어드벤처","[서브노티카] 위험과 경이로움이 가득한 외계의 바다 속으로 내려가세요. 장비를 제작하고, 잠수함을 조종하며 야생 생물보다 앞서가세요. 우거진 산호초, 화산, 동굴 같은 많은 장소들을 탐험하세요. 물론 살아남는 걸 잊으면 안 되겠죠. ‖ [The Long Dark] The Long Dark는 깊은 생각을 요구하는 탐험 생존 게임입니다. 플레이어는 지구 자기장 이상으로 인한 대재앙이 휩쓸고 간 세상에서 혼자 드넓은 설원 황무지를 탐험하며 살아남아야 합니다. 좀비는 등장하지 않으며 오직 플레이어와 추위, 그리고 자연 속의 위험들만 존재합니다. 고요한 종말의 세상에 오신 것을 환영합니다. ‖ [No Man's Sky] No Man's Sky는 무한히 펼쳐지는 우주에서의 탐험과 생존을 그린 SF 게임입니다.",Ember's Verge,"어드벤처, 인디, 시뮬레이션","Survive on a deserted island with no modern tools or electricity. Gather resources, craft everything you need, and adapt to changing seasons including winter conditions. No zombies, no supernatural. Man vs nature survival. Your adventure, your choice.",3,,
B0157,A02,Still Life / Jenny LeClue - Detectivu / Telling Lies,"어드벤처 / 액션, 어드벤처, 캐주얼, 인디 / 어드벤처, 인디, 시뮬레이션",[Still Life] Still Life 2 also now available! ‖ [Jenny LeClue - Detectivu] Jenny LeClue - Detectivu는 조사와 선택지로 가득한 스릴 넘치는 미스터리 어드벤처 게임입니다. ‖ [Telling Lies] 네 명의 삶. 그리고 하나의 큰 거짓말. 아무도 모르게 녹화된 은밀한 대화를 들으며 진실을 알아내십시오. 큰 호평을 받았던 Her Story의 계승작입니다.,초동수사 - 증언/증거 추리게임,"어드벤처, 인디, 시뮬레이션",증거와 증언만으로 진실을 파헤치는 1시간 한정 수사 추리 게임.,3,,
B0158,A25,DOOMBLADE / Transiruby / Blast Brigade vs. the Evil Legion of Dr. Cread,"액션, 어드벤처, 인디 / 액션 / 액션, 어드벤처, 인디","[DOOMBLADE] Deep underground, Gloom Girl discovers DOOMBLADE, a sentient weapon hellbent on escape after eons in chains. Together, “Doom and Gloom” embark on a vengeful quest to unlock the pow ‖ [Transiruby] 차원 대륙의 의문을 풀어라! 는 사이보그 소녀 실비가 검과 엘리먼트 샷으로 적을 쓰러뜨리며 앞으로 나아가는 탐색형 액션 게임입니다! ‖ [Blast Brigade vs. the Evil Legion of Dr. Cread] 스릴 넘치는 플랫포밍과 깊이 있는 탐험 세계, 폭발적인 액션으로 가득한 2D 메트로이드배니아 어드벤처 게임을 즐겨보세요! Blast Brigade에서 영웅들로 팀을 구성해 세계를 구하세요!",Planet of Lana,"액션, 어드벤처, 인디","자연의 은총과 차가운 기계의 침공이 충돌하며 무너진 세계에서, 한 소녀와 소녀의 동료는 서로의 유대감만을 믿으며 생존하고 소중한 것들을 보호해야 합니다. 여정이 끝나도 오래도록 마음에 남을 희망과 상실, 사랑의 이야기가 펼쳐집니다.",2,,
B0159,A24,Valheim / Grounded / My Time at Portia,"액션, 어드벤처, 인디, RPG, 앞서 해보기 / 액션, 어드벤처 / 어드벤처, 캐주얼, 인디, RPG, 시뮬레이션","[Valheim] 북구 신화와 바이킹 문화에 기반한 판타지 세계를 배경으로 펼쳐지는 생존 및 탐험 게임. ‖ [Grounded] The world is a vast, beautiful and dangerous place – especially when you have been shrunk to the size of an ant. Can you thrive alongside the hordes of giant insects, fighting to s ‖ [My Time at Portia] 아름다운 Portia 마을에서 새 삶을 시작하세요! 아버지가 방치한 작업장에서 제작을 부탁받고, 작물을 키우고, 가축을 기르고, 아름다운 세기말의 땅에서 특이한 친구들을 사귀며 작업장을 예전의 멋진 모습으로 복원하세요.",Russian Village Simulator,"액션, 어드벤처, 캐주얼, 인디, 레이싱, RPG, 시뮬레이션, 전략","이것은 플레이어가 채소밭을 가꾸고, 버섯과 열매를 모으고, 장작을 만들고, 사냥과 낚시를하고, 달빛을 양조하는 등 훨씬 더 많은 일을해야하는 러시아 마을의 생활 시뮬레이션입니다.",2,,
B0160,A34,Pid / ChromaGun / Deer & Boy,"어드벤처, 인디 / 액션, 어드벤처, 인디 / 액션, 어드벤처, 인디","[Pid] You are stranded on a strange and peculiar planet. It’s time to embark on your journey and find your way home! Explore a gravity defying and challenging platformer with striking vi ‖ [ChromaGun] Welcome to ChromaTec’s test lab! You’re here to test our state-of-the-art military-grade color-technology: The ChromaGun (patent pending)! Use it to solve our meticulously designed ‖ [Deer & Boy] 도망친 소년은 길 잃은 어린 사슴을 만나 고요하면서도 위태로운 세상을 함께 헤쳐 나갑니다. 퍼즐을 풀고, 높은 곳에 오르고, 위협을 피해 나아가며 당신의 동료는 연약한 아기 사슴에서 어엿한 사슴으로 성장하죠. 혼자서는 할 수 없었던 일을 함께 해내는 법을 배우게 됩니다.",Coolors,"캐주얼, 인디",Coolors is an arcade scoring puzzle game.,1,IRRELEVANT,
B0161,A11,Forza Horizon 5 / Hi-Fi RUSH / Street Fighter 6,"액션, 어드벤처, 레이싱, 시뮬레이션, 스포츠 / 액션 / 액션, 어드벤처","[Forza Horizon 5] 세계 최고의 자동차를 타고 생동감 넘치는 멕시코의 대자연을 탐험하며 재미있는 드라이빙 액션을 마음껏 즐겨보세요. ‖ [Hi-Fi RUSH] 아케이드 챌린지! 업데이트!로 추가되는 두 개의 신규 게임 모드에서 여러분의 능력을 시험하고, 새로운 보상을 획득해 보세요. 몇 가지 비밀도 숨어 있답니다! 락 스타 지망생 차이가 되어 비트를 타고, 세상 모든 게 음악에 싱크되는 세계에서 오합지졸 팀과 함께 사악한 거대 기업에 맞서 싸우세요. ‖ [Street Fighter 6] 시리즈 최신작 『Street Fighter 6』, 2023년 6월 2일 발매 결정! RE ENGINE으로 개발된 본 작품은 대형 모드 「World Tour」, 「Fighting Ground」, 「Battle Hub」로 구성되어 있다. 새로운 「스트리트 파이터」에는 지금까지의 시리즈에는 없었던 새로운 체험이 기다리고 있다.",Driving School Simulator,"캐주얼, 레이싱, 시뮬레이션","Buckle up, adjust your mirrors and get ready to put your driving abilities to the test as you prove your skills on the streets! Choose between driving a traditional car, bus, or truck and prepare to navigate city streets, mountain roads, or scenic highways.",2,,
B0162,A05,Opus Magnum,"인디, 시뮬레이션","[Opus Magnum] Opus Magnum은 SpaceChem, Infinifactory, SHENZHEN I/O를 제작한 Zachtronics의 신작 퍼즐게임입니다. 연금술사들의 최첨단 도구인 변성 기관을 이용해 물약과 독을 만들어내는 기계들을 설계하고 만들어 내세요!",Senalux,인디,Senalux는 육각형을 기반으로 한 광학 퍼즐 게임입니다.,3,,
B0163,A35,Project Zomboid / Don't Starve / The Forest,"인디, RPG, 시뮬레이션, 앞서 해보기 / 어드벤처, 인디, 시뮬레이션 / 액션, 어드벤처, 인디, 시뮬레이션","[Project Zomboid] Project Zomboid is the ultimate in zombie survival. Alone or in MP: you loot, build, craft, fight, farm and fish in a struggle to survive. A hardcore RPG skillset, a vast map, mass ‖ [Don't Starve] Don’t Starve is an uncompromising wilderness survival game full of science and magic. Enter a strange and unexplored world full of strange creatures, dangers, and surprises. Gather ‖ [The Forest] As the lone survivor of a passenger jet crash, you find yourself in a mysterious forest battling to stay alive against a society of cannibalistic mutants. Build, explore, survive i",Stay Alive: Apocalypse,"인디, RPG, 시뮬레이션, 앞서 해보기","You ever played a Sandbox Survival Zombie RPG? You heard it right. In ""Stay Alive: Apocalypse"" we will offer you an indie zombie survival game which is in a sandbox, random generated world and presents RPG elements.",3,,
B0164,A16,The Talos Principle / Rust / Inscryption,"액션, 어드벤처, 인디 / 액션, 어드벤처, 인디, 대규모 멀티플레이어, RPG / 어드벤처, 인디, 전략","[The Talos Principle] 탈로스 법칙은 철학적 SF 소설의 전통을 따른 1인칭 퍼즐 게임입니다. 시리어스 샘을 개발한 크로팀에서 만들었으며, 톰 주버트(FTL, 더 스와퍼)와 조나스 카이라츠(바다는 모든 것을 요구한다.)가 스토리를 작성했습니다. ‖ [Rust] Rust에서의 목표는 오직 하나, 바로 살아남는 것입니다. 섬의 야생 동물, 다른 주민, 환경, 다른 생존자 모두가 여러분의 목숨을 노립니다. 하루 더 살아남을 수 있다면 수단과 방법을 가리지 마세요. ‖ [Inscryption] Inscryption은 검은 잉크로 그려진 카드를 기반으로 한 덱빌딩 로그라이크, 방탈출 퍼즐, 피가 흐르는 심리적 공포 등의 요소가 섞인 여정을 다룹니다. 카드에는 더 어두운 비밀이 새겨져 있습니다…",Zero Escape: The Nonary Games,어드벤처,제로'라는 수수께끼의 인물이 납치되어 낯선 곳에 끌려온 아홉 명의 사람들에게 끔찍한 '아홉 게임'에 참여하도록 강요합니다. 그들은 왜 여기에 있을까요? 왜 하필 그들이 생사를 가르는 위험한 게임에 참여해 목숨을 걸어야 할까요? 누구를 믿어야 할까요?,3,,
B0165,A27,The Raven Remastered / The Frostrune / Mad Experiments: Escape Room,"어드벤처 / 어드벤처 / 어드벤처, 캐주얼, 인디, 시뮬레이션, 전략","[The Raven Remastered] London, 1964. An ancient ruby is stolen from the British Museum. At the crime scene: a raven feather. Is somebody trying to follow in the footsteps of The Raven, the legendary mast ‖ [The Frostrune] Unravel a mystery inspired by Viking myth and legend in The Frostrune, a classic point-and-click adventure based on historically accurate Norse culture and environments. ‖ [Mad Experiments: Escape Room] 수상 후보에 오른 이스케이프 게임 1인 또는 최대 5인까지 플레이하며 3개의 독특한 방을 탐험하고, 두뇌를 자극하는 퍼즐을 풀며 체셔 교수와 그의 실험에 얽힌 어두운 비밀을 밝혀보세요.",Escape First,"어드벤처, 캐주얼, 인디","""Escape First""는 가상 현실(VR) 혹은 데스크탑 PC에서 즐길 수 있는 멀티플레이어 방탈출 퍼즐 게임입니다! 3개의 방탈출 맵 중 하나를 선택해 경쟁, 협동, 솔로로 플레이할 수 있습니다.",3,,
B0166,A16,The Talos Principle / Rust / Inscryption,"액션, 어드벤처, 인디 / 액션, 어드벤처, 인디, 대규모 멀티플레이어, RPG / 어드벤처, 인디, 전략","[The Talos Principle] 탈로스 법칙은 철학적 SF 소설의 전통을 따른 1인칭 퍼즐 게임입니다. 시리어스 샘을 개발한 크로팀에서 만들었으며, 톰 주버트(FTL, 더 스와퍼)와 조나스 카이라츠(바다는 모든 것을 요구한다.)가 스토리를 작성했습니다. ‖ [Rust] Rust에서의 목표는 오직 하나, 바로 살아남는 것입니다. 섬의 야생 동물, 다른 주민, 환경, 다른 생존자 모두가 여러분의 목숨을 노립니다. 하루 더 살아남을 수 있다면 수단과 방법을 가리지 마세요. ‖ [Inscryption] Inscryption은 검은 잉크로 그려진 카드를 기반으로 한 덱빌딩 로그라이크, 방탈출 퍼즐, 피가 흐르는 심리적 공포 등의 요소가 섞인 여정을 다룹니다. 카드에는 더 어두운 비밀이 새겨져 있습니다…",80 Days,"어드벤처, 인디, 전략","1872, with a steampunk twist. Phileas Fogg has wagered he can circumnavigate the world in just 80 days. Travel by airship, submarine, mechanical camel, steam-train and more. Race other players and a clock that never stops in TIME Magazine's Game of 2014.",2,,
B0167,A12,Baldur's Gate 3 / Mount & Blade II: Bannerlord / Kenshi,"어드벤처, RPG, 전략 / 액션, 인디, RPG, 시뮬레이션, 전략 / 액션, 인디, RPG, 시뮬레이션, 전략","[Baldur's Gate 3] Baldur’s Gate 3 is a story-rich, party-based RPG set in the universe of Dungeons & Dragons, where your choices shape a tale of fellowship and betrayal, survival and sacrifice, and  ‖ [Mount & Blade II: Bannerlord] 본 게임은 전략/액션 RPG입니다. 캐릭터를 생성하고, 외교에 참여하고, 제작, 거래를 하고, 방대한 중세풍의 샌드박스에서 새로운 땅을 정복하십시오. 군대를 일으켜 전쟁에 뛰어들고, 깊이가 있으나 직관적인 실력 기반의 전투 시스템을 채용한 대규모 실시간 전투에서 자신의 부대에 명령을 내리고 함께 싸우십시오. ‖ [Kenshi] 자유롭게 돌아다니는 분대 기반의 RPG. 스토리를 따라가는 대신 제한 없는 샌드박스식 게임플레이에 중점을 두었습니다. 무역상, 도둑, 반란군, 전쟁 군주, 모험가, 농부, 노예 등 다양한 삶을 체험할 수 있습니다. 운이 나쁘면 식인종의 먹잇감으로 전락할지도 모르죠. 새로운 장비를 연구하거나 제작해 보세요.","Warhammer 40,000: Rogue Trader","액션, 어드벤처, 인디, RPG, 전략","Games Workshop과의 긴밀한 파트너십으로 제작된 Warhammer 40,000: Rogue Trader는 비평가들의 찬사를 얻은 Pathfinder: Wrath of the Righteous를 개발한 Owlcat Games가 선보이는 스토리 기반의 클래식 RPG입니다.",3,,
B0168,A32,Hardspace: Shipbreaker / Hacknet / The Case of the Golden Idol / 방 탈출 시뮬레이터 / shapez 2 - Factory,"시뮬레이션 / 인디, 시뮬레이션 / 어드벤처, 인디 / 어드벤처, 캐주얼, 인디, 시뮬레이션 / 캐주얼, 인디, 시뮬레이션, 전략","[Hardspace: Shipbreaker] Equipped with cutting-edge salvaging tech, carve & slice spaceships to recover valuable materials. Upgrade your gear to take on more lucrative contracts and pay your billion credit ‖ [Hacknet] Hacknet은 터미널 기반의 몰입형 해킹 시뮬레이터입니다. 최근에 사망한, 그러나 언론 보도와는 달리 사고로 사망하지 않은 해커의 지시에 따라 진실을 추척하십시오. ‖ [The Case of the Golden Idol] A new kind of detective game that allows you to think and investigate freely. Discover clues surrounding 12 strange and gruesome deaths and build your own theory. Pick your suspect ‖ [방 탈출 시뮬레이터] Escape Simulator는 단독 또는 온라인 협동 플레이가 가능한 1인칭 퍼즐 게임입니다. 점점 더 많아지는, 고도의 상호 작용이 가능한 방탈출 세트를 탐험하세요. 가구를 옮기고, 모든 것을 집어 들고 검사하고, 냄비를 부수고 자물쇠를 부수세요! 레벨 편집기를 통해 커뮤니티가 만든 방을 지원합니다. ‖ [shapez 2 - Factory] 공장 건설 게임에 빠져들어 보세요. 단 한 가지에 집중하세요. 대규모 우주 공장을 건설하는 것! 방대하게 펼쳐지는 다층 공장과 만족스러운 생산 라인을 무제한으로 설계하세요. 계속해서 어려워지는 자동화 목표를 적의 위협 없이 자신만의 속도로 달성하세요.",HELLO HACKER,"인디, 시뮬레이션","HELLO HACKER features a realistic terminal. Use real Linux commands, network scanning, password cracking, and cryptography to infiltrate 10 interconnected servers and expose a deadly government surveillance program. Your colleague is missing. You're next. Are you ready to be a hacker?",3,,
B0169,A12,Baldur's Gate 3 / Mount & Blade II: Bannerlord / Kenshi,"어드벤처, RPG, 전략 / 액션, 인디, RPG, 시뮬레이션, 전략 / 액션, 인디, RPG, 시뮬레이션, 전략","[Baldur's Gate 3] Baldur’s Gate 3 is a story-rich, party-based RPG set in the universe of Dungeons & Dragons, where your choices shape a tale of fellowship and betrayal, survival and sacrifice, and  ‖ [Mount & Blade II: Bannerlord] 본 게임은 전략/액션 RPG입니다. 캐릭터를 생성하고, 외교에 참여하고, 제작, 거래를 하고, 방대한 중세풍의 샌드박스에서 새로운 땅을 정복하십시오. 군대를 일으켜 전쟁에 뛰어들고, 깊이가 있으나 직관적인 실력 기반의 전투 시스템을 채용한 대규모 실시간 전투에서 자신의 부대에 명령을 내리고 함께 싸우십시오. ‖ [Kenshi] 자유롭게 돌아다니는 분대 기반의 RPG. 스토리를 따라가는 대신 제한 없는 샌드박스식 게임플레이에 중점을 두었습니다. 무역상, 도둑, 반란군, 전쟁 군주, 모험가, 농부, 노예 등 다양한 삶을 체험할 수 있습니다. 운이 나쁘면 식인종의 먹잇감으로 전락할지도 모르죠. 새로운 장비를 연구하거나 제작해 보세요.",Age of Reforging: The Freelands,"어드벤처, 인디, RPG, 전략","중세 고자유도 샌드박스 모험 CRPG에 오신 것을 환영합니다! 당신은 여신에 의해 선택된 자유지대의 ""재단자""가 되어 자신만의 속도로 중세 모험을 시작합니다. 동료를 모으고, 생존을 추구하며, 독특한 전설을 만들어 보세요!",3,,
B0170,A06,Cities: Skylines / Factorio / Farming Simulator 22,"시뮬레이션, 전략 / 캐주얼, 인디, 시뮬레이션, 전략 / 시뮬레이션","[Cities: Skylines] Cities: Skylines is a modern take on the classic city simulation. The game introduces new game play elements to realize the thrill and hardships of creating and maintaining a real  ‖ [Factorio] Factorio는 무한한 2D 세상에서 복잡성이 증가하는 아이템을 생산하기 위해 자동화 공장을 만드는 게임입니다. - 당신의 상상력으로 공장을 설계, 독창적인 방법으로 간단한 요소를 결합하고 마지막엔 당신을 좋아하지 않는 생물들로 부터 공장을 지키세요. ‖ [Farming Simulator 22] 농장을 만들고 농사를 즐기세요! 작물을 수확하고, 동물을 돌보고, 생산을 관리하고, 계절에 따른 어려움을 이겨내세요.",Word Factori,"시뮬레이션, 전략","Word Factori는 ""i"" 라는 글자만을 자원으로 사용하는 단어 조합 게임입니다. ""i"" 글자를 좀더 복잡한 글자로 만들 수 있도록 구부리고, 회전하고, 반사하고, 병합하여 공장들의 체인을 구축해보세요. 비밀의 글자 조합 레시피를 발견하고, 숨겨진 워드 아트를 잠금해제하여 최고의 점수를 위해 당신만의 공장 체인을 최적화하세요.",2,,
B0171,A32,Hardspace: Shipbreaker / Hacknet / The Case of the Golden Idol / 방 탈출 시뮬레이터 / shapez 2 - Factory,"시뮬레이션 / 인디, 시뮬레이션 / 어드벤처, 인디 / 어드벤처, 캐주얼, 인디, 시뮬레이션 / 캐주얼, 인디, 시뮬레이션, 전략","[Hardspace: Shipbreaker] Equipped with cutting-edge salvaging tech, carve & slice spaceships to recover valuable materials. Upgrade your gear to take on more lucrative contracts and pay your billion credit ‖ [Hacknet] Hacknet은 터미널 기반의 몰입형 해킹 시뮬레이터입니다. 최근에 사망한, 그러나 언론 보도와는 달리 사고로 사망하지 않은 해커의 지시에 따라 진실을 추척하십시오. ‖ [The Case of the Golden Idol] A new kind of detective game that allows you to think and investigate freely. Discover clues surrounding 12 strange and gruesome deaths and build your own theory. Pick your suspect ‖ [방 탈출 시뮬레이터] Escape Simulator는 단독 또는 온라인 협동 플레이가 가능한 1인칭 퍼즐 게임입니다. 점점 더 많아지는, 고도의 상호 작용이 가능한 방탈출 세트를 탐험하세요. 가구를 옮기고, 모든 것을 집어 들고 검사하고, 냄비를 부수고 자물쇠를 부수세요! 레벨 편집기를 통해 커뮤니티가 만든 방을 지원합니다. ‖ [shapez 2 - Factory] 공장 건설 게임에 빠져들어 보세요. 단 한 가지에 집중하세요. 대규모 우주 공장을 건설하는 것! 방대하게 펼쳐지는 다층 공장과 만족스러운 생산 라인을 무제한으로 설계하세요. 계속해서 어려워지는 자동화 목표를 적의 위협 없이 자신만의 속도로 달성하세요.",Final Upgrade,"인디, 시뮬레이션, 전략","Help humanity to spread throughout the cosmos by exploring new worlds, building space factories and setting up trade routes. Research advanced technologies to increase efficiency and unlock new paths of development. Fight off other artificial intelligences in your goal to reach the Final Upgrade!",2,,
B0172,A30,Stardew Valley / Slime Rancher / Raft,"인디, RPG, 시뮬레이션 / 액션, 어드벤처, 인디, 시뮬레이션 / 어드벤처, 인디, 시뮬레이션","[Stardew Valley] You've inherited your grandfather's old farm plot in Stardew Valley. Armed with hand-me-down tools and a few coins, you set out to begin your new life. Can you learn to live off th ‖ [Slime Rancher] 슬라임 랜쳐는 젊고 용감한 랜쳐, 베아트릭스 르뷰가 지구에서 1,000광년 떨어진 '머나먼 평야'에서 슬라임들과 씨름하며 생계를 꾸려나가는 이야기입니다. 긍정적인 마인드와 강인한 의지로 베아트릭스는 진공팩을 사용하여 끊임없이 말랑말랑하게 굴러나오는 슬라임들을 피하며 이름을 알리고, 부자가 되려 합니다. ‖ [Raft] Raft™ throws you and your friends into an epic oceanic adventure! Alone or together, players battle to survive a perilous voyage across a vast sea! Gather debris, scavenge reefs an",Nomad,"액션, 어드벤처, 인디, 대규모 멀티플레이어, RPG, 무료 플레이, 앞서 해보기","Try and survive in the world of Nomad. Build a base and protect it from raiding players. Scavenge food, weapons and medical supplies across the island. Team up with others and make a base. Make your mark on the world of Nomad.",1,MODE_MISMATCH,
B0173,A23,Vomitoreum / Tales of Kenzera™: ZAU / Shantae: Half-Genie Hero,"액션, 어드벤처, 인디 / 액션, 어드벤처, 인디 / 액션, 어드벤처, 인디","[Vomitoreum] Vomitoreum is an FPS Metroidvania with a focus on atmosphere and horror, inspired by the paintings of Zdzisław Beksiński. ‖ [Tales of Kenzera™: ZAU] 샤먼의 춤을 추세요. 아버지의 영혼을 되찾으세요. Surgent Studios가 제작한 메트로이드바니아 스타일의 어드벤처 게임 Tales of Kenzera™: ZAU에서 죽음의 신과 함께 아름답고 위험한 켄제라의 땅으로 용감하게 모험을 떠나세요. ‖ [Shantae: Half-Genie Hero] Shantae embarks on her first full HD adventure! When a mysterious crime wave sweeps Sequin Land, it’s up to Half-Genie Hero Shantae to save the day! Use Shantae’s devastating Hair-",GRIME II,"액션, 인디, RPG","GRIME II에서 형상을 훔치는 존재가 되어, 초현실적인 액션 어드벤처 메트로배니아를 만나보세요. 손으로 이루어진 촉수를 뻗어 적을 흡수하고 그 형상을 본뜬 주형을 소환하며, 예술에 한없이 가까운 기묘하고 살아있는 세계를 탐험하게 됩니다.",3,,
B0174,A10,A Short Hike / ISLANDERS / Gorogoa,"어드벤처, 인디 / 캐주얼, 인디, 전략 / 어드벤처, 캐주얼, 인디","[A Short Hike] Hike, climb, and soar through the peaceful mountainside landscapes of Hawk Peak Provincial Park as you make your way to the summit. ‖ [ISLANDERS] ISLANDERS is a minimalist strategy game about building cities on colorful islands. ‖ [Gorogoa] Gorogoa(고로고아)는 Jason Roberts가 디자인하고 일러스트레이션을 손으로 그린 아름다운 차세대 퍼즐 게임입니다.",Drizzlepath,"어드벤처, 캐주얼, 인디","In Drizzlepath you are set on a journey to the top of the Mountain of Fire. It aims to be an atmospheric, relaxed and enigmatic experience. Downloadable soundtrack included.",2,,
B0175,A05,Opus Magnum,"인디, 시뮬레이션","[Opus Magnum] Opus Magnum은 SpaceChem, Infinifactory, SHENZHEN I/O를 제작한 Zachtronics의 신작 퍼즐게임입니다. 연금술사들의 최첨단 도구인 변성 기관을 이용해 물약과 독을 만들어내는 기계들을 설계하고 만들어 내세요!",Paint it Back,캐주얼,논리로 퍼즐을 풀어 그림들을 완성해주세요. 데모를 보십시오!,1,IRRELEVANT,
B0176,A26,RimWorld / Oxygen Not Included / Unpacking 언패킹,"인디, 시뮬레이션, 전략 / 인디, 시뮬레이션 / 캐주얼, 인디, 시뮬레이션","[RimWorld] 지능형 AI 이야기꾼이 주도하는 공상과학 정착지 시뮬레이터입니다. 심리, 생태, 총격전과 근접전, 날씨, 기후, 외교, 사람 사이의 관계, 예술, 의학, 무역, 그 외 많은 것들을 시뮬레이션하여 이야기를 생성합니다. ‖ [Oxygen Not Included] Oxygen Not Included는 우주 콜로니 시뮬레이션 게임입니다. 외계의 우주 암석 깊은 곳에서 근면한 일꾼들은 생존하고 나아가 번영하기 위해 과학을 마스터하고, 낯선 새로운 생명체에 맞서며, 경이로운 우주 테크놀로지를 활용해야 합니다. ‖ [Unpacking 언패킹] Unpacking은 상자에서 짐을 꺼내 새집에 맞게 배치하는 친숙한 체험에 대한 명상적 퍼즐 게임입니다. 게임의 일부인 블록 맞추기 게임과 집 꾸미기를 하는 동안, 푸는 짐에 닮긴 삶의 실마리를 찾아가며 만족할 만한 생활 공간을 만들어 보세요.",Farlanders,"인디, 시뮬레이션, 전략","Terraform, strategize, and construct a Martian colony in this retro-inspired turn-based city builder. Create a comfortable living for your citizens, research alien artifacts, and uncover the secrets of the Red Planet.",3,,
B0177,A13,Death's Door / Children of Morta / Roboquest / Spelunky 2 / Nuclear Throne / Streets of Rogue / Neon Abyss / Curse of the Dead Gods / Rogue Legacy 2 / Have a Nice Death,"액션, 어드벤처, 인디, RPG / 액션, 어드벤처, 인디, RPG / 액션, 인디 / 액션, 인디 / 액션, 인디, RPG / 액션, 어드벤처, 인디, RPG / 액션, 어드벤처, 인디, RPG / 액션, 어드벤처 / 액션, 어드벤처, 인디, RPG / 액션, 인디","[Death's Door] 죽은 자의 영혼을 수확하고 시간을 끝내는 것은 단조로울 수 있지만 까마귀에겐 평범한 일입니다. 하지만 주어진 영혼을 도둑맞게 되면 변화가 일어납니다. 영혼을 도난하고 죽음의 손길이 닿지 않는 영역으로 도망친 절망적인 도둑을 추적하십시오. ‖ [Children of Morta] Children of Morta는 비범한 가족 영웅에 대한 스토리 중심의 액션 RPG 게임입니다. 다가오는 부패에 맞서 모든 결함과 미덕을 갖춘 베르그송 가를 이끄세요. 여러분은 여러분이 아끼는 사람들을 구하기 위해 모든 것을 희생할 수 있으신가요? ‖ [Roboquest] 로보퀘스트는 멸망한 미래 세계의 빠른 FPS 로그라이트입니다. 당신은 재부팅된 수호자로, 강철 궁둥짝을 걷어 찰 준비를 하세요! 혼자서 혹은 친구와 함께 맞서거나 끊임없이 변화하는 환경에서 치명적인 로봇 군단을 섬멸하세요. ‖ [Spelunky 2] Spelunky 2 builds upon the unique, randomized challenges that made the original a roguelike classic, offering a huge adventure designed to satisfy players old and new. Meet the nex ‖ [Nuclear Throne] Nuclear Throne은 포스트 아포칼립스 세계관의 로그라이크 스타일 탑다운 슈터입니다. 여기서 말하는 포스트 아포칼립스는 '인류의 마지막 희망'이 남아 있는 세계가 아니라, '인류는 멸종했고 이제 돌연변이와 괴물들이 세상을 돌아다니는' 그런 세계입니다. 과연 당신은 뉴클리어 쓰론에 도달할 수 있을까요? ‖ [Streets of Rogue] 싸워서 몰래 들어가 임의 생성된 도시를 공격하세요. Nuclear Throne은 무법천지 GTA와 Deus Ex가 혼합된 형태입니다. Rogue-lite가 몰입도 높은 캐릭터를 만나 너무 재미있습니다. ‖ [Neon Abyss] Neon Abyss는 고속의 로그라이크 액션 플랫포머로, 하데스가 만든 '그림 스쿼드'의 일원이 되어 어비스로 총을 들고 뛰어드는 런 앤 건 게임입니다. 무한한 아이템 시너지와 던전 진화 시스템으로, 매번 게임을 할 때마다 다른 경험과 새로운 도전이 등장합니다. 진짜 지옥을 보여주세요! ‖ [Curse of the Dead Gods] 엄청난 부, 영원한 생명, 신성한 힘을 탐하는 마음이 당신을 끝없는 지옥 속의 미로, 치명적인 함정 및 몬스터가 우글거리는 이 저주받은 사원으로 이끌었습니다. ‖ [Rogue Legacy 2] 로그 레거시 2는 로그 레거시에 후속편을 끼얹은 작품입니다. 당신이 죽을 때마다 자식이 가업을 이어받습니다. 딸은 색맹 궁수이고 아들은 평화주의자 요리사일 수도 있죠. 어쨌거나 둘 중 한 명은 전장으로 나가야 합니다. ‖ [Have a Nice Death] Have a Nice Death는 과로에 고생하는 데스가 되어 플레이하는 2D 액션 로그라이크로, 통제 불능인 직원들 때문에 영혼의 균형과 데스의 휴가 계획이 틀어지고 말았습니다. 질서를 회복하려면 대낫을 들고 직원들과 서열 정리를 해야 합니다.",S.T.A.L.K.E.R.: Shadow of Chornobyl 인핸스드 에디션,"액션, 어드벤처, RPG",모든 것의 시작인 '존의 전설(Legends of the Zone)' 트릴로지의 첫 번째 챕터인 S.T.A.L.K.E.R.: Shadow of Chornobyl를 만나보세요.,1,MODE_MISMATCH,
B0178,A16,The Talos Principle / Rust / Inscryption,"액션, 어드벤처, 인디 / 액션, 어드벤처, 인디, 대규모 멀티플레이어, RPG / 어드벤처, 인디, 전략","[The Talos Principle] 탈로스 법칙은 철학적 SF 소설의 전통을 따른 1인칭 퍼즐 게임입니다. 시리어스 샘을 개발한 크로팀에서 만들었으며, 톰 주버트(FTL, 더 스와퍼)와 조나스 카이라츠(바다는 모든 것을 요구한다.)가 스토리를 작성했습니다. ‖ [Rust] Rust에서의 목표는 오직 하나, 바로 살아남는 것입니다. 섬의 야생 동물, 다른 주민, 환경, 다른 생존자 모두가 여러분의 목숨을 노립니다. 하루 더 살아남을 수 있다면 수단과 방법을 가리지 마세요. ‖ [Inscryption] Inscryption은 검은 잉크로 그려진 카드를 기반으로 한 덱빌딩 로그라이크, 방탈출 퍼즐, 피가 흐르는 심리적 공포 등의 요소가 섞인 여정을 다룹니다. 카드에는 더 어두운 비밀이 새겨져 있습니다…",Crea,"액션, 어드벤처, 인디, RPG","Progress with every slain monster, learn over 80 skills through talents, craft hundreds of items, and explore vast procedurally-generated worlds in this ever-expanding sandbox RPG!",2,,
B0179,A04,Hollow Knight / Dead Cells / Celeste,"액션, 어드벤처, 인디 / 액션, 어드벤처, 인디 / 액션, 어드벤처, 인디","[Hollow Knight] 할로우 나이트에서 자신만의 길을 구축하세요! 크게 파괴된 곤충과 영웅의 왕국을 통한 서사 액션 어드벤처입니다. 손으로 그린 클래식 2D 스타일로 구불구불한 동굴을 탐험하고 오염된 생물과 싸우고 이상한 곤충들과 친구가 되어 보세요. ‖ [Dead Cells] 데드 셀(Dead Cells)는 메트로배니아에서 영감을 받은 로그라이트 액션 플랫포머 게임입니다. 2D 소울 라이트 전투에서 성을 지키는 수호자들을 물리치고 끊임없이 변화하는 거대한 성을 탐험하게 됩니다. 세이브 포인트는 없습니다. 죽이고, 죽고, 배우고, 반복하세요. ‖ [Celeste] 타워폴(TowerFall) 시리즈의 개발자들이 만든 이 초밀착형 플랫폼 게임을 플레이하고, 매들린이 셀레스트 산 정상으로 향하는 여정에서 내면의 악마에게서 살아남을 수 있게 도와주세요. 한땀 한땀 손수 제작한 수백 가지의 도전 과제에 맞서고, 사악한 비밀을 밝혀내고, 산에 숨겨진 수수께끼를 풀어보세요.",Hades II,"액션, 인디, RPG",수상 경력에 빛나는 로그라이크 던전 크롤러의 매혹적인 속편에서 어둠의 마법을 펼치며 시간의 티탄에게 맞서 지하세계 너머에서 전투를 벌이세요.,3,,
B0180,A10,A Short Hike / ISLANDERS / Gorogoa,"어드벤처, 인디 / 캐주얼, 인디, 전략 / 어드벤처, 캐주얼, 인디","[A Short Hike] Hike, climb, and soar through the peaceful mountainside landscapes of Hawk Peak Provincial Park as you make your way to the summit. ‖ [ISLANDERS] ISLANDERS is a minimalist strategy game about building cities on colorful islands. ‖ [Gorogoa] Gorogoa(고로고아)는 Jason Roberts가 디자인하고 일러스트레이션을 손으로 그린 아름다운 차세대 퍼즐 게임입니다.",ShantyTown,"캐주얼, 인디, 시뮬레이션","ShantyTown is a relaxing diorama-building game about finding beauty in everyday chaos. Bring new locations to life, stack your urban buildings high, and fill each little nook and cranny with your own touch. Try your hand at shaping a cozy little town that is unique to you.",3,,
B0181,A31,Hearts of Iron IV / Europa Universalis IV / Sid Meier's Civilization® V,"시뮬레이션, 전략 / 시뮬레이션, 전략 / 전략","[Hearts of Iron IV] Victory is at your fingertips! Your ability to lead your nation is your supreme weapon, the strategy game Hearts of Iron IV lets you take command of any nation in World War II; the ‖ [Europa Universalis IV] 비교할 수 없는 자유도, 깊이 있는 스토리, 정확한 역사적 고증을 즐기며 국토를 다스리고 세계를 정복하세요. 세계 역사를 새롭게 쓰며 시대를 풍미할 제국을 만드세요. ‖ [Sid Meier's Civilization® V] Create, discover, and download new player-created maps, scenarios, interfaces, and more!",WarPlan,"인디, 시뮬레이션, 전략","WarPlan is an incredibly accurate World War II simulation engine. It is a balance of realism and playability incorporating the best from 50 years of World War II board wargaming. Play a recreated World War II in every detail, thanks to the engine flexibility and database",3,,
B0182,A02,Still Life / Jenny LeClue - Detectivu / Telling Lies,"어드벤처 / 액션, 어드벤처, 캐주얼, 인디 / 어드벤처, 인디, 시뮬레이션",[Still Life] Still Life 2 also now available! ‖ [Jenny LeClue - Detectivu] Jenny LeClue - Detectivu는 조사와 선택지로 가득한 스릴 넘치는 미스터리 어드벤처 게임입니다. ‖ [Telling Lies] 네 명의 삶. 그리고 하나의 큰 거짓말. 아무도 모르게 녹화된 은밀한 대화를 들으며 진실을 알아내십시오. 큰 호평을 받았던 Her Story의 계승작입니다.,Jessika,"어드벤처, 인디","Jessika committed suicide, and it’s up to you to find out why she did what she did by prying into her digital past. What at first seems to be a job like any other quickly develops into a dark drama with twists and turns.",3,,
B0183,A33,Garry's Mod / Team Fortress 2 / Left 4 Dead 2,"캐주얼, 인디, 시뮬레이션 / 액션, 무료 플레이 / 액션","[Garry's Mod] Garry's Mod is a physics sandbox. There aren't any predefined aims or goals. We give you the tools and leave you to play. ‖ [Team Fortress 2] 다양한 전술적 능력과 뚜렷한 개성을 갖춘 9가지 병과의 캐릭터를 플레이하세요. 끊임없이 업데이트되는 새로운 게임 모드, 맵, 장비 그리고 가장 중요한 모자까지 지금 바로 즐겨보세요! ‖ [Left 4 Dead 2] Set in the zombie apocalypse, Left 4 Dead 2 is a co-operative action horror FPS takes you and your friends through the cities, swamps and cemeteries of the Deep South, from Savanna",타이니 티나의 원더랜드,"액션, 어드벤처, RPG","기발하고도, 놀라우며, 초강력 무기로 가득한 전설적인 모험을 떠나세요! 여러분만의 멀티클래스 영웅을 만들어, 쏘고, 베고, 줍고 발사하며 포악한 용의 군주를 막는 퀘스트를 진행하세요.",2,,
B0184,A25,DOOMBLADE / Transiruby / Blast Brigade vs. the Evil Legion of Dr. Cread,"액션, 어드벤처, 인디 / 액션 / 액션, 어드벤처, 인디","[DOOMBLADE] Deep underground, Gloom Girl discovers DOOMBLADE, a sentient weapon hellbent on escape after eons in chains. Together, “Doom and Gloom” embark on a vengeful quest to unlock the pow ‖ [Transiruby] 차원 대륙의 의문을 풀어라! 는 사이보그 소녀 실비가 검과 엘리먼트 샷으로 적을 쓰러뜨리며 앞으로 나아가는 탐색형 액션 게임입니다! ‖ [Blast Brigade vs. the Evil Legion of Dr. Cread] 스릴 넘치는 플랫포밍과 깊이 있는 탐험 세계, 폭발적인 액션으로 가득한 2D 메트로이드배니아 어드벤처 게임을 즐겨보세요! Blast Brigade에서 영웅들로 팀을 구성해 세계를 구하세요!",Dewdrop Dynasty,"액션, 어드벤처, 인디","Gun-jump your way through a buzzing world full of quirky monsters, tricky puzzles, and outlandish bosses in this fast-paced, lighthearted Metroidvania.",3,,
B0185,A22,Deck of Ashes / Dicefolk / Cubic Cosmos,"어드벤처, 인디, RPG, 전략 / 캐주얼, 인디, 전략 / 전략","[Deck of Ashes] 덱 오브 애쉬즈(Deck of Ashes)는 전술 카드 전투를 벌이는 어드벤처 게임입니다. 한 번에 한 캐릭터씩 안티히어로 일행을 이끌어 속죄의 여행을 떠나보세요. 저주받은 판타지 세계를 탐험하며 강력한 카드를 찾아보세요. 독특한 전투 덱을 형성하여 적들을 무찌르세요! 잿빛 저주의 세계를 제거하실 수 있겠습니까? ‖ [Dicefolk] 마법 주사위의 힘을 휘두르고 강력한 키메라 팀을 구축해보세요! 수수께끼의 악을 멈추기 위한 택티컬 덱빌딩 로그라이트 모험이 다가오고 있습니다. 키메라 소환사로서, 신화적인 짐승들을 모집하고 완벽한 팀을 만들고, 다이스포크만의 독특한 주사위 메커니즘을 활용하여 승리로 이끌어주세요. ‖ [Cubic Cosmos] Cubic Cosmos is a thrilling fast-paced roguelike card game. You have been trapped in a deadly game. One wrong move could see you reduced to a plaything of the goddess. Can you free",나이트오브풀문,"어드벤처, 인디, 전략, 무료 플레이","리얼 ROGUELIKE 덱 조합 카드 게임! [빨간 모자] 동화속으로 출~발~!각종 스토리 탐험 모드와 흥미진진한 시나리오 전개! 랜덤 이벤트 선택, 부동한 스토리 오픈!",2,,
B0186,A22,Deck of Ashes / Dicefolk / Cubic Cosmos,"어드벤처, 인디, RPG, 전략 / 캐주얼, 인디, 전략 / 전략","[Deck of Ashes] 덱 오브 애쉬즈(Deck of Ashes)는 전술 카드 전투를 벌이는 어드벤처 게임입니다. 한 번에 한 캐릭터씩 안티히어로 일행을 이끌어 속죄의 여행을 떠나보세요. 저주받은 판타지 세계를 탐험하며 강력한 카드를 찾아보세요. 독특한 전투 덱을 형성하여 적들을 무찌르세요! 잿빛 저주의 세계를 제거하실 수 있겠습니까? ‖ [Dicefolk] 마법 주사위의 힘을 휘두르고 강력한 키메라 팀을 구축해보세요! 수수께끼의 악을 멈추기 위한 택티컬 덱빌딩 로그라이트 모험이 다가오고 있습니다. 키메라 소환사로서, 신화적인 짐승들을 모집하고 완벽한 팀을 만들고, 다이스포크만의 독특한 주사위 메커니즘을 활용하여 승리로 이끌어주세요. ‖ [Cubic Cosmos] Cubic Cosmos is a thrilling fast-paced roguelike card game. You have been trapped in a deadly game. One wrong move could see you reduced to a plaything of the goddess. Can you free",ORX,"캐주얼, 인디, RPG, 시뮬레이션, 전략, 앞서 해보기","타워디펜스와 덱빌딩 로그라이크 장르를 새롭게 해석해 냈습니다. ORX를 한 마디로 표현하자면 불타오르는 테이블 위에서 플레이하는 '카르카손'과 같다고 할 수 있겠습니다. 완벽한 덱을 짜고, 강력한 유물을 활용하고, 개성 넘치는 3개의 진영을 다루는 법을 숙달하십시오. 당신이야말로 당신의 성에 걸맞는 왕임을 증명해 내십시오!",3,,
B0187,A28,Dordogne / A YEAR OF SPRINGS / Botany Manor,"어드벤처, 인디 / 캐주얼, 인디, 시뮬레이션 / 어드벤처","[Dordogne] 이 유년 시절의 여정에서 특별한 내러티브에 몰입하며 도르도뉴의 수천 가지 여름의 색을 탐험하고, 추억을 떠올리며 가족의 비밀을 밝히세요. ‖ [A YEAR OF SPRINGS] 세 명의 여성, 세 개의 이야기, 세 개의 봄. 세 명의 친구들이 사랑, 공감, 그리고 단지 함께하고 싶어하는 감정에 대한 방향을 찾아나가는 3 부작 비주얼 노벨 A YEAR OF SPRINGS 에서 하루, 에리카, 마나미의 이야기를 체험하세요. ‖ [Botany Manor] Welcome to Botany Manor, a stately home in 19th century England. You play as inhabitant Arabella Greene, a retired botanist. Explore your house and gardens, filled with research, t",Within of Static - Ashburg Rental,"액션, 어드벤처, 캐주얼, 인디",Riley Adams moves to Ashburg for a new teaching job and rents a house to get settled. She expected silence. She didn’t expect company.,1,GENRE_ONLY,
B0188,A26,RimWorld / Oxygen Not Included / Unpacking 언패킹,"인디, 시뮬레이션, 전략 / 인디, 시뮬레이션 / 캐주얼, 인디, 시뮬레이션","[RimWorld] 지능형 AI 이야기꾼이 주도하는 공상과학 정착지 시뮬레이터입니다. 심리, 생태, 총격전과 근접전, 날씨, 기후, 외교, 사람 사이의 관계, 예술, 의학, 무역, 그 외 많은 것들을 시뮬레이션하여 이야기를 생성합니다. ‖ [Oxygen Not Included] Oxygen Not Included는 우주 콜로니 시뮬레이션 게임입니다. 외계의 우주 암석 깊은 곳에서 근면한 일꾼들은 생존하고 나아가 번영하기 위해 과학을 마스터하고, 낯선 새로운 생명체에 맞서며, 경이로운 우주 테크놀로지를 활용해야 합니다. ‖ [Unpacking 언패킹] Unpacking은 상자에서 짐을 꺼내 새집에 맞게 배치하는 친숙한 체험에 대한 명상적 퍼즐 게임입니다. 게임의 일부인 블록 맞추기 게임과 집 꾸미기를 하는 동안, 푸는 짐에 닮긴 삶의 실마리를 찾아가며 만족할 만한 생활 공간을 만들어 보세요.",SchoolBoy Runaway,인디,“이 장난꾸러기! 빨리 공부하러 가라!” 부모님이 말하고 너를 집에 가두었다. 부모님을 속이고 친구들과 놀 방법을 찾아보자.,1,IRRELEVANT,
B0189,A31,Hearts of Iron IV / Europa Universalis IV / Sid Meier's Civilization® V,"시뮬레이션, 전략 / 시뮬레이션, 전략 / 전략","[Hearts of Iron IV] Victory is at your fingertips! Your ability to lead your nation is your supreme weapon, the strategy game Hearts of Iron IV lets you take command of any nation in World War II; the ‖ [Europa Universalis IV] 비교할 수 없는 자유도, 깊이 있는 스토리, 정확한 역사적 고증을 즐기며 국토를 다스리고 세계를 정복하세요. 세계 역사를 새롭게 쓰며 시대를 풍미할 제국을 만드세요. ‖ [Sid Meier's Civilization® V] Create, discover, and download new player-created maps, scenarios, interfaces, and more!",Ages of Conflict: World War Simulator,"캐주얼, 인디, 시뮬레이션, 앞서 해보기",Ages of Conflict에서는 플레이어가 만든 AI 국가들이 무한한 세상에서 전투하는 모습을 관찰할 수 있는 시뮬레이션 게임입니다 AI국가들을 조종하여 역사를 원하는 방향으로 이끌 수 있습니다!,2,,
B0190,A05,Opus Magnum,"인디, 시뮬레이션","[Opus Magnum] Opus Magnum은 SpaceChem, Infinifactory, SHENZHEN I/O를 제작한 Zachtronics의 신작 퍼즐게임입니다. 연금술사들의 최첨단 도구인 변성 기관을 이용해 물약과 독을 만들어내는 기계들을 설계하고 만들어 내세요!",Filament,"인디, 전략",승무원들이 사라진 버려진 우주선에서 미지의 목소리만이 외로이 들려옵니다. 어려운 퍼즐들을 풀고 알라바스터 호의 승무원들에게 무슨 일이 생겼는지 밝혀내십시오.,3,,
B0191,A04,Hollow Knight / Dead Cells / Celeste,"액션, 어드벤처, 인디 / 액션, 어드벤처, 인디 / 액션, 어드벤처, 인디","[Hollow Knight] 할로우 나이트에서 자신만의 길을 구축하세요! 크게 파괴된 곤충과 영웅의 왕국을 통한 서사 액션 어드벤처입니다. 손으로 그린 클래식 2D 스타일로 구불구불한 동굴을 탐험하고 오염된 생물과 싸우고 이상한 곤충들과 친구가 되어 보세요. ‖ [Dead Cells] 데드 셀(Dead Cells)는 메트로배니아에서 영감을 받은 로그라이트 액션 플랫포머 게임입니다. 2D 소울 라이트 전투에서 성을 지키는 수호자들을 물리치고 끊임없이 변화하는 거대한 성을 탐험하게 됩니다. 세이브 포인트는 없습니다. 죽이고, 죽고, 배우고, 반복하세요. ‖ [Celeste] 타워폴(TowerFall) 시리즈의 개발자들이 만든 이 초밀착형 플랫폼 게임을 플레이하고, 매들린이 셀레스트 산 정상으로 향하는 여정에서 내면의 악마에게서 살아남을 수 있게 도와주세요. 한땀 한땀 손수 제작한 수백 가지의 도전 과제에 맞서고, 사악한 비밀을 밝혀내고, 산에 숨겨진 수수께끼를 풀어보세요.",솔라테리아,"액션, 어드벤처, 인디","솔라테리아는 아름다운 핸드드로운 아트로 그려낸, 패링 중심의 액션 메트로배니아 게임입니다. 작은 불 전사는 그림자 역병으로 몰락한 세계를 구할 마지막 희망인 최초의 불을 찾기 위한 모험을 떠납니다. 강력한 적들을 스타일리시한 패링 액션과 반격으로 처치하고, 미지의 영역을 탐험하며 세계의 비밀에 가까워지세요.",3,,
B0192,A11,Forza Horizon 5 / Hi-Fi RUSH / Street Fighter 6,"액션, 어드벤처, 레이싱, 시뮬레이션, 스포츠 / 액션 / 액션, 어드벤처","[Forza Horizon 5] 세계 최고의 자동차를 타고 생동감 넘치는 멕시코의 대자연을 탐험하며 재미있는 드라이빙 액션을 마음껏 즐겨보세요. ‖ [Hi-Fi RUSH] 아케이드 챌린지! 업데이트!로 추가되는 두 개의 신규 게임 모드에서 여러분의 능력을 시험하고, 새로운 보상을 획득해 보세요. 몇 가지 비밀도 숨어 있답니다! 락 스타 지망생 차이가 되어 비트를 타고, 세상 모든 게 음악에 싱크되는 세계에서 오합지졸 팀과 함께 사악한 거대 기업에 맞서 싸우세요. ‖ [Street Fighter 6] 시리즈 최신작 『Street Fighter 6』, 2023년 6월 2일 발매 결정! RE ENGINE으로 개발된 본 작품은 대형 모드 「World Tour」, 「Fighting Ground」, 「Battle Hub」로 구성되어 있다. 새로운 「스트리트 파이터」에는 지금까지의 시리즈에는 없었던 새로운 체험이 기다리고 있다.",Forza Horizon 6,"레이싱, 시뮬레이션, 스포츠","Forza Horizon이 역대 최대 규모의 오픈 월드 드라이빙 모험을 선사합니다. 550대 이상의 실제 차량을 타고 일본의 숨 막히게 아름다운 풍경을 만나고, Horizon 페스티벌에서 레이싱의 전설이 되어보세요.",3,,
B0193,A21,DARK SOULS™ III / The Witcher 3: Wild Hunt / The Elder Scrolls V: Skyrim Special Edition,액션 / RPG / RPG,"[DARK SOULS™ III] 장르를 새로 개척했다는 평가를 들으며 많은 좋은 평가들을 얻고 있는 다크 소울 시리즈는 계속해서 한계를 넘어서, 더욱 야심찬 단계에 도전하고자 하고 있습니다. 준비를 하고 어둠을 밝히십시오! ‖ [The Witcher 3: Wild Hunt] 리비아의 게롤트가 되어 의뢰를 받고 괴물을 사냥하세요. 전쟁의 상처가 가득하고 괴물이 들끓는 대륙을 마음껏 탐험해 보세요. 지금 가장 중요한 일은 대륙의 판도를 뒤바꿀 수도 있는 살아 있는 무기이자 예언의 아이, 시리를 추적하는 것입니다. ‖ [The Elder Scrolls V: Skyrim Special Edition] 200회 이상 올해의 게임에 선정된 The Elder Scrolls V: Skyrim Special Edition이 놀라운 디테일로 판타지에 생명을 불어넣었습니다. Special Edition에는 비평가들의 극찬을 받은 게임 및 새로운 기능이 포함된 애드온이 들어 있습니다.",LEGRAND LEGACY: Tale of the Fatebounds,"액션, 어드벤처, 인디, RPG",모든 시대에 사랑을 받아온 JRPG에 고전 턴제 전투와 전술의 새로운 양상이 가미된 게임입니다. 지금 위시리스트에 넣어 왜 르그랑 레거시가 올해의 “최고 기대작 게임”인지 알아보세요!,2,,
B0194,A03,Balatro / Hades / Vampire Survivors,"캐주얼, 인디, 전략 / 액션, 인디, RPG / 액션, 캐주얼, 인디, RPG","[Balatro] 포커 로그라이크 게임. Balatro는 불법 포커 패로 게임을 하고, 판을 뒤엎는 조커를 발견하고, 아드레날린이 치솟는 강력한 콤보를 만드는 덱 빌딩 게임입니다. ‖ [Hades] Bastion, Transistor, Pyre의 제작사에서 선보이는 이 로그라이크 던전 탐색형 게임에서 핵 앤 슬래시로 지하 세계를 탈출하고 죽음의 신에게 도전하세요. ‖ [Vampire Survivors] 수많은 어둠의 피조물을 쓰러뜨리며 새벽이 올 때까지 생존하세요! Vampire Survivors는 로그라이트 요소를 갖춘 고딕 호러 케주얼 게임입니다. 당신의 선택으로 순식간에 수백 마리의 괴물이 눈덩이처럼 불어날 수 있죠.",Texas Twist Poker 3 Bandit's Run,"캐주얼, 인디, 전략",포커 감성을 담은 타일 퍼즐과 로그라이크 덱빌더의 전략적 깊이. 저주받은 악당을 추적하고 조커와 업그레이드를 조합해 최고의 포커 핸드 10개를 완성하세요. 라운드 사이 현명하게 쇼핑하며 강력한 덱과 승리 전략을 구축하세요.,3,,
B0195,A33,Garry's Mod / Team Fortress 2 / Left 4 Dead 2,"캐주얼, 인디, 시뮬레이션 / 액션, 무료 플레이 / 액션","[Garry's Mod] Garry's Mod is a physics sandbox. There aren't any predefined aims or goals. We give you the tools and leave you to play. ‖ [Team Fortress 2] 다양한 전술적 능력과 뚜렷한 개성을 갖춘 9가지 병과의 캐릭터를 플레이하세요. 끊임없이 업데이트되는 새로운 게임 모드, 맵, 장비 그리고 가장 중요한 모자까지 지금 바로 즐겨보세요! ‖ [Left 4 Dead 2] Set in the zombie apocalypse, Left 4 Dead 2 is a co-operative action horror FPS takes you and your friends through the cities, swamps and cemeteries of the Deep South, from Savanna",Don't Bite Me Bro! +,"액션, 어드벤처, 인디, RPG, 시뮬레이션, 전략","Don't Bite Me Bro! is a 1-4 Player Couch Co-op open-world zombie apocalypse game. Explore the world for resources, find and save survivors throughout the world, each which become playable characters with unique traits and abilities.",3,,
B0196,A10,A Short Hike / ISLANDERS / Gorogoa,"어드벤처, 인디 / 캐주얼, 인디, 전략 / 어드벤처, 캐주얼, 인디","[A Short Hike] Hike, climb, and soar through the peaceful mountainside landscapes of Hawk Peak Provincial Park as you make your way to the summit. ‖ [ISLANDERS] ISLANDERS is a minimalist strategy game about building cities on colorful islands. ‖ [Gorogoa] Gorogoa(고로고아)는 Jason Roberts가 디자인하고 일러스트레이션을 손으로 그린 아름다운 차세대 퍼즐 게임입니다.",Enclaved,"어드벤처, 캐주얼, 인디","A cozy island builder with mini games (fishing, animal farm, random rewards) Casual, Simulation, Idle, Building, Relaxing, Cozy, Singleplayer, Atmospheric",3,,
B0197,A13,Death's Door / Children of Morta / Roboquest / Spelunky 2 / Nuclear Throne / Streets of Rogue / Neon Abyss / Curse of the Dead Gods / Rogue Legacy 2 / Have a Nice Death,"액션, 어드벤처, 인디, RPG / 액션, 어드벤처, 인디, RPG / 액션, 인디 / 액션, 인디 / 액션, 인디, RPG / 액션, 어드벤처, 인디, RPG / 액션, 어드벤처, 인디, RPG / 액션, 어드벤처 / 액션, 어드벤처, 인디, RPG / 액션, 인디","[Death's Door] 죽은 자의 영혼을 수확하고 시간을 끝내는 것은 단조로울 수 있지만 까마귀에겐 평범한 일입니다. 하지만 주어진 영혼을 도둑맞게 되면 변화가 일어납니다. 영혼을 도난하고 죽음의 손길이 닿지 않는 영역으로 도망친 절망적인 도둑을 추적하십시오. ‖ [Children of Morta] Children of Morta는 비범한 가족 영웅에 대한 스토리 중심의 액션 RPG 게임입니다. 다가오는 부패에 맞서 모든 결함과 미덕을 갖춘 베르그송 가를 이끄세요. 여러분은 여러분이 아끼는 사람들을 구하기 위해 모든 것을 희생할 수 있으신가요? ‖ [Roboquest] 로보퀘스트는 멸망한 미래 세계의 빠른 FPS 로그라이트입니다. 당신은 재부팅된 수호자로, 강철 궁둥짝을 걷어 찰 준비를 하세요! 혼자서 혹은 친구와 함께 맞서거나 끊임없이 변화하는 환경에서 치명적인 로봇 군단을 섬멸하세요. ‖ [Spelunky 2] Spelunky 2 builds upon the unique, randomized challenges that made the original a roguelike classic, offering a huge adventure designed to satisfy players old and new. Meet the nex ‖ [Nuclear Throne] Nuclear Throne은 포스트 아포칼립스 세계관의 로그라이크 스타일 탑다운 슈터입니다. 여기서 말하는 포스트 아포칼립스는 '인류의 마지막 희망'이 남아 있는 세계가 아니라, '인류는 멸종했고 이제 돌연변이와 괴물들이 세상을 돌아다니는' 그런 세계입니다. 과연 당신은 뉴클리어 쓰론에 도달할 수 있을까요? ‖ [Streets of Rogue] 싸워서 몰래 들어가 임의 생성된 도시를 공격하세요. Nuclear Throne은 무법천지 GTA와 Deus Ex가 혼합된 형태입니다. Rogue-lite가 몰입도 높은 캐릭터를 만나 너무 재미있습니다. ‖ [Neon Abyss] Neon Abyss는 고속의 로그라이크 액션 플랫포머로, 하데스가 만든 '그림 스쿼드'의 일원이 되어 어비스로 총을 들고 뛰어드는 런 앤 건 게임입니다. 무한한 아이템 시너지와 던전 진화 시스템으로, 매번 게임을 할 때마다 다른 경험과 새로운 도전이 등장합니다. 진짜 지옥을 보여주세요! ‖ [Curse of the Dead Gods] 엄청난 부, 영원한 생명, 신성한 힘을 탐하는 마음이 당신을 끝없는 지옥 속의 미로, 치명적인 함정 및 몬스터가 우글거리는 이 저주받은 사원으로 이끌었습니다. ‖ [Rogue Legacy 2] 로그 레거시 2는 로그 레거시에 후속편을 끼얹은 작품입니다. 당신이 죽을 때마다 자식이 가업을 이어받습니다. 딸은 색맹 궁수이고 아들은 평화주의자 요리사일 수도 있죠. 어쨌거나 둘 중 한 명은 전장으로 나가야 합니다. ‖ [Have a Nice Death] Have a Nice Death는 과로에 고생하는 데스가 되어 플레이하는 2D 액션 로그라이크로, 통제 불능인 직원들 때문에 영혼의 균형과 데스의 휴가 계획이 틀어지고 말았습니다. 질서를 회복하려면 대낫을 들고 직원들과 서열 정리를 해야 합니다.",Nordic Ashes: Survivors of Ragnarok,"액션, 어드벤처, 캐주얼, 인디, RPG, 전략","노르딕 애쉬: 라그나로크의 생존자는 북유럽에서 영감을 받은 도전적인 로그라이트 서바이벌 게임으로, 다가오는 수많은 크리처로부터 살아남아야 합니다.",3,,
B0198,A11,Forza Horizon 5 / Hi-Fi RUSH / Street Fighter 6,"액션, 어드벤처, 레이싱, 시뮬레이션, 스포츠 / 액션 / 액션, 어드벤처","[Forza Horizon 5] 세계 최고의 자동차를 타고 생동감 넘치는 멕시코의 대자연을 탐험하며 재미있는 드라이빙 액션을 마음껏 즐겨보세요. ‖ [Hi-Fi RUSH] 아케이드 챌린지! 업데이트!로 추가되는 두 개의 신규 게임 모드에서 여러분의 능력을 시험하고, 새로운 보상을 획득해 보세요. 몇 가지 비밀도 숨어 있답니다! 락 스타 지망생 차이가 되어 비트를 타고, 세상 모든 게 음악에 싱크되는 세계에서 오합지졸 팀과 함께 사악한 거대 기업에 맞서 싸우세요. ‖ [Street Fighter 6] 시리즈 최신작 『Street Fighter 6』, 2023년 6월 2일 발매 결정! RE ENGINE으로 개발된 본 작품은 대형 모드 「World Tour」, 「Fighting Ground」, 「Battle Hub」로 구성되어 있다. 새로운 「스트리트 파이터」에는 지금까지의 시리즈에는 없었던 새로운 체험이 기다리고 있다.",Fantasy Strike,"액션, 캐주얼, 인디, 무료 플레이","A fighting game designed from the ground up to be so easy to control that even non-fighting game players can play it, yet deep enough to play in tournaments. Vibrant graphics and excellent online play.",3,,
B0199,A01,It Takes Two / Overcooked! 2 / What Remains of Edith Finch,"액션, 어드벤처 / 액션, 캐주얼, 인디 / 어드벤처, 인디","[It Takes Two] It Takes Two에서 생애 가장 정신없는 여정을 시작하세요. 친구가 무료로 참가할 수 있게 친구 패스*로 초대하고, 함께 힘을 합쳐서 수많은 유쾌하고 획기적인 게임 플레이 챌린지를 헤쳐나가세요. ‖ [Overcooked! 2] 혼란스러운 요리 액션으로 가득한 Overcooked가 돌아왔습니다! 양파 왕국으로 돌아가는 여행을 떠나세요. 클래식 협동 또는 온라인 플레이에서 셰프 팀을 만들어서 최대 4명까지 플레이하세요. 앞치마를 준비하세요... 다시 세상을 구할 때가 되었습니다! ‖ [What Remains of Edith Finch] What Remains of Edith Finch(워트 리메인스 오브 에디스 핀치)는 워싱턴 주에 있는 어느 가족에 대한 이상한 이야기의 모음입니다. 플레이어는 에디스가 되어 거대한 핀치 가택을 탐사하고, 가족사를 연구하며 이야기를 찾고, 왜 가족 중에서 그녀만 살아남았는지 알아내야 합니다. 각 이야기는 새로운 가족 구성",A Way Out,"액션, 어드벤처, 인디",협력 어드벤처 게임 A Way Out. 두 명의 수감자 중 한 명이 되어 감옥에서 대담한 탈출을 시도해 보세요.,3,,
B0200,A19,ELDEN RING / Disco Elysium - The Final Cut / Outer Wilds,"액션, RPG / RPG / 액션, 어드벤처","[ELDEN RING] 본 게임은 본격적인 다크 판타지 세계를 무대로 한 액션 RPG입니다. 드넓은 필드와 던전 탐험을 통해 미지의 것들을 발견해 보세요. 앞길을 막아서는 난관과 그것을 극복했을 때의 달성감, 그리고 등장인물들의 의도가 교착하는 군상극도 즐기실 수 있습니다. ‖ [Disco Elysium - The Final Cut] 디스코 엘리시움 - 최종판은 획기적인 오픈 월드 롤플레잉 게임입니다. 당신은 독특한 스킬 시스템을 갖춘 형사로서 오롯한 도시 블록을 당신의 미래를 닦기 위해 다듬을 수 있습니다. 잊지 못할 등장인물들을 심문하거나, 살인 사건을 해결하거나, 뇌물을 받으세요. 영웅이 되거나 인류의 완전한 재앙이 되세요. ‖ [Outer Wilds] Giant Bomb, Polygon, Eurogamer, The Guardian에 의해 2019년 올해의 게임에 이름을 올리며 냉정한 호평과 수상 실적이 있는 Outer Wilds는 무한 시간 루프에 갇힌 태양계에 관한 공개된 세계의 미스터리 게임입니다.",언커버 더 스모킹 건,"어드벤처, 캐주얼, 인디, 시뮬레이션, 전략","AI와의 지능 대결, GPT를 통해 용의자 로봇과 대화를 하면서 증거를 수집하고 사건을 해결 해야 합니다. 수많은 대화와 정보들이 모여서 가리키는 단 하나의 진실은 무엇일까요?",2,,
B0201,A18,Euro Truck Simulator 2 / BeamNG.drive / 아세토 코르사 Assetto Corsa,"인디, 시뮬레이션 / 레이싱, 시뮬레이션, 앞서 해보기 / 인디, 레이싱, 시뮬레이션, 스포츠","[Euro Truck Simulator 2] 도로의 왕이 되어 인상적인 거리를 가로질러 중요한 화물을 배달하는 트럭 운전사가 되어 유럽을 여행하세요! 탐험할 도시가 수십 개나 되므로, 당신의 인내심, 기술, 속도가 모두 한계에 도달할 것입니다. ‖ [BeamNG.drive] 뭐든지 할 수 있는 동적 소프트 보디 물리 시뮬레이터입니다. ‖ [아세토 코르사 Assetto Corsa] 아세토 코르사(Assetto Corsa) v1.16은 새로운 레이저 스캔 트랙 ""라구나 세카(Laguna Seca)"" 및 기다리던 Alfa Romeo Giulia Quadrifoglio를 포함한 7개의 신차를 소개합니다! 체인지로그에서 더 자세한 내용을 확인하세요!",The Long Drive,"액션, 어드벤처, 캐주얼, 인디, 시뮬레이션, 앞서 해보기",Random generated open world semi-post apocalyptic survival car driving game.,3,,
B0202,A26,RimWorld / Oxygen Not Included / Unpacking 언패킹,"인디, 시뮬레이션, 전략 / 인디, 시뮬레이션 / 캐주얼, 인디, 시뮬레이션","[RimWorld] 지능형 AI 이야기꾼이 주도하는 공상과학 정착지 시뮬레이터입니다. 심리, 생태, 총격전과 근접전, 날씨, 기후, 외교, 사람 사이의 관계, 예술, 의학, 무역, 그 외 많은 것들을 시뮬레이션하여 이야기를 생성합니다. ‖ [Oxygen Not Included] Oxygen Not Included는 우주 콜로니 시뮬레이션 게임입니다. 외계의 우주 암석 깊은 곳에서 근면한 일꾼들은 생존하고 나아가 번영하기 위해 과학을 마스터하고, 낯선 새로운 생명체에 맞서며, 경이로운 우주 테크놀로지를 활용해야 합니다. ‖ [Unpacking 언패킹] Unpacking은 상자에서 짐을 꺼내 새집에 맞게 배치하는 친숙한 체험에 대한 명상적 퍼즐 게임입니다. 게임의 일부인 블록 맞추기 게임과 집 꾸미기를 하는 동안, 푸는 짐에 닮긴 삶의 실마리를 찾아가며 만족할 만한 생활 공간을 만들어 보세요.",TFM: The First Men,"인디, 시뮬레이션, 전략, 앞서 해보기",퍼스트맨 스토리에 기반한 전략 시뮬레이션 게임입니다. 무한한 가능성이 세대를 걸친 모험을 떠나는 당신의 아담과 이브를 기다리고 있습니다. 그들의 운명을 어떻게 결정지을 것인가요?,2,,
B0203,A18,Euro Truck Simulator 2 / BeamNG.drive / 아세토 코르사 Assetto Corsa,"인디, 시뮬레이션 / 레이싱, 시뮬레이션, 앞서 해보기 / 인디, 레이싱, 시뮬레이션, 스포츠","[Euro Truck Simulator 2] 도로의 왕이 되어 인상적인 거리를 가로질러 중요한 화물을 배달하는 트럭 운전사가 되어 유럽을 여행하세요! 탐험할 도시가 수십 개나 되므로, 당신의 인내심, 기술, 속도가 모두 한계에 도달할 것입니다. ‖ [BeamNG.drive] 뭐든지 할 수 있는 동적 소프트 보디 물리 시뮬레이터입니다. ‖ [아세토 코르사 Assetto Corsa] 아세토 코르사(Assetto Corsa) v1.16은 새로운 레이저 스캔 트랙 ""라구나 세카(Laguna Seca)"" 및 기다리던 Alfa Romeo Giulia Quadrifoglio를 포함한 7개의 신차를 소개합니다! 체인지로그에서 더 자세한 내용을 확인하세요!",City Transport Simulator 2026 - Bus & Tram,시뮬레이션,"City Transport Simulator 2026 combines a detailed bus simulator and tram simulator in one game. Drive realistic buses and trams, create routes and timetables, manage your fleet, and build your own public transport network in a dynamic European-inspired city.",3,,
B0204,A24,Valheim / Grounded / My Time at Portia,"액션, 어드벤처, 인디, RPG, 앞서 해보기 / 액션, 어드벤처 / 어드벤처, 캐주얼, 인디, RPG, 시뮬레이션","[Valheim] 북구 신화와 바이킹 문화에 기반한 판타지 세계를 배경으로 펼쳐지는 생존 및 탐험 게임. ‖ [Grounded] The world is a vast, beautiful and dangerous place – especially when you have been shrunk to the size of an ant. Can you thrive alongside the hordes of giant insects, fighting to s ‖ [My Time at Portia] 아름다운 Portia 마을에서 새 삶을 시작하세요! 아버지가 방치한 작업장에서 제작을 부탁받고, 작물을 키우고, 가축을 기르고, 아름다운 세기말의 땅에서 특이한 친구들을 사귀며 작업장을 예전의 멋진 모습으로 복원하세요.",THE LAST BREATH,"액션, 어드벤처, 인디, 전략",Survive the post-apocalypse world. There's a predator who's going after you. This is Online and local party games enjoyed by 1 to 5 players. you have to Survive in an end-of-life world.,1,GENRE_ONLY,
B0205,A20,Counter-Strike 2 / PUBG: BATTLEGROUNDS / 톰 클랜시의 레인보우식스 시즈,"액션, 무료 플레이 / 액션, 어드벤처, 대규모 멀티플레이어, 무료 플레이 / 액션, 무료 플레이","[Counter-Strike 2] Counter-Strike는 20년이 넘는 시간 동안 전 세계 수백만 명의 플레이어가 모여 수준 높은 경쟁을 펼칠 수 있는 플랫폼을 제공해 왔습니다. 그리고 이제 곧 Counter-Strike 2와 함께 새로운 CS 시대의 막이 열립니다. ‖ [PUBG: BATTLEGROUNDS] 배틀로얄 유행의 시작이자, 그 정수를 보여준 PUBG: 배틀그라운드를 지금 무료로 플레이하세요! 다양한 맵에 낙하하여 무기와 보급품을 확보하고, 점점 줄어드는 블루존 속에서 끝까지 살아남아 승리를 쟁취하세요. ‖ [톰 클랜시의 레인보우식스 시즈] 톰 클랜시의 레인보우식스 시즈는 탁월한 계획과 기술이 승부를 좌우하는 전술적인 정예 팀 기반 슈팅 게임입니다.",Alpha Response,"액션, 앞서 해보기",오리지널 Counter-Strike 모드의 제작자 Gooseman이 선보이는 Alpha Response에서는 역동적이고 현실감 넘치는 환경에서 강렬한 경찰 작전이 펼쳐집니다. 정밀한 전술 운용 능력과 순간적인 판단력이 요구되는 고난도 미션에서 다양한 적을 상대로 혼자 또는 친구들과 함께 싸워보세요.,3,,
B0206,A17,Lethal Company / Phasmophobia / Deep Rock Galactic,"액션, 어드벤처, 인디, 앞서 해보기 / 액션, 인디, 앞서 해보기 / 액션","[Lethal Company] A co-op horror about scavenging at abandoned moons to sell scrap to the Company. ‖ [Phasmophobia] Phasmophobia is a 4 player online co-op psychological horror. Paranormal activity is on the rise and it’s up to you and your team to use all the ghost-hunting equipment at your dis ‖ [Deep Rock Galactic] 딥 락 갤럭틱은 1-4인의 플레이어가 협동하는 FPS 게임으로, 상남자 우주 드워프, 100% 파괴 가능한 맵 환경, 절차적 생성 동굴 지형, 그리고 끊임없이 등장하는 외계 괴물 무리가 특징입니다.",Tallowmere,"액션, 인디",방패를 드십시오. 탈로우메어의 위험하고 사랑스러운 던전에 도전하십시오. 플레이할 때마다 새로운 방이 생성됩니다. 당신은 얼마나 깊이 갈 수 있을까요?,1,,
B0207,A22,Deck of Ashes / Dicefolk / Cubic Cosmos,"어드벤처, 인디, RPG, 전략 / 캐주얼, 인디, 전략 / 전략","[Deck of Ashes] 덱 오브 애쉬즈(Deck of Ashes)는 전술 카드 전투를 벌이는 어드벤처 게임입니다. 한 번에 한 캐릭터씩 안티히어로 일행을 이끌어 속죄의 여행을 떠나보세요. 저주받은 판타지 세계를 탐험하며 강력한 카드를 찾아보세요. 독특한 전투 덱을 형성하여 적들을 무찌르세요! 잿빛 저주의 세계를 제거하실 수 있겠습니까? ‖ [Dicefolk] 마법 주사위의 힘을 휘두르고 강력한 키메라 팀을 구축해보세요! 수수께끼의 악을 멈추기 위한 택티컬 덱빌딩 로그라이트 모험이 다가오고 있습니다. 키메라 소환사로서, 신화적인 짐승들을 모집하고 완벽한 팀을 만들고, 다이스포크만의 독특한 주사위 메커니즘을 활용하여 승리로 이끌어주세요. ‖ [Cubic Cosmos] Cubic Cosmos is a thrilling fast-paced roguelike card game. You have been trapped in a deadly game. One wrong move could see you reduced to a plaything of the goddess. Can you free",One More Try: Prologue,"어드벤처, RPG, 전략","턴제 로그라이크 덱 빌더 게임에서 마법 왕국의 땅을 헤치고 싸우세요. 강력한 포커 조합을 결합하여 적과 싸우고, 그 효과를 강화하고, 새로운 속성을 부여하고, 마법 유물을 찾아 영웅을 위한 새로운 클래스를 선택하세요.",3,,
B0208,A09,Roots of Yggdrasil / Ancient Gods / Flick Shot Rogues,"인디, 전략 / RPG, 전략 / 인디, 전략","[Roots of Yggdrasil] Build settlements, explore the Nine Realms, collect artifacts and upgrade your deck to reach the top of Yggdrasil in this post-Ragnarok roguelike city-builder! Can you survive the  ‖ [Ancient Gods] Ancient Gods is a fusion of hero collector and deck-building rogue-lite where you collect your character, fight, and experience exciting events. Any character can use all the cards ‖ [Flick Shot Rogues] 계획하고, 조준하고, 쏘세요! FLICK SHOT ROGUES는 테이블 위에서 물건을 튕기는 촉각적 만족감과 사람들이 좋아하는 턴제 로그라이크의 전략적 깊이를 결합한 게임입니다. 말도 안되는 콤보를 연결하고, 캐릭터, 아이템, 스킬을 잠금 해제하면서, 섬을 정복하세요!",Rezrog,"어드벤처, 인디, RPG",테이블탑 보드게임에서 영감을 받은 이 턴 기반 던전 모험 게임에서 펼쳐지는 장대한 퀘스트 속에서 용감한 모험가 파티와 함께 자신의 전투력을 시험하고 Rezrog의 땅에 평화를 되찾아 주세요. 스킬을 업그레이드하고 전술적으로 적의 약점을 공략하면서 던전이 주는 모든 시련을 이겨내세요.,2,,
B0209,A27,The Raven Remastered / The Frostrune / Mad Experiments: Escape Room,"어드벤처 / 어드벤처 / 어드벤처, 캐주얼, 인디, 시뮬레이션, 전략","[The Raven Remastered] London, 1964. An ancient ruby is stolen from the British Museum. At the crime scene: a raven feather. Is somebody trying to follow in the footsteps of The Raven, the legendary mast ‖ [The Frostrune] Unravel a mystery inspired by Viking myth and legend in The Frostrune, a classic point-and-click adventure based on historically accurate Norse culture and environments. ‖ [Mad Experiments: Escape Room] 수상 후보에 오른 이스케이프 게임 1인 또는 최대 5인까지 플레이하며 3개의 독특한 방을 탐험하고, 두뇌를 자극하는 퍼즐을 풀며 체셔 교수와 그의 실험에 얽힌 어두운 비밀을 밝혀보세요.",Heaven's Vault,"어드벤처, 인디","An archaeologist uncovers a lost history in an ancient space Nebula. Award-winning narrative adventure game with hieroglyphic language puzzles, from the creators of 80 DAYS.",3,,
B0210,A11,Forza Horizon 5 / Hi-Fi RUSH / Street Fighter 6,"액션, 어드벤처, 레이싱, 시뮬레이션, 스포츠 / 액션 / 액션, 어드벤처","[Forza Horizon 5] 세계 최고의 자동차를 타고 생동감 넘치는 멕시코의 대자연을 탐험하며 재미있는 드라이빙 액션을 마음껏 즐겨보세요. ‖ [Hi-Fi RUSH] 아케이드 챌린지! 업데이트!로 추가되는 두 개의 신규 게임 모드에서 여러분의 능력을 시험하고, 새로운 보상을 획득해 보세요. 몇 가지 비밀도 숨어 있답니다! 락 스타 지망생 차이가 되어 비트를 타고, 세상 모든 게 음악에 싱크되는 세계에서 오합지졸 팀과 함께 사악한 거대 기업에 맞서 싸우세요. ‖ [Street Fighter 6] 시리즈 최신작 『Street Fighter 6』, 2023년 6월 2일 발매 결정! RE ENGINE으로 개발된 본 작품은 대형 모드 「World Tour」, 「Fighting Ground」, 「Battle Hub」로 구성되어 있다. 새로운 「스트리트 파이터」에는 지금까지의 시리즈에는 없었던 새로운 체험이 기다리고 있다.",ROBOBEAT,"액션, 어드벤처, 인디",준비하시고... 리듬을 향해 쏘세요! 리듬 슈팅 게임 ROBOBEAT 세계에 초대합니다! 이제 여러분은 현상금 사냥꾼 Ace가 되어 로봇 범죄자 Frazzer를 생포해야 합니다. 끝없이 변화하는 Frazzer의 은신처에서 벽 위를 달리고 슬라이딩하세요. 게임의 사용자 지정 음악 편집기로 직접 만든 나만의 비트를 향해 총을 쏘면서 Frazzer의 군대를 날려버리세요!,3,,
B0211,A30,Stardew Valley / Slime Rancher / Raft,"인디, RPG, 시뮬레이션 / 액션, 어드벤처, 인디, 시뮬레이션 / 어드벤처, 인디, 시뮬레이션","[Stardew Valley] You've inherited your grandfather's old farm plot in Stardew Valley. Armed with hand-me-down tools and a few coins, you set out to begin your new life. Can you learn to live off th ‖ [Slime Rancher] 슬라임 랜쳐는 젊고 용감한 랜쳐, 베아트릭스 르뷰가 지구에서 1,000광년 떨어진 '머나먼 평야'에서 슬라임들과 씨름하며 생계를 꾸려나가는 이야기입니다. 긍정적인 마인드와 강인한 의지로 베아트릭스는 진공팩을 사용하여 끊임없이 말랑말랑하게 굴러나오는 슬라임들을 피하며 이름을 알리고, 부자가 되려 합니다. ‖ [Raft] Raft™ throws you and your friends into an epic oceanic adventure! Alone or together, players battle to survive a perilous voyage across a vast sea! Gather debris, scavenge reefs an",Farming Life,"어드벤처, 캐주얼, 인디, 시뮬레이션","Are you tired of corporate life? Create your own farm! Plant vegetables and fruits, harvest crops, employ workers, take care of animals. Buy farm equipment, manage employees and just relax!",3,,
B0212,A24,Valheim / Grounded / My Time at Portia,"액션, 어드벤처, 인디, RPG, 앞서 해보기 / 액션, 어드벤처 / 어드벤처, 캐주얼, 인디, RPG, 시뮬레이션","[Valheim] 북구 신화와 바이킹 문화에 기반한 판타지 세계를 배경으로 펼쳐지는 생존 및 탐험 게임. ‖ [Grounded] The world is a vast, beautiful and dangerous place – especially when you have been shrunk to the size of an ant. Can you thrive alongside the hordes of giant insects, fighting to s ‖ [My Time at Portia] 아름다운 Portia 마을에서 새 삶을 시작하세요! 아버지가 방치한 작업장에서 제작을 부탁받고, 작물을 키우고, 가축을 기르고, 아름다운 세기말의 땅에서 특이한 친구들을 사귀며 작업장을 예전의 멋진 모습으로 복원하세요.",목장이야기 Welcome! 원더풀 라이프,"캐주얼, RPG, 시뮬레이션","망각 골짜기의 평화로운 마을에서 새 농장을 일구고 뿌리를 내리세요. 농작물을 재배하고 가축을 키워 땅에 생명을 불어넣고, 마을의 친근한 주민들과 함께 사랑을 찾고, 당신의 가족과 함께 잊혀지지 않는 추억을 만드세요.",3,,
B0213,A31,Hearts of Iron IV / Europa Universalis IV / Sid Meier's Civilization® V,"시뮬레이션, 전략 / 시뮬레이션, 전략 / 전략","[Hearts of Iron IV] Victory is at your fingertips! Your ability to lead your nation is your supreme weapon, the strategy game Hearts of Iron IV lets you take command of any nation in World War II; the ‖ [Europa Universalis IV] 비교할 수 없는 자유도, 깊이 있는 스토리, 정확한 역사적 고증을 즐기며 국토를 다스리고 세계를 정복하세요. 세계 역사를 새롭게 쓰며 시대를 풍미할 제국을 만드세요. ‖ [Sid Meier's Civilization® V] Create, discover, and download new player-created maps, scenarios, interfaces, and more!",ALL Chess,"캐주얼, 스포츠, 전략","Create, collect and play board games from around the world, you can customise board sizes, piece moves and their unique look. There's 20+ classic board games and countless future games of yours!",1,IRRELEVANT,
B0214,A13,Death's Door / Children of Morta / Roboquest / Spelunky 2 / Nuclear Throne / Streets of Rogue / Neon Abyss / Curse of the Dead Gods / Rogue Legacy 2 / Have a Nice Death,"액션, 어드벤처, 인디, RPG / 액션, 어드벤처, 인디, RPG / 액션, 인디 / 액션, 인디 / 액션, 인디, RPG / 액션, 어드벤처, 인디, RPG / 액션, 어드벤처, 인디, RPG / 액션, 어드벤처 / 액션, 어드벤처, 인디, RPG / 액션, 인디","[Death's Door] 죽은 자의 영혼을 수확하고 시간을 끝내는 것은 단조로울 수 있지만 까마귀에겐 평범한 일입니다. 하지만 주어진 영혼을 도둑맞게 되면 변화가 일어납니다. 영혼을 도난하고 죽음의 손길이 닿지 않는 영역으로 도망친 절망적인 도둑을 추적하십시오. ‖ [Children of Morta] Children of Morta는 비범한 가족 영웅에 대한 스토리 중심의 액션 RPG 게임입니다. 다가오는 부패에 맞서 모든 결함과 미덕을 갖춘 베르그송 가를 이끄세요. 여러분은 여러분이 아끼는 사람들을 구하기 위해 모든 것을 희생할 수 있으신가요? ‖ [Roboquest] 로보퀘스트는 멸망한 미래 세계의 빠른 FPS 로그라이트입니다. 당신은 재부팅된 수호자로, 강철 궁둥짝을 걷어 찰 준비를 하세요! 혼자서 혹은 친구와 함께 맞서거나 끊임없이 변화하는 환경에서 치명적인 로봇 군단을 섬멸하세요. ‖ [Spelunky 2] Spelunky 2 builds upon the unique, randomized challenges that made the original a roguelike classic, offering a huge adventure designed to satisfy players old and new. Meet the nex ‖ [Nuclear Throne] Nuclear Throne은 포스트 아포칼립스 세계관의 로그라이크 스타일 탑다운 슈터입니다. 여기서 말하는 포스트 아포칼립스는 '인류의 마지막 희망'이 남아 있는 세계가 아니라, '인류는 멸종했고 이제 돌연변이와 괴물들이 세상을 돌아다니는' 그런 세계입니다. 과연 당신은 뉴클리어 쓰론에 도달할 수 있을까요? ‖ [Streets of Rogue] 싸워서 몰래 들어가 임의 생성된 도시를 공격하세요. Nuclear Throne은 무법천지 GTA와 Deus Ex가 혼합된 형태입니다. Rogue-lite가 몰입도 높은 캐릭터를 만나 너무 재미있습니다. ‖ [Neon Abyss] Neon Abyss는 고속의 로그라이크 액션 플랫포머로, 하데스가 만든 '그림 스쿼드'의 일원이 되어 어비스로 총을 들고 뛰어드는 런 앤 건 게임입니다. 무한한 아이템 시너지와 던전 진화 시스템으로, 매번 게임을 할 때마다 다른 경험과 새로운 도전이 등장합니다. 진짜 지옥을 보여주세요! ‖ [Curse of the Dead Gods] 엄청난 부, 영원한 생명, 신성한 힘을 탐하는 마음이 당신을 끝없는 지옥 속의 미로, 치명적인 함정 및 몬스터가 우글거리는 이 저주받은 사원으로 이끌었습니다. ‖ [Rogue Legacy 2] 로그 레거시 2는 로그 레거시에 후속편을 끼얹은 작품입니다. 당신이 죽을 때마다 자식이 가업을 이어받습니다. 딸은 색맹 궁수이고 아들은 평화주의자 요리사일 수도 있죠. 어쨌거나 둘 중 한 명은 전장으로 나가야 합니다. ‖ [Have a Nice Death] Have a Nice Death는 과로에 고생하는 데스가 되어 플레이하는 2D 액션 로그라이크로, 통제 불능인 직원들 때문에 영혼의 균형과 데스의 휴가 계획이 틀어지고 말았습니다. 질서를 회복하려면 대낫을 들고 직원들과 서열 정리를 해야 합니다.",SiNiSistar Lite Version,"액션, 어드벤처, 인디","A simple 2D action game centered on themes of masochistic tendencies, yearning for death, as well as despair at being attacked by terrifying beings.",1,IRRELEVANT,
B0215,A30,Stardew Valley / Slime Rancher / Raft,"인디, RPG, 시뮬레이션 / 액션, 어드벤처, 인디, 시뮬레이션 / 어드벤처, 인디, 시뮬레이션","[Stardew Valley] You've inherited your grandfather's old farm plot in Stardew Valley. Armed with hand-me-down tools and a few coins, you set out to begin your new life. Can you learn to live off th ‖ [Slime Rancher] 슬라임 랜쳐는 젊고 용감한 랜쳐, 베아트릭스 르뷰가 지구에서 1,000광년 떨어진 '머나먼 평야'에서 슬라임들과 씨름하며 생계를 꾸려나가는 이야기입니다. 긍정적인 마인드와 강인한 의지로 베아트릭스는 진공팩을 사용하여 끊임없이 말랑말랑하게 굴러나오는 슬라임들을 피하며 이름을 알리고, 부자가 되려 합니다. ‖ [Raft] Raft™ throws you and your friends into an epic oceanic adventure! Alone or together, players battle to survive a perilous voyage across a vast sea! Gather debris, scavenge reefs an",Slimeward,"인디, 시뮬레이션, 전략",Slimeward는 플레이어가 마을을 건설·업그레이드하고 영웅을 모집하며 어느 날 집 앞에 나타난 몬스터 '슬라임'을 물리치는 방치형 게임입니다.,1,KEYWORD_MATCH,
B0216,A03,Balatro / Hades / Vampire Survivors,"캐주얼, 인디, 전략 / 액션, 인디, RPG / 액션, 캐주얼, 인디, RPG","[Balatro] 포커 로그라이크 게임. Balatro는 불법 포커 패로 게임을 하고, 판을 뒤엎는 조커를 발견하고, 아드레날린이 치솟는 강력한 콤보를 만드는 덱 빌딩 게임입니다. ‖ [Hades] Bastion, Transistor, Pyre의 제작사에서 선보이는 이 로그라이크 던전 탐색형 게임에서 핵 앤 슬래시로 지하 세계를 탈출하고 죽음의 신에게 도전하세요. ‖ [Vampire Survivors] 수많은 어둠의 피조물을 쓰러뜨리며 새벽이 올 때까지 생존하세요! Vampire Survivors는 로그라이트 요소를 갖춘 고딕 호러 케주얼 게임입니다. 당신의 선택으로 순식간에 수백 마리의 괴물이 눈덩이처럼 불어날 수 있죠.",Welcome to Basingstoke,"액션, 어드벤처, 인디","Basingstoke is a tense rogue-like that mixes stealth and arcade action. Explore the smouldering ruins of Basingstoke, a world of reanimated undead and ferocious alien monsters. Scavenge as you go, crafting equipment to help you in your mission: escape Basingstoke!",2,,
B0217,A01,It Takes Two / Overcooked! 2 / What Remains of Edith Finch,"액션, 어드벤처 / 액션, 캐주얼, 인디 / 어드벤처, 인디","[It Takes Two] It Takes Two에서 생애 가장 정신없는 여정을 시작하세요. 친구가 무료로 참가할 수 있게 친구 패스*로 초대하고, 함께 힘을 합쳐서 수많은 유쾌하고 획기적인 게임 플레이 챌린지를 헤쳐나가세요. ‖ [Overcooked! 2] 혼란스러운 요리 액션으로 가득한 Overcooked가 돌아왔습니다! 양파 왕국으로 돌아가는 여행을 떠나세요. 클래식 협동 또는 온라인 플레이에서 셰프 팀을 만들어서 최대 4명까지 플레이하세요. 앞치마를 준비하세요... 다시 세상을 구할 때가 되었습니다! ‖ [What Remains of Edith Finch] What Remains of Edith Finch(워트 리메인스 오브 에디스 핀치)는 워싱턴 주에 있는 어느 가족에 대한 이상한 이야기의 모음입니다. 플레이어는 에디스가 되어 거대한 핀치 가택을 탐사하고, 가족사를 연구하며 이야기를 찾고, 왜 가족 중에서 그녀만 살아남았는지 알아내야 합니다. 각 이야기는 새로운 가족 구성",Two Cubes,"어드벤처, 인디",Two Cubes is an Online Co-Op platformer where players can only touch their colour! The game requires 2 players who own the game to play!,3,,
B0218,A25,DOOMBLADE / Transiruby / Blast Brigade vs. the Evil Legion of Dr. Cread,"액션, 어드벤처, 인디 / 액션 / 액션, 어드벤처, 인디","[DOOMBLADE] Deep underground, Gloom Girl discovers DOOMBLADE, a sentient weapon hellbent on escape after eons in chains. Together, “Doom and Gloom” embark on a vengeful quest to unlock the pow ‖ [Transiruby] 차원 대륙의 의문을 풀어라! 는 사이보그 소녀 실비가 검과 엘리먼트 샷으로 적을 쓰러뜨리며 앞으로 나아가는 탐색형 액션 게임입니다! ‖ [Blast Brigade vs. the Evil Legion of Dr. Cread] 스릴 넘치는 플랫포밍과 깊이 있는 탐험 세계, 폭발적인 액션으로 가득한 2D 메트로이드배니아 어드벤처 게임을 즐겨보세요! Blast Brigade에서 영웅들로 팀을 구성해 세계를 구하세요!",Intertwined,"액션, 어드벤처, 인디, RPG","A 2D metroidvania where your final boss is the character you didn’t choose. Play as Seren or Umbra—Master directional spear combat, explore a broken world, and uncover the truth behind your bond.",3,,
B0219,A06,Cities: Skylines / Factorio / Farming Simulator 22,"시뮬레이션, 전략 / 캐주얼, 인디, 시뮬레이션, 전략 / 시뮬레이션","[Cities: Skylines] Cities: Skylines is a modern take on the classic city simulation. The game introduces new game play elements to realize the thrill and hardships of creating and maintaining a real  ‖ [Factorio] Factorio는 무한한 2D 세상에서 복잡성이 증가하는 아이템을 생산하기 위해 자동화 공장을 만드는 게임입니다. - 당신의 상상력으로 공장을 설계, 독창적인 방법으로 간단한 요소를 결합하고 마지막엔 당신을 좋아하지 않는 생물들로 부터 공장을 지키세요. ‖ [Farming Simulator 22] 농장을 만들고 농사를 즐기세요! 작물을 수확하고, 동물을 돌보고, 생산을 관리하고, 계절에 따른 어려움을 이겨내세요.",Force of Nature,"액션, 어드벤처, 인디, RPG, 시뮬레이션, 전략","Force of Nature is a Sandbox game that combines Action, Adventure, RPG, Strategy and Management genres",2,,
B0220,A14,Iron Brigade / Ancient Planet Tower Defense / Creeper World IXE,"액션, 전략 / 캐주얼, 인디, 전략 / 액션, 캐주얼, 인디, 시뮬레이션, 전략","[Iron Brigade] Join The Mobile Trench Brigade and protect humanity from the evil Monovision menace! ‖ [Ancient Planet Tower Defense] 고대 행성 타워 디펜스는 정통 타워 디펜스 게임입니다. 고대 문명의 요새가 외계 침략자들로부터 침략당했습니다. 고대의 강력한 기술을 사용하여 적군의 공격을 물리치십시오! ‖ [Creeper World IXE] The unstoppable alien force known as The Creeper has returned, devouring thousands of worlds in its path, and yours is next. Battle against the Creeper fluid in a groundbreaking pi",Iron Marines,"액션, 캐주얼, 인디, 전략",공상과학 세계에서 펼쳐지는 실시간 전략 게임! 은하계에 당신이 필요합니다!,3,,
B0221,A11,Forza Horizon 5 / Hi-Fi RUSH / Street Fighter 6,"액션, 어드벤처, 레이싱, 시뮬레이션, 스포츠 / 액션 / 액션, 어드벤처","[Forza Horizon 5] 세계 최고의 자동차를 타고 생동감 넘치는 멕시코의 대자연을 탐험하며 재미있는 드라이빙 액션을 마음껏 즐겨보세요. ‖ [Hi-Fi RUSH] 아케이드 챌린지! 업데이트!로 추가되는 두 개의 신규 게임 모드에서 여러분의 능력을 시험하고, 새로운 보상을 획득해 보세요. 몇 가지 비밀도 숨어 있답니다! 락 스타 지망생 차이가 되어 비트를 타고, 세상 모든 게 음악에 싱크되는 세계에서 오합지졸 팀과 함께 사악한 거대 기업에 맞서 싸우세요. ‖ [Street Fighter 6] 시리즈 최신작 『Street Fighter 6』, 2023년 6월 2일 발매 결정! RE ENGINE으로 개발된 본 작품은 대형 모드 「World Tour」, 「Fighting Ground」, 「Battle Hub」로 구성되어 있다. 새로운 「스트리트 파이터」에는 지금까지의 시리즈에는 없었던 새로운 체험이 기다리고 있다.",RhythmStrike,"액션, 캐주얼, 인디, 무료 플레이, 앞서 해보기","현대 일본 아케이드 게임에서 영감을 받은 리듬 게임으로, 강렬한 비주얼과 게임플레이, 역동적인 키보드/마우스 컨트롤과 커뮤니티 연동 기능을 제공합니다. 특별한 챌린지를 통해 새로운 콘텐츠를 해금하고, 글로벌 랭킹 정상을 차지해 보세요!",3,,
B0222,A27,The Raven Remastered / The Frostrune / Mad Experiments: Escape Room,"어드벤처 / 어드벤처 / 어드벤처, 캐주얼, 인디, 시뮬레이션, 전략","[The Raven Remastered] London, 1964. An ancient ruby is stolen from the British Museum. At the crime scene: a raven feather. Is somebody trying to follow in the footsteps of The Raven, the legendary mast ‖ [The Frostrune] Unravel a mystery inspired by Viking myth and legend in The Frostrune, a classic point-and-click adventure based on historically accurate Norse culture and environments. ‖ [Mad Experiments: Escape Room] 수상 후보에 오른 이스케이프 게임 1인 또는 최대 5인까지 플레이하며 3개의 독특한 방을 탐험하고, 두뇌를 자극하는 퍼즐을 풀며 체셔 교수와 그의 실험에 얽힌 어두운 비밀을 밝혀보세요.",Black Mirror III,어드벤처,Help Darren continue his search to uncover his clouded past. What do his torturous nightmares really mean? Who is the mysterious person that posted the bail to set him free? What demons lie waiting in the crypt?,2,,
B0223,A23,Vomitoreum / Tales of Kenzera™: ZAU / Shantae: Half-Genie Hero,"액션, 어드벤처, 인디 / 액션, 어드벤처, 인디 / 액션, 어드벤처, 인디","[Vomitoreum] Vomitoreum is an FPS Metroidvania with a focus on atmosphere and horror, inspired by the paintings of Zdzisław Beksiński. ‖ [Tales of Kenzera™: ZAU] 샤먼의 춤을 추세요. 아버지의 영혼을 되찾으세요. Surgent Studios가 제작한 메트로이드바니아 스타일의 어드벤처 게임 Tales of Kenzera™: ZAU에서 죽음의 신과 함께 아름답고 위험한 켄제라의 땅으로 용감하게 모험을 떠나세요. ‖ [Shantae: Half-Genie Hero] Shantae embarks on her first full HD adventure! When a mysterious crime wave sweeps Sequin Land, it’s up to Half-Genie Hero Shantae to save the day! Use Shantae’s devastating Hair-",The Shaman's Ark,"액션, 어드벤처, 인디, RPG","어둠의 메트로이드바니아, 샤먼의 북이 심연에 맞설 유일한 무기다. 고대의 음악이 칼날이 되고, 모든 전투는 죽음 끝자락에서 펼쳐지는 의식이다.",3,,
B0224,A07,Into the Breach / Monster Train / Mini Metro,"인디, RPG, 시뮬레이션, 전략 / 전략 / 인디, 시뮬레이션, 전략","[Into the Breach] 미래의 강력한 메크를 조종하여 외계 세력을 물리치세요. 이 턴제 전략 게임에서는 세계를 구하려 시도할 때마다 무작위로 새롭게 생성되는 도전이 여러분 앞에 나타납니다. ‖ [Monster Train] Monster Train is a strategic roguelike deck building game with a twist. Set on a train to hell, you’ll use tactical decision making to defend multiple vertical battlegrounds. With  ‖ [Mini Metro] 미니 메트로는 성장하는 도시를 위해 지하철 노선을 설계하는 게임입니다. 역과 역 사이에 노선을 그려서 열차 운행을 시작하세요. 새로운 역이 열리면 노선을 수정해서 노선도를 효율적으로 유지하세요. 한정된 자원을 어느 곳에 사용할 것인지 결정하세요. 도시를 얼마나 오래 유지할 수 있을까요?",Idle Ways,"캐주얼, 인디","An incremental game about building and optimizing your own global transport network. Draw lines, place stations, and unlock new systems as your cities grow!",3,,
B0225,A20,Counter-Strike 2 / PUBG: BATTLEGROUNDS / 톰 클랜시의 레인보우식스 시즈,"액션, 무료 플레이 / 액션, 어드벤처, 대규모 멀티플레이어, 무료 플레이 / 액션, 무료 플레이","[Counter-Strike 2] Counter-Strike는 20년이 넘는 시간 동안 전 세계 수백만 명의 플레이어가 모여 수준 높은 경쟁을 펼칠 수 있는 플랫폼을 제공해 왔습니다. 그리고 이제 곧 Counter-Strike 2와 함께 새로운 CS 시대의 막이 열립니다. ‖ [PUBG: BATTLEGROUNDS] 배틀로얄 유행의 시작이자, 그 정수를 보여준 PUBG: 배틀그라운드를 지금 무료로 플레이하세요! 다양한 맵에 낙하하여 무기와 보급품을 확보하고, 점점 줄어드는 블루존 속에서 끝까지 살아남아 승리를 쟁취하세요. ‖ [톰 클랜시의 레인보우식스 시즈] 톰 클랜시의 레인보우식스 시즈는 탁월한 계획과 기술이 승부를 좌우하는 전술적인 정예 팀 기반 슈팅 게임입니다.",A Year Of Rain,"인디, RPG, 전략","끝없는 전쟁의 조류에 휘말려, 원대한 야심을 품은 자들의 각축장이 되어버린 한 황폐한 왕국을 바탕으로 펼쳐지는 A Year Of Rain. 최고 경지에 오른 팀 전략 시뮬레이션인 본 게임에서 진영을 선택하고 팀을 꾸리며 전설의 영웅을 제어해 군대를 이끄십시오!",1,MODE_MISMATCH,
B0226,A13,Death's Door / Children of Morta / Roboquest / Spelunky 2 / Nuclear Throne / Streets of Rogue / Neon Abyss / Curse of the Dead Gods / Rogue Legacy 2 / Have a Nice Death,"액션, 어드벤처, 인디, RPG / 액션, 어드벤처, 인디, RPG / 액션, 인디 / 액션, 인디 / 액션, 인디, RPG / 액션, 어드벤처, 인디, RPG / 액션, 어드벤처, 인디, RPG / 액션, 어드벤처 / 액션, 어드벤처, 인디, RPG / 액션, 인디","[Death's Door] 죽은 자의 영혼을 수확하고 시간을 끝내는 것은 단조로울 수 있지만 까마귀에겐 평범한 일입니다. 하지만 주어진 영혼을 도둑맞게 되면 변화가 일어납니다. 영혼을 도난하고 죽음의 손길이 닿지 않는 영역으로 도망친 절망적인 도둑을 추적하십시오. ‖ [Children of Morta] Children of Morta는 비범한 가족 영웅에 대한 스토리 중심의 액션 RPG 게임입니다. 다가오는 부패에 맞서 모든 결함과 미덕을 갖춘 베르그송 가를 이끄세요. 여러분은 여러분이 아끼는 사람들을 구하기 위해 모든 것을 희생할 수 있으신가요? ‖ [Roboquest] 로보퀘스트는 멸망한 미래 세계의 빠른 FPS 로그라이트입니다. 당신은 재부팅된 수호자로, 강철 궁둥짝을 걷어 찰 준비를 하세요! 혼자서 혹은 친구와 함께 맞서거나 끊임없이 변화하는 환경에서 치명적인 로봇 군단을 섬멸하세요. ‖ [Spelunky 2] Spelunky 2 builds upon the unique, randomized challenges that made the original a roguelike classic, offering a huge adventure designed to satisfy players old and new. Meet the nex ‖ [Nuclear Throne] Nuclear Throne은 포스트 아포칼립스 세계관의 로그라이크 스타일 탑다운 슈터입니다. 여기서 말하는 포스트 아포칼립스는 '인류의 마지막 희망'이 남아 있는 세계가 아니라, '인류는 멸종했고 이제 돌연변이와 괴물들이 세상을 돌아다니는' 그런 세계입니다. 과연 당신은 뉴클리어 쓰론에 도달할 수 있을까요? ‖ [Streets of Rogue] 싸워서 몰래 들어가 임의 생성된 도시를 공격하세요. Nuclear Throne은 무법천지 GTA와 Deus Ex가 혼합된 형태입니다. Rogue-lite가 몰입도 높은 캐릭터를 만나 너무 재미있습니다. ‖ [Neon Abyss] Neon Abyss는 고속의 로그라이크 액션 플랫포머로, 하데스가 만든 '그림 스쿼드'의 일원이 되어 어비스로 총을 들고 뛰어드는 런 앤 건 게임입니다. 무한한 아이템 시너지와 던전 진화 시스템으로, 매번 게임을 할 때마다 다른 경험과 새로운 도전이 등장합니다. 진짜 지옥을 보여주세요! ‖ [Curse of the Dead Gods] 엄청난 부, 영원한 생명, 신성한 힘을 탐하는 마음이 당신을 끝없는 지옥 속의 미로, 치명적인 함정 및 몬스터가 우글거리는 이 저주받은 사원으로 이끌었습니다. ‖ [Rogue Legacy 2] 로그 레거시 2는 로그 레거시에 후속편을 끼얹은 작품입니다. 당신이 죽을 때마다 자식이 가업을 이어받습니다. 딸은 색맹 궁수이고 아들은 평화주의자 요리사일 수도 있죠. 어쨌거나 둘 중 한 명은 전장으로 나가야 합니다. ‖ [Have a Nice Death] Have a Nice Death는 과로에 고생하는 데스가 되어 플레이하는 2D 액션 로그라이크로, 통제 불능인 직원들 때문에 영혼의 균형과 데스의 휴가 계획이 틀어지고 말았습니다. 질서를 회복하려면 대낫을 들고 직원들과 서열 정리를 해야 합니다.",Roguelands,"액션, 어드벤처, 인디, RPG","Embark on an epic journey in this hardcore Multiplayer RPG! As a Galactic Cadet, you and your Combat Squad of friends must brave hostile worlds in search of valuable loot and resources. Craft powerful gear, slay otherworldly creatures, and save the galaxy.",2,,
B0227,A30,Stardew Valley / Slime Rancher / Raft,"인디, RPG, 시뮬레이션 / 액션, 어드벤처, 인디, 시뮬레이션 / 어드벤처, 인디, 시뮬레이션","[Stardew Valley] You've inherited your grandfather's old farm plot in Stardew Valley. Armed with hand-me-down tools and a few coins, you set out to begin your new life. Can you learn to live off th ‖ [Slime Rancher] 슬라임 랜쳐는 젊고 용감한 랜쳐, 베아트릭스 르뷰가 지구에서 1,000광년 떨어진 '머나먼 평야'에서 슬라임들과 씨름하며 생계를 꾸려나가는 이야기입니다. 긍정적인 마인드와 강인한 의지로 베아트릭스는 진공팩을 사용하여 끊임없이 말랑말랑하게 굴러나오는 슬라임들을 피하며 이름을 알리고, 부자가 되려 합니다. ‖ [Raft] Raft™ throws you and your friends into an epic oceanic adventure! Alone or together, players battle to survive a perilous voyage across a vast sea! Gather debris, scavenge reefs an",Lost Nova,"액션, 어드벤처, 인디, 시뮬레이션","Your spaceship crashed on an alien planet. Explore, salvage, craft, trade, manage and upgrade your way back home!",3,,
B0228,A02,Still Life / Jenny LeClue - Detectivu / Telling Lies,"어드벤처 / 액션, 어드벤처, 캐주얼, 인디 / 어드벤처, 인디, 시뮬레이션",[Still Life] Still Life 2 also now available! ‖ [Jenny LeClue - Detectivu] Jenny LeClue - Detectivu는 조사와 선택지로 가득한 스릴 넘치는 미스터리 어드벤처 게임입니다. ‖ [Telling Lies] 네 명의 삶. 그리고 하나의 큰 거짓말. 아무도 모르게 녹화된 은밀한 대화를 들으며 진실을 알아내십시오. 큰 호평을 받았던 Her Story의 계승작입니다.,Freddi Fish 5 featuring Mess Hall Mania®: The Case of the Creature of Coral Cove,"어드벤처, 캐주얼",There's more to this case than meets the eye!,1,IRRELEVANT,
B0229,A08,Sid Meier’s Civilization® VI / XCOM® 2 / Stellaris,"전략 / 전략 / 시뮬레이션, 전략","[Sid Meier’s Civilization® VI] 문명 VI 에서는 새로운 방식으로 세상과 소통하고, 제국의 영토를 확장시키며, 문화를 발전시키고, 역사속 위대한 지도자들에 맞서 오래도록 지속될 나만의 문명을 건설해볼 수 있습니다. 클레오파트라를 비롯한 20명의 역사 속 지도자들 중 한명으로 플레이 해보세요. ‖ [XCOM® 2] XCOM 2는 수상 경력이 있는 전략 게임 XCOM: Enemy Unknown의 속편입니다. 인류가 외계인 침략군에게 항복한 지 20년, 이제 지구 상에는 새로운 세계 질서가 존재합니다. 수년간을 어둠 속에서 숨어 있었던 XCOM 부대는 반드시 일어나 외계인의 지배를 무너뜨릴 것입니다. ‖ [Stellaris] 항성간 여행을 통해 우주를 탐험하며 수많은 종족들도 만나보세요. 과학선을 보내 우주를 조사하고 탐험하면서 은하 제국을 건설하고, 건축선을 보내 새로 발견한 행성에 기지를 건설하세요. 소속 사회를 위한 탐험에 나서 매장된 보물과 은하계의 경이를 발견하고, 탐험가의 한계치와 진화 범위를 설정하세요. 동맹이 체결되고, 전쟁이 ",StarMade,"액션, 어드벤처, 인디, RPG, 시뮬레이션, 전략, 앞서 해보기","The ultimate space sandbox. Participate in epic fleet battles, form alliances, strive to dominate entire galaxies and harness the universe’s resources for your industrious empire or the destruction of others. Customise your experience, the universe is yours!",2,,
B0230,A16,The Talos Principle / Rust / Inscryption,"액션, 어드벤처, 인디 / 액션, 어드벤처, 인디, 대규모 멀티플레이어, RPG / 어드벤처, 인디, 전략","[The Talos Principle] 탈로스 법칙은 철학적 SF 소설의 전통을 따른 1인칭 퍼즐 게임입니다. 시리어스 샘을 개발한 크로팀에서 만들었으며, 톰 주버트(FTL, 더 스와퍼)와 조나스 카이라츠(바다는 모든 것을 요구한다.)가 스토리를 작성했습니다. ‖ [Rust] Rust에서의 목표는 오직 하나, 바로 살아남는 것입니다. 섬의 야생 동물, 다른 주민, 환경, 다른 생존자 모두가 여러분의 목숨을 노립니다. 하루 더 살아남을 수 있다면 수단과 방법을 가리지 마세요. ‖ [Inscryption] Inscryption은 검은 잉크로 그려진 카드를 기반으로 한 덱빌딩 로그라이크, 방탈출 퍼즐, 피가 흐르는 심리적 공포 등의 요소가 섞인 여정을 다룹니다. 카드에는 더 어두운 비밀이 새겨져 있습니다…",유언장: 모험,"액션, 어드벤처, 캐주얼, 인디, 시뮬레이션",A Last Will and Testament는 풀어야 할 퍼즐이 많은 방 탈출 스타일의 1인칭 어드벤처 호러 게임입니다. 최후의 유언을 이행하고 유언을 찾으십시오.,2,,
B0231,A08,Sid Meier’s Civilization® VI / XCOM® 2 / Stellaris,"전략 / 전략 / 시뮬레이션, 전략","[Sid Meier’s Civilization® VI] 문명 VI 에서는 새로운 방식으로 세상과 소통하고, 제국의 영토를 확장시키며, 문화를 발전시키고, 역사속 위대한 지도자들에 맞서 오래도록 지속될 나만의 문명을 건설해볼 수 있습니다. 클레오파트라를 비롯한 20명의 역사 속 지도자들 중 한명으로 플레이 해보세요. ‖ [XCOM® 2] XCOM 2는 수상 경력이 있는 전략 게임 XCOM: Enemy Unknown의 속편입니다. 인류가 외계인 침략군에게 항복한 지 20년, 이제 지구 상에는 새로운 세계 질서가 존재합니다. 수년간을 어둠 속에서 숨어 있었던 XCOM 부대는 반드시 일어나 외계인의 지배를 무너뜨릴 것입니다. ‖ [Stellaris] 항성간 여행을 통해 우주를 탐험하며 수많은 종족들도 만나보세요. 과학선을 보내 우주를 조사하고 탐험하면서 은하 제국을 건설하고, 건축선을 보내 새로 발견한 행성에 기지를 건설하세요. 소속 사회를 위한 탐험에 나서 매장된 보물과 은하계의 경이를 발견하고, 탐험가의 한계치와 진화 범위를 설정하세요. 동맹이 체결되고, 전쟁이 ",War For Galaxy: New Era,"대규모 멀티플레이어, 시뮬레이션, 전략, 무료 플레이, 앞서 해보기","은하계 전체의 지배자가 되십시오: 행성을 개척하고, 자원을 채굴하고, 방어 시설을 구축하여 행성 전투에서 승리하세요!",2,,
B0232,A18,Euro Truck Simulator 2 / BeamNG.drive / 아세토 코르사 Assetto Corsa,"인디, 시뮬레이션 / 레이싱, 시뮬레이션, 앞서 해보기 / 인디, 레이싱, 시뮬레이션, 스포츠","[Euro Truck Simulator 2] 도로의 왕이 되어 인상적인 거리를 가로질러 중요한 화물을 배달하는 트럭 운전사가 되어 유럽을 여행하세요! 탐험할 도시가 수십 개나 되므로, 당신의 인내심, 기술, 속도가 모두 한계에 도달할 것입니다. ‖ [BeamNG.drive] 뭐든지 할 수 있는 동적 소프트 보디 물리 시뮬레이터입니다. ‖ [아세토 코르사 Assetto Corsa] 아세토 코르사(Assetto Corsa) v1.16은 새로운 레이저 스캔 트랙 ""라구나 세카(Laguna Seca)"" 및 기다리던 Alfa Romeo Giulia Quadrifoglio를 포함한 7개의 신차를 소개합니다! 체인지로그에서 더 자세한 내용을 확인하세요!",Underground Garage,시뮬레이션,"위험한 튜닝과 거리 레이스가 펼쳐지는 언더그라운드 개러지에 오신 것을 환영합니다! 이곳은 창의력과 기계적 재능을 마음껏 발휘할 수 있는 놀이터죠. 자동차를 수리하고, 튜닝한 뒤, 도로로 나가 보세요.",3,,
B0233,A27,The Raven Remastered / The Frostrune / Mad Experiments: Escape Room,"어드벤처 / 어드벤처 / 어드벤처, 캐주얼, 인디, 시뮬레이션, 전략","[The Raven Remastered] London, 1964. An ancient ruby is stolen from the British Museum. At the crime scene: a raven feather. Is somebody trying to follow in the footsteps of The Raven, the legendary mast ‖ [The Frostrune] Unravel a mystery inspired by Viking myth and legend in The Frostrune, a classic point-and-click adventure based on historically accurate Norse culture and environments. ‖ [Mad Experiments: Escape Room] 수상 후보에 오른 이스케이프 게임 1인 또는 최대 5인까지 플레이하며 3개의 독특한 방을 탐험하고, 두뇌를 자극하는 퍼즐을 풀며 체셔 교수와 그의 실험에 얽힌 어두운 비밀을 밝혀보세요.",Hidden Mysteries: Royal Family Secrets,어드벤처,Escape the Tower of London and solve the mystery of Her Majesty's Royal Brooch in this classic Hidden Object Puzzle Adventure.,2,,
B0234,A14,Iron Brigade / Ancient Planet Tower Defense / Creeper World IXE,"액션, 전략 / 캐주얼, 인디, 전략 / 액션, 캐주얼, 인디, 시뮬레이션, 전략","[Iron Brigade] Join The Mobile Trench Brigade and protect humanity from the evil Monovision menace! ‖ [Ancient Planet Tower Defense] 고대 행성 타워 디펜스는 정통 타워 디펜스 게임입니다. 고대 문명의 요새가 외계 침략자들로부터 침략당했습니다. 고대의 강력한 기술을 사용하여 적군의 공격을 물리치십시오! ‖ [Creeper World IXE] The unstoppable alien force known as The Creeper has returned, devouring thousands of worlds in its path, and yours is next. Battle against the Creeper fluid in a groundbreaking pi",Alien Marauder,"시뮬레이션, 전략, 앞서 해보기","“Alien Marauder” is a real-time strategy game with survival and confrontation theme. In this game, you will be the leader to a treacherous alien planet, build and defend base to survive against the vexan waves. Make the right decision!",2,,
B0235,A22,Deck of Ashes / Dicefolk / Cubic Cosmos,"어드벤처, 인디, RPG, 전략 / 캐주얼, 인디, 전략 / 전략","[Deck of Ashes] 덱 오브 애쉬즈(Deck of Ashes)는 전술 카드 전투를 벌이는 어드벤처 게임입니다. 한 번에 한 캐릭터씩 안티히어로 일행을 이끌어 속죄의 여행을 떠나보세요. 저주받은 판타지 세계를 탐험하며 강력한 카드를 찾아보세요. 독특한 전투 덱을 형성하여 적들을 무찌르세요! 잿빛 저주의 세계를 제거하실 수 있겠습니까? ‖ [Dicefolk] 마법 주사위의 힘을 휘두르고 강력한 키메라 팀을 구축해보세요! 수수께끼의 악을 멈추기 위한 택티컬 덱빌딩 로그라이트 모험이 다가오고 있습니다. 키메라 소환사로서, 신화적인 짐승들을 모집하고 완벽한 팀을 만들고, 다이스포크만의 독특한 주사위 메커니즘을 활용하여 승리로 이끌어주세요. ‖ [Cubic Cosmos] Cubic Cosmos is a thrilling fast-paced roguelike card game. You have been trapped in a deadly game. One wrong move could see you reduced to a plaything of the goddess. Can you free",HELLCARD,"어드벤처, 인디, RPG, 전략","헬카드는 독특한 협동 덱 빌더 로그라이크 게임입니다. 혼자서 종이 던전으로 내려가거나, 컴퓨터로 조종되는 동료를 모집하거나, 다른 플레이어의 로비에 합류해 어둠의 군대와 대악마에 맞서 빠르게 진행되는 전술 카드 전투를 벌이세요!",3,,
B0236,A24,Valheim / Grounded / My Time at Portia,"액션, 어드벤처, 인디, RPG, 앞서 해보기 / 액션, 어드벤처 / 어드벤처, 캐주얼, 인디, RPG, 시뮬레이션","[Valheim] 북구 신화와 바이킹 문화에 기반한 판타지 세계를 배경으로 펼쳐지는 생존 및 탐험 게임. ‖ [Grounded] The world is a vast, beautiful and dangerous place – especially when you have been shrunk to the size of an ant. Can you thrive alongside the hordes of giant insects, fighting to s ‖ [My Time at Portia] 아름다운 Portia 마을에서 새 삶을 시작하세요! 아버지가 방치한 작업장에서 제작을 부탁받고, 작물을 키우고, 가축을 기르고, 아름다운 세기말의 땅에서 특이한 친구들을 사귀며 작업장을 예전의 멋진 모습으로 복원하세요.",V Rising,"액션, 어드벤처, 대규모 멀티플레이어",뱀파이어로서 깨어나 인근 거주지에서 피 사냥을 통해 힘을 회복합니다. 치명적인 뜨거운 햇빛을 피하고 자신만의 성채를 건설하고 끊임없이 변화하는 신비로운 오픈 세계에서 발전합시다. 온라인에서 동맹군을 찾아 생존자의 땅을 정복하세요.,3,,
B0237,A12,Baldur's Gate 3 / Mount & Blade II: Bannerlord / Kenshi,"어드벤처, RPG, 전략 / 액션, 인디, RPG, 시뮬레이션, 전략 / 액션, 인디, RPG, 시뮬레이션, 전략","[Baldur's Gate 3] Baldur’s Gate 3 is a story-rich, party-based RPG set in the universe of Dungeons & Dragons, where your choices shape a tale of fellowship and betrayal, survival and sacrifice, and  ‖ [Mount & Blade II: Bannerlord] 본 게임은 전략/액션 RPG입니다. 캐릭터를 생성하고, 외교에 참여하고, 제작, 거래를 하고, 방대한 중세풍의 샌드박스에서 새로운 땅을 정복하십시오. 군대를 일으켜 전쟁에 뛰어들고, 깊이가 있으나 직관적인 실력 기반의 전투 시스템을 채용한 대규모 실시간 전투에서 자신의 부대에 명령을 내리고 함께 싸우십시오. ‖ [Kenshi] 자유롭게 돌아다니는 분대 기반의 RPG. 스토리를 따라가는 대신 제한 없는 샌드박스식 게임플레이에 중점을 두었습니다. 무역상, 도둑, 반란군, 전쟁 군주, 모험가, 농부, 노예 등 다양한 삶을 체험할 수 있습니다. 운이 나쁘면 식인종의 먹잇감으로 전락할지도 모르죠. 새로운 장비를 연구하거나 제작해 보세요.",Soulash 2,"어드벤처, 인디, RPG, 전략, 앞서 해보기","Soulash 2 is a sandbox RPG roguelike with a procedurally generated open world, simulated history, skill-based progression system, customizable abilities, material-based crafting, building, trading, and the possibility of total mayhem. Will you save your world or destroy it?",3,,
B0238,A09,Roots of Yggdrasil / Ancient Gods / Flick Shot Rogues,"인디, 전략 / RPG, 전략 / 인디, 전략","[Roots of Yggdrasil] Build settlements, explore the Nine Realms, collect artifacts and upgrade your deck to reach the top of Yggdrasil in this post-Ragnarok roguelike city-builder! Can you survive the  ‖ [Ancient Gods] Ancient Gods is a fusion of hero collector and deck-building rogue-lite where you collect your character, fight, and experience exciting events. Any character can use all the cards ‖ [Flick Shot Rogues] 계획하고, 조준하고, 쏘세요! FLICK SHOT ROGUES는 테이블 위에서 물건을 튕기는 촉각적 만족감과 사람들이 좋아하는 턴제 로그라이크의 전략적 깊이를 결합한 게임입니다. 말도 안되는 콤보를 연결하고, 캐릭터, 아이템, 스킬을 잠금 해제하면서, 섬을 정복하세요!",Throne of Bone,전략,"Draft minions to defeat all who oppose the noble art of necromancy. Wield spells, discover dark relics, and reclaim your castle to unite the land through undeath in this unholy amalgam of roguelike, deckbuilder, and autobattler.",3,,
B0239,A14,Iron Brigade / Ancient Planet Tower Defense / Creeper World IXE,"액션, 전략 / 캐주얼, 인디, 전략 / 액션, 캐주얼, 인디, 시뮬레이션, 전략","[Iron Brigade] Join The Mobile Trench Brigade and protect humanity from the evil Monovision menace! ‖ [Ancient Planet Tower Defense] 고대 행성 타워 디펜스는 정통 타워 디펜스 게임입니다. 고대 문명의 요새가 외계 침략자들로부터 침략당했습니다. 고대의 강력한 기술을 사용하여 적군의 공격을 물리치십시오! ‖ [Creeper World IXE] The unstoppable alien force known as The Creeper has returned, devouring thousands of worlds in its path, and yours is next. Battle against the Creeper fluid in a groundbreaking pi",노움들,"캐주얼, 인디, 전략","이번에는 ‘타워’가 노움다! “노움들”은 간단한 조작과 깊이 있는 전략을 자랑하는 타워 디펜스 게임입니다. 노움을 지휘해 진형을 짜고, 함정을 설치하고, 지형을 조작하세요. 끊임없이 몰려오는 고블린의 공세를 막아내고, 자원과 유물을 조합해 끝까지 방어하세요!",3,,
B0240,A33,Garry's Mod / Team Fortress 2 / Left 4 Dead 2,"캐주얼, 인디, 시뮬레이션 / 액션, 무료 플레이 / 액션","[Garry's Mod] Garry's Mod is a physics sandbox. There aren't any predefined aims or goals. We give you the tools and leave you to play. ‖ [Team Fortress 2] 다양한 전술적 능력과 뚜렷한 개성을 갖춘 9가지 병과의 캐릭터를 플레이하세요. 끊임없이 업데이트되는 새로운 게임 모드, 맵, 장비 그리고 가장 중요한 모자까지 지금 바로 즐겨보세요! ‖ [Left 4 Dead 2] Set in the zombie apocalypse, Left 4 Dead 2 is a co-operative action horror FPS takes you and your friends through the cities, swamps and cemeteries of the Deep South, from Savanna",Dying Light,"액션, 어드벤처, RPG","종말 이후 굶주린 좀비가 넘쳐나는 오픈 월드를 배경으로 펼쳐지는 1인칭 액션 생존 게임을 즐겨보세요. 여러분은 수수께끼의 바이러스 전염에 의해 몰락한 도시를 탐험하며 물자를 찾고, 무기를 제작하여 감염된 생명체 무리들을 상대해야 합니다.",3,,
B0241,A11,Forza Horizon 5 / Hi-Fi RUSH / Street Fighter 6,"액션, 어드벤처, 레이싱, 시뮬레이션, 스포츠 / 액션 / 액션, 어드벤처","[Forza Horizon 5] 세계 최고의 자동차를 타고 생동감 넘치는 멕시코의 대자연을 탐험하며 재미있는 드라이빙 액션을 마음껏 즐겨보세요. ‖ [Hi-Fi RUSH] 아케이드 챌린지! 업데이트!로 추가되는 두 개의 신규 게임 모드에서 여러분의 능력을 시험하고, 새로운 보상을 획득해 보세요. 몇 가지 비밀도 숨어 있답니다! 락 스타 지망생 차이가 되어 비트를 타고, 세상 모든 게 음악에 싱크되는 세계에서 오합지졸 팀과 함께 사악한 거대 기업에 맞서 싸우세요. ‖ [Street Fighter 6] 시리즈 최신작 『Street Fighter 6』, 2023년 6월 2일 발매 결정! RE ENGINE으로 개발된 본 작품은 대형 모드 「World Tour」, 「Fighting Ground」, 「Battle Hub」로 구성되어 있다. 새로운 「스트리트 파이터」에는 지금까지의 시리즈에는 없었던 새로운 체험이 기다리고 있다.",No Straight Roads: Encore Edition,"액션, 어드벤처, 인디, RPG",강렬한 사운드트랙과 리듬감 넘치는 3인칭 전투가 하나로 뭉친 신나는 액션 어드벤처 NO STRAIGHT ROADS에서 록 밴드를 시작해 EDM 제국을 끝장내세요.,3,,
B0242,A04,Hollow Knight / Dead Cells / Celeste,"액션, 어드벤처, 인디 / 액션, 어드벤처, 인디 / 액션, 어드벤처, 인디","[Hollow Knight] 할로우 나이트에서 자신만의 길을 구축하세요! 크게 파괴된 곤충과 영웅의 왕국을 통한 서사 액션 어드벤처입니다. 손으로 그린 클래식 2D 스타일로 구불구불한 동굴을 탐험하고 오염된 생물과 싸우고 이상한 곤충들과 친구가 되어 보세요. ‖ [Dead Cells] 데드 셀(Dead Cells)는 메트로배니아에서 영감을 받은 로그라이트 액션 플랫포머 게임입니다. 2D 소울 라이트 전투에서 성을 지키는 수호자들을 물리치고 끊임없이 변화하는 거대한 성을 탐험하게 됩니다. 세이브 포인트는 없습니다. 죽이고, 죽고, 배우고, 반복하세요. ‖ [Celeste] 타워폴(TowerFall) 시리즈의 개발자들이 만든 이 초밀착형 플랫폼 게임을 플레이하고, 매들린이 셀레스트 산 정상으로 향하는 여정에서 내면의 악마에게서 살아남을 수 있게 도와주세요. 한땀 한땀 손수 제작한 수백 가지의 도전 과제에 맞서고, 사악한 비밀을 밝혀내고, 산에 숨겨진 수수께끼를 풀어보세요.",DOOMBLADE,"액션, 어드벤처, 인디","Deep underground, Gloom Girl discovers DOOMBLADE, a sentient weapon hellbent on escape after eons in chains. Together, “Doom and Gloom” embark on a vengeful quest to unlock the powerful abilities and destroy the Dread Lords once and for all in this 2D Action Metroidvania.",3,,
B0243,A14,Iron Brigade / Ancient Planet Tower Defense / Creeper World IXE,"액션, 전략 / 캐주얼, 인디, 전략 / 액션, 캐주얼, 인디, 시뮬레이션, 전략","[Iron Brigade] Join The Mobile Trench Brigade and protect humanity from the evil Monovision menace! ‖ [Ancient Planet Tower Defense] 고대 행성 타워 디펜스는 정통 타워 디펜스 게임입니다. 고대 문명의 요새가 외계 침략자들로부터 침략당했습니다. 고대의 강력한 기술을 사용하여 적군의 공격을 물리치십시오! ‖ [Creeper World IXE] The unstoppable alien force known as The Creeper has returned, devouring thousands of worlds in its path, and yours is next. Battle against the Creeper fluid in a groundbreaking pi",PixelJunk™ Monsters Ultimate,전략,"Tikiman the Forest Defender is in trouble. Hordes of monsters are sweeping through his realm, hoping to chow down on his offspring – and it’s up to you to defend them. By placing weapon towers at strategic points around the landscape, you can destroy the invaders and save the little ones.",3,,
B0244,A35,Project Zomboid / Don't Starve / The Forest,"인디, RPG, 시뮬레이션, 앞서 해보기 / 어드벤처, 인디, 시뮬레이션 / 액션, 어드벤처, 인디, 시뮬레이션","[Project Zomboid] Project Zomboid is the ultimate in zombie survival. Alone or in MP: you loot, build, craft, fight, farm and fish in a struggle to survive. A hardcore RPG skillset, a vast map, mass ‖ [Don't Starve] Don’t Starve is an uncompromising wilderness survival game full of science and magic. Enter a strange and unexplored world full of strange creatures, dangers, and surprises. Gather ‖ [The Forest] As the lone survivor of a passenger jet crash, you find yourself in a mysterious forest battling to stay alive against a society of cannibalistic mutants. Build, explore, survive i",The Long Drive,"액션, 어드벤처, 캐주얼, 인디, 시뮬레이션, 앞서 해보기",Random generated open world semi-post apocalyptic survival car driving game.,2,,
B0245,A15,서브노티카 / The Long Dark / No Man's Sky,"어드벤처, 인디 / 어드벤처, 인디, 시뮬레이션, 전략 / 액션, 어드벤처","[서브노티카] 위험과 경이로움이 가득한 외계의 바다 속으로 내려가세요. 장비를 제작하고, 잠수함을 조종하며 야생 생물보다 앞서가세요. 우거진 산호초, 화산, 동굴 같은 많은 장소들을 탐험하세요. 물론 살아남는 걸 잊으면 안 되겠죠. ‖ [The Long Dark] The Long Dark는 깊은 생각을 요구하는 탐험 생존 게임입니다. 플레이어는 지구 자기장 이상으로 인한 대재앙이 휩쓸고 간 세상에서 혼자 드넓은 설원 황무지를 탐험하며 살아남아야 합니다. 좀비는 등장하지 않으며 오직 플레이어와 추위, 그리고 자연 속의 위험들만 존재합니다. 고요한 종말의 세상에 오신 것을 환영합니다. ‖ [No Man's Sky] No Man's Sky는 무한히 펼쳐지는 우주에서의 탐험과 생존을 그린 SF 게임입니다.",Starsand,"액션, 어드벤처, 시뮬레이션","Starsand는 불가사의한 사막의 모래언덕에서 펼쳐지는 신비로운 생존 게임입니다. 위험으로 가득한 오픈 월드, 광막한 환경, 기이한 사건이 여러분을 기다립니다! 탐험하고, 사냥하고, 제작하고, 건설하고... 무엇보다도, 살아남으세요.",3,,
B0246,A19,ELDEN RING / Disco Elysium - The Final Cut / Outer Wilds,"액션, RPG / RPG / 액션, 어드벤처","[ELDEN RING] 본 게임은 본격적인 다크 판타지 세계를 무대로 한 액션 RPG입니다. 드넓은 필드와 던전 탐험을 통해 미지의 것들을 발견해 보세요. 앞길을 막아서는 난관과 그것을 극복했을 때의 달성감, 그리고 등장인물들의 의도가 교착하는 군상극도 즐기실 수 있습니다. ‖ [Disco Elysium - The Final Cut] 디스코 엘리시움 - 최종판은 획기적인 오픈 월드 롤플레잉 게임입니다. 당신은 독특한 스킬 시스템을 갖춘 형사로서 오롯한 도시 블록을 당신의 미래를 닦기 위해 다듬을 수 있습니다. 잊지 못할 등장인물들을 심문하거나, 살인 사건을 해결하거나, 뇌물을 받으세요. 영웅이 되거나 인류의 완전한 재앙이 되세요. ‖ [Outer Wilds] Giant Bomb, Polygon, Eurogamer, The Guardian에 의해 2019년 올해의 게임에 이름을 올리며 냉정한 호평과 수상 실적이 있는 Outer Wilds는 무한 시간 루프에 갇힌 태양계에 관한 공개된 세계의 미스터리 게임입니다.",Cosmodrill,"액션, 어드벤처, 인디","광활한 우주를 탐험하고, 행성 깊숙이 파고들어 자원을 채굴하며, 우주선을 업그레이드하고 외계 생명체와 맞서 생존하라! 이 2D 오픈 유니버스 우주 채굴 어드벤처에서 어둠에 싸인 미지의 세계로 얼마나 멀리 나아갈 용의가 있는가?",2,,
B0247,A14,Iron Brigade / Ancient Planet Tower Defense / Creeper World IXE,"액션, 전략 / 캐주얼, 인디, 전략 / 액션, 캐주얼, 인디, 시뮬레이션, 전략","[Iron Brigade] Join The Mobile Trench Brigade and protect humanity from the evil Monovision menace! ‖ [Ancient Planet Tower Defense] 고대 행성 타워 디펜스는 정통 타워 디펜스 게임입니다. 고대 문명의 요새가 외계 침략자들로부터 침략당했습니다. 고대의 강력한 기술을 사용하여 적군의 공격을 물리치십시오! ‖ [Creeper World IXE] The unstoppable alien force known as The Creeper has returned, devouring thousands of worlds in its path, and yours is next. Battle against the Creeper fluid in a groundbreaking pi",Aegis Defenders,"액션, 어드벤처, 인디, RPG, 전략","Take on wild beasts, ruthless soldiers, and ancient gods in this 2D Action-Platformer inspired by Tower-Defense combat.",3,,
B0248,A23,Vomitoreum / Tales of Kenzera™: ZAU / Shantae: Half-Genie Hero,"액션, 어드벤처, 인디 / 액션, 어드벤처, 인디 / 액션, 어드벤처, 인디","[Vomitoreum] Vomitoreum is an FPS Metroidvania with a focus on atmosphere and horror, inspired by the paintings of Zdzisław Beksiński. ‖ [Tales of Kenzera™: ZAU] 샤먼의 춤을 추세요. 아버지의 영혼을 되찾으세요. Surgent Studios가 제작한 메트로이드바니아 스타일의 어드벤처 게임 Tales of Kenzera™: ZAU에서 죽음의 신과 함께 아름답고 위험한 켄제라의 땅으로 용감하게 모험을 떠나세요. ‖ [Shantae: Half-Genie Hero] Shantae embarks on her first full HD adventure! When a mysterious crime wave sweeps Sequin Land, it’s up to Half-Genie Hero Shantae to save the day! Use Shantae’s devastating Hair-",원더보이・아샤 인 몬스터 월드,"액션, RPG","The adventures of Asha, the little warrior, begin! Together with her blue sidekick Pepelogoo, she will run through numerous stages and save the Monster World from the darkness.",3,,
B0249,A22,Deck of Ashes / Dicefolk / Cubic Cosmos,"어드벤처, 인디, RPG, 전략 / 캐주얼, 인디, 전략 / 전략","[Deck of Ashes] 덱 오브 애쉬즈(Deck of Ashes)는 전술 카드 전투를 벌이는 어드벤처 게임입니다. 한 번에 한 캐릭터씩 안티히어로 일행을 이끌어 속죄의 여행을 떠나보세요. 저주받은 판타지 세계를 탐험하며 강력한 카드를 찾아보세요. 독특한 전투 덱을 형성하여 적들을 무찌르세요! 잿빛 저주의 세계를 제거하실 수 있겠습니까? ‖ [Dicefolk] 마법 주사위의 힘을 휘두르고 강력한 키메라 팀을 구축해보세요! 수수께끼의 악을 멈추기 위한 택티컬 덱빌딩 로그라이트 모험이 다가오고 있습니다. 키메라 소환사로서, 신화적인 짐승들을 모집하고 완벽한 팀을 만들고, 다이스포크만의 독특한 주사위 메커니즘을 활용하여 승리로 이끌어주세요. ‖ [Cubic Cosmos] Cubic Cosmos is a thrilling fast-paced roguelike card game. You have been trapped in a deadly game. One wrong move could see you reduced to a plaything of the goddess. Can you free",Lost For Swords,"인디, RPG, 전략","Lost For Swords is a Roguelike Deckbuilder, where the cards in your deck shape the rooms you’re exploring. Make your way up the tower, equip weapons and armor, cast spells and scrolls, activate auras, collect loot and defeat monsters in tactical turn-based combat.",3,,
B0250,A05,Opus Magnum,"인디, 시뮬레이션","[Opus Magnum] Opus Magnum은 SpaceChem, Infinifactory, SHENZHEN I/O를 제작한 Zachtronics의 신작 퍼즐게임입니다. 연금술사들의 최첨단 도구인 변성 기관을 이용해 물약과 독을 만들어내는 기계들을 설계하고 만들어 내세요!",Block Machine,"인디, 시뮬레이션",A difficult programming puzzle game about building parallel computing machines by placing blocks to solve surprisingly hard problems.,3,,
B0251,A03,Balatro / Hades / Vampire Survivors,"캐주얼, 인디, 전략 / 액션, 인디, RPG / 액션, 캐주얼, 인디, RPG","[Balatro] 포커 로그라이크 게임. Balatro는 불법 포커 패로 게임을 하고, 판을 뒤엎는 조커를 발견하고, 아드레날린이 치솟는 강력한 콤보를 만드는 덱 빌딩 게임입니다. ‖ [Hades] Bastion, Transistor, Pyre의 제작사에서 선보이는 이 로그라이크 던전 탐색형 게임에서 핵 앤 슬래시로 지하 세계를 탈출하고 죽음의 신에게 도전하세요. ‖ [Vampire Survivors] 수많은 어둠의 피조물을 쓰러뜨리며 새벽이 올 때까지 생존하세요! Vampire Survivors는 로그라이트 요소를 갖춘 고딕 호러 케주얼 게임입니다. 당신의 선택으로 순식간에 수백 마리의 괴물이 눈덩이처럼 불어날 수 있죠.",Transistor,"액션, 인디, RPG","Bastion 제작진이 새로 선보이는 SF 액션 RPG, Transistor의 세계로 모험을 떠나세요.",3,,
B0252,A30,Stardew Valley / Slime Rancher / Raft,"인디, RPG, 시뮬레이션 / 액션, 어드벤처, 인디, 시뮬레이션 / 어드벤처, 인디, 시뮬레이션","[Stardew Valley] You've inherited your grandfather's old farm plot in Stardew Valley. Armed with hand-me-down tools and a few coins, you set out to begin your new life. Can you learn to live off th ‖ [Slime Rancher] 슬라임 랜쳐는 젊고 용감한 랜쳐, 베아트릭스 르뷰가 지구에서 1,000광년 떨어진 '머나먼 평야'에서 슬라임들과 씨름하며 생계를 꾸려나가는 이야기입니다. 긍정적인 마인드와 강인한 의지로 베아트릭스는 진공팩을 사용하여 끊임없이 말랑말랑하게 굴러나오는 슬라임들을 피하며 이름을 알리고, 부자가 되려 합니다. ‖ [Raft] Raft™ throws you and your friends into an epic oceanic adventure! Alone or together, players battle to survive a perilous voyage across a vast sea! Gather debris, scavenge reefs an",Research Story,"캐주얼, 인디, RPG, 시뮬레이션","Set out to discover and record plants and creatures for the Violet Archive. Grow crops, tame animals, and build the perfect farm! Forge friendships along the way as you begin your life as a researcher!",3,,
B0253,A21,DARK SOULS™ III / The Witcher 3: Wild Hunt / The Elder Scrolls V: Skyrim Special Edition,액션 / RPG / RPG,"[DARK SOULS™ III] 장르를 새로 개척했다는 평가를 들으며 많은 좋은 평가들을 얻고 있는 다크 소울 시리즈는 계속해서 한계를 넘어서, 더욱 야심찬 단계에 도전하고자 하고 있습니다. 준비를 하고 어둠을 밝히십시오! ‖ [The Witcher 3: Wild Hunt] 리비아의 게롤트가 되어 의뢰를 받고 괴물을 사냥하세요. 전쟁의 상처가 가득하고 괴물이 들끓는 대륙을 마음껏 탐험해 보세요. 지금 가장 중요한 일은 대륙의 판도를 뒤바꿀 수도 있는 살아 있는 무기이자 예언의 아이, 시리를 추적하는 것입니다. ‖ [The Elder Scrolls V: Skyrim Special Edition] 200회 이상 올해의 게임에 선정된 The Elder Scrolls V: Skyrim Special Edition이 놀라운 디테일로 판타지에 생명을 불어넣었습니다. Special Edition에는 비평가들의 극찬을 받은 게임 및 새로운 기능이 포함된 애드온이 들어 있습니다.",SpellMaster: The Saga,,"SpellMaster - The Saga는 스토리 중심의 액션 RPG로, 전설적인 Gothic 시리즈에서 영감을 받았습니다. 게임은 비전환형(open-world seamless) 오픈 월드에서 진행되며, 수많은 비밀과 미스터리, 끔찍한 몬스터, 그리고 개성 넘치는 다양한 NPC들로 가득 차 있습니다. 누가 될지, 어떻게 행동할지는 전적으로 당신에게 달려 있습니다 — 이것이 바로 **당신의 사가(Saga)**입니다.",2,,
B0254,A17,Lethal Company / Phasmophobia / Deep Rock Galactic,"액션, 어드벤처, 인디, 앞서 해보기 / 액션, 인디, 앞서 해보기 / 액션","[Lethal Company] A co-op horror about scavenging at abandoned moons to sell scrap to the Company. ‖ [Phasmophobia] Phasmophobia is a 4 player online co-op psychological horror. Paranormal activity is on the rise and it’s up to you and your team to use all the ghost-hunting equipment at your dis ‖ [Deep Rock Galactic] 딥 락 갤럭틱은 1-4인의 플레이어가 협동하는 FPS 게임으로, 상남자 우주 드워프, 100% 파괴 가능한 맵 환경, 절차적 생성 동굴 지형, 그리고 끊임없이 등장하는 외계 괴물 무리가 특징입니다.",Handy Harry's Haunted House Services,"인디, 앞서 해보기","Team up with up to 8 friends online to explore the haunted, randomly generated depths of these dusty attics. Find and repair the objectives, flip the master switch and escape before the ghastly ghoul that lurks in the darkness catches up to you. Play through the career mode or explore free play!",3,,
B0255,A35,Project Zomboid / Don't Starve / The Forest,"인디, RPG, 시뮬레이션, 앞서 해보기 / 어드벤처, 인디, 시뮬레이션 / 액션, 어드벤처, 인디, 시뮬레이션","[Project Zomboid] Project Zomboid is the ultimate in zombie survival. Alone or in MP: you loot, build, craft, fight, farm and fish in a struggle to survive. A hardcore RPG skillset, a vast map, mass ‖ [Don't Starve] Don’t Starve is an uncompromising wilderness survival game full of science and magic. Enter a strange and unexplored world full of strange creatures, dangers, and surprises. Gather ‖ [The Forest] As the lone survivor of a passenger jet crash, you find yourself in a mysterious forest battling to stay alive against a society of cannibalistic mutants. Build, explore, survive i","MAZEBOUND: Hunt, Gather, Run!","액션, 어드벤처, 인디","이 서바이벌 호러에서 당신은 바다에 둘러싸여 있고, 앞에는 거대한 문이 서 있습니다. 미로에 들어가 사냥하고, 채집하며, 살아남기 위해 달리세요. 혼자서든 친구와 함께든. 기억하세요: 배고픈 건 당신만이 아닙니다...",2,,
B0256,A16,The Talos Principle / Rust / Inscryption,"액션, 어드벤처, 인디 / 액션, 어드벤처, 인디, 대규모 멀티플레이어, RPG / 어드벤처, 인디, 전략","[The Talos Principle] 탈로스 법칙은 철학적 SF 소설의 전통을 따른 1인칭 퍼즐 게임입니다. 시리어스 샘을 개발한 크로팀에서 만들었으며, 톰 주버트(FTL, 더 스와퍼)와 조나스 카이라츠(바다는 모든 것을 요구한다.)가 스토리를 작성했습니다. ‖ [Rust] Rust에서의 목표는 오직 하나, 바로 살아남는 것입니다. 섬의 야생 동물, 다른 주민, 환경, 다른 생존자 모두가 여러분의 목숨을 노립니다. 하루 더 살아남을 수 있다면 수단과 방법을 가리지 마세요. ‖ [Inscryption] Inscryption은 검은 잉크로 그려진 카드를 기반으로 한 덱빌딩 로그라이크, 방탈출 퍼즐, 피가 흐르는 심리적 공포 등의 요소가 섞인 여정을 다룹니다. 카드에는 더 어두운 비밀이 새겨져 있습니다…",Deck of Ashes,"어드벤처, 인디, RPG, 전략",덱 오브 애쉬즈(Deck of Ashes)는 전술 카드 전투를 벌이는 어드벤처 게임입니다. 한 번에 한 캐릭터씩 안티히어로 일행을 이끌어 속죄의 여행을 떠나보세요. 저주받은 판타지 세계를 탐험하며 강력한 카드를 찾아보세요. 독특한 전투 덱을 형성하여 적들을 무찌르세요! 잿빛 저주의 세계를 제거하실 수 있겠습니까?,3,,
B0257,A30,Stardew Valley / Slime Rancher / Raft,"인디, RPG, 시뮬레이션 / 액션, 어드벤처, 인디, 시뮬레이션 / 어드벤처, 인디, 시뮬레이션","[Stardew Valley] You've inherited your grandfather's old farm plot in Stardew Valley. Armed with hand-me-down tools and a few coins, you set out to begin your new life. Can you learn to live off th ‖ [Slime Rancher] 슬라임 랜쳐는 젊고 용감한 랜쳐, 베아트릭스 르뷰가 지구에서 1,000광년 떨어진 '머나먼 평야'에서 슬라임들과 씨름하며 생계를 꾸려나가는 이야기입니다. 긍정적인 마인드와 강인한 의지로 베아트릭스는 진공팩을 사용하여 끊임없이 말랑말랑하게 굴러나오는 슬라임들을 피하며 이름을 알리고, 부자가 되려 합니다. ‖ [Raft] Raft™ throws you and your friends into an epic oceanic adventure! Alone or together, players battle to survive a perilous voyage across a vast sea! Gather debris, scavenge reefs an",Sally's Salon: Kiss & Make-Up,"어드벤처, 캐주얼, 전략",샐리와 프랑소와가 새로운 스파에서 혼돈과 모순으로 가득한 세상으로 뛰어듭니다!,1,IRRELEVANT,
B0258,A08,Sid Meier’s Civilization® VI / XCOM® 2 / Stellaris,"전략 / 전략 / 시뮬레이션, 전략","[Sid Meier’s Civilization® VI] 문명 VI 에서는 새로운 방식으로 세상과 소통하고, 제국의 영토를 확장시키며, 문화를 발전시키고, 역사속 위대한 지도자들에 맞서 오래도록 지속될 나만의 문명을 건설해볼 수 있습니다. 클레오파트라를 비롯한 20명의 역사 속 지도자들 중 한명으로 플레이 해보세요. ‖ [XCOM® 2] XCOM 2는 수상 경력이 있는 전략 게임 XCOM: Enemy Unknown의 속편입니다. 인류가 외계인 침략군에게 항복한 지 20년, 이제 지구 상에는 새로운 세계 질서가 존재합니다. 수년간을 어둠 속에서 숨어 있었던 XCOM 부대는 반드시 일어나 외계인의 지배를 무너뜨릴 것입니다. ‖ [Stellaris] 항성간 여행을 통해 우주를 탐험하며 수많은 종족들도 만나보세요. 과학선을 보내 우주를 조사하고 탐험하면서 은하 제국을 건설하고, 건축선을 보내 새로 발견한 행성에 기지를 건설하세요. 소속 사회를 위한 탐험에 나서 매장된 보물과 은하계의 경이를 발견하고, 탐험가의 한계치와 진화 범위를 설정하세요. 동맹이 체결되고, 전쟁이 ",Iron Harvest,전략,"1920년 이후의 대체 현실을 배경으로 장대한 싱글 플레이어 캠페인과 멀티플레이어, 협동전이 모두 포함된 클래식 실시간 전략 게임",3,,
B0259,A23,Vomitoreum / Tales of Kenzera™: ZAU / Shantae: Half-Genie Hero,"액션, 어드벤처, 인디 / 액션, 어드벤처, 인디 / 액션, 어드벤처, 인디","[Vomitoreum] Vomitoreum is an FPS Metroidvania with a focus on atmosphere and horror, inspired by the paintings of Zdzisław Beksiński. ‖ [Tales of Kenzera™: ZAU] 샤먼의 춤을 추세요. 아버지의 영혼을 되찾으세요. Surgent Studios가 제작한 메트로이드바니아 스타일의 어드벤처 게임 Tales of Kenzera™: ZAU에서 죽음의 신과 함께 아름답고 위험한 켄제라의 땅으로 용감하게 모험을 떠나세요. ‖ [Shantae: Half-Genie Hero] Shantae embarks on her first full HD adventure! When a mysterious crime wave sweeps Sequin Land, it’s up to Half-Genie Hero Shantae to save the day! Use Shantae’s devastating Hair-",Nightmare of Decay,"액션, 어드벤처, 인디","A first-person action horror game set in a nightmarish manor infested with zombies, psychotic cultists, and a horde of other horrors. Utilize an assortment of different weapons in a brutal fight for survival as you try to escape from the Nightmare of Decay.",2,,
B0260,A10,A Short Hike / ISLANDERS / Gorogoa,"어드벤처, 인디 / 캐주얼, 인디, 전략 / 어드벤처, 캐주얼, 인디","[A Short Hike] Hike, climb, and soar through the peaceful mountainside landscapes of Hawk Peak Provincial Park as you make your way to the summit. ‖ [ISLANDERS] ISLANDERS is a minimalist strategy game about building cities on colorful islands. ‖ [Gorogoa] Gorogoa(고로고아)는 Jason Roberts가 디자인하고 일러스트레이션을 손으로 그린 아름다운 차세대 퍼즐 게임입니다.",My Tiny Landscape,"캐주얼, 인디, 전략","My Tiny Landscape is a minimalist colorful landscape builder. Bring procedural archipelagos back to life by placing biomes and regrowing a vibrant landscape tile by tile. Strategize to leverage placement rules and maximize your score, or simply enjoy a relaxing peaceful experience.",3,,
B0261,A28,Dordogne / A YEAR OF SPRINGS / Botany Manor,"어드벤처, 인디 / 캐주얼, 인디, 시뮬레이션 / 어드벤처","[Dordogne] 이 유년 시절의 여정에서 특별한 내러티브에 몰입하며 도르도뉴의 수천 가지 여름의 색을 탐험하고, 추억을 떠올리며 가족의 비밀을 밝히세요. ‖ [A YEAR OF SPRINGS] 세 명의 여성, 세 개의 이야기, 세 개의 봄. 세 명의 친구들이 사랑, 공감, 그리고 단지 함께하고 싶어하는 감정에 대한 방향을 찾아나가는 3 부작 비주얼 노벨 A YEAR OF SPRINGS 에서 하루, 에리카, 마나미의 이야기를 체험하세요. ‖ [Botany Manor] Welcome to Botany Manor, a stately home in 19th century England. You play as inhabitant Arabella Greene, a retired botanist. Explore your house and gardens, filled with research, t",Analogue: A Hate Story,인디,"미스터리에 트랜스휴머니즘, 전통적 결혼관, 고독과 코스프레가 합쳐진 음울한 분위기의 비주얼 노벨. 두 명의 메인 캐릭터, 다섯 개의 엔딩. 미래에 오신 것을 환영합니다.",2,,
B0262,A04,Hollow Knight / Dead Cells / Celeste,"액션, 어드벤처, 인디 / 액션, 어드벤처, 인디 / 액션, 어드벤처, 인디","[Hollow Knight] 할로우 나이트에서 자신만의 길을 구축하세요! 크게 파괴된 곤충과 영웅의 왕국을 통한 서사 액션 어드벤처입니다. 손으로 그린 클래식 2D 스타일로 구불구불한 동굴을 탐험하고 오염된 생물과 싸우고 이상한 곤충들과 친구가 되어 보세요. ‖ [Dead Cells] 데드 셀(Dead Cells)는 메트로배니아에서 영감을 받은 로그라이트 액션 플랫포머 게임입니다. 2D 소울 라이트 전투에서 성을 지키는 수호자들을 물리치고 끊임없이 변화하는 거대한 성을 탐험하게 됩니다. 세이브 포인트는 없습니다. 죽이고, 죽고, 배우고, 반복하세요. ‖ [Celeste] 타워폴(TowerFall) 시리즈의 개발자들이 만든 이 초밀착형 플랫폼 게임을 플레이하고, 매들린이 셀레스트 산 정상으로 향하는 여정에서 내면의 악마에게서 살아남을 수 있게 도와주세요. 한땀 한땀 손수 제작한 수백 가지의 도전 과제에 맞서고, 사악한 비밀을 밝혀내고, 산에 숨겨진 수수께끼를 풀어보세요.",Zero Stress King: Idle Defense,"어드벤처, 캐주얼, 인디, 전략",타워 디펜스로 위장한 짧고 편안한 인크리멘탈 게임 — 하지만 적들은 성벽에 도달하지 못합니다. 용암 덕분이죠.,1,IRRELEVANT,
B0263,A14,Iron Brigade / Ancient Planet Tower Defense / Creeper World IXE,"액션, 전략 / 캐주얼, 인디, 전략 / 액션, 캐주얼, 인디, 시뮬레이션, 전략","[Iron Brigade] Join The Mobile Trench Brigade and protect humanity from the evil Monovision menace! ‖ [Ancient Planet Tower Defense] 고대 행성 타워 디펜스는 정통 타워 디펜스 게임입니다. 고대 문명의 요새가 외계 침략자들로부터 침략당했습니다. 고대의 강력한 기술을 사용하여 적군의 공격을 물리치십시오! ‖ [Creeper World IXE] The unstoppable alien force known as The Creeper has returned, devouring thousands of worlds in its path, and yours is next. Battle against the Creeper fluid in a groundbreaking pi",Sector Space,"액션, 어드벤처, 인디, RPG, 시뮬레이션, 앞서 해보기","Explore a procedurally generated galaxy, mine asteroids, refine minerals, colonize planets, build stations, deploy drones, salvage rare items, construct gear, level up, improve your ship, assemble a fleet, engage in combat, and take on the void.",1,GENRE_ONLY,
B0264,A16,The Talos Principle / Rust / Inscryption,"액션, 어드벤처, 인디 / 액션, 어드벤처, 인디, 대규모 멀티플레이어, RPG / 어드벤처, 인디, 전략","[The Talos Principle] 탈로스 법칙은 철학적 SF 소설의 전통을 따른 1인칭 퍼즐 게임입니다. 시리어스 샘을 개발한 크로팀에서 만들었으며, 톰 주버트(FTL, 더 스와퍼)와 조나스 카이라츠(바다는 모든 것을 요구한다.)가 스토리를 작성했습니다. ‖ [Rust] Rust에서의 목표는 오직 하나, 바로 살아남는 것입니다. 섬의 야생 동물, 다른 주민, 환경, 다른 생존자 모두가 여러분의 목숨을 노립니다. 하루 더 살아남을 수 있다면 수단과 방법을 가리지 마세요. ‖ [Inscryption] Inscryption은 검은 잉크로 그려진 카드를 기반으로 한 덱빌딩 로그라이크, 방탈출 퍼즐, 피가 흐르는 심리적 공포 등의 요소가 섞인 여정을 다룹니다. 카드에는 더 어두운 비밀이 새겨져 있습니다…",How to Survive,"액션, 어드벤처, RPG","배가 난파되어 고립된 섬에 좌초하게 된 당신, 기괴함으로 가득한 이 섬에서 필사적인 조난자가 되었습니다. 어떻게 살아 남으시겠습니까? ""생존 가이드""의 페이지를 모으고 살아남는 방법을 알아내십시오! 비염횡사하기 전에 음식, 물, 피난처를 찾으세요. 점점 어두워지고 있나요? 어두운 밤에 살아남는 방법을 알아내세요! 그러는 동안 이 놀라운 물건들을 모으고 조립해서 샷건에서부터 화염병과 같은 100가지가 넘는 수재 총과 도구를 만들어 보세요. 그것으로 자신과 친구들을 지켜낼 수 있을 겁니다! • 각각 다른 특성과 스킬 트리를 가진 3가지",2,,
B0265,A25,DOOMBLADE / Transiruby / Blast Brigade vs. the Evil Legion of Dr. Cread,"액션, 어드벤처, 인디 / 액션 / 액션, 어드벤처, 인디","[DOOMBLADE] Deep underground, Gloom Girl discovers DOOMBLADE, a sentient weapon hellbent on escape after eons in chains. Together, “Doom and Gloom” embark on a vengeful quest to unlock the pow ‖ [Transiruby] 차원 대륙의 의문을 풀어라! 는 사이보그 소녀 실비가 검과 엘리먼트 샷으로 적을 쓰러뜨리며 앞으로 나아가는 탐색형 액션 게임입니다! ‖ [Blast Brigade vs. the Evil Legion of Dr. Cread] 스릴 넘치는 플랫포밍과 깊이 있는 탐험 세계, 폭발적인 액션으로 가득한 2D 메트로이드배니아 어드벤처 게임을 즐겨보세요! Blast Brigade에서 영웅들로 팀을 구성해 세계를 구하세요!",MARSUPILAMI - HOOBADVENTURE,"액션, 어드벤처",새로운 모습으로 돌아온 마수필라미와 함께 놀라움으로 가득한 모험을 떠나보세요!,2,,
B0266,A01,It Takes Two / Overcooked! 2 / What Remains of Edith Finch,"액션, 어드벤처 / 액션, 캐주얼, 인디 / 어드벤처, 인디","[It Takes Two] It Takes Two에서 생애 가장 정신없는 여정을 시작하세요. 친구가 무료로 참가할 수 있게 친구 패스*로 초대하고, 함께 힘을 합쳐서 수많은 유쾌하고 획기적인 게임 플레이 챌린지를 헤쳐나가세요. ‖ [Overcooked! 2] 혼란스러운 요리 액션으로 가득한 Overcooked가 돌아왔습니다! 양파 왕국으로 돌아가는 여행을 떠나세요. 클래식 협동 또는 온라인 플레이에서 셰프 팀을 만들어서 최대 4명까지 플레이하세요. 앞치마를 준비하세요... 다시 세상을 구할 때가 되었습니다! ‖ [What Remains of Edith Finch] What Remains of Edith Finch(워트 리메인스 오브 에디스 핀치)는 워싱턴 주에 있는 어느 가족에 대한 이상한 이야기의 모음입니다. 플레이어는 에디스가 되어 거대한 핀치 가택을 탐사하고, 가족사를 연구하며 이야기를 찾고, 왜 가족 중에서 그녀만 살아남았는지 알아내야 합니다. 각 이야기는 새로운 가족 구성",The Haunting of Joni Evers,"어드벤처, 인디",The Haunting of Joni Evers는 오클라호마의 작은 마을에서 악령에 의해 사이가 소원해지고 부서진 가족에 대한 감성적인 이야기입니다. 저주를 풀기 위해 가족의 과거를 마주하고 기억을 파헤쳐 조니의 가족과 커닝햄 하우스의 미스터리를 밝혀내세요.,2,,
B0267,A07,Into the Breach / Monster Train / Mini Metro,"인디, RPG, 시뮬레이션, 전략 / 전략 / 인디, 시뮬레이션, 전략","[Into the Breach] 미래의 강력한 메크를 조종하여 외계 세력을 물리치세요. 이 턴제 전략 게임에서는 세계를 구하려 시도할 때마다 무작위로 새롭게 생성되는 도전이 여러분 앞에 나타납니다. ‖ [Monster Train] Monster Train is a strategic roguelike deck building game with a twist. Set on a train to hell, you’ll use tactical decision making to defend multiple vertical battlegrounds. With  ‖ [Mini Metro] 미니 메트로는 성장하는 도시를 위해 지하철 노선을 설계하는 게임입니다. 역과 역 사이에 노선을 그려서 열차 운행을 시작하세요. 새로운 역이 열리면 노선을 수정해서 노선도를 효율적으로 유지하세요. 한정된 자원을 어느 곳에 사용할 것인지 결정하세요. 도시를 얼마나 오래 유지할 수 있을까요?",A열차로 가자: 시작해요 관광지 개발,시뮬레이션,"A열차로 가자: 시작해요 관광지 개발은 철도를 이용해 지역을 개발하는 경영 시뮬레이션 게임입니다.어떤 철도를 만들지, 어떤 지역으로 발전시킬지는 당신에게 달렸습니다.철도 회사의 사장으로서 자유롭게 역을 짓고 선로를 설치해 봅시다！",3,,
B0268,A27,The Raven Remastered / The Frostrune / Mad Experiments: Escape Room,"어드벤처 / 어드벤처 / 어드벤처, 캐주얼, 인디, 시뮬레이션, 전략","[The Raven Remastered] London, 1964. An ancient ruby is stolen from the British Museum. At the crime scene: a raven feather. Is somebody trying to follow in the footsteps of The Raven, the legendary mast ‖ [The Frostrune] Unravel a mystery inspired by Viking myth and legend in The Frostrune, a classic point-and-click adventure based on historically accurate Norse culture and environments. ‖ [Mad Experiments: Escape Room] 수상 후보에 오른 이스케이프 게임 1인 또는 최대 5인까지 플레이하며 3개의 독특한 방을 탐험하고, 두뇌를 자극하는 퍼즐을 풀며 체셔 교수와 그의 실험에 얽힌 어두운 비밀을 밝혀보세요.",Lord Winklebottom Investigates,"어드벤처, 인디","It’s the 1920s and the world’s foremost detective is about to embark on his most challenging case yet. Thankfully, in this world that’s not quite like our own, there’s nobody better to crack the case than the great detective and gentleman giraffe, Lord Winklebottom.",2,,
B0269,A04,Hollow Knight / Dead Cells / Celeste,"액션, 어드벤처, 인디 / 액션, 어드벤처, 인디 / 액션, 어드벤처, 인디","[Hollow Knight] 할로우 나이트에서 자신만의 길을 구축하세요! 크게 파괴된 곤충과 영웅의 왕국을 통한 서사 액션 어드벤처입니다. 손으로 그린 클래식 2D 스타일로 구불구불한 동굴을 탐험하고 오염된 생물과 싸우고 이상한 곤충들과 친구가 되어 보세요. ‖ [Dead Cells] 데드 셀(Dead Cells)는 메트로배니아에서 영감을 받은 로그라이트 액션 플랫포머 게임입니다. 2D 소울 라이트 전투에서 성을 지키는 수호자들을 물리치고 끊임없이 변화하는 거대한 성을 탐험하게 됩니다. 세이브 포인트는 없습니다. 죽이고, 죽고, 배우고, 반복하세요. ‖ [Celeste] 타워폴(TowerFall) 시리즈의 개발자들이 만든 이 초밀착형 플랫폼 게임을 플레이하고, 매들린이 셀레스트 산 정상으로 향하는 여정에서 내면의 악마에게서 살아남을 수 있게 도와주세요. 한땀 한땀 손수 제작한 수백 가지의 도전 과제에 맞서고, 사악한 비밀을 밝혀내고, 산에 숨겨진 수수께끼를 풀어보세요.",TOOK: The Immortal Hero,"액션, 어드벤처, 인디, RPG","A hardcore 2D action platformer developed by one person. Play as a memoryless rabbit TOOK to explore the vast Moon Cave world and defeat dozens of powerful enemies, collect the treasures scattered in this world and regain the glory of the Moon Up Group!",3,,
B0270,A11,Forza Horizon 5 / Hi-Fi RUSH / Street Fighter 6,"액션, 어드벤처, 레이싱, 시뮬레이션, 스포츠 / 액션 / 액션, 어드벤처","[Forza Horizon 5] 세계 최고의 자동차를 타고 생동감 넘치는 멕시코의 대자연을 탐험하며 재미있는 드라이빙 액션을 마음껏 즐겨보세요. ‖ [Hi-Fi RUSH] 아케이드 챌린지! 업데이트!로 추가되는 두 개의 신규 게임 모드에서 여러분의 능력을 시험하고, 새로운 보상을 획득해 보세요. 몇 가지 비밀도 숨어 있답니다! 락 스타 지망생 차이가 되어 비트를 타고, 세상 모든 게 음악에 싱크되는 세계에서 오합지졸 팀과 함께 사악한 거대 기업에 맞서 싸우세요. ‖ [Street Fighter 6] 시리즈 최신작 『Street Fighter 6』, 2023년 6월 2일 발매 결정! RE ENGINE으로 개발된 본 작품은 대형 모드 「World Tour」, 「Fighting Ground」, 「Battle Hub」로 구성되어 있다. 새로운 「스트리트 파이터」에는 지금까지의 시리즈에는 없었던 새로운 체험이 기다리고 있다.",The Crew™ 2,"액션, 대규모 멀티플레이어, 레이싱",미국식 모터스포츠를 즐기며 육해공 전역을 속속들이 탐험하고 정복하세요. 신규: 신규 하이브리드 모드로 더 크루 2를 오프라인 또는 온라인으로 지금 즉시 즐겨보세요!,3,,
B0271,A07,Into the Breach / Monster Train / Mini Metro,"인디, RPG, 시뮬레이션, 전략 / 전략 / 인디, 시뮬레이션, 전략","[Into the Breach] 미래의 강력한 메크를 조종하여 외계 세력을 물리치세요. 이 턴제 전략 게임에서는 세계를 구하려 시도할 때마다 무작위로 새롭게 생성되는 도전이 여러분 앞에 나타납니다. ‖ [Monster Train] Monster Train is a strategic roguelike deck building game with a twist. Set on a train to hell, you’ll use tactical decision making to defend multiple vertical battlegrounds. With  ‖ [Mini Metro] 미니 메트로는 성장하는 도시를 위해 지하철 노선을 설계하는 게임입니다. 역과 역 사이에 노선을 그려서 열차 운행을 시작하세요. 새로운 역이 열리면 노선을 수정해서 노선도를 효율적으로 유지하세요. 한정된 자원을 어느 곳에 사용할 것인지 결정하세요. 도시를 얼마나 오래 유지할 수 있을까요?",Druidstone: The Secret of the Menhir Forest,"어드벤처, 인디, 전략","A tactical, turn-based RPG from the makers of Legend of Grimrock games. Every action, every turn counts as you control your party of heroes through challenging, handcrafted missions in the ancient, mist-clad Menhir Forest.",3,,
B0272,A10,A Short Hike / ISLANDERS / Gorogoa,"어드벤처, 인디 / 캐주얼, 인디, 전략 / 어드벤처, 캐주얼, 인디","[A Short Hike] Hike, climb, and soar through the peaceful mountainside landscapes of Hawk Peak Provincial Park as you make your way to the summit. ‖ [ISLANDERS] ISLANDERS is a minimalist strategy game about building cities on colorful islands. ‖ [Gorogoa] Gorogoa(고로고아)는 Jason Roberts가 디자인하고 일러스트레이션을 손으로 그린 아름다운 차세대 퍼즐 게임입니다.",Hexologic,"캐주얼, 인디, 전략",스도쿠에서 영감을 받아 제작된 독특한 룰과 아름다운 그래픽으로 마음을 편안하게 만들어주는 퍼즐,3,,
B0273,A31,Hearts of Iron IV / Europa Universalis IV / Sid Meier's Civilization® V,"시뮬레이션, 전략 / 시뮬레이션, 전략 / 전략","[Hearts of Iron IV] Victory is at your fingertips! Your ability to lead your nation is your supreme weapon, the strategy game Hearts of Iron IV lets you take command of any nation in World War II; the ‖ [Europa Universalis IV] 비교할 수 없는 자유도, 깊이 있는 스토리, 정확한 역사적 고증을 즐기며 국토를 다스리고 세계를 정복하세요. 세계 역사를 새롭게 쓰며 시대를 풍미할 제국을 만드세요. ‖ [Sid Meier's Civilization® V] Create, discover, and download new player-created maps, scenarios, interfaces, and more!",Iron Harvest,전략,"1920년 이후의 대체 현실을 배경으로 장대한 싱글 플레이어 캠페인과 멀티플레이어, 협동전이 모두 포함된 클래식 실시간 전략 게임",2,,
B0274,A26,RimWorld / Oxygen Not Included / Unpacking 언패킹,"인디, 시뮬레이션, 전략 / 인디, 시뮬레이션 / 캐주얼, 인디, 시뮬레이션","[RimWorld] 지능형 AI 이야기꾼이 주도하는 공상과학 정착지 시뮬레이터입니다. 심리, 생태, 총격전과 근접전, 날씨, 기후, 외교, 사람 사이의 관계, 예술, 의학, 무역, 그 외 많은 것들을 시뮬레이션하여 이야기를 생성합니다. ‖ [Oxygen Not Included] Oxygen Not Included는 우주 콜로니 시뮬레이션 게임입니다. 외계의 우주 암석 깊은 곳에서 근면한 일꾼들은 생존하고 나아가 번영하기 위해 과학을 마스터하고, 낯선 새로운 생명체에 맞서며, 경이로운 우주 테크놀로지를 활용해야 합니다. ‖ [Unpacking 언패킹] Unpacking은 상자에서 짐을 꺼내 새집에 맞게 배치하는 친숙한 체험에 대한 명상적 퍼즐 게임입니다. 게임의 일부인 블록 맞추기 게임과 집 꾸미기를 하는 동안, 푸는 짐에 닮긴 삶의 실마리를 찾아가며 만족할 만한 생활 공간을 만들어 보세요.",A Little to the Left,"캐주얼, 인디",A Little to the Left는 편안하게 즐기는 퍼즐 게임입니다. 난장판 만들기 좋아하는 말썽꾸러기 고양이에 유의하면서 집안 물건들을 이리저리 움직이며 깔끔하게 정리하세요. 즐겁고 직관적인 100개 이상의 퍼즐이 마련되어 있습니다.,3,,
B0275,A25,DOOMBLADE / Transiruby / Blast Brigade vs. the Evil Legion of Dr. Cread,"액션, 어드벤처, 인디 / 액션 / 액션, 어드벤처, 인디","[DOOMBLADE] Deep underground, Gloom Girl discovers DOOMBLADE, a sentient weapon hellbent on escape after eons in chains. Together, “Doom and Gloom” embark on a vengeful quest to unlock the pow ‖ [Transiruby] 차원 대륙의 의문을 풀어라! 는 사이보그 소녀 실비가 검과 엘리먼트 샷으로 적을 쓰러뜨리며 앞으로 나아가는 탐색형 액션 게임입니다! ‖ [Blast Brigade vs. the Evil Legion of Dr. Cread] 스릴 넘치는 플랫포밍과 깊이 있는 탐험 세계, 폭발적인 액션으로 가득한 2D 메트로이드배니아 어드벤처 게임을 즐겨보세요! Blast Brigade에서 영웅들로 팀을 구성해 세계를 구하세요!",Trapers Platformer,"액션, 어드벤처, 인디",Story driven Metroidvania-ish challenging platformer with cute hand-drawn graphics and a focus on exploration.,2,,
B0276,A17,Lethal Company / Phasmophobia / Deep Rock Galactic,"액션, 어드벤처, 인디, 앞서 해보기 / 액션, 인디, 앞서 해보기 / 액션","[Lethal Company] A co-op horror about scavenging at abandoned moons to sell scrap to the Company. ‖ [Phasmophobia] Phasmophobia is a 4 player online co-op psychological horror. Paranormal activity is on the rise and it’s up to you and your team to use all the ghost-hunting equipment at your dis ‖ [Deep Rock Galactic] 딥 락 갤럭틱은 1-4인의 플레이어가 협동하는 FPS 게임으로, 상남자 우주 드워프, 100% 파괴 가능한 맵 환경, 절차적 생성 동굴 지형, 그리고 끊임없이 등장하는 외계 괴물 무리가 특징입니다.",delivery pals,"액션, 어드벤처, 대규모 멀티플레이어",Put on your thermos bags and head outside with your friends. You will have to deliver food to the aliens and make sure that the last company on Earth does not close down.,2,,
B0277,A02,Still Life / Jenny LeClue - Detectivu / Telling Lies,"어드벤처 / 액션, 어드벤처, 캐주얼, 인디 / 어드벤처, 인디, 시뮬레이션",[Still Life] Still Life 2 also now available! ‖ [Jenny LeClue - Detectivu] Jenny LeClue - Detectivu는 조사와 선택지로 가득한 스릴 넘치는 미스터리 어드벤처 게임입니다. ‖ [Telling Lies] 네 명의 삶. 그리고 하나의 큰 거짓말. 아무도 모르게 녹화된 은밀한 대화를 들으며 진실을 알아내십시오. 큰 호평을 받았던 Her Story의 계승작입니다.,모태솔로,"인디, RPG, 시뮬레이션, 전략","서울의 어느 늦은 오후, 카페에서 대화하고 있는 두 사람을 발견한 당신은 그들의 대화에 참여하게 됩니다.",1,IRRELEVANT,
B0278,A29,Salt and Sanctuary,"액션, 인디, RPG","[Salt and Sanctuary] 두렵고도 잔혹한 섬의 탐험을 시작합니다… Salt and Sanctuary는 신속하고, 잔인하며, 복잡한 전투 시스템을 지닌 2D RPG입니다. 저주받은 도시의 잊힌 영역이나, 피에 물든 던전이나, 오염된 기념비와 같은 장소를 돌아다니며, 한때 축복을 받았지만 지금은 타락하고 만 영주들을 조우하세요.",Souldiers,"액션, 어드벤처","생과 사 사이에 갇힌 드넓은 판타지 세계에서 자유를 위해 싸우세요. 스킬을 연마하여 레트로 서사를 바탕으로 퍼즐 플랫폼 게임, 메트로이드배니아식 탐험, 실감 나는 유사 영혼의 전투를 즐겨보세요.",3,,
B0279,A07,Into the Breach / Monster Train / Mini Metro,"인디, RPG, 시뮬레이션, 전략 / 전략 / 인디, 시뮬레이션, 전략","[Into the Breach] 미래의 강력한 메크를 조종하여 외계 세력을 물리치세요. 이 턴제 전략 게임에서는 세계를 구하려 시도할 때마다 무작위로 새롭게 생성되는 도전이 여러분 앞에 나타납니다. ‖ [Monster Train] Monster Train is a strategic roguelike deck building game with a twist. Set on a train to hell, you’ll use tactical decision making to defend multiple vertical battlegrounds. With  ‖ [Mini Metro] 미니 메트로는 성장하는 도시를 위해 지하철 노선을 설계하는 게임입니다. 역과 역 사이에 노선을 그려서 열차 운행을 시작하세요. 새로운 역이 열리면 노선을 수정해서 노선도를 효율적으로 유지하세요. 한정된 자원을 어느 곳에 사용할 것인지 결정하세요. 도시를 얼마나 오래 유지할 수 있을까요?",Blood Card,"인디, 전략","이 카드 게임은 로그라이크와 덱 빌딩 장르의 요소를 혼합시켰습니다. 게임 도중, 당신은 고유한 덱을 짜기 위한 카드를 수집하고 점점 당신의 여정에 다가오는 적들을 그 덱으로 물리치기 위해 분투할 것입니다. 탈출하거나, 당신의 생명을 거두어 가기 위해 당신을 쫒는 사신을 물리쳐야 합니다.",3,,
B0280,A25,DOOMBLADE / Transiruby / Blast Brigade vs. the Evil Legion of Dr. Cread,"액션, 어드벤처, 인디 / 액션 / 액션, 어드벤처, 인디","[DOOMBLADE] Deep underground, Gloom Girl discovers DOOMBLADE, a sentient weapon hellbent on escape after eons in chains. Together, “Doom and Gloom” embark on a vengeful quest to unlock the pow ‖ [Transiruby] 차원 대륙의 의문을 풀어라! 는 사이보그 소녀 실비가 검과 엘리먼트 샷으로 적을 쓰러뜨리며 앞으로 나아가는 탐색형 액션 게임입니다! ‖ [Blast Brigade vs. the Evil Legion of Dr. Cread] 스릴 넘치는 플랫포밍과 깊이 있는 탐험 세계, 폭발적인 액션으로 가득한 2D 메트로이드배니아 어드벤처 게임을 즐겨보세요! Blast Brigade에서 영웅들로 팀을 구성해 세계를 구하세요!",몬스터 보이와 저주받은 왕국,"액션, 어드벤처, 인디",완전히 새로운 어드벤처로 돌아온 전설의 게임 시리즈! 오리지널 시리즈 제작자 '류이치 니시자와’와 공동 제작한 컬러풀한 액션 어드벤처 게임을 즐겨보세요.,3,,
B0281,A09,Roots of Yggdrasil / Ancient Gods / Flick Shot Rogues,"인디, 전략 / RPG, 전략 / 인디, 전략","[Roots of Yggdrasil] Build settlements, explore the Nine Realms, collect artifacts and upgrade your deck to reach the top of Yggdrasil in this post-Ragnarok roguelike city-builder! Can you survive the  ‖ [Ancient Gods] Ancient Gods is a fusion of hero collector and deck-building rogue-lite where you collect your character, fight, and experience exciting events. Any character can use all the cards ‖ [Flick Shot Rogues] 계획하고, 조준하고, 쏘세요! FLICK SHOT ROGUES는 테이블 위에서 물건을 튕기는 촉각적 만족감과 사람들이 좋아하는 턴제 로그라이크의 전략적 깊이를 결합한 게임입니다. 말도 안되는 콤보를 연결하고, 캐릭터, 아이템, 스킬을 잠금 해제하면서, 섬을 정복하세요!",Cobalt Core,"인디, 전략","새롭고 심오한 2D 전략 SF 로그라이크 덱빌더 게임입니다! 미사일을 피하고, 대포를 정비하고, 공중에서 쏘아 없애세요... 그리고 타임 루프를 파헤치세요. 시간이 없습니다!",3,,
B0282,A08,Sid Meier’s Civilization® VI / XCOM® 2 / Stellaris,"전략 / 전략 / 시뮬레이션, 전략","[Sid Meier’s Civilization® VI] 문명 VI 에서는 새로운 방식으로 세상과 소통하고, 제국의 영토를 확장시키며, 문화를 발전시키고, 역사속 위대한 지도자들에 맞서 오래도록 지속될 나만의 문명을 건설해볼 수 있습니다. 클레오파트라를 비롯한 20명의 역사 속 지도자들 중 한명으로 플레이 해보세요. ‖ [XCOM® 2] XCOM 2는 수상 경력이 있는 전략 게임 XCOM: Enemy Unknown의 속편입니다. 인류가 외계인 침략군에게 항복한 지 20년, 이제 지구 상에는 새로운 세계 질서가 존재합니다. 수년간을 어둠 속에서 숨어 있었던 XCOM 부대는 반드시 일어나 외계인의 지배를 무너뜨릴 것입니다. ‖ [Stellaris] 항성간 여행을 통해 우주를 탐험하며 수많은 종족들도 만나보세요. 과학선을 보내 우주를 조사하고 탐험하면서 은하 제국을 건설하고, 건축선을 보내 새로 발견한 행성에 기지를 건설하세요. 소속 사회를 위한 탐험에 나서 매장된 보물과 은하계의 경이를 발견하고, 탐험가의 한계치와 진화 범위를 설정하세요. 동맹이 체결되고, 전쟁이 ",Age of Empires IV: Anniversary Edition,전략,수백만 명의 글로벌 플레이어를 기쁘게하는 첫 해를 축하하는 수상 경력에 빛나는 베스트셀러 전략 프랜차이즈는 에이지 오브 엠파이어 IV: 기념일 에디션으로 계속되어 세계를 형성 한 더욱 서사시적인 역사적 전투의 중심에 서게합니다.,3,,
B0283,A34,Pid / ChromaGun / Deer & Boy,"어드벤처, 인디 / 액션, 어드벤처, 인디 / 액션, 어드벤처, 인디","[Pid] You are stranded on a strange and peculiar planet. It’s time to embark on your journey and find your way home! Explore a gravity defying and challenging platformer with striking vi ‖ [ChromaGun] Welcome to ChromaTec’s test lab! You’re here to test our state-of-the-art military-grade color-technology: The ChromaGun (patent pending)! Use it to solve our meticulously designed ‖ [Deer & Boy] 도망친 소년은 길 잃은 어린 사슴을 만나 고요하면서도 위태로운 세상을 함께 헤쳐 나갑니다. 퍼즐을 풀고, 높은 곳에 오르고, 위협을 피해 나아가며 당신의 동료는 연약한 아기 사슴에서 어엿한 사슴으로 성장하죠. 혼자서는 할 수 없었던 일을 함께 해내는 법을 배우게 됩니다.",The Prism,"어드벤처, 인디, 전략","A 2D Puzzle platformer about 2 Pixels trying to gain their path to freedom. It focuses on art, music and game play in their vibrant world...and prison...",3,,
B0284,A03,Balatro / Hades / Vampire Survivors,"캐주얼, 인디, 전략 / 액션, 인디, RPG / 액션, 캐주얼, 인디, RPG","[Balatro] 포커 로그라이크 게임. Balatro는 불법 포커 패로 게임을 하고, 판을 뒤엎는 조커를 발견하고, 아드레날린이 치솟는 강력한 콤보를 만드는 덱 빌딩 게임입니다. ‖ [Hades] Bastion, Transistor, Pyre의 제작사에서 선보이는 이 로그라이크 던전 탐색형 게임에서 핵 앤 슬래시로 지하 세계를 탈출하고 죽음의 신에게 도전하세요. ‖ [Vampire Survivors] 수많은 어둠의 피조물을 쓰러뜨리며 새벽이 올 때까지 생존하세요! Vampire Survivors는 로그라이트 요소를 갖춘 고딕 호러 케주얼 게임입니다. 당신의 선택으로 순식간에 수백 마리의 괴물이 눈덩이처럼 불어날 수 있죠.",Fogpiercer 포그피어서,"RPG, 전략","안개를 헤쳐나가며 전투를 벌여야 하는 이 SF 로그라이크 덱빌딩 게임에서, 교묘한 위치 선정, 폭발적인 연쇄 반응, 그리고 주변 환경 자체가 명운을 좌우할 중요한 요소가 될 것입니다.",3,,
B0285,A28,Dordogne / A YEAR OF SPRINGS / Botany Manor,"어드벤처, 인디 / 캐주얼, 인디, 시뮬레이션 / 어드벤처","[Dordogne] 이 유년 시절의 여정에서 특별한 내러티브에 몰입하며 도르도뉴의 수천 가지 여름의 색을 탐험하고, 추억을 떠올리며 가족의 비밀을 밝히세요. ‖ [A YEAR OF SPRINGS] 세 명의 여성, 세 개의 이야기, 세 개의 봄. 세 명의 친구들이 사랑, 공감, 그리고 단지 함께하고 싶어하는 감정에 대한 방향을 찾아나가는 3 부작 비주얼 노벨 A YEAR OF SPRINGS 에서 하루, 에리카, 마나미의 이야기를 체험하세요. ‖ [Botany Manor] Welcome to Botany Manor, a stately home in 19th century England. You play as inhabitant Arabella Greene, a retired botanist. Explore your house and gardens, filled with research, t",Alba: A Wildlife Adventure,"어드벤처, 캐주얼",사람의 아주 작은 힘이 큰 변화를 만들어낼 수도 있는 법입니다. 아름다운 섬과 야생 동물을 지키려는 알바의 여정에 함께하며 큰 변화를 이끌어보세요!,3,,
B0286,A06,Cities: Skylines / Factorio / Farming Simulator 22,"시뮬레이션, 전략 / 캐주얼, 인디, 시뮬레이션, 전략 / 시뮬레이션","[Cities: Skylines] Cities: Skylines is a modern take on the classic city simulation. The game introduces new game play elements to realize the thrill and hardships of creating and maintaining a real  ‖ [Factorio] Factorio는 무한한 2D 세상에서 복잡성이 증가하는 아이템을 생산하기 위해 자동화 공장을 만드는 게임입니다. - 당신의 상상력으로 공장을 설계, 독창적인 방법으로 간단한 요소를 결합하고 마지막엔 당신을 좋아하지 않는 생물들로 부터 공장을 지키세요. ‖ [Farming Simulator 22] 농장을 만들고 농사를 즐기세요! 작물을 수확하고, 동물을 돌보고, 생산을 관리하고, 계절에 따른 어려움을 이겨내세요.",Agricultural Simulator 2011: Extended Edition,"액션, 어드벤처, 캐주얼, 시뮬레이션, 전략","Assume the role of a farmer to make and manage your land. Invest in CLAAS machinery, crops, livestock, and other improvements.",3,,
B0287,A11,Forza Horizon 5 / Hi-Fi RUSH / Street Fighter 6,"액션, 어드벤처, 레이싱, 시뮬레이션, 스포츠 / 액션 / 액션, 어드벤처","[Forza Horizon 5] 세계 최고의 자동차를 타고 생동감 넘치는 멕시코의 대자연을 탐험하며 재미있는 드라이빙 액션을 마음껏 즐겨보세요. ‖ [Hi-Fi RUSH] 아케이드 챌린지! 업데이트!로 추가되는 두 개의 신규 게임 모드에서 여러분의 능력을 시험하고, 새로운 보상을 획득해 보세요. 몇 가지 비밀도 숨어 있답니다! 락 스타 지망생 차이가 되어 비트를 타고, 세상 모든 게 음악에 싱크되는 세계에서 오합지졸 팀과 함께 사악한 거대 기업에 맞서 싸우세요. ‖ [Street Fighter 6] 시리즈 최신작 『Street Fighter 6』, 2023년 6월 2일 발매 결정! RE ENGINE으로 개발된 본 작품은 대형 모드 「World Tour」, 「Fighting Ground」, 「Battle Hub」로 구성되어 있다. 새로운 「스트리트 파이터」에는 지금까지의 시리즈에는 없었던 새로운 체험이 기다리고 있다.",STRANGER OF PARADISE FINAL FANTASY ORIGIN,"액션, 어드벤처, RPG","SQUARE ENIX와 Team NINJA(KOEI TECMO GAMES)가 공동 개발한, 「FINAL FANTASY」 시리즈의 새로운 방향성을 나타내는 본격 액션 RPG 『STRANGER OF PARADISE FINAL FANTASY ORIGIN』. 중후한 스토리와 고난도 액션을 즐기며, 더욱 강력한 무기를 모아 다양한 어빌리티를 구사해 싸워라 「FINAL FANTASY」 시리즈 사상 가장 잔혹하고 호쾌한 전투를 체험하라",2,,
B0288,A03,Balatro / Hades / Vampire Survivors,"캐주얼, 인디, 전략 / 액션, 인디, RPG / 액션, 캐주얼, 인디, RPG","[Balatro] 포커 로그라이크 게임. Balatro는 불법 포커 패로 게임을 하고, 판을 뒤엎는 조커를 발견하고, 아드레날린이 치솟는 강력한 콤보를 만드는 덱 빌딩 게임입니다. ‖ [Hades] Bastion, Transistor, Pyre의 제작사에서 선보이는 이 로그라이크 던전 탐색형 게임에서 핵 앤 슬래시로 지하 세계를 탈출하고 죽음의 신에게 도전하세요. ‖ [Vampire Survivors] 수많은 어둠의 피조물을 쓰러뜨리며 새벽이 올 때까지 생존하세요! Vampire Survivors는 로그라이트 요소를 갖춘 고딕 호러 케주얼 게임입니다. 당신의 선택으로 순식간에 수백 마리의 괴물이 눈덩이처럼 불어날 수 있죠.",The Useless Wizard,"액션, 캐주얼, 인디, 앞서 해보기","마법이 전혀 없는 알코올 중독 마법사가 바위만으로 마을을 구해야 한다! 전략적인 액션, 혼돈의 무기 콤보, 그리고 어두운 유머가 충돌하는 Vampire Survivors 스타일의 독특한 변주!",3,,
B0289,A32,Hardspace: Shipbreaker / Hacknet / The Case of the Golden Idol / 방 탈출 시뮬레이터 / shapez 2 - Factory,"시뮬레이션 / 인디, 시뮬레이션 / 어드벤처, 인디 / 어드벤처, 캐주얼, 인디, 시뮬레이션 / 캐주얼, 인디, 시뮬레이션, 전략","[Hardspace: Shipbreaker] Equipped with cutting-edge salvaging tech, carve & slice spaceships to recover valuable materials. Upgrade your gear to take on more lucrative contracts and pay your billion credit ‖ [Hacknet] Hacknet은 터미널 기반의 몰입형 해킹 시뮬레이터입니다. 최근에 사망한, 그러나 언론 보도와는 달리 사고로 사망하지 않은 해커의 지시에 따라 진실을 추척하십시오. ‖ [The Case of the Golden Idol] A new kind of detective game that allows you to think and investigate freely. Discover clues surrounding 12 strange and gruesome deaths and build your own theory. Pick your suspect ‖ [방 탈출 시뮬레이터] Escape Simulator는 단독 또는 온라인 협동 플레이가 가능한 1인칭 퍼즐 게임입니다. 점점 더 많아지는, 고도의 상호 작용이 가능한 방탈출 세트를 탐험하세요. 가구를 옮기고, 모든 것을 집어 들고 검사하고, 냄비를 부수고 자물쇠를 부수세요! 레벨 편집기를 통해 커뮤니티가 만든 방을 지원합니다. ‖ [shapez 2 - Factory] 공장 건설 게임에 빠져들어 보세요. 단 한 가지에 집중하세요. 대규모 우주 공장을 건설하는 것! 방대하게 펼쳐지는 다층 공장과 만족스러운 생산 라인을 무제한으로 설계하세요. 계속해서 어려워지는 자동화 목표를 적의 위협 없이 자신만의 속도로 달성하세요.",Murder at Ironwood Inn,"어드벤처, 인디","A shocking murder has rocked the Ironwood Inn. Play as one of four detectives, each with unique interrogation styles. Search for clues, question suspects, and uncover secrets in this high-stakes mystery. Can you solve the case before time runs out?",3,,
B0290,A29,Salt and Sanctuary,"액션, 인디, RPG","[Salt and Sanctuary] 두렵고도 잔혹한 섬의 탐험을 시작합니다… Salt and Sanctuary는 신속하고, 잔인하며, 복잡한 전투 시스템을 지닌 2D RPG입니다. 저주받은 도시의 잊힌 영역이나, 피에 물든 던전이나, 오염된 기념비와 같은 장소를 돌아다니며, 한때 축복을 받았지만 지금은 타락하고 만 영주들을 조우하세요.",Force of Nature 2: Ghost Keeper,"액션, 어드벤처, 인디, RPG, 전략","Force of Nature 2: Ghost Keeper offers incredible adventures full of mystery, danger, exploration and magic. This game combines the genres of Survival, Sandbox, Action, Adventure, RPG, Strategy and Resource Management",1,GENRE_ONLY,
B0291,A19,ELDEN RING / Disco Elysium - The Final Cut / Outer Wilds,"액션, RPG / RPG / 액션, 어드벤처","[ELDEN RING] 본 게임은 본격적인 다크 판타지 세계를 무대로 한 액션 RPG입니다. 드넓은 필드와 던전 탐험을 통해 미지의 것들을 발견해 보세요. 앞길을 막아서는 난관과 그것을 극복했을 때의 달성감, 그리고 등장인물들의 의도가 교착하는 군상극도 즐기실 수 있습니다. ‖ [Disco Elysium - The Final Cut] 디스코 엘리시움 - 최종판은 획기적인 오픈 월드 롤플레잉 게임입니다. 당신은 독특한 스킬 시스템을 갖춘 형사로서 오롯한 도시 블록을 당신의 미래를 닦기 위해 다듬을 수 있습니다. 잊지 못할 등장인물들을 심문하거나, 살인 사건을 해결하거나, 뇌물을 받으세요. 영웅이 되거나 인류의 완전한 재앙이 되세요. ‖ [Outer Wilds] Giant Bomb, Polygon, Eurogamer, The Guardian에 의해 2019년 올해의 게임에 이름을 올리며 냉정한 호평과 수상 실적이 있는 Outer Wilds는 무한 시간 루프에 갇힌 태양계에 관한 공개된 세계의 미스터리 게임입니다.",Atlas Fallen: Reign Of Sand,"액션, 어드벤처, RPG",싱글 플레이어 또는 협동으로 궁극의 Atlas Fallen을 경험할 수 있는 '모래의 통치(Reign of Sand)'를 만나 보세요. 끝이 없는 땅의 모래를 타고 극적인 액션 RPG 전투를 펼치며 어마어마한 힘을 사용하여 전설의 괴물들을 물리칠 수 있습니다.,2,,
B0292,A08,Sid Meier’s Civilization® VI / XCOM® 2 / Stellaris,"전략 / 전략 / 시뮬레이션, 전략","[Sid Meier’s Civilization® VI] 문명 VI 에서는 새로운 방식으로 세상과 소통하고, 제국의 영토를 확장시키며, 문화를 발전시키고, 역사속 위대한 지도자들에 맞서 오래도록 지속될 나만의 문명을 건설해볼 수 있습니다. 클레오파트라를 비롯한 20명의 역사 속 지도자들 중 한명으로 플레이 해보세요. ‖ [XCOM® 2] XCOM 2는 수상 경력이 있는 전략 게임 XCOM: Enemy Unknown의 속편입니다. 인류가 외계인 침략군에게 항복한 지 20년, 이제 지구 상에는 새로운 세계 질서가 존재합니다. 수년간을 어둠 속에서 숨어 있었던 XCOM 부대는 반드시 일어나 외계인의 지배를 무너뜨릴 것입니다. ‖ [Stellaris] 항성간 여행을 통해 우주를 탐험하며 수많은 종족들도 만나보세요. 과학선을 보내 우주를 조사하고 탐험하면서 은하 제국을 건설하고, 건축선을 보내 새로 발견한 행성에 기지를 건설하세요. 소속 사회를 위한 탐험에 나서 매장된 보물과 은하계의 경이를 발견하고, 탐험가의 한계치와 진화 범위를 설정하세요. 동맹이 체결되고, 전쟁이 ",Fallout Tactics: Brotherhood of Steel,전략,"Tactical Squad-Based Combat comes to the Fallout® Universe! You are the wretched refuse. You may be born from dirt, but we will forge you into steel. You will learn to bend; if not you, will you break. In these dark times, the Brotherhood - your Brotherhood - is all that stands between the rekindled",3,,
B0293,A24,Valheim / Grounded / My Time at Portia,"액션, 어드벤처, 인디, RPG, 앞서 해보기 / 액션, 어드벤처 / 어드벤처, 캐주얼, 인디, RPG, 시뮬레이션","[Valheim] 북구 신화와 바이킹 문화에 기반한 판타지 세계를 배경으로 펼쳐지는 생존 및 탐험 게임. ‖ [Grounded] The world is a vast, beautiful and dangerous place – especially when you have been shrunk to the size of an ant. Can you thrive alongside the hordes of giant insects, fighting to s ‖ [My Time at Portia] 아름다운 Portia 마을에서 새 삶을 시작하세요! 아버지가 방치한 작업장에서 제작을 부탁받고, 작물을 키우고, 가축을 기르고, 아름다운 세기말의 땅에서 특이한 친구들을 사귀며 작업장을 예전의 멋진 모습으로 복원하세요.",Tribes of Midgard,"액션, 어드벤처, 인디, RPG","혼자 또는 10명까지 같이 즐길 수 있는 활기찬 생존 및 액션 RPG 게임입니다! 전설 아이템을 제작하고, 기지를 발전시키고, 절차적으로 생성되는 게임 내 세계 속에서 라그나로크를 불러오려는 거대한 괴물들과 맞서는 영웅적인 여정을 떠나세요. 발할라는 좀 미뤄도 좋습니다, 에인헤리!",3,,
B0294,A14,Iron Brigade / Ancient Planet Tower Defense / Creeper World IXE,"액션, 전략 / 캐주얼, 인디, 전략 / 액션, 캐주얼, 인디, 시뮬레이션, 전략","[Iron Brigade] Join The Mobile Trench Brigade and protect humanity from the evil Monovision menace! ‖ [Ancient Planet Tower Defense] 고대 행성 타워 디펜스는 정통 타워 디펜스 게임입니다. 고대 문명의 요새가 외계 침략자들로부터 침략당했습니다. 고대의 강력한 기술을 사용하여 적군의 공격을 물리치십시오! ‖ [Creeper World IXE] The unstoppable alien force known as The Creeper has returned, devouring thousands of worlds in its path, and yours is next. Battle against the Creeper fluid in a groundbreaking pi",STAR WARS™ Galactic Battlegrounds Saga,"액션, 전략","Lead the great armies of the Star Wars™ Episode II: Attack of the Clones saga in intense real-time strategy clashes. Enter the fray as the Galactic Empire, Rebel Alliance, Wookies, Trade Federation, Gungans or Royal Naboo to determine the course of the Galactic Civil War.",2,,
B0295,A14,Iron Brigade / Ancient Planet Tower Defense / Creeper World IXE,"액션, 전략 / 캐주얼, 인디, 전략 / 액션, 캐주얼, 인디, 시뮬레이션, 전략","[Iron Brigade] Join The Mobile Trench Brigade and protect humanity from the evil Monovision menace! ‖ [Ancient Planet Tower Defense] 고대 행성 타워 디펜스는 정통 타워 디펜스 게임입니다. 고대 문명의 요새가 외계 침략자들로부터 침략당했습니다. 고대의 강력한 기술을 사용하여 적군의 공격을 물리치십시오! ‖ [Creeper World IXE] The unstoppable alien force known as The Creeper has returned, devouring thousands of worlds in its path, and yours is next. Battle against the Creeper fluid in a groundbreaking pi",King War [RTS],"인디, 시뮬레이션, 전략","Who can be the last king in the dogfight between the countries of the earth and aliens? A pixel-style real-time strategy game, a simple and easy experience for placing units",2,,
B0296,A02,Still Life / Jenny LeClue - Detectivu / Telling Lies,"어드벤처 / 액션, 어드벤처, 캐주얼, 인디 / 어드벤처, 인디, 시뮬레이션",[Still Life] Still Life 2 also now available! ‖ [Jenny LeClue - Detectivu] Jenny LeClue - Detectivu는 조사와 선택지로 가득한 스릴 넘치는 미스터리 어드벤처 게임입니다. ‖ [Telling Lies] 네 명의 삶. 그리고 하나의 큰 거짓말. 아무도 모르게 녹화된 은밀한 대화를 들으며 진실을 알아내십시오. 큰 호평을 받았던 Her Story의 계승작입니다.,TOEM: A Photo Adventure,"어드벤처, 캐주얼, 인디","손으로 그린 모험 게임에서 즐거운 모험을 떠나며 사진작가의 안목을 사용해 마법 같은 TOEM의 미스터리를 밝혀내세요. 괴짜 캐릭터들과 대화하고, 좋은 사진을 찍어 이들의 문제를 해결하고, 여유로운 풍경을 따라 여행을 떠나세요!",2,,
B0297,A20,Counter-Strike 2 / PUBG: BATTLEGROUNDS / 톰 클랜시의 레인보우식스 시즈,"액션, 무료 플레이 / 액션, 어드벤처, 대규모 멀티플레이어, 무료 플레이 / 액션, 무료 플레이","[Counter-Strike 2] Counter-Strike는 20년이 넘는 시간 동안 전 세계 수백만 명의 플레이어가 모여 수준 높은 경쟁을 펼칠 수 있는 플랫폼을 제공해 왔습니다. 그리고 이제 곧 Counter-Strike 2와 함께 새로운 CS 시대의 막이 열립니다. ‖ [PUBG: BATTLEGROUNDS] 배틀로얄 유행의 시작이자, 그 정수를 보여준 PUBG: 배틀그라운드를 지금 무료로 플레이하세요! 다양한 맵에 낙하하여 무기와 보급품을 확보하고, 점점 줄어드는 블루존 속에서 끝까지 살아남아 승리를 쟁취하세요. ‖ [톰 클랜시의 레인보우식스 시즈] 톰 클랜시의 레인보우식스 시즈는 탁월한 계획과 기술이 승부를 좌우하는 전술적인 정예 팀 기반 슈팅 게임입니다.",Joint Operations: Combined Arms Gold,액션,"The most ferocious online conflict of the 21st century is now available in its most definitive form: introducing Joint Operations: Combined Arms Gold, the largest multiplayer FPS collection ever. With the award-winning Joint Operations: Typhoon Rising and the bestselling Joint Operations: Escalation",2,,
B0298,A10,A Short Hike / ISLANDERS / Gorogoa,"어드벤처, 인디 / 캐주얼, 인디, 전략 / 어드벤처, 캐주얼, 인디","[A Short Hike] Hike, climb, and soar through the peaceful mountainside landscapes of Hawk Peak Provincial Park as you make your way to the summit. ‖ [ISLANDERS] ISLANDERS is a minimalist strategy game about building cities on colorful islands. ‖ [Gorogoa] Gorogoa(고로고아)는 Jason Roberts가 디자인하고 일러스트레이션을 손으로 그린 아름다운 차세대 퍼즐 게임입니다.",MEANDERS,"액션, 어드벤처, 캐주얼, 인디",MEANDERS는 다채롭고 재미있는 일련의 도전을 통해 반짝이는 모험입니다.,2,,
B0299,A06,Cities: Skylines / Factorio / Farming Simulator 22,"시뮬레이션, 전략 / 캐주얼, 인디, 시뮬레이션, 전략 / 시뮬레이션","[Cities: Skylines] Cities: Skylines is a modern take on the classic city simulation. The game introduces new game play elements to realize the thrill and hardships of creating and maintaining a real  ‖ [Factorio] Factorio는 무한한 2D 세상에서 복잡성이 증가하는 아이템을 생산하기 위해 자동화 공장을 만드는 게임입니다. - 당신의 상상력으로 공장을 설계, 독창적인 방법으로 간단한 요소를 결합하고 마지막엔 당신을 좋아하지 않는 생물들로 부터 공장을 지키세요. ‖ [Farming Simulator 22] 농장을 만들고 농사를 즐기세요! 작물을 수확하고, 동물을 돌보고, 생산을 관리하고, 계절에 따른 어려움을 이겨내세요.",Sun Haven,"어드벤처, 캐주얼, 인디, RPG, 시뮬레이션","농장을 건설하고 마을 사람들과의 관계를 쌓거나 마법, 괴물, 드래곤의 모험을 계속하세요. 8인 멀티플레이어에서 스킬 트리를 통해 레벨 업하거나 혼자서 모험하세요!",2,,
B0300,A19,ELDEN RING / Disco Elysium - The Final Cut / Outer Wilds,"액션, RPG / RPG / 액션, 어드벤처","[ELDEN RING] 본 게임은 본격적인 다크 판타지 세계를 무대로 한 액션 RPG입니다. 드넓은 필드와 던전 탐험을 통해 미지의 것들을 발견해 보세요. 앞길을 막아서는 난관과 그것을 극복했을 때의 달성감, 그리고 등장인물들의 의도가 교착하는 군상극도 즐기실 수 있습니다. ‖ [Disco Elysium - The Final Cut] 디스코 엘리시움 - 최종판은 획기적인 오픈 월드 롤플레잉 게임입니다. 당신은 독특한 스킬 시스템을 갖춘 형사로서 오롯한 도시 블록을 당신의 미래를 닦기 위해 다듬을 수 있습니다. 잊지 못할 등장인물들을 심문하거나, 살인 사건을 해결하거나, 뇌물을 받으세요. 영웅이 되거나 인류의 완전한 재앙이 되세요. ‖ [Outer Wilds] Giant Bomb, Polygon, Eurogamer, The Guardian에 의해 2019년 올해의 게임에 이름을 올리며 냉정한 호평과 수상 실적이 있는 Outer Wilds는 무한 시간 루프에 갇힌 태양계에 관한 공개된 세계의 미스터리 게임입니다.",BEAUTIFUL DESOLATION,"어드벤처, 인디","어린 시절의 어드벤처 게임에 대한 경의. 《뷰티풀 데솔레이션(BEAUTIFUL DESOLATION)은 2차원 아이소메트릭 모험을 선사합니다. 번화한 도시부터 무너진 대도시, 석화된 숲, 뼈가 말라붙은 해저에 이르기까지 종말 이후의 풍경을 탐험하세요. 퍼즐을 풀고, 새로운 친구를 만나고, 강력한 적을 만들고, 갈등을 중재하고, 주변 세상의 비밀을 풀면서 목숨을 걸고 싸워보세요.",3,,
B0301,A06,Cities: Skylines / Factorio / Farming Simulator 22,"시뮬레이션, 전략 / 캐주얼, 인디, 시뮬레이션, 전략 / 시뮬레이션","[Cities: Skylines] Cities: Skylines is a modern take on the classic city simulation. The game introduces new game play elements to realize the thrill and hardships of creating and maintaining a real  ‖ [Factorio] Factorio는 무한한 2D 세상에서 복잡성이 증가하는 아이템을 생산하기 위해 자동화 공장을 만드는 게임입니다. - 당신의 상상력으로 공장을 설계, 독창적인 방법으로 간단한 요소를 결합하고 마지막엔 당신을 좋아하지 않는 생물들로 부터 공장을 지키세요. ‖ [Farming Simulator 22] 농장을 만들고 농사를 즐기세요! 작물을 수확하고, 동물을 돌보고, 생산을 관리하고, 계절에 따른 어려움을 이겨내세요.",FACTORY I,"인디, 시뮬레이션, 앞서 해보기","FACTORY I 은 심플하고 극도로 깔끔한 UI를 통해 공장 자동화의 순수한 재미를 극대화한 미니멀리즘 시뮬레이션 게임입니다. 복잡한 그래픽 대신 직관적인 인터페이스 속에서 자원을 수집하고, 완벽한 생산 라인을 설계하며 무한한 효율에 도전하세요.",3,,
B0302,A25,DOOMBLADE / Transiruby / Blast Brigade vs. the Evil Legion of Dr. Cread,"액션, 어드벤처, 인디 / 액션 / 액션, 어드벤처, 인디","[DOOMBLADE] Deep underground, Gloom Girl discovers DOOMBLADE, a sentient weapon hellbent on escape after eons in chains. Together, “Doom and Gloom” embark on a vengeful quest to unlock the pow ‖ [Transiruby] 차원 대륙의 의문을 풀어라! 는 사이보그 소녀 실비가 검과 엘리먼트 샷으로 적을 쓰러뜨리며 앞으로 나아가는 탐색형 액션 게임입니다! ‖ [Blast Brigade vs. the Evil Legion of Dr. Cread] 스릴 넘치는 플랫포밍과 깊이 있는 탐험 세계, 폭발적인 액션으로 가득한 2D 메트로이드배니아 어드벤처 게임을 즐겨보세요! Blast Brigade에서 영웅들로 팀을 구성해 세계를 구하세요!",Slavania,"액션, 어드벤처, 인디","Fantasy metroidvania with a moral choice and hunting the bosses who are not going to patiently wait for you in their lair. Study the monsters. Track'em. Kill'em. Exploration of the vast interconnected fairytale world, an acrobatic combat system and weird locals are what awaits you.",3,,
B0303,A02,Still Life / Jenny LeClue - Detectivu / Telling Lies,"어드벤처 / 액션, 어드벤처, 캐주얼, 인디 / 어드벤처, 인디, 시뮬레이션",[Still Life] Still Life 2 also now available! ‖ [Jenny LeClue - Detectivu] Jenny LeClue - Detectivu는 조사와 선택지로 가득한 스릴 넘치는 미스터리 어드벤처 게임입니다. ‖ [Telling Lies] 네 명의 삶. 그리고 하나의 큰 거짓말. 아무도 모르게 녹화된 은밀한 대화를 들으며 진실을 알아내십시오. 큰 호평을 받았던 Her Story의 계승작입니다.,Kirakira Monstars,"어드벤처, 캐주얼","It's sure to bring a smile to everyone's face! In the big city of the human world, a group of monstrous girls go about their daily lives in a serious, anything-goes, slapstick frenzy!",1,IRRELEVANT,
B0304,A22,Deck of Ashes / Dicefolk / Cubic Cosmos,"어드벤처, 인디, RPG, 전략 / 캐주얼, 인디, 전략 / 전략","[Deck of Ashes] 덱 오브 애쉬즈(Deck of Ashes)는 전술 카드 전투를 벌이는 어드벤처 게임입니다. 한 번에 한 캐릭터씩 안티히어로 일행을 이끌어 속죄의 여행을 떠나보세요. 저주받은 판타지 세계를 탐험하며 강력한 카드를 찾아보세요. 독특한 전투 덱을 형성하여 적들을 무찌르세요! 잿빛 저주의 세계를 제거하실 수 있겠습니까? ‖ [Dicefolk] 마법 주사위의 힘을 휘두르고 강력한 키메라 팀을 구축해보세요! 수수께끼의 악을 멈추기 위한 택티컬 덱빌딩 로그라이트 모험이 다가오고 있습니다. 키메라 소환사로서, 신화적인 짐승들을 모집하고 완벽한 팀을 만들고, 다이스포크만의 독특한 주사위 메커니즘을 활용하여 승리로 이끌어주세요. ‖ [Cubic Cosmos] Cubic Cosmos is a thrilling fast-paced roguelike card game. You have been trapped in a deadly game. One wrong move could see you reduced to a plaything of the goddess. Can you free",The Drawstring Dungeon,전략,"Forge insane decks, stack powerful charms, battle pun-fueled monsters, and build your own final boss in this chaotic roguelike deckbuilder packed with evolving cards, extractions, and endless combos.",3,,
B0305,A03,Balatro / Hades / Vampire Survivors,"캐주얼, 인디, 전략 / 액션, 인디, RPG / 액션, 캐주얼, 인디, RPG","[Balatro] 포커 로그라이크 게임. Balatro는 불법 포커 패로 게임을 하고, 판을 뒤엎는 조커를 발견하고, 아드레날린이 치솟는 강력한 콤보를 만드는 덱 빌딩 게임입니다. ‖ [Hades] Bastion, Transistor, Pyre의 제작사에서 선보이는 이 로그라이크 던전 탐색형 게임에서 핵 앤 슬래시로 지하 세계를 탈출하고 죽음의 신에게 도전하세요. ‖ [Vampire Survivors] 수많은 어둠의 피조물을 쓰러뜨리며 새벽이 올 때까지 생존하세요! Vampire Survivors는 로그라이트 요소를 갖춘 고딕 호러 케주얼 게임입니다. 당신의 선택으로 순식간에 수백 마리의 괴물이 눈덩이처럼 불어날 수 있죠.",Scarlet Tower,"액션, 캐주얼, 인디, RPG","낮에는 사냥, 밤에는 사냥! Scarlet Tower는 탤런트 트리, 클래스, 패밀리어 등과 같은 로그라이크 및 RPG 요소가 포함된 고딕 공포 캐주얼 게임입니다!",3,,
B0306,A34,Pid / ChromaGun / Deer & Boy,"어드벤처, 인디 / 액션, 어드벤처, 인디 / 액션, 어드벤처, 인디","[Pid] You are stranded on a strange and peculiar planet. It’s time to embark on your journey and find your way home! Explore a gravity defying and challenging platformer with striking vi ‖ [ChromaGun] Welcome to ChromaTec’s test lab! You’re here to test our state-of-the-art military-grade color-technology: The ChromaGun (patent pending)! Use it to solve our meticulously designed ‖ [Deer & Boy] 도망친 소년은 길 잃은 어린 사슴을 만나 고요하면서도 위태로운 세상을 함께 헤쳐 나갑니다. 퍼즐을 풀고, 높은 곳에 오르고, 위협을 피해 나아가며 당신의 동료는 연약한 아기 사슴에서 어엿한 사슴으로 성장하죠. 혼자서는 할 수 없었던 일을 함께 해내는 법을 배우게 됩니다.",Spelunky,인디,"Spelunky is a unique platformer with randomized levels that offer a challenging new experience each time you play. Journey deep underground and explore fantastic places filled with all manner of monsters, traps, and treasure.",2,,
B0307,A35,Project Zomboid / Don't Starve / The Forest,"인디, RPG, 시뮬레이션, 앞서 해보기 / 어드벤처, 인디, 시뮬레이션 / 액션, 어드벤처, 인디, 시뮬레이션","[Project Zomboid] Project Zomboid is the ultimate in zombie survival. Alone or in MP: you loot, build, craft, fight, farm and fish in a struggle to survive. A hardcore RPG skillset, a vast map, mass ‖ [Don't Starve] Don’t Starve is an uncompromising wilderness survival game full of science and magic. Enter a strange and unexplored world full of strange creatures, dangers, and surprises. Gather ‖ [The Forest] As the lone survivor of a passenger jet crash, you find yourself in a mysterious forest battling to stay alive against a society of cannibalistic mutants. Build, explore, survive i",Under A New Sun,"어드벤처, 인디, 시뮬레이션, 앞서 해보기","While searching for a new home, an unexpected failure in your ship has left you stranded on a planet surprisingly similar to Earth. Discover a vast open world, hunt for food, develop technologies, and build yourself a new home to survive!",3,,
B0308,A33,Garry's Mod / Team Fortress 2 / Left 4 Dead 2,"캐주얼, 인디, 시뮬레이션 / 액션, 무료 플레이 / 액션","[Garry's Mod] Garry's Mod is a physics sandbox. There aren't any predefined aims or goals. We give you the tools and leave you to play. ‖ [Team Fortress 2] 다양한 전술적 능력과 뚜렷한 개성을 갖춘 9가지 병과의 캐릭터를 플레이하세요. 끊임없이 업데이트되는 새로운 게임 모드, 맵, 장비 그리고 가장 중요한 모자까지 지금 바로 즐겨보세요! ‖ [Left 4 Dead 2] Set in the zombie apocalypse, Left 4 Dead 2 is a co-operative action horror FPS takes you and your friends through the cities, swamps and cemeteries of the Deep South, from Savanna",Ragdoll Party Online,"액션, 인디, 시뮬레이션","Create your own level with your friends online in the sandbox mode, play the mini-games, ragdoll, drive a car, fly with a Jetpack, fart to go higher, throw grenades. Access more than 45 items to build your own level.",3,,
B0309,A27,The Raven Remastered / The Frostrune / Mad Experiments: Escape Room,"어드벤처 / 어드벤처 / 어드벤처, 캐주얼, 인디, 시뮬레이션, 전략","[The Raven Remastered] London, 1964. An ancient ruby is stolen from the British Museum. At the crime scene: a raven feather. Is somebody trying to follow in the footsteps of The Raven, the legendary mast ‖ [The Frostrune] Unravel a mystery inspired by Viking myth and legend in The Frostrune, a classic point-and-click adventure based on historically accurate Norse culture and environments. ‖ [Mad Experiments: Escape Room] 수상 후보에 오른 이스케이프 게임 1인 또는 최대 5인까지 플레이하며 3개의 독특한 방을 탐험하고, 두뇌를 자극하는 퍼즐을 풀며 체셔 교수와 그의 실험에 얽힌 어두운 비밀을 밝혀보세요.",FAKEBOOK : 페이크북,"어드벤처, 캐주얼, 인디, 시뮬레이션","가상 SNS 공간을 무대로 펼쳐지는 포인트 앤 클릭 추리 어드벤처! 매일 수천만의 이용자가 일상을 공유하는 이곳에서 가족, 친구, 기업, 아이돌이 숨긴 비밀을 찾아내세요.",3,,
B0310,A33,Garry's Mod / Team Fortress 2 / Left 4 Dead 2,"캐주얼, 인디, 시뮬레이션 / 액션, 무료 플레이 / 액션","[Garry's Mod] Garry's Mod is a physics sandbox. There aren't any predefined aims or goals. We give you the tools and leave you to play. ‖ [Team Fortress 2] 다양한 전술적 능력과 뚜렷한 개성을 갖춘 9가지 병과의 캐릭터를 플레이하세요. 끊임없이 업데이트되는 새로운 게임 모드, 맵, 장비 그리고 가장 중요한 모자까지 지금 바로 즐겨보세요! ‖ [Left 4 Dead 2] Set in the zombie apocalypse, Left 4 Dead 2 is a co-operative action horror FPS takes you and your friends through the cities, swamps and cemeteries of the Deep South, from Savanna",Dead Rising® 2,"액션, 어드벤처",100만 장 이상 판매된 Dead Rising의 속편인 Dead Rising 2에서는 미국의 최신 및 최고의 향락 도시인 포춘 시티에서 좀비 서바이벌 호러가 펼쳐집니다.,3,,
B0311,A13,Death's Door / Children of Morta / Roboquest / Spelunky 2 / Nuclear Throne / Streets of Rogue / Neon Abyss / Curse of the Dead Gods / Rogue Legacy 2 / Have a Nice Death,"액션, 어드벤처, 인디, RPG / 액션, 어드벤처, 인디, RPG / 액션, 인디 / 액션, 인디 / 액션, 인디, RPG / 액션, 어드벤처, 인디, RPG / 액션, 어드벤처, 인디, RPG / 액션, 어드벤처 / 액션, 어드벤처, 인디, RPG / 액션, 인디","[Death's Door] 죽은 자의 영혼을 수확하고 시간을 끝내는 것은 단조로울 수 있지만 까마귀에겐 평범한 일입니다. 하지만 주어진 영혼을 도둑맞게 되면 변화가 일어납니다. 영혼을 도난하고 죽음의 손길이 닿지 않는 영역으로 도망친 절망적인 도둑을 추적하십시오. ‖ [Children of Morta] Children of Morta는 비범한 가족 영웅에 대한 스토리 중심의 액션 RPG 게임입니다. 다가오는 부패에 맞서 모든 결함과 미덕을 갖춘 베르그송 가를 이끄세요. 여러분은 여러분이 아끼는 사람들을 구하기 위해 모든 것을 희생할 수 있으신가요? ‖ [Roboquest] 로보퀘스트는 멸망한 미래 세계의 빠른 FPS 로그라이트입니다. 당신은 재부팅된 수호자로, 강철 궁둥짝을 걷어 찰 준비를 하세요! 혼자서 혹은 친구와 함께 맞서거나 끊임없이 변화하는 환경에서 치명적인 로봇 군단을 섬멸하세요. ‖ [Spelunky 2] Spelunky 2 builds upon the unique, randomized challenges that made the original a roguelike classic, offering a huge adventure designed to satisfy players old and new. Meet the nex ‖ [Nuclear Throne] Nuclear Throne은 포스트 아포칼립스 세계관의 로그라이크 스타일 탑다운 슈터입니다. 여기서 말하는 포스트 아포칼립스는 '인류의 마지막 희망'이 남아 있는 세계가 아니라, '인류는 멸종했고 이제 돌연변이와 괴물들이 세상을 돌아다니는' 그런 세계입니다. 과연 당신은 뉴클리어 쓰론에 도달할 수 있을까요? ‖ [Streets of Rogue] 싸워서 몰래 들어가 임의 생성된 도시를 공격하세요. Nuclear Throne은 무법천지 GTA와 Deus Ex가 혼합된 형태입니다. Rogue-lite가 몰입도 높은 캐릭터를 만나 너무 재미있습니다. ‖ [Neon Abyss] Neon Abyss는 고속의 로그라이크 액션 플랫포머로, 하데스가 만든 '그림 스쿼드'의 일원이 되어 어비스로 총을 들고 뛰어드는 런 앤 건 게임입니다. 무한한 아이템 시너지와 던전 진화 시스템으로, 매번 게임을 할 때마다 다른 경험과 새로운 도전이 등장합니다. 진짜 지옥을 보여주세요! ‖ [Curse of the Dead Gods] 엄청난 부, 영원한 생명, 신성한 힘을 탐하는 마음이 당신을 끝없는 지옥 속의 미로, 치명적인 함정 및 몬스터가 우글거리는 이 저주받은 사원으로 이끌었습니다. ‖ [Rogue Legacy 2] 로그 레거시 2는 로그 레거시에 후속편을 끼얹은 작품입니다. 당신이 죽을 때마다 자식이 가업을 이어받습니다. 딸은 색맹 궁수이고 아들은 평화주의자 요리사일 수도 있죠. 어쨌거나 둘 중 한 명은 전장으로 나가야 합니다. ‖ [Have a Nice Death] Have a Nice Death는 과로에 고생하는 데스가 되어 플레이하는 2D 액션 로그라이크로, 통제 불능인 직원들 때문에 영혼의 균형과 데스의 휴가 계획이 틀어지고 말았습니다. 질서를 회복하려면 대낫을 들고 직원들과 서열 정리를 해야 합니다.",RollScape,"어드벤처, 캐주얼, 전략","간단하고 중독적인 로그라이크 게임에서 주사위를 굴리고, 전략을 세우고, 업그레이드 하며 승리를 쟁취하세요. 주사위가 구르는 걸 멈추기 전에 엔딩을 볼 수 있을까요? 계속 굴리세요!!",2,,
B0312,A22,Deck of Ashes / Dicefolk / Cubic Cosmos,"어드벤처, 인디, RPG, 전략 / 캐주얼, 인디, 전략 / 전략","[Deck of Ashes] 덱 오브 애쉬즈(Deck of Ashes)는 전술 카드 전투를 벌이는 어드벤처 게임입니다. 한 번에 한 캐릭터씩 안티히어로 일행을 이끌어 속죄의 여행을 떠나보세요. 저주받은 판타지 세계를 탐험하며 강력한 카드를 찾아보세요. 독특한 전투 덱을 형성하여 적들을 무찌르세요! 잿빛 저주의 세계를 제거하실 수 있겠습니까? ‖ [Dicefolk] 마법 주사위의 힘을 휘두르고 강력한 키메라 팀을 구축해보세요! 수수께끼의 악을 멈추기 위한 택티컬 덱빌딩 로그라이트 모험이 다가오고 있습니다. 키메라 소환사로서, 신화적인 짐승들을 모집하고 완벽한 팀을 만들고, 다이스포크만의 독특한 주사위 메커니즘을 활용하여 승리로 이끌어주세요. ‖ [Cubic Cosmos] Cubic Cosmos is a thrilling fast-paced roguelike card game. You have been trapped in a deadly game. One wrong move could see you reduced to a plaything of the goddess. Can you free",Die For The Lich,"어드벤처, RPG, 전략, 앞서 해보기","Gather magical dice, adapt your gear and venture through a land haunted by folklore creatures.",2,,
B0313,A03,Balatro / Hades / Vampire Survivors,"캐주얼, 인디, 전략 / 액션, 인디, RPG / 액션, 캐주얼, 인디, RPG","[Balatro] 포커 로그라이크 게임. Balatro는 불법 포커 패로 게임을 하고, 판을 뒤엎는 조커를 발견하고, 아드레날린이 치솟는 강력한 콤보를 만드는 덱 빌딩 게임입니다. ‖ [Hades] Bastion, Transistor, Pyre의 제작사에서 선보이는 이 로그라이크 던전 탐색형 게임에서 핵 앤 슬래시로 지하 세계를 탈출하고 죽음의 신에게 도전하세요. ‖ [Vampire Survivors] 수많은 어둠의 피조물을 쓰러뜨리며 새벽이 올 때까지 생존하세요! Vampire Survivors는 로그라이트 요소를 갖춘 고딕 호러 케주얼 게임입니다. 당신의 선택으로 순식간에 수백 마리의 괴물이 눈덩이처럼 불어날 수 있죠.",애스트럴 어센트,"액션, 어드벤처, 인디",4 영웅 중 한 명을 골라 12가지의 강력하고 신비로운 보스인 별자리들이 지키는 애스트럴 감옥인 정원에 도전하세요. 수십 가지의 독특한 주문과 신실한 친구들과 함께 놈들에게 도전하여 번개처럼 빠른 전투로 이 플랫포머 로그라이트 속에서의 이야기를 펼치십시오.,3,,
B0314,A32,Hardspace: Shipbreaker / Hacknet / The Case of the Golden Idol / 방 탈출 시뮬레이터 / shapez 2 - Factory,"시뮬레이션 / 인디, 시뮬레이션 / 어드벤처, 인디 / 어드벤처, 캐주얼, 인디, 시뮬레이션 / 캐주얼, 인디, 시뮬레이션, 전략","[Hardspace: Shipbreaker] Equipped with cutting-edge salvaging tech, carve & slice spaceships to recover valuable materials. Upgrade your gear to take on more lucrative contracts and pay your billion credit ‖ [Hacknet] Hacknet은 터미널 기반의 몰입형 해킹 시뮬레이터입니다. 최근에 사망한, 그러나 언론 보도와는 달리 사고로 사망하지 않은 해커의 지시에 따라 진실을 추척하십시오. ‖ [The Case of the Golden Idol] A new kind of detective game that allows you to think and investigate freely. Discover clues surrounding 12 strange and gruesome deaths and build your own theory. Pick your suspect ‖ [방 탈출 시뮬레이터] Escape Simulator는 단독 또는 온라인 협동 플레이가 가능한 1인칭 퍼즐 게임입니다. 점점 더 많아지는, 고도의 상호 작용이 가능한 방탈출 세트를 탐험하세요. 가구를 옮기고, 모든 것을 집어 들고 검사하고, 냄비를 부수고 자물쇠를 부수세요! 레벨 편집기를 통해 커뮤니티가 만든 방을 지원합니다. ‖ [shapez 2 - Factory] 공장 건설 게임에 빠져들어 보세요. 단 한 가지에 집중하세요. 대규모 우주 공장을 건설하는 것! 방대하게 펼쳐지는 다층 공장과 만족스러운 생산 라인을 무제한으로 설계하세요. 계속해서 어려워지는 자동화 목표를 적의 위협 없이 자신만의 속도로 달성하세요.",Spaceflight Simulator,"인디, 시뮬레이션, 앞서 해보기","In Spaceflight Simulator, you will get to build your rockets, plan launches and flights, attempt landings, deploy payloads and explore new worlds.",2,,
B0315,A04,Hollow Knight / Dead Cells / Celeste,"액션, 어드벤처, 인디 / 액션, 어드벤처, 인디 / 액션, 어드벤처, 인디","[Hollow Knight] 할로우 나이트에서 자신만의 길을 구축하세요! 크게 파괴된 곤충과 영웅의 왕국을 통한 서사 액션 어드벤처입니다. 손으로 그린 클래식 2D 스타일로 구불구불한 동굴을 탐험하고 오염된 생물과 싸우고 이상한 곤충들과 친구가 되어 보세요. ‖ [Dead Cells] 데드 셀(Dead Cells)는 메트로배니아에서 영감을 받은 로그라이트 액션 플랫포머 게임입니다. 2D 소울 라이트 전투에서 성을 지키는 수호자들을 물리치고 끊임없이 변화하는 거대한 성을 탐험하게 됩니다. 세이브 포인트는 없습니다. 죽이고, 죽고, 배우고, 반복하세요. ‖ [Celeste] 타워폴(TowerFall) 시리즈의 개발자들이 만든 이 초밀착형 플랫폼 게임을 플레이하고, 매들린이 셀레스트 산 정상으로 향하는 여정에서 내면의 악마에게서 살아남을 수 있게 도와주세요. 한땀 한땀 손수 제작한 수백 가지의 도전 과제에 맞서고, 사악한 비밀을 밝혀내고, 산에 숨겨진 수수께끼를 풀어보세요.",The MISSING: J.J. Macfield and the Island of Memories,"액션, 어드벤처, 인디","아름다운 비쥬얼과 거대한 자연, 미국적인 분위기 속에서, SWERISM의 상징이라고도 할 수 있는 한없이 부조리한 묘사가 전개되어갑니다. 유례없는 독특한 세계관 속에서 그려지는 고통과 재생의 이야기 을 부디 즐겨주세요!",2,,
B0316,A21,DARK SOULS™ III / The Witcher 3: Wild Hunt / The Elder Scrolls V: Skyrim Special Edition,액션 / RPG / RPG,"[DARK SOULS™ III] 장르를 새로 개척했다는 평가를 들으며 많은 좋은 평가들을 얻고 있는 다크 소울 시리즈는 계속해서 한계를 넘어서, 더욱 야심찬 단계에 도전하고자 하고 있습니다. 준비를 하고 어둠을 밝히십시오! ‖ [The Witcher 3: Wild Hunt] 리비아의 게롤트가 되어 의뢰를 받고 괴물을 사냥하세요. 전쟁의 상처가 가득하고 괴물이 들끓는 대륙을 마음껏 탐험해 보세요. 지금 가장 중요한 일은 대륙의 판도를 뒤바꿀 수도 있는 살아 있는 무기이자 예언의 아이, 시리를 추적하는 것입니다. ‖ [The Elder Scrolls V: Skyrim Special Edition] 200회 이상 올해의 게임에 선정된 The Elder Scrolls V: Skyrim Special Edition이 놀라운 디테일로 판타지에 생명을 불어넣었습니다. Special Edition에는 비평가들의 극찬을 받은 게임 및 새로운 기능이 포함된 애드온이 들어 있습니다.",Duel Corp.,"액션, 어드벤처, 인디, 대규모 멀티플레이어, RPG, 시뮬레이션, 앞서 해보기","소울즈에서 영감을 받은 액션 RPG, 샌드박스 오픈월드와 MMO 감각의 방향 기반 전투 시스템. 혼자 또는 최대 3인까지 협동 가능. 우정을 쌓고, 제한 없는 클래스 시스템을 마스터하며, 모든 이들의 눈을 검게 만든 원인을 밝혀라.",2,,
B0317,A10,A Short Hike / ISLANDERS / Gorogoa,"어드벤처, 인디 / 캐주얼, 인디, 전략 / 어드벤처, 캐주얼, 인디","[A Short Hike] Hike, climb, and soar through the peaceful mountainside landscapes of Hawk Peak Provincial Park as you make your way to the summit. ‖ [ISLANDERS] ISLANDERS is a minimalist strategy game about building cities on colorful islands. ‖ [Gorogoa] Gorogoa(고로고아)는 Jason Roberts가 디자인하고 일러스트레이션을 손으로 그린 아름다운 차세대 퍼즐 게임입니다.",Gobbo goes adventures,"어드벤처, 인디",Gobbo goes adventures is a isometric puzzle game with post industrial comic style.,2,,
B0318,A31,Hearts of Iron IV / Europa Universalis IV / Sid Meier's Civilization® V,"시뮬레이션, 전략 / 시뮬레이션, 전략 / 전략","[Hearts of Iron IV] Victory is at your fingertips! Your ability to lead your nation is your supreme weapon, the strategy game Hearts of Iron IV lets you take command of any nation in World War II; the ‖ [Europa Universalis IV] 비교할 수 없는 자유도, 깊이 있는 스토리, 정확한 역사적 고증을 즐기며 국토를 다스리고 세계를 정복하세요. 세계 역사를 새롭게 쓰며 시대를 풍미할 제국을 만드세요. ‖ [Sid Meier's Civilization® V] Create, discover, and download new player-created maps, scenarios, interfaces, and more!",Ara History Untold: Anniversary Edition,전략,"인류 역사상의 어느 시대에든 국가를 건설하고 이 서사적인 턴제 전략 게임에서 패권을 놓고 겨뤄봐. 외교를 펼치고, 전쟁을 일으키며, 다른 역사적 지도자들과 일대일 대결을 벌여라. arahistoryuntold.com에서 인사이더 프로그램에 참여하세요!",3,,
B0319,A32,Hardspace: Shipbreaker / Hacknet / The Case of the Golden Idol / 방 탈출 시뮬레이터 / shapez 2 - Factory,"시뮬레이션 / 인디, 시뮬레이션 / 어드벤처, 인디 / 어드벤처, 캐주얼, 인디, 시뮬레이션 / 캐주얼, 인디, 시뮬레이션, 전략","[Hardspace: Shipbreaker] Equipped with cutting-edge salvaging tech, carve & slice spaceships to recover valuable materials. Upgrade your gear to take on more lucrative contracts and pay your billion credit ‖ [Hacknet] Hacknet은 터미널 기반의 몰입형 해킹 시뮬레이터입니다. 최근에 사망한, 그러나 언론 보도와는 달리 사고로 사망하지 않은 해커의 지시에 따라 진실을 추척하십시오. ‖ [The Case of the Golden Idol] A new kind of detective game that allows you to think and investigate freely. Discover clues surrounding 12 strange and gruesome deaths and build your own theory. Pick your suspect ‖ [방 탈출 시뮬레이터] Escape Simulator는 단독 또는 온라인 협동 플레이가 가능한 1인칭 퍼즐 게임입니다. 점점 더 많아지는, 고도의 상호 작용이 가능한 방탈출 세트를 탐험하세요. 가구를 옮기고, 모든 것을 집어 들고 검사하고, 냄비를 부수고 자물쇠를 부수세요! 레벨 편집기를 통해 커뮤니티가 만든 방을 지원합니다. ‖ [shapez 2 - Factory] 공장 건설 게임에 빠져들어 보세요. 단 한 가지에 집중하세요. 대규모 우주 공장을 건설하는 것! 방대하게 펼쳐지는 다층 공장과 만족스러운 생산 라인을 무제한으로 설계하세요. 계속해서 어려워지는 자동화 목표를 적의 위협 없이 자신만의 속도로 달성하세요.",Uplink,"인디, 전략","Uplink lets you play as a freelance hacker tackling risky contracts for corporations. Break into systems, steal data, sabotage rivals, and upgrade your gear. Support factions or go rogue in this immersive, strategy-driven hacking simulation game where your choices shape the outcome.",3,,
B0320,A32,Hardspace: Shipbreaker / Hacknet / The Case of the Golden Idol / 방 탈출 시뮬레이터 / shapez 2 - Factory,"시뮬레이션 / 인디, 시뮬레이션 / 어드벤처, 인디 / 어드벤처, 캐주얼, 인디, 시뮬레이션 / 캐주얼, 인디, 시뮬레이션, 전략","[Hardspace: Shipbreaker] Equipped with cutting-edge salvaging tech, carve & slice spaceships to recover valuable materials. Upgrade your gear to take on more lucrative contracts and pay your billion credit ‖ [Hacknet] Hacknet은 터미널 기반의 몰입형 해킹 시뮬레이터입니다. 최근에 사망한, 그러나 언론 보도와는 달리 사고로 사망하지 않은 해커의 지시에 따라 진실을 추척하십시오. ‖ [The Case of the Golden Idol] A new kind of detective game that allows you to think and investigate freely. Discover clues surrounding 12 strange and gruesome deaths and build your own theory. Pick your suspect ‖ [방 탈출 시뮬레이터] Escape Simulator는 단독 또는 온라인 협동 플레이가 가능한 1인칭 퍼즐 게임입니다. 점점 더 많아지는, 고도의 상호 작용이 가능한 방탈출 세트를 탐험하세요. 가구를 옮기고, 모든 것을 집어 들고 검사하고, 냄비를 부수고 자물쇠를 부수세요! 레벨 편집기를 통해 커뮤니티가 만든 방을 지원합니다. ‖ [shapez 2 - Factory] 공장 건설 게임에 빠져들어 보세요. 단 한 가지에 집중하세요. 대규모 우주 공장을 건설하는 것! 방대하게 펼쳐지는 다층 공장과 만족스러운 생산 라인을 무제한으로 설계하세요. 계속해서 어려워지는 자동화 목표를 적의 위협 없이 자신만의 속도로 달성하세요.",Kathy Rain 2: Soothsayer,"어드벤처, 인디","In this point-and-click urban thriller, down-and-out private eye Kathy Rain will embark on her most dangerous case yet — the pursuit of the notorious serial killer known as the Soothsayer. Find clues, gather evidence, connect the dots, and confront the murderer before the hunter becomes the hunted…",2,,
B0321,A21,DARK SOULS™ III / The Witcher 3: Wild Hunt / The Elder Scrolls V: Skyrim Special Edition,액션 / RPG / RPG,"[DARK SOULS™ III] 장르를 새로 개척했다는 평가를 들으며 많은 좋은 평가들을 얻고 있는 다크 소울 시리즈는 계속해서 한계를 넘어서, 더욱 야심찬 단계에 도전하고자 하고 있습니다. 준비를 하고 어둠을 밝히십시오! ‖ [The Witcher 3: Wild Hunt] 리비아의 게롤트가 되어 의뢰를 받고 괴물을 사냥하세요. 전쟁의 상처가 가득하고 괴물이 들끓는 대륙을 마음껏 탐험해 보세요. 지금 가장 중요한 일은 대륙의 판도를 뒤바꿀 수도 있는 살아 있는 무기이자 예언의 아이, 시리를 추적하는 것입니다. ‖ [The Elder Scrolls V: Skyrim Special Edition] 200회 이상 올해의 게임에 선정된 The Elder Scrolls V: Skyrim Special Edition이 놀라운 디테일로 판타지에 생명을 불어넣었습니다. Special Edition에는 비평가들의 극찬을 받은 게임 및 새로운 기능이 포함된 애드온이 들어 있습니다.",Predecessor,"액션, 인디, 대규모 멀티플레이어, RPG, 전략, 무료 플레이",파라곤의 유산에서 영감을 받아 커뮤니티의 사랑으로 제작되고 언리얼 엔진 5로 구동되는 프레데커서는 슈팅 액션과 MOBA 전략의 궁극적인 융합 게임입니다. 지금 75만 명 이상의 플레이어와 함께 무료로 플레이하세요!,1,MODE_MISMATCH,
B0322,A08,Sid Meier’s Civilization® VI / XCOM® 2 / Stellaris,"전략 / 전략 / 시뮬레이션, 전략","[Sid Meier’s Civilization® VI] 문명 VI 에서는 새로운 방식으로 세상과 소통하고, 제국의 영토를 확장시키며, 문화를 발전시키고, 역사속 위대한 지도자들에 맞서 오래도록 지속될 나만의 문명을 건설해볼 수 있습니다. 클레오파트라를 비롯한 20명의 역사 속 지도자들 중 한명으로 플레이 해보세요. ‖ [XCOM® 2] XCOM 2는 수상 경력이 있는 전략 게임 XCOM: Enemy Unknown의 속편입니다. 인류가 외계인 침략군에게 항복한 지 20년, 이제 지구 상에는 새로운 세계 질서가 존재합니다. 수년간을 어둠 속에서 숨어 있었던 XCOM 부대는 반드시 일어나 외계인의 지배를 무너뜨릴 것입니다. ‖ [Stellaris] 항성간 여행을 통해 우주를 탐험하며 수많은 종족들도 만나보세요. 과학선을 보내 우주를 조사하고 탐험하면서 은하 제국을 건설하고, 건축선을 보내 새로 발견한 행성에 기지를 건설하세요. 소속 사회를 위한 탐험에 나서 매장된 보물과 은하계의 경이를 발견하고, 탐험가의 한계치와 진화 범위를 설정하세요. 동맹이 체결되고, 전쟁이 ",Godless Tactics,"어드벤처, 전략","Lead an elite strike team through the wars of a reborn civilisation, and decide the fate of humanity through your achievements and choices. Traverse a dynamic war-map, engage in fast, turn-based battles, and explore the world of 2952.",2,,
B0323,A31,Hearts of Iron IV / Europa Universalis IV / Sid Meier's Civilization® V,"시뮬레이션, 전략 / 시뮬레이션, 전략 / 전략","[Hearts of Iron IV] Victory is at your fingertips! Your ability to lead your nation is your supreme weapon, the strategy game Hearts of Iron IV lets you take command of any nation in World War II; the ‖ [Europa Universalis IV] 비교할 수 없는 자유도, 깊이 있는 스토리, 정확한 역사적 고증을 즐기며 국토를 다스리고 세계를 정복하세요. 세계 역사를 새롭게 쓰며 시대를 풍미할 제국을 만드세요. ‖ [Sid Meier's Civilization® V] Create, discover, and download new player-created maps, scenarios, interfaces, and more!",토탈워: 엠파이어 - 데피니티브 에디션,전략,"바다를 지휘하고, 땅을 통제하고, 새로운 국가를 만들고 세상도 정복하라.",3,,
B0324,A03,Balatro / Hades / Vampire Survivors,"캐주얼, 인디, 전략 / 액션, 인디, RPG / 액션, 캐주얼, 인디, RPG","[Balatro] 포커 로그라이크 게임. Balatro는 불법 포커 패로 게임을 하고, 판을 뒤엎는 조커를 발견하고, 아드레날린이 치솟는 강력한 콤보를 만드는 덱 빌딩 게임입니다. ‖ [Hades] Bastion, Transistor, Pyre의 제작사에서 선보이는 이 로그라이크 던전 탐색형 게임에서 핵 앤 슬래시로 지하 세계를 탈출하고 죽음의 신에게 도전하세요. ‖ [Vampire Survivors] 수많은 어둠의 피조물을 쓰러뜨리며 새벽이 올 때까지 생존하세요! Vampire Survivors는 로그라이트 요소를 갖춘 고딕 호러 케주얼 게임입니다. 당신의 선택으로 순식간에 수백 마리의 괴물이 눈덩이처럼 불어날 수 있죠.",Pluto,"인디, 전략","원소 주문을 사용해 괴물 같은 적을 속이고, 조카의 생일 파티로 향하는 길에 감옥에서 탈출하는 로그라이크 덱빌더.",2,,
B0325,A08,Sid Meier’s Civilization® VI / XCOM® 2 / Stellaris,"전략 / 전략 / 시뮬레이션, 전략","[Sid Meier’s Civilization® VI] 문명 VI 에서는 새로운 방식으로 세상과 소통하고, 제국의 영토를 확장시키며, 문화를 발전시키고, 역사속 위대한 지도자들에 맞서 오래도록 지속될 나만의 문명을 건설해볼 수 있습니다. 클레오파트라를 비롯한 20명의 역사 속 지도자들 중 한명으로 플레이 해보세요. ‖ [XCOM® 2] XCOM 2는 수상 경력이 있는 전략 게임 XCOM: Enemy Unknown의 속편입니다. 인류가 외계인 침략군에게 항복한 지 20년, 이제 지구 상에는 새로운 세계 질서가 존재합니다. 수년간을 어둠 속에서 숨어 있었던 XCOM 부대는 반드시 일어나 외계인의 지배를 무너뜨릴 것입니다. ‖ [Stellaris] 항성간 여행을 통해 우주를 탐험하며 수많은 종족들도 만나보세요. 과학선을 보내 우주를 조사하고 탐험하면서 은하 제국을 건설하고, 건축선을 보내 새로 발견한 행성에 기지를 건설하세요. 소속 사회를 위한 탐험에 나서 매장된 보물과 은하계의 경이를 발견하고, 탐험가의 한계치와 진화 범위를 설정하세요. 동맹이 체결되고, 전쟁이 ",Galaxy Squad,전략,"Galaxy squad is a hardcore turn-based tactical roguelike, inspired by FTL and XCOM.",3,,
B0326,A11,Forza Horizon 5 / Hi-Fi RUSH / Street Fighter 6,"액션, 어드벤처, 레이싱, 시뮬레이션, 스포츠 / 액션 / 액션, 어드벤처","[Forza Horizon 5] 세계 최고의 자동차를 타고 생동감 넘치는 멕시코의 대자연을 탐험하며 재미있는 드라이빙 액션을 마음껏 즐겨보세요. ‖ [Hi-Fi RUSH] 아케이드 챌린지! 업데이트!로 추가되는 두 개의 신규 게임 모드에서 여러분의 능력을 시험하고, 새로운 보상을 획득해 보세요. 몇 가지 비밀도 숨어 있답니다! 락 스타 지망생 차이가 되어 비트를 타고, 세상 모든 게 음악에 싱크되는 세계에서 오합지졸 팀과 함께 사악한 거대 기업에 맞서 싸우세요. ‖ [Street Fighter 6] 시리즈 최신작 『Street Fighter 6』, 2023년 6월 2일 발매 결정! RE ENGINE으로 개발된 본 작품은 대형 모드 「World Tour」, 「Fighting Ground」, 「Battle Hub」로 구성되어 있다. 새로운 「스트리트 파이터」에는 지금까지의 시리즈에는 없었던 새로운 체험이 기다리고 있다.",GROUND BRANCH,"액션, 인디, 시뮬레이션","Rainbow Six® 및 Ghost Recon® 게임의 개발자 중 한 명이 심도 있는 캐릭터와 무기 커스터마이제이션을 구현하는 생각하는 1인칭 슈팅 게임을 소개합니다. 시간을 가지고, 미리 생각하고, 일을 완수하십시오.",1,MODE_MISMATCH,
B0327,A01,It Takes Two / Overcooked! 2 / What Remains of Edith Finch,"액션, 어드벤처 / 액션, 캐주얼, 인디 / 어드벤처, 인디","[It Takes Two] It Takes Two에서 생애 가장 정신없는 여정을 시작하세요. 친구가 무료로 참가할 수 있게 친구 패스*로 초대하고, 함께 힘을 합쳐서 수많은 유쾌하고 획기적인 게임 플레이 챌린지를 헤쳐나가세요. ‖ [Overcooked! 2] 혼란스러운 요리 액션으로 가득한 Overcooked가 돌아왔습니다! 양파 왕국으로 돌아가는 여행을 떠나세요. 클래식 협동 또는 온라인 플레이에서 셰프 팀을 만들어서 최대 4명까지 플레이하세요. 앞치마를 준비하세요... 다시 세상을 구할 때가 되었습니다! ‖ [What Remains of Edith Finch] What Remains of Edith Finch(워트 리메인스 오브 에디스 핀치)는 워싱턴 주에 있는 어느 가족에 대한 이상한 이야기의 모음입니다. 플레이어는 에디스가 되어 거대한 핀치 가택을 탐사하고, 가족사를 연구하며 이야기를 찾고, 왜 가족 중에서 그녀만 살아남았는지 알아내야 합니다. 각 이야기는 새로운 가족 구성",Garten of Banban 4,"액션, 어드벤처, 캐주얼, 인디",버려진 반반 유치원을 탐험하세요. 시설들이 수상하게 비어있습니다. 주민들을 구출하세요. 이 버려진 장소 뒤에 어떤 진실이 숨겨져 있는지 알아내고 실종된 아이의 행방을 찾으세요...,1,LOW_QUALITY,
B0328,A30,Stardew Valley / Slime Rancher / Raft,"인디, RPG, 시뮬레이션 / 액션, 어드벤처, 인디, 시뮬레이션 / 어드벤처, 인디, 시뮬레이션","[Stardew Valley] You've inherited your grandfather's old farm plot in Stardew Valley. Armed with hand-me-down tools and a few coins, you set out to begin your new life. Can you learn to live off th ‖ [Slime Rancher] 슬라임 랜쳐는 젊고 용감한 랜쳐, 베아트릭스 르뷰가 지구에서 1,000광년 떨어진 '머나먼 평야'에서 슬라임들과 씨름하며 생계를 꾸려나가는 이야기입니다. 긍정적인 마인드와 강인한 의지로 베아트릭스는 진공팩을 사용하여 끊임없이 말랑말랑하게 굴러나오는 슬라임들을 피하며 이름을 알리고, 부자가 되려 합니다. ‖ [Raft] Raft™ throws you and your friends into an epic oceanic adventure! Alone or together, players battle to survive a perilous voyage across a vast sea! Gather debris, scavenge reefs an",보보 베이: 뽀짝 몬스터 대작전,"캐주얼, 인디, 레이싱, 시뮬레이션, 스포츠","슬라임? 작은 몬스터? 아니요—무한한 진화 가능성을 지닌 신비한 생명체 ‘보보’입니다!《보보 베이: 뽀짝 몬스터 대작전》에 오신 걸 환영합니다. 보보를 수집·육성해 새로운 형태로 진화시키고, 토너먼트에서 승리를 쟁취하세요. 다양한 커스터마이징으로 나만의 보보를 완성해 보세요!",2,,
B0329,A27,The Raven Remastered / The Frostrune / Mad Experiments: Escape Room,"어드벤처 / 어드벤처 / 어드벤처, 캐주얼, 인디, 시뮬레이션, 전략","[The Raven Remastered] London, 1964. An ancient ruby is stolen from the British Museum. At the crime scene: a raven feather. Is somebody trying to follow in the footsteps of The Raven, the legendary mast ‖ [The Frostrune] Unravel a mystery inspired by Viking myth and legend in The Frostrune, a classic point-and-click adventure based on historically accurate Norse culture and environments. ‖ [Mad Experiments: Escape Room] 수상 후보에 오른 이스케이프 게임 1인 또는 최대 5인까지 플레이하며 3개의 독특한 방을 탐험하고, 두뇌를 자극하는 퍼즐을 풀며 체셔 교수와 그의 실험에 얽힌 어두운 비밀을 밝혀보세요.",Emissary Zero,"어드벤처, 인디, 대규모 멀티플레이어",협동 호러(1-4인). 밤에 신비한 건물을 탐험하게 됩니다. 달을 찾아 살아서 돌아오세요.,2,,
B0330,A09,Roots of Yggdrasil / Ancient Gods / Flick Shot Rogues,"인디, 전략 / RPG, 전략 / 인디, 전략","[Roots of Yggdrasil] Build settlements, explore the Nine Realms, collect artifacts and upgrade your deck to reach the top of Yggdrasil in this post-Ragnarok roguelike city-builder! Can you survive the  ‖ [Ancient Gods] Ancient Gods is a fusion of hero collector and deck-building rogue-lite where you collect your character, fight, and experience exciting events. Any character can use all the cards ‖ [Flick Shot Rogues] 계획하고, 조준하고, 쏘세요! FLICK SHOT ROGUES는 테이블 위에서 물건을 튕기는 촉각적 만족감과 사람들이 좋아하는 턴제 로그라이크의 전략적 깊이를 결합한 게임입니다. 말도 안되는 콤보를 연결하고, 캐릭터, 아이템, 스킬을 잠금 해제하면서, 섬을 정복하세요!",Dwarf Fortress,"인디, 시뮬레이션, 전략","Build a fortress and try to help your dwarves survive against a deeply generated world. Keep your dwarves happy, grow their community and beware of digging too deeply. The deepest, most intricate simulation of a world that's ever been created.",1,MODE_MISMATCH,
B0331,A18,Euro Truck Simulator 2 / BeamNG.drive / 아세토 코르사 Assetto Corsa,"인디, 시뮬레이션 / 레이싱, 시뮬레이션, 앞서 해보기 / 인디, 레이싱, 시뮬레이션, 스포츠","[Euro Truck Simulator 2] 도로의 왕이 되어 인상적인 거리를 가로질러 중요한 화물을 배달하는 트럭 운전사가 되어 유럽을 여행하세요! 탐험할 도시가 수십 개나 되므로, 당신의 인내심, 기술, 속도가 모두 한계에 도달할 것입니다. ‖ [BeamNG.drive] 뭐든지 할 수 있는 동적 소프트 보디 물리 시뮬레이터입니다. ‖ [아세토 코르사 Assetto Corsa] 아세토 코르사(Assetto Corsa) v1.16은 새로운 레이저 스캔 트랙 ""라구나 세카(Laguna Seca)"" 및 기다리던 Alfa Romeo Giulia Quadrifoglio를 포함한 7개의 신차를 소개합니다! 체인지로그에서 더 자세한 내용을 확인하세요!",Car Physics Simulator,"캐주얼, 인디, 레이싱, 시뮬레이션, 앞서 해보기","Car Physics Simulator, Drive Realistic Cars and Test Physics!",2,,
B0332,A23,Vomitoreum / Tales of Kenzera™: ZAU / Shantae: Half-Genie Hero,"액션, 어드벤처, 인디 / 액션, 어드벤처, 인디 / 액션, 어드벤처, 인디","[Vomitoreum] Vomitoreum is an FPS Metroidvania with a focus on atmosphere and horror, inspired by the paintings of Zdzisław Beksiński. ‖ [Tales of Kenzera™: ZAU] 샤먼의 춤을 추세요. 아버지의 영혼을 되찾으세요. Surgent Studios가 제작한 메트로이드바니아 스타일의 어드벤처 게임 Tales of Kenzera™: ZAU에서 죽음의 신과 함께 아름답고 위험한 켄제라의 땅으로 용감하게 모험을 떠나세요. ‖ [Shantae: Half-Genie Hero] Shantae embarks on her first full HD adventure! When a mysterious crime wave sweeps Sequin Land, it’s up to Half-Genie Hero Shantae to save the day! Use Shantae’s devastating Hair-",Legend of Himari,"캐주얼, 인디","Himari was ambushed! Help her hold out as long as possible, attack enemies, use magic to slay them, maintain Himari’s health level, so she could fight on, and also do not miss!",0,IRRELEVANT,
B0333,A09,Roots of Yggdrasil / Ancient Gods / Flick Shot Rogues,"인디, 전략 / RPG, 전략 / 인디, 전략","[Roots of Yggdrasil] Build settlements, explore the Nine Realms, collect artifacts and upgrade your deck to reach the top of Yggdrasil in this post-Ragnarok roguelike city-builder! Can you survive the  ‖ [Ancient Gods] Ancient Gods is a fusion of hero collector and deck-building rogue-lite where you collect your character, fight, and experience exciting events. Any character can use all the cards ‖ [Flick Shot Rogues] 계획하고, 조준하고, 쏘세요! FLICK SHOT ROGUES는 테이블 위에서 물건을 튕기는 촉각적 만족감과 사람들이 좋아하는 턴제 로그라이크의 전략적 깊이를 결합한 게임입니다. 말도 안되는 콤보를 연결하고, 캐릭터, 아이템, 스킬을 잠금 해제하면서, 섬을 정복하세요!",Railroads & Catacombs,"어드벤처, 인디, RPG, 전략","In this exciting Card Building Roguelike game you create your cards from scratch adding different upgrades. Build your train, explore the Labyrinth and survive. Discover infinite synergies. How far will you go?",3,,
B0334,A15,서브노티카 / The Long Dark / No Man's Sky,"어드벤처, 인디 / 어드벤처, 인디, 시뮬레이션, 전략 / 액션, 어드벤처","[서브노티카] 위험과 경이로움이 가득한 외계의 바다 속으로 내려가세요. 장비를 제작하고, 잠수함을 조종하며 야생 생물보다 앞서가세요. 우거진 산호초, 화산, 동굴 같은 많은 장소들을 탐험하세요. 물론 살아남는 걸 잊으면 안 되겠죠. ‖ [The Long Dark] The Long Dark는 깊은 생각을 요구하는 탐험 생존 게임입니다. 플레이어는 지구 자기장 이상으로 인한 대재앙이 휩쓸고 간 세상에서 혼자 드넓은 설원 황무지를 탐험하며 살아남아야 합니다. 좀비는 등장하지 않으며 오직 플레이어와 추위, 그리고 자연 속의 위험들만 존재합니다. 고요한 종말의 세상에 오신 것을 환영합니다. ‖ [No Man's Sky] No Man's Sky는 무한히 펼쳐지는 우주에서의 탐험과 생존을 그린 SF 게임입니다.",Rocky Planet,"액션, 어드벤처, 시뮬레이션, 전략","Rocky Planet is an open world sandbox space survival game offering a unique blend of sandbox, strategy gameplay, action, AI, dynamically changing environments, the infinite procedurally generated world.",2,,
B0335,A12,Baldur's Gate 3 / Mount & Blade II: Bannerlord / Kenshi,"어드벤처, RPG, 전략 / 액션, 인디, RPG, 시뮬레이션, 전략 / 액션, 인디, RPG, 시뮬레이션, 전략","[Baldur's Gate 3] Baldur’s Gate 3 is a story-rich, party-based RPG set in the universe of Dungeons & Dragons, where your choices shape a tale of fellowship and betrayal, survival and sacrifice, and  ‖ [Mount & Blade II: Bannerlord] 본 게임은 전략/액션 RPG입니다. 캐릭터를 생성하고, 외교에 참여하고, 제작, 거래를 하고, 방대한 중세풍의 샌드박스에서 새로운 땅을 정복하십시오. 군대를 일으켜 전쟁에 뛰어들고, 깊이가 있으나 직관적인 실력 기반의 전투 시스템을 채용한 대규모 실시간 전투에서 자신의 부대에 명령을 내리고 함께 싸우십시오. ‖ [Kenshi] 자유롭게 돌아다니는 분대 기반의 RPG. 스토리를 따라가는 대신 제한 없는 샌드박스식 게임플레이에 중점을 두었습니다. 무역상, 도둑, 반란군, 전쟁 군주, 모험가, 농부, 노예 등 다양한 삶을 체험할 수 있습니다. 운이 나쁘면 식인종의 먹잇감으로 전락할지도 모르죠. 새로운 장비를 연구하거나 제작해 보세요.",Plains of Pain,"액션, 어드벤처, 인디, 대규모 멀티플레이어, RPG, 시뮬레이션, 앞서 해보기","세상이 당신을 기다려 주지 않는, 살아 있는 포스트 아포칼립스 샌드박스에 뛰어드세요. 건설하고, 제작하고, 거래하고, 세력의 신뢰를 얻으며, 잔혹한 절차 생성 황무지에서 자신만의 길을 개척하세요.",2,,
B0336,A12,Baldur's Gate 3 / Mount & Blade II: Bannerlord / Kenshi,"어드벤처, RPG, 전략 / 액션, 인디, RPG, 시뮬레이션, 전략 / 액션, 인디, RPG, 시뮬레이션, 전략","[Baldur's Gate 3] Baldur’s Gate 3 is a story-rich, party-based RPG set in the universe of Dungeons & Dragons, where your choices shape a tale of fellowship and betrayal, survival and sacrifice, and  ‖ [Mount & Blade II: Bannerlord] 본 게임은 전략/액션 RPG입니다. 캐릭터를 생성하고, 외교에 참여하고, 제작, 거래를 하고, 방대한 중세풍의 샌드박스에서 새로운 땅을 정복하십시오. 군대를 일으켜 전쟁에 뛰어들고, 깊이가 있으나 직관적인 실력 기반의 전투 시스템을 채용한 대규모 실시간 전투에서 자신의 부대에 명령을 내리고 함께 싸우십시오. ‖ [Kenshi] 자유롭게 돌아다니는 분대 기반의 RPG. 스토리를 따라가는 대신 제한 없는 샌드박스식 게임플레이에 중점을 두었습니다. 무역상, 도둑, 반란군, 전쟁 군주, 모험가, 농부, 노예 등 다양한 삶을 체험할 수 있습니다. 운이 나쁘면 식인종의 먹잇감으로 전락할지도 모르죠. 새로운 장비를 연구하거나 제작해 보세요.",Dungeons & Dragons Neverwinter Nights 2: Enhanced Edition,"액션, 어드벤처, RPG",The Fate of The Forgotten Realms is in Your Hands. Return to the city of Neverwinter in Dungeons & Dragons Neverwinter Nights 2: Enhanced Edition.,3,,
B0337,A31,Hearts of Iron IV / Europa Universalis IV / Sid Meier's Civilization® V,"시뮬레이션, 전략 / 시뮬레이션, 전략 / 전략","[Hearts of Iron IV] Victory is at your fingertips! Your ability to lead your nation is your supreme weapon, the strategy game Hearts of Iron IV lets you take command of any nation in World War II; the ‖ [Europa Universalis IV] 비교할 수 없는 자유도, 깊이 있는 스토리, 정확한 역사적 고증을 즐기며 국토를 다스리고 세계를 정복하세요. 세계 역사를 새롭게 쓰며 시대를 풍미할 제국을 만드세요. ‖ [Sid Meier's Civilization® V] Create, discover, and download new player-created maps, scenarios, interfaces, and more!",Master of Orion 2,전략,Forge an empire in a universe where population growth is stripping away planetary resources. Colonize unknown planets and trade with other races for their knowledge.,3,,
B0338,A13,Death's Door / Children of Morta / Roboquest / Spelunky 2 / Nuclear Throne / Streets of Rogue / Neon Abyss / Curse of the Dead Gods / Rogue Legacy 2 / Have a Nice Death,"액션, 어드벤처, 인디, RPG / 액션, 어드벤처, 인디, RPG / 액션, 인디 / 액션, 인디 / 액션, 인디, RPG / 액션, 어드벤처, 인디, RPG / 액션, 어드벤처, 인디, RPG / 액션, 어드벤처 / 액션, 어드벤처, 인디, RPG / 액션, 인디","[Death's Door] 죽은 자의 영혼을 수확하고 시간을 끝내는 것은 단조로울 수 있지만 까마귀에겐 평범한 일입니다. 하지만 주어진 영혼을 도둑맞게 되면 변화가 일어납니다. 영혼을 도난하고 죽음의 손길이 닿지 않는 영역으로 도망친 절망적인 도둑을 추적하십시오. ‖ [Children of Morta] Children of Morta는 비범한 가족 영웅에 대한 스토리 중심의 액션 RPG 게임입니다. 다가오는 부패에 맞서 모든 결함과 미덕을 갖춘 베르그송 가를 이끄세요. 여러분은 여러분이 아끼는 사람들을 구하기 위해 모든 것을 희생할 수 있으신가요? ‖ [Roboquest] 로보퀘스트는 멸망한 미래 세계의 빠른 FPS 로그라이트입니다. 당신은 재부팅된 수호자로, 강철 궁둥짝을 걷어 찰 준비를 하세요! 혼자서 혹은 친구와 함께 맞서거나 끊임없이 변화하는 환경에서 치명적인 로봇 군단을 섬멸하세요. ‖ [Spelunky 2] Spelunky 2 builds upon the unique, randomized challenges that made the original a roguelike classic, offering a huge adventure designed to satisfy players old and new. Meet the nex ‖ [Nuclear Throne] Nuclear Throne은 포스트 아포칼립스 세계관의 로그라이크 스타일 탑다운 슈터입니다. 여기서 말하는 포스트 아포칼립스는 '인류의 마지막 희망'이 남아 있는 세계가 아니라, '인류는 멸종했고 이제 돌연변이와 괴물들이 세상을 돌아다니는' 그런 세계입니다. 과연 당신은 뉴클리어 쓰론에 도달할 수 있을까요? ‖ [Streets of Rogue] 싸워서 몰래 들어가 임의 생성된 도시를 공격하세요. Nuclear Throne은 무법천지 GTA와 Deus Ex가 혼합된 형태입니다. Rogue-lite가 몰입도 높은 캐릭터를 만나 너무 재미있습니다. ‖ [Neon Abyss] Neon Abyss는 고속의 로그라이크 액션 플랫포머로, 하데스가 만든 '그림 스쿼드'의 일원이 되어 어비스로 총을 들고 뛰어드는 런 앤 건 게임입니다. 무한한 아이템 시너지와 던전 진화 시스템으로, 매번 게임을 할 때마다 다른 경험과 새로운 도전이 등장합니다. 진짜 지옥을 보여주세요! ‖ [Curse of the Dead Gods] 엄청난 부, 영원한 생명, 신성한 힘을 탐하는 마음이 당신을 끝없는 지옥 속의 미로, 치명적인 함정 및 몬스터가 우글거리는 이 저주받은 사원으로 이끌었습니다. ‖ [Rogue Legacy 2] 로그 레거시 2는 로그 레거시에 후속편을 끼얹은 작품입니다. 당신이 죽을 때마다 자식이 가업을 이어받습니다. 딸은 색맹 궁수이고 아들은 평화주의자 요리사일 수도 있죠. 어쨌거나 둘 중 한 명은 전장으로 나가야 합니다. ‖ [Have a Nice Death] Have a Nice Death는 과로에 고생하는 데스가 되어 플레이하는 2D 액션 로그라이크로, 통제 불능인 직원들 때문에 영혼의 균형과 데스의 휴가 계획이 틀어지고 말았습니다. 질서를 회복하려면 대낫을 들고 직원들과 서열 정리를 해야 합니다.","Peace, Death!","캐주얼, 인디, 시뮬레이션","Peace, Death!는 어려움이 있는 아케이드 시뮬레이션 게임입니다. 당신은 죽음의 기사를 위해 일하는 리퍼로서 고객을 천국, 지옥, 혹은 연옥으로 보내야 합니다.",2,,
B0339,A30,Stardew Valley / Slime Rancher / Raft,"인디, RPG, 시뮬레이션 / 액션, 어드벤처, 인디, 시뮬레이션 / 어드벤처, 인디, 시뮬레이션","[Stardew Valley] You've inherited your grandfather's old farm plot in Stardew Valley. Armed with hand-me-down tools and a few coins, you set out to begin your new life. Can you learn to live off th ‖ [Slime Rancher] 슬라임 랜쳐는 젊고 용감한 랜쳐, 베아트릭스 르뷰가 지구에서 1,000광년 떨어진 '머나먼 평야'에서 슬라임들과 씨름하며 생계를 꾸려나가는 이야기입니다. 긍정적인 마인드와 강인한 의지로 베아트릭스는 진공팩을 사용하여 끊임없이 말랑말랑하게 굴러나오는 슬라임들을 피하며 이름을 알리고, 부자가 되려 합니다. ‖ [Raft] Raft™ throws you and your friends into an epic oceanic adventure! Alone or together, players battle to survive a perilous voyage across a vast sea! Gather debris, scavenge reefs an",Harvest Days: My Dream Farm,"어드벤처, 인디, RPG, 시뮬레이션","대도시의 스트레스에서 벗어나 전원의 삶을 즐겨보세요. 농장을 돌보며 오픈된 게임 세상을 탐험하고 나만의 농장 천국을 만들어 보세요. 동물들을 돌보고, 땅을 경작하고, 유용하고 예쁜 아이템들을 만들어 내며 꿈의 목장을 가꿔 보세요.",3,,
B0340,A29,Salt and Sanctuary,"액션, 인디, RPG","[Salt and Sanctuary] 두렵고도 잔혹한 섬의 탐험을 시작합니다… Salt and Sanctuary는 신속하고, 잔인하며, 복잡한 전투 시스템을 지닌 2D RPG입니다. 저주받은 도시의 잊힌 영역이나, 피에 물든 던전이나, 오염된 기념비와 같은 장소를 돌아다니며, 한때 축복을 받았지만 지금은 타락하고 만 영주들을 조우하세요.",Uncharted Ocean,"액션, 어드벤처, 캐주얼, 인디, RPG, 시뮬레이션, 전략","This is a world of oceans, islands and ships. Players will start their own journey from Faro, facing an impermanent ocean and awkward opponents, and gradually build a strong fleet with wisdom and luck. The chaotic seas and tempting treasures, under the guidance of the banner, work hard for survival！",1,IRRELEVANT,
B0341,A02,Still Life / Jenny LeClue - Detectivu / Telling Lies,"어드벤처 / 액션, 어드벤처, 캐주얼, 인디 / 어드벤처, 인디, 시뮬레이션",[Still Life] Still Life 2 also now available! ‖ [Jenny LeClue - Detectivu] Jenny LeClue - Detectivu는 조사와 선택지로 가득한 스릴 넘치는 미스터리 어드벤처 게임입니다. ‖ [Telling Lies] 네 명의 삶. 그리고 하나의 큰 거짓말. 아무도 모르게 녹화된 은밀한 대화를 들으며 진실을 알아내십시오. 큰 호평을 받았던 Her Story의 계승작입니다.,Murdered: Soul Suspect,"액션, 어드벤처, RPG","MURDERED: SOUL SUSPECT™ takes players into a whole new realm of mystery where the case is personal and the clues just out of reach, challenging gamers to solve the hardest case of all… their own murder.",3,,
B0342,A35,Project Zomboid / Don't Starve / The Forest,"인디, RPG, 시뮬레이션, 앞서 해보기 / 어드벤처, 인디, 시뮬레이션 / 액션, 어드벤처, 인디, 시뮬레이션","[Project Zomboid] Project Zomboid is the ultimate in zombie survival. Alone or in MP: you loot, build, craft, fight, farm and fish in a struggle to survive. A hardcore RPG skillset, a vast map, mass ‖ [Don't Starve] Don’t Starve is an uncompromising wilderness survival game full of science and magic. Enter a strange and unexplored world full of strange creatures, dangers, and surprises. Gather ‖ [The Forest] As the lone survivor of a passenger jet crash, you find yourself in a mysterious forest battling to stay alive against a society of cannibalistic mutants. Build, explore, survive i",Don't Bite Me Bro! +,"액션, 어드벤처, 인디, RPG, 시뮬레이션, 전략","Don't Bite Me Bro! is a 1-4 Player Couch Co-op open-world zombie apocalypse game. Explore the world for resources, find and save survivors throughout the world, each which become playable characters with unique traits and abilities.",2,,
B0343,A32,Hardspace: Shipbreaker / Hacknet / The Case of the Golden Idol / 방 탈출 시뮬레이터 / shapez 2 - Factory,"시뮬레이션 / 인디, 시뮬레이션 / 어드벤처, 인디 / 어드벤처, 캐주얼, 인디, 시뮬레이션 / 캐주얼, 인디, 시뮬레이션, 전략","[Hardspace: Shipbreaker] Equipped with cutting-edge salvaging tech, carve & slice spaceships to recover valuable materials. Upgrade your gear to take on more lucrative contracts and pay your billion credit ‖ [Hacknet] Hacknet은 터미널 기반의 몰입형 해킹 시뮬레이터입니다. 최근에 사망한, 그러나 언론 보도와는 달리 사고로 사망하지 않은 해커의 지시에 따라 진실을 추척하십시오. ‖ [The Case of the Golden Idol] A new kind of detective game that allows you to think and investigate freely. Discover clues surrounding 12 strange and gruesome deaths and build your own theory. Pick your suspect ‖ [방 탈출 시뮬레이터] Escape Simulator는 단독 또는 온라인 협동 플레이가 가능한 1인칭 퍼즐 게임입니다. 점점 더 많아지는, 고도의 상호 작용이 가능한 방탈출 세트를 탐험하세요. 가구를 옮기고, 모든 것을 집어 들고 검사하고, 냄비를 부수고 자물쇠를 부수세요! 레벨 편집기를 통해 커뮤니티가 만든 방을 지원합니다. ‖ [shapez 2 - Factory] 공장 건설 게임에 빠져들어 보세요. 단 한 가지에 집중하세요. 대규모 우주 공장을 건설하는 것! 방대하게 펼쳐지는 다층 공장과 만족스러운 생산 라인을 무제한으로 설계하세요. 계속해서 어려워지는 자동화 목표를 적의 위협 없이 자신만의 속도로 달성하세요.",Factory Town,"인디, 시뮬레이션, 전략","Build, automate, and optimize a giant factory on 3D terrain using conveyor belts, trains, chutes, pipes, and airships. Sell your goods to nearby villages to expand their borders, increase happiness, and unlock even better technology!",2,,
B0344,A33,Garry's Mod / Team Fortress 2 / Left 4 Dead 2,"캐주얼, 인디, 시뮬레이션 / 액션, 무료 플레이 / 액션","[Garry's Mod] Garry's Mod is a physics sandbox. There aren't any predefined aims or goals. We give you the tools and leave you to play. ‖ [Team Fortress 2] 다양한 전술적 능력과 뚜렷한 개성을 갖춘 9가지 병과의 캐릭터를 플레이하세요. 끊임없이 업데이트되는 새로운 게임 모드, 맵, 장비 그리고 가장 중요한 모자까지 지금 바로 즐겨보세요! ‖ [Left 4 Dead 2] Set in the zombie apocalypse, Left 4 Dead 2 is a co-operative action horror FPS takes you and your friends through the cities, swamps and cemeteries of the Deep South, from Savanna",Outbreak: The New Nightmare,"액션, 어드벤처, 인디, RPG","Return to the roots of co-op survival horror as you face monstrous hordes, scrounge for supplies and attempt to survive the nightmare. You have one life. Make it count!",3,,
B0345,A33,Garry's Mod / Team Fortress 2 / Left 4 Dead 2,"캐주얼, 인디, 시뮬레이션 / 액션, 무료 플레이 / 액션","[Garry's Mod] Garry's Mod is a physics sandbox. There aren't any predefined aims or goals. We give you the tools and leave you to play. ‖ [Team Fortress 2] 다양한 전술적 능력과 뚜렷한 개성을 갖춘 9가지 병과의 캐릭터를 플레이하세요. 끊임없이 업데이트되는 새로운 게임 모드, 맵, 장비 그리고 가장 중요한 모자까지 지금 바로 즐겨보세요! ‖ [Left 4 Dead 2] Set in the zombie apocalypse, Left 4 Dead 2 is a co-operative action horror FPS takes you and your friends through the cities, swamps and cemeteries of the Deep South, from Savanna",X-MODE,"액션, 캐주얼, 인디, 무료 플레이",Free-to-play action packed multiplayer FPS featuring a variety of gamemodes. Perfect for quick casual games with friends.,2,,
B0346,A02,Still Life / Jenny LeClue - Detectivu / Telling Lies,"어드벤처 / 액션, 어드벤처, 캐주얼, 인디 / 어드벤처, 인디, 시뮬레이션",[Still Life] Still Life 2 also now available! ‖ [Jenny LeClue - Detectivu] Jenny LeClue - Detectivu는 조사와 선택지로 가득한 스릴 넘치는 미스터리 어드벤처 게임입니다. ‖ [Telling Lies] 네 명의 삶. 그리고 하나의 큰 거짓말. 아무도 모르게 녹화된 은밀한 대화를 들으며 진실을 알아내십시오. 큰 호평을 받았던 Her Story의 계승작입니다.,CaseCracker2,"인디, 시뮬레이션, 전략","Officer Jia has vanished, leaving a classified message pointing to the CaseCracker 2.0 system. Tear through suspects' alibis, look beyond the text, and extract hidden threads from seemingly unrelated intel. Will you find the ultimate truth, or a trap?",3,,
B0347,A29,Salt and Sanctuary,"액션, 인디, RPG","[Salt and Sanctuary] 두렵고도 잔혹한 섬의 탐험을 시작합니다… Salt and Sanctuary는 신속하고, 잔인하며, 복잡한 전투 시스템을 지닌 2D RPG입니다. 저주받은 도시의 잊힌 영역이나, 피에 물든 던전이나, 오염된 기념비와 같은 장소를 돌아다니며, 한때 축복을 받았지만 지금은 타락하고 만 영주들을 조우하세요.",Warlocks vs Shadows,"액션, 인디, RPG",Slay monsters. Defeat epic bosses. Collect magical gear. Become a Warlock and save the universe.,2,,
B0348,A06,Cities: Skylines / Factorio / Farming Simulator 22,"시뮬레이션, 전략 / 캐주얼, 인디, 시뮬레이션, 전략 / 시뮬레이션","[Cities: Skylines] Cities: Skylines is a modern take on the classic city simulation. The game introduces new game play elements to realize the thrill and hardships of creating and maintaining a real  ‖ [Factorio] Factorio는 무한한 2D 세상에서 복잡성이 증가하는 아이템을 생산하기 위해 자동화 공장을 만드는 게임입니다. - 당신의 상상력으로 공장을 설계, 독창적인 방법으로 간단한 요소를 결합하고 마지막엔 당신을 좋아하지 않는 생물들로 부터 공장을 지키세요. ‖ [Farming Simulator 22] 농장을 만들고 농사를 즐기세요! 작물을 수확하고, 동물을 돌보고, 생산을 관리하고, 계절에 따른 어려움을 이겨내세요.",Ancient Cities,"인디, 시뮬레이션, 전략",Ancient Cities는 몰입감 넘치는 프로시저 방식의 환경에서 진행되는 현실적인 도시 건설 및 생존 시뮬레이션입니다. 고대 시대를 거쳐 당신의 부족 운명을 이끌어보세요!,3,,
B0349,A16,The Talos Principle / Rust / Inscryption,"액션, 어드벤처, 인디 / 액션, 어드벤처, 인디, 대규모 멀티플레이어, RPG / 어드벤처, 인디, 전략","[The Talos Principle] 탈로스 법칙은 철학적 SF 소설의 전통을 따른 1인칭 퍼즐 게임입니다. 시리어스 샘을 개발한 크로팀에서 만들었으며, 톰 주버트(FTL, 더 스와퍼)와 조나스 카이라츠(바다는 모든 것을 요구한다.)가 스토리를 작성했습니다. ‖ [Rust] Rust에서의 목표는 오직 하나, 바로 살아남는 것입니다. 섬의 야생 동물, 다른 주민, 환경, 다른 생존자 모두가 여러분의 목숨을 노립니다. 하루 더 살아남을 수 있다면 수단과 방법을 가리지 마세요. ‖ [Inscryption] Inscryption은 검은 잉크로 그려진 카드를 기반으로 한 덱빌딩 로그라이크, 방탈출 퍼즐, 피가 흐르는 심리적 공포 등의 요소가 섞인 여정을 다룹니다. 카드에는 더 어두운 비밀이 새겨져 있습니다…",Rem Survival,"액션, 어드벤처, 인디, 대규모 멀티플레이어, RPG, 시뮬레이션, 앞서 해보기","Scavenge abandoned ruins, craft gear from scrap and salvaged materials, and fight the environment itself as hunger, exposure, and exhaustion push you to your limits. There are no second chances—only adaptation or death.",2,,
B0350,A07,Into the Breach / Monster Train / Mini Metro,"인디, RPG, 시뮬레이션, 전략 / 전략 / 인디, 시뮬레이션, 전략","[Into the Breach] 미래의 강력한 메크를 조종하여 외계 세력을 물리치세요. 이 턴제 전략 게임에서는 세계를 구하려 시도할 때마다 무작위로 새롭게 생성되는 도전이 여러분 앞에 나타납니다. ‖ [Monster Train] Monster Train is a strategic roguelike deck building game with a twist. Set on a train to hell, you’ll use tactical decision making to defend multiple vertical battlegrounds. With  ‖ [Mini Metro] 미니 메트로는 성장하는 도시를 위해 지하철 노선을 설계하는 게임입니다. 역과 역 사이에 노선을 그려서 열차 운행을 시작하세요. 새로운 역이 열리면 노선을 수정해서 노선도를 효율적으로 유지하세요. 한정된 자원을 어느 곳에 사용할 것인지 결정하세요. 도시를 얼마나 오래 유지할 수 있을까요?",Skogdal,"어드벤처, 인디, 전략","A deckbuilding adventure card game set in a rustic Norwegian town during the 90's. Recruit followers, draft cards and build powerful combos. Explore a hand-crafted world across multiple runs and uncover an unsettling mystery…",2,,
B0351,A16,The Talos Principle / Rust / Inscryption,"액션, 어드벤처, 인디 / 액션, 어드벤처, 인디, 대규모 멀티플레이어, RPG / 어드벤처, 인디, 전략","[The Talos Principle] 탈로스 법칙은 철학적 SF 소설의 전통을 따른 1인칭 퍼즐 게임입니다. 시리어스 샘을 개발한 크로팀에서 만들었으며, 톰 주버트(FTL, 더 스와퍼)와 조나스 카이라츠(바다는 모든 것을 요구한다.)가 스토리를 작성했습니다. ‖ [Rust] Rust에서의 목표는 오직 하나, 바로 살아남는 것입니다. 섬의 야생 동물, 다른 주민, 환경, 다른 생존자 모두가 여러분의 목숨을 노립니다. 하루 더 살아남을 수 있다면 수단과 방법을 가리지 마세요. ‖ [Inscryption] Inscryption은 검은 잉크로 그려진 카드를 기반으로 한 덱빌딩 로그라이크, 방탈출 퍼즐, 피가 흐르는 심리적 공포 등의 요소가 섞인 여정을 다룹니다. 카드에는 더 어두운 비밀이 새겨져 있습니다…",Beneath Oresa,"인디, RPG, 전략","전투 로그라이크 덱 빌딩 Beneath Oresa. 적들과 마주하기 위해 도시의 깊숙한 곳으로 내려가세요. 전략가로서 카드, 업그레이드, 아티팩트를 현명하게 선택하세요. 투사로서는 적들의 위치를 여러분의 이점으로 삼으세요.",3,,
B0352,A20,Counter-Strike 2 / PUBG: BATTLEGROUNDS / 톰 클랜시의 레인보우식스 시즈,"액션, 무료 플레이 / 액션, 어드벤처, 대규모 멀티플레이어, 무료 플레이 / 액션, 무료 플레이","[Counter-Strike 2] Counter-Strike는 20년이 넘는 시간 동안 전 세계 수백만 명의 플레이어가 모여 수준 높은 경쟁을 펼칠 수 있는 플랫폼을 제공해 왔습니다. 그리고 이제 곧 Counter-Strike 2와 함께 새로운 CS 시대의 막이 열립니다. ‖ [PUBG: BATTLEGROUNDS] 배틀로얄 유행의 시작이자, 그 정수를 보여준 PUBG: 배틀그라운드를 지금 무료로 플레이하세요! 다양한 맵에 낙하하여 무기와 보급품을 확보하고, 점점 줄어드는 블루존 속에서 끝까지 살아남아 승리를 쟁취하세요. ‖ [톰 클랜시의 레인보우식스 시즈] 톰 클랜시의 레인보우식스 시즈는 탁월한 계획과 기술이 승부를 좌우하는 전술적인 정예 팀 기반 슈팅 게임입니다.",Down To One,액션,"42 Players Start. Only 1 will survive.Down to One is a competitive survival shooter in a large, interactive, open-world environment. Start out with nothing, and use anything you can find in the environment to survive, and eliminate other competitors over the course of a brutal round.",2,,
B0353,A13,Death's Door / Children of Morta / Roboquest / Spelunky 2 / Nuclear Throne / Streets of Rogue / Neon Abyss / Curse of the Dead Gods / Rogue Legacy 2 / Have a Nice Death,"액션, 어드벤처, 인디, RPG / 액션, 어드벤처, 인디, RPG / 액션, 인디 / 액션, 인디 / 액션, 인디, RPG / 액션, 어드벤처, 인디, RPG / 액션, 어드벤처, 인디, RPG / 액션, 어드벤처 / 액션, 어드벤처, 인디, RPG / 액션, 인디","[Death's Door] 죽은 자의 영혼을 수확하고 시간을 끝내는 것은 단조로울 수 있지만 까마귀에겐 평범한 일입니다. 하지만 주어진 영혼을 도둑맞게 되면 변화가 일어납니다. 영혼을 도난하고 죽음의 손길이 닿지 않는 영역으로 도망친 절망적인 도둑을 추적하십시오. ‖ [Children of Morta] Children of Morta는 비범한 가족 영웅에 대한 스토리 중심의 액션 RPG 게임입니다. 다가오는 부패에 맞서 모든 결함과 미덕을 갖춘 베르그송 가를 이끄세요. 여러분은 여러분이 아끼는 사람들을 구하기 위해 모든 것을 희생할 수 있으신가요? ‖ [Roboquest] 로보퀘스트는 멸망한 미래 세계의 빠른 FPS 로그라이트입니다. 당신은 재부팅된 수호자로, 강철 궁둥짝을 걷어 찰 준비를 하세요! 혼자서 혹은 친구와 함께 맞서거나 끊임없이 변화하는 환경에서 치명적인 로봇 군단을 섬멸하세요. ‖ [Spelunky 2] Spelunky 2 builds upon the unique, randomized challenges that made the original a roguelike classic, offering a huge adventure designed to satisfy players old and new. Meet the nex ‖ [Nuclear Throne] Nuclear Throne은 포스트 아포칼립스 세계관의 로그라이크 스타일 탑다운 슈터입니다. 여기서 말하는 포스트 아포칼립스는 '인류의 마지막 희망'이 남아 있는 세계가 아니라, '인류는 멸종했고 이제 돌연변이와 괴물들이 세상을 돌아다니는' 그런 세계입니다. 과연 당신은 뉴클리어 쓰론에 도달할 수 있을까요? ‖ [Streets of Rogue] 싸워서 몰래 들어가 임의 생성된 도시를 공격하세요. Nuclear Throne은 무법천지 GTA와 Deus Ex가 혼합된 형태입니다. Rogue-lite가 몰입도 높은 캐릭터를 만나 너무 재미있습니다. ‖ [Neon Abyss] Neon Abyss는 고속의 로그라이크 액션 플랫포머로, 하데스가 만든 '그림 스쿼드'의 일원이 되어 어비스로 총을 들고 뛰어드는 런 앤 건 게임입니다. 무한한 아이템 시너지와 던전 진화 시스템으로, 매번 게임을 할 때마다 다른 경험과 새로운 도전이 등장합니다. 진짜 지옥을 보여주세요! ‖ [Curse of the Dead Gods] 엄청난 부, 영원한 생명, 신성한 힘을 탐하는 마음이 당신을 끝없는 지옥 속의 미로, 치명적인 함정 및 몬스터가 우글거리는 이 저주받은 사원으로 이끌었습니다. ‖ [Rogue Legacy 2] 로그 레거시 2는 로그 레거시에 후속편을 끼얹은 작품입니다. 당신이 죽을 때마다 자식이 가업을 이어받습니다. 딸은 색맹 궁수이고 아들은 평화주의자 요리사일 수도 있죠. 어쨌거나 둘 중 한 명은 전장으로 나가야 합니다. ‖ [Have a Nice Death] Have a Nice Death는 과로에 고생하는 데스가 되어 플레이하는 2D 액션 로그라이크로, 통제 불능인 직원들 때문에 영혼의 균형과 데스의 휴가 계획이 틀어지고 말았습니다. 질서를 회복하려면 대낫을 들고 직원들과 서열 정리를 해야 합니다.",Mana Spark,"액션, 인디, RPG",A challenging action RPG with deep souls-like combat and rogue-like elements. Explore a dreadful dungeon and fight smart enemies that will plan and collaborate between themselves to defeat you.,3,,
B0354,A28,Dordogne / A YEAR OF SPRINGS / Botany Manor,"어드벤처, 인디 / 캐주얼, 인디, 시뮬레이션 / 어드벤처","[Dordogne] 이 유년 시절의 여정에서 특별한 내러티브에 몰입하며 도르도뉴의 수천 가지 여름의 색을 탐험하고, 추억을 떠올리며 가족의 비밀을 밝히세요. ‖ [A YEAR OF SPRINGS] 세 명의 여성, 세 개의 이야기, 세 개의 봄. 세 명의 친구들이 사랑, 공감, 그리고 단지 함께하고 싶어하는 감정에 대한 방향을 찾아나가는 3 부작 비주얼 노벨 A YEAR OF SPRINGS 에서 하루, 에리카, 마나미의 이야기를 체험하세요. ‖ [Botany Manor] Welcome to Botany Manor, a stately home in 19th century England. You play as inhabitant Arabella Greene, a retired botanist. Explore your house and gardens, filled with research, t",Amerzone: 탐험가의 유산,"액션, 어드벤처, 시뮬레이션","그레이트 화이트 버드를 찾아 비밀로 가득한 미지의 땅으로 모험을 떠나보세요 어느 탐험가의 유지를 받들어 남미의 잊힌 나라, Amerzone으로 날아가 탐험을 시작해보세요.",2,,
B0355,A33,Garry's Mod / Team Fortress 2 / Left 4 Dead 2,"캐주얼, 인디, 시뮬레이션 / 액션, 무료 플레이 / 액션","[Garry's Mod] Garry's Mod is a physics sandbox. There aren't any predefined aims or goals. We give you the tools and leave you to play. ‖ [Team Fortress 2] 다양한 전술적 능력과 뚜렷한 개성을 갖춘 9가지 병과의 캐릭터를 플레이하세요. 끊임없이 업데이트되는 새로운 게임 모드, 맵, 장비 그리고 가장 중요한 모자까지 지금 바로 즐겨보세요! ‖ [Left 4 Dead 2] Set in the zombie apocalypse, Left 4 Dead 2 is a co-operative action horror FPS takes you and your friends through the cities, swamps and cemeteries of the Deep South, from Savanna",Shotgun Farmers,"액션, 인디",샷건 파머스는 빗나간 탄환에서 총이 자라는 재미있는 멀티플레이어 슈팅 게임입니다! 탄환에서 자란 식물이 길 수록 더 많은 탄약이 들어있습니다!,3,,
B0356,A28,Dordogne / A YEAR OF SPRINGS / Botany Manor,"어드벤처, 인디 / 캐주얼, 인디, 시뮬레이션 / 어드벤처","[Dordogne] 이 유년 시절의 여정에서 특별한 내러티브에 몰입하며 도르도뉴의 수천 가지 여름의 색을 탐험하고, 추억을 떠올리며 가족의 비밀을 밝히세요. ‖ [A YEAR OF SPRINGS] 세 명의 여성, 세 개의 이야기, 세 개의 봄. 세 명의 친구들이 사랑, 공감, 그리고 단지 함께하고 싶어하는 감정에 대한 방향을 찾아나가는 3 부작 비주얼 노벨 A YEAR OF SPRINGS 에서 하루, 에리카, 마나미의 이야기를 체험하세요. ‖ [Botany Manor] Welcome to Botany Manor, a stately home in 19th century England. You play as inhabitant Arabella Greene, a retired botanist. Explore your house and gardens, filled with research, t",Departed Away,"캐주얼, 인디, RPG","우정이 미스터리와 얽혀 있는 매혹적인 비주얼 소설 '디파티드 어웨이(Departed Away)'를 만나보세요. 비밀을 밝혀내고, 언어적 결투를 하고, 여러분의 이야기를 형성하는 선택을 하세요. 이 이야기에서 감정적인 깊이와 복잡한 연결을 탐구하세요.",2,,
B0357,A24,Valheim / Grounded / My Time at Portia,"액션, 어드벤처, 인디, RPG, 앞서 해보기 / 액션, 어드벤처 / 어드벤처, 캐주얼, 인디, RPG, 시뮬레이션","[Valheim] 북구 신화와 바이킹 문화에 기반한 판타지 세계를 배경으로 펼쳐지는 생존 및 탐험 게임. ‖ [Grounded] The world is a vast, beautiful and dangerous place – especially when you have been shrunk to the size of an ant. Can you thrive alongside the hordes of giant insects, fighting to s ‖ [My Time at Portia] 아름다운 Portia 마을에서 새 삶을 시작하세요! 아버지가 방치한 작업장에서 제작을 부탁받고, 작물을 키우고, 가축을 기르고, 아름다운 세기말의 땅에서 특이한 친구들을 사귀며 작업장을 예전의 멋진 모습으로 복원하세요.",Circadian City,"어드벤처, 인디, RPG, 시뮬레이션, 전략, 앞서 해보기",A life sim game where you play both in the Realworld and the Dreamworld. Your personality is your skill tree.,2,,
B0358,A10,A Short Hike / ISLANDERS / Gorogoa,"어드벤처, 인디 / 캐주얼, 인디, 전략 / 어드벤처, 캐주얼, 인디","[A Short Hike] Hike, climb, and soar through the peaceful mountainside landscapes of Hawk Peak Provincial Park as you make your way to the summit. ‖ [ISLANDERS] ISLANDERS is a minimalist strategy game about building cities on colorful islands. ‖ [Gorogoa] Gorogoa(고로고아)는 Jason Roberts가 디자인하고 일러스트레이션을 손으로 그린 아름다운 차세대 퍼즐 게임입니다.",TOHU,"어드벤처, 인디","이상하면서도 멋진 물고기 별을 배경으로 새로운 어드벤처 게임을 경험하세요. 아름다운 세계를 탐험하고, 복잡한 퍼즐을 풀고, 신비한 소녀와 그녀의 또 다른 자아인 로봇 큐버스에 대한 비밀을 밝혀내세요.",3,,
B0359,A02,Still Life / Jenny LeClue - Detectivu / Telling Lies,"어드벤처 / 액션, 어드벤처, 캐주얼, 인디 / 어드벤처, 인디, 시뮬레이션",[Still Life] Still Life 2 also now available! ‖ [Jenny LeClue - Detectivu] Jenny LeClue - Detectivu는 조사와 선택지로 가득한 스릴 넘치는 미스터리 어드벤처 게임입니다. ‖ [Telling Lies] 네 명의 삶. 그리고 하나의 큰 거짓말. 아무도 모르게 녹화된 은밀한 대화를 들으며 진실을 알아내십시오. 큰 호평을 받았던 Her Story의 계승작입니다.,Dr. What & Detective Son,"어드벤처, 캐주얼, 인디","Join Dr. What and Detective Son on an exhilarating journey through mind-bending puzzles and perplexing mysteries in this immersive logic game! With multiple levels to conquer, sharpen your deductive skills and unravel intricate cases.",2,,
B0360,A21,DARK SOULS™ III / The Witcher 3: Wild Hunt / The Elder Scrolls V: Skyrim Special Edition,액션 / RPG / RPG,"[DARK SOULS™ III] 장르를 새로 개척했다는 평가를 들으며 많은 좋은 평가들을 얻고 있는 다크 소울 시리즈는 계속해서 한계를 넘어서, 더욱 야심찬 단계에 도전하고자 하고 있습니다. 준비를 하고 어둠을 밝히십시오! ‖ [The Witcher 3: Wild Hunt] 리비아의 게롤트가 되어 의뢰를 받고 괴물을 사냥하세요. 전쟁의 상처가 가득하고 괴물이 들끓는 대륙을 마음껏 탐험해 보세요. 지금 가장 중요한 일은 대륙의 판도를 뒤바꿀 수도 있는 살아 있는 무기이자 예언의 아이, 시리를 추적하는 것입니다. ‖ [The Elder Scrolls V: Skyrim Special Edition] 200회 이상 올해의 게임에 선정된 The Elder Scrolls V: Skyrim Special Edition이 놀라운 디테일로 판타지에 생명을 불어넣었습니다. Special Edition에는 비평가들의 극찬을 받은 게임 및 새로운 기능이 포함된 애드온이 들어 있습니다.",The Eternal Castle [REMASTERED],"액션, 어드벤처, 인디","The Eternal Castle [REMASTERED] is a remake of the original ""ETERNAL CASTLE"" from 1987, with additional game mechanics, sophisticated sound design, polished 2-bit CGA animated graphics, and modernized game design.",2,,
B0361,A15,서브노티카 / The Long Dark / No Man's Sky,"어드벤처, 인디 / 어드벤처, 인디, 시뮬레이션, 전략 / 액션, 어드벤처","[서브노티카] 위험과 경이로움이 가득한 외계의 바다 속으로 내려가세요. 장비를 제작하고, 잠수함을 조종하며 야생 생물보다 앞서가세요. 우거진 산호초, 화산, 동굴 같은 많은 장소들을 탐험하세요. 물론 살아남는 걸 잊으면 안 되겠죠. ‖ [The Long Dark] The Long Dark는 깊은 생각을 요구하는 탐험 생존 게임입니다. 플레이어는 지구 자기장 이상으로 인한 대재앙이 휩쓸고 간 세상에서 혼자 드넓은 설원 황무지를 탐험하며 살아남아야 합니다. 좀비는 등장하지 않으며 오직 플레이어와 추위, 그리고 자연 속의 위험들만 존재합니다. 고요한 종말의 세상에 오신 것을 환영합니다. ‖ [No Man's Sky] No Man's Sky는 무한히 펼쳐지는 우주에서의 탐험과 생존을 그린 SF 게임입니다.",Shamania,"액션, 어드벤처, RPG","Shamania is an open world survival game where you can CRAFT, FIGHT, and EXPLORE a vibrant sandbox world with friends in CO-OP. Expand your base as a hub for survival, gather resources, and master professions to unlock new tools and opportunities!",2,,
B0362,A10,A Short Hike / ISLANDERS / Gorogoa,"어드벤처, 인디 / 캐주얼, 인디, 전략 / 어드벤처, 캐주얼, 인디","[A Short Hike] Hike, climb, and soar through the peaceful mountainside landscapes of Hawk Peak Provincial Park as you make your way to the summit. ‖ [ISLANDERS] ISLANDERS is a minimalist strategy game about building cities on colorful islands. ‖ [Gorogoa] Gorogoa(고로고아)는 Jason Roberts가 디자인하고 일러스트레이션을 손으로 그린 아름다운 차세대 퍼즐 게임입니다.",Mary's Quest,"어드벤처, 인디, 무료 플레이","Help May conquer the summit in this charming 2D adventure! Leap across platforms, avoid tricky traps, and master each chapter. Test your reflexes, explore vibrant environments, and conquer the mountain in this indie adventure.",1,LOW_QUALITY,
B0363,A10,A Short Hike / ISLANDERS / Gorogoa,"어드벤처, 인디 / 캐주얼, 인디, 전략 / 어드벤처, 캐주얼, 인디","[A Short Hike] Hike, climb, and soar through the peaceful mountainside landscapes of Hawk Peak Provincial Park as you make your way to the summit. ‖ [ISLANDERS] ISLANDERS is a minimalist strategy game about building cities on colorful islands. ‖ [Gorogoa] Gorogoa(고로고아)는 Jason Roberts가 디자인하고 일러스트레이션을 손으로 그린 아름다운 차세대 퍼즐 게임입니다.",Peaceful Lands,"캐주얼, 인디, 시뮬레이션, 전략","Peaceful Lands is a relaxing minimalist building strategy game where you place tiles to create a beautiful and ever-growing village landscape. A great way to relax, sit back and watch your beautiful land grow. Strategize, beat your high score and have fun.",3,,
B0364,A10,A Short Hike / ISLANDERS / Gorogoa,"어드벤처, 인디 / 캐주얼, 인디, 전략 / 어드벤처, 캐주얼, 인디","[A Short Hike] Hike, climb, and soar through the peaceful mountainside landscapes of Hawk Peak Provincial Park as you make your way to the summit. ‖ [ISLANDERS] ISLANDERS is a minimalist strategy game about building cities on colorful islands. ‖ [Gorogoa] Gorogoa(고로고아)는 Jason Roberts가 디자인하고 일러스트레이션을 손으로 그린 아름다운 차세대 퍼즐 게임입니다.",JustJump!,"어드벤처, 캐주얼, 인디","Experience the thrill of a light-hearted, relaxing, and stress-relieving parkour game, navigate through a variety of dynamic levels, each offering a unique challenge and aesthetic. Always remember: just jump!",1,LOW_QUALITY,
B0365,A01,It Takes Two / Overcooked! 2 / What Remains of Edith Finch,"액션, 어드벤처 / 액션, 캐주얼, 인디 / 어드벤처, 인디","[It Takes Two] It Takes Two에서 생애 가장 정신없는 여정을 시작하세요. 친구가 무료로 참가할 수 있게 친구 패스*로 초대하고, 함께 힘을 합쳐서 수많은 유쾌하고 획기적인 게임 플레이 챌린지를 헤쳐나가세요. ‖ [Overcooked! 2] 혼란스러운 요리 액션으로 가득한 Overcooked가 돌아왔습니다! 양파 왕국으로 돌아가는 여행을 떠나세요. 클래식 협동 또는 온라인 플레이에서 셰프 팀을 만들어서 최대 4명까지 플레이하세요. 앞치마를 준비하세요... 다시 세상을 구할 때가 되었습니다! ‖ [What Remains of Edith Finch] What Remains of Edith Finch(워트 리메인스 오브 에디스 핀치)는 워싱턴 주에 있는 어느 가족에 대한 이상한 이야기의 모음입니다. 플레이어는 에디스가 되어 거대한 핀치 가택을 탐사하고, 가족사를 연구하며 이야기를 찾고, 왜 가족 중에서 그녀만 살아남았는지 알아내야 합니다. 각 이야기는 새로운 가족 구성",Let's Cook Together,"캐주얼, 인디","Let's Cook Together is a cooperative, family-friendly game for 2 - play with your spouse, kid, (grand)parent or friend.",3,,
B0366,A26,RimWorld / Oxygen Not Included / Unpacking 언패킹,"인디, 시뮬레이션, 전략 / 인디, 시뮬레이션 / 캐주얼, 인디, 시뮬레이션","[RimWorld] 지능형 AI 이야기꾼이 주도하는 공상과학 정착지 시뮬레이터입니다. 심리, 생태, 총격전과 근접전, 날씨, 기후, 외교, 사람 사이의 관계, 예술, 의학, 무역, 그 외 많은 것들을 시뮬레이션하여 이야기를 생성합니다. ‖ [Oxygen Not Included] Oxygen Not Included는 우주 콜로니 시뮬레이션 게임입니다. 외계의 우주 암석 깊은 곳에서 근면한 일꾼들은 생존하고 나아가 번영하기 위해 과학을 마스터하고, 낯선 새로운 생명체에 맞서며, 경이로운 우주 테크놀로지를 활용해야 합니다. ‖ [Unpacking 언패킹] Unpacking은 상자에서 짐을 꺼내 새집에 맞게 배치하는 친숙한 체험에 대한 명상적 퍼즐 게임입니다. 게임의 일부인 블록 맞추기 게임과 집 꾸미기를 하는 동안, 푸는 짐에 닮긴 삶의 실마리를 찾아가며 만족할 만한 생활 공간을 만들어 보세요.",PULSAR: Lost Colony,"액션, 어드벤처, 인디, RPG, 시뮬레이션",The co-op open-world space sim where everyone has a role! Pilot the ship. Reroute power. Launch nukes. Explore alien planets. Research new talents. Work together to find the Lost Colony! ...or just deliver some biscuits,2,,
B0367,A19,ELDEN RING / Disco Elysium - The Final Cut / Outer Wilds,"액션, RPG / RPG / 액션, 어드벤처","[ELDEN RING] 본 게임은 본격적인 다크 판타지 세계를 무대로 한 액션 RPG입니다. 드넓은 필드와 던전 탐험을 통해 미지의 것들을 발견해 보세요. 앞길을 막아서는 난관과 그것을 극복했을 때의 달성감, 그리고 등장인물들의 의도가 교착하는 군상극도 즐기실 수 있습니다. ‖ [Disco Elysium - The Final Cut] 디스코 엘리시움 - 최종판은 획기적인 오픈 월드 롤플레잉 게임입니다. 당신은 독특한 스킬 시스템을 갖춘 형사로서 오롯한 도시 블록을 당신의 미래를 닦기 위해 다듬을 수 있습니다. 잊지 못할 등장인물들을 심문하거나, 살인 사건을 해결하거나, 뇌물을 받으세요. 영웅이 되거나 인류의 완전한 재앙이 되세요. ‖ [Outer Wilds] Giant Bomb, Polygon, Eurogamer, The Guardian에 의해 2019년 올해의 게임에 이름을 올리며 냉정한 호평과 수상 실적이 있는 Outer Wilds는 무한 시간 루프에 갇힌 태양계에 관한 공개된 세계의 미스터리 게임입니다.",Metal Garden | 메탈 가든,"액션, 어드벤처, 인디","거대한 식물로 뒤덮인 초거대구조물을 탐험하고, 그 너머에 무엇이 있는지 발견하세요. 메탈 가든은 짧지만 깊은 분위기를 지닌 싱글 플레이 1인칭 슈팅 게임입니다.",2,,
B0368,A15,서브노티카 / The Long Dark / No Man's Sky,"어드벤처, 인디 / 어드벤처, 인디, 시뮬레이션, 전략 / 액션, 어드벤처","[서브노티카] 위험과 경이로움이 가득한 외계의 바다 속으로 내려가세요. 장비를 제작하고, 잠수함을 조종하며 야생 생물보다 앞서가세요. 우거진 산호초, 화산, 동굴 같은 많은 장소들을 탐험하세요. 물론 살아남는 걸 잊으면 안 되겠죠. ‖ [The Long Dark] The Long Dark는 깊은 생각을 요구하는 탐험 생존 게임입니다. 플레이어는 지구 자기장 이상으로 인한 대재앙이 휩쓸고 간 세상에서 혼자 드넓은 설원 황무지를 탐험하며 살아남아야 합니다. 좀비는 등장하지 않으며 오직 플레이어와 추위, 그리고 자연 속의 위험들만 존재합니다. 고요한 종말의 세상에 오신 것을 환영합니다. ‖ [No Man's Sky] No Man's Sky는 무한히 펼쳐지는 우주에서의 탐험과 생존을 그린 SF 게임입니다.",Far Cry® Primal,"액션, 어드벤처",수상에 빛나는 Far Cry 시리즈가 거대한 야수와 숨 막히는 환경 그리고 예측할 수 없는 야만인으로 가득한 혁신적인 오픈 월드 게임 플레이로 돌아왔습니다. 위험과 모험으로 가득한 석기 시대에 오신 걸 환영합니다. 때는 거대한 맘모스와 세이버투스가 지구를 지배하고 인간은 먹이 사슬 아래서 투쟁하던 때입니다. 사냥꾼 그룹의 마지막 생존자인 당신은 멸종의 위기를 극복하고 부족을 통합해야 합니다.,2,,
B0369,A17,Lethal Company / Phasmophobia / Deep Rock Galactic,"액션, 어드벤처, 인디, 앞서 해보기 / 액션, 인디, 앞서 해보기 / 액션","[Lethal Company] A co-op horror about scavenging at abandoned moons to sell scrap to the Company. ‖ [Phasmophobia] Phasmophobia is a 4 player online co-op psychological horror. Paranormal activity is on the rise and it’s up to you and your team to use all the ghost-hunting equipment at your dis ‖ [Deep Rock Galactic] 딥 락 갤럭틱은 1-4인의 플레이어가 협동하는 FPS 게임으로, 상남자 우주 드워프, 100% 파괴 가능한 맵 환경, 절차적 생성 동굴 지형, 그리고 끊임없이 등장하는 외계 괴물 무리가 특징입니다.",NO BACKUP (백업 없음),"액션, 인디, 앞서 해보기","함께 탈출하거나 혼자 죽으십시오. 이 강렬한 협동 바디캠 공포 게임에서 당신과 팀은 집요한 괴물에게 쫓기고 있습니다. 소통하고, 침묵을 유지하며, 살아남기 위해 싸우십시오. 모든 움직임이 중요합니다. 모든 소리가 마지막이 될 수 있습니다.",3,,
B0370,A24,Valheim / Grounded / My Time at Portia,"액션, 어드벤처, 인디, RPG, 앞서 해보기 / 액션, 어드벤처 / 어드벤처, 캐주얼, 인디, RPG, 시뮬레이션","[Valheim] 북구 신화와 바이킹 문화에 기반한 판타지 세계를 배경으로 펼쳐지는 생존 및 탐험 게임. ‖ [Grounded] The world is a vast, beautiful and dangerous place – especially when you have been shrunk to the size of an ant. Can you thrive alongside the hordes of giant insects, fighting to s ‖ [My Time at Portia] 아름다운 Portia 마을에서 새 삶을 시작하세요! 아버지가 방치한 작업장에서 제작을 부탁받고, 작물을 키우고, 가축을 기르고, 아름다운 세기말의 땅에서 특이한 친구들을 사귀며 작업장을 예전의 멋진 모습으로 복원하세요.",Raft,"어드벤처, 인디, 시뮬레이션","Raft™ throws you and your friends into an epic oceanic adventure! Alone or together, players battle to survive a perilous voyage across a vast sea! Gather debris, scavenge reefs and build your own floating home, but be wary of the man-eating sharks!",3,,
B0371,A18,Euro Truck Simulator 2 / BeamNG.drive / 아세토 코르사 Assetto Corsa,"인디, 시뮬레이션 / 레이싱, 시뮬레이션, 앞서 해보기 / 인디, 레이싱, 시뮬레이션, 스포츠","[Euro Truck Simulator 2] 도로의 왕이 되어 인상적인 거리를 가로질러 중요한 화물을 배달하는 트럭 운전사가 되어 유럽을 여행하세요! 탐험할 도시가 수십 개나 되므로, 당신의 인내심, 기술, 속도가 모두 한계에 도달할 것입니다. ‖ [BeamNG.drive] 뭐든지 할 수 있는 동적 소프트 보디 물리 시뮬레이터입니다. ‖ [아세토 코르사 Assetto Corsa] 아세토 코르사(Assetto Corsa) v1.16은 새로운 레이저 스캔 트랙 ""라구나 세카(Laguna Seca)"" 및 기다리던 Alfa Romeo Giulia Quadrifoglio를 포함한 7개의 신차를 소개합니다! 체인지로그에서 더 자세한 내용을 확인하세요!",BlazeRush,"액션, 캐주얼, 인디, 레이싱","BlazeRush(블레이즈 러쉬)는 체력도, 레벨도, 브레이크도 없는 역동적인 아케이드 레이싱 생존 게임입니다! 로컬이나 온라인 멀티플레이에서 친구들과 팀을 짜 플레이할 수 있고, 입맛에 맞는 차를 골라 쫓고, 터뜨리고, 방해해 보세요! 새로운 적과 장애물, 트랙에 맞춰 당신만의 스타일과 전술을 사용하세요.",2,,
B0372,A25,DOOMBLADE / Transiruby / Blast Brigade vs. the Evil Legion of Dr. Cread,"액션, 어드벤처, 인디 / 액션 / 액션, 어드벤처, 인디","[DOOMBLADE] Deep underground, Gloom Girl discovers DOOMBLADE, a sentient weapon hellbent on escape after eons in chains. Together, “Doom and Gloom” embark on a vengeful quest to unlock the pow ‖ [Transiruby] 차원 대륙의 의문을 풀어라! 는 사이보그 소녀 실비가 검과 엘리먼트 샷으로 적을 쓰러뜨리며 앞으로 나아가는 탐색형 액션 게임입니다! ‖ [Blast Brigade vs. the Evil Legion of Dr. Cread] 스릴 넘치는 플랫포밍과 깊이 있는 탐험 세계, 폭발적인 액션으로 가득한 2D 메트로이드배니아 어드벤처 게임을 즐겨보세요! Blast Brigade에서 영웅들로 팀을 구성해 세계를 구하세요!",페르시아의 왕자: 잃어버린 왕관,"액션, 어드벤처","시공간을 원하는 대로 바꿀 수 있는 페르시아 신화를 배경으로 한 액션 어드벤처 플랫포머 게임 속에서 스타일리시하고 스릴 넘치는 모험을 즐겨 보세요. 칼싸움의 대가인 사르곤을 전설적인 존재로 만들어 낼 수 있는 건 여러분밖에 없습니다! 묘기와도 같은 전투 기술을 숙달하고 새로운 시간의 힘뿐만 아니라, 특별한 능력을 손에 넣어 보세요.",3,,
B0373,A01,It Takes Two / Overcooked! 2 / What Remains of Edith Finch,"액션, 어드벤처 / 액션, 캐주얼, 인디 / 어드벤처, 인디","[It Takes Two] It Takes Two에서 생애 가장 정신없는 여정을 시작하세요. 친구가 무료로 참가할 수 있게 친구 패스*로 초대하고, 함께 힘을 합쳐서 수많은 유쾌하고 획기적인 게임 플레이 챌린지를 헤쳐나가세요. ‖ [Overcooked! 2] 혼란스러운 요리 액션으로 가득한 Overcooked가 돌아왔습니다! 양파 왕국으로 돌아가는 여행을 떠나세요. 클래식 협동 또는 온라인 플레이에서 셰프 팀을 만들어서 최대 4명까지 플레이하세요. 앞치마를 준비하세요... 다시 세상을 구할 때가 되었습니다! ‖ [What Remains of Edith Finch] What Remains of Edith Finch(워트 리메인스 오브 에디스 핀치)는 워싱턴 주에 있는 어느 가족에 대한 이상한 이야기의 모음입니다. 플레이어는 에디스가 되어 거대한 핀치 가택을 탐사하고, 가족사를 연구하며 이야기를 찾고, 왜 가족 중에서 그녀만 살아남았는지 알아내야 합니다. 각 이야기는 새로운 가족 구성",Galaxy Burger,"캐주얼, 인디, 대규모 멀티플레이어, 시뮬레이션","🌸👩‍🍳🍔 스트레스 없이 편안하게 즐기는 힐링 요리 게임! 메카냥이와 외계인들에게 맛있는 버거를 만들어 주세요. 혼자서도, 친구들과 함께 최대 8명까지 즐길 수 있어요!",3,,
B0374,A18,Euro Truck Simulator 2 / BeamNG.drive / 아세토 코르사 Assetto Corsa,"인디, 시뮬레이션 / 레이싱, 시뮬레이션, 앞서 해보기 / 인디, 레이싱, 시뮬레이션, 스포츠","[Euro Truck Simulator 2] 도로의 왕이 되어 인상적인 거리를 가로질러 중요한 화물을 배달하는 트럭 운전사가 되어 유럽을 여행하세요! 탐험할 도시가 수십 개나 되므로, 당신의 인내심, 기술, 속도가 모두 한계에 도달할 것입니다. ‖ [BeamNG.drive] 뭐든지 할 수 있는 동적 소프트 보디 물리 시뮬레이터입니다. ‖ [아세토 코르사 Assetto Corsa] 아세토 코르사(Assetto Corsa) v1.16은 새로운 레이저 스캔 트랙 ""라구나 세카(Laguna Seca)"" 및 기다리던 Alfa Romeo Giulia Quadrifoglio를 포함한 7개의 신차를 소개합니다! 체인지로그에서 더 자세한 내용을 확인하세요!",inRun,"캐주얼, 인디, 대규모 멀티플레이어, 레이싱, 시뮬레이션",혁신적인 오픈 월드 멀티플레이어 시스템과 드라이빙 게임에서 처음으로 멀미를 유발하지 않는 선택적 가상 현실 지원을 통해 클래식 아케이드 레이싱의 마법을 경험해보세요.,2,,
B0375,A12,Baldur's Gate 3 / Mount & Blade II: Bannerlord / Kenshi,"어드벤처, RPG, 전략 / 액션, 인디, RPG, 시뮬레이션, 전략 / 액션, 인디, RPG, 시뮬레이션, 전략","[Baldur's Gate 3] Baldur’s Gate 3 is a story-rich, party-based RPG set in the universe of Dungeons & Dragons, where your choices shape a tale of fellowship and betrayal, survival and sacrifice, and  ‖ [Mount & Blade II: Bannerlord] 본 게임은 전략/액션 RPG입니다. 캐릭터를 생성하고, 외교에 참여하고, 제작, 거래를 하고, 방대한 중세풍의 샌드박스에서 새로운 땅을 정복하십시오. 군대를 일으켜 전쟁에 뛰어들고, 깊이가 있으나 직관적인 실력 기반의 전투 시스템을 채용한 대규모 실시간 전투에서 자신의 부대에 명령을 내리고 함께 싸우십시오. ‖ [Kenshi] 자유롭게 돌아다니는 분대 기반의 RPG. 스토리를 따라가는 대신 제한 없는 샌드박스식 게임플레이에 중점을 두었습니다. 무역상, 도둑, 반란군, 전쟁 군주, 모험가, 농부, 노예 등 다양한 삶을 체험할 수 있습니다. 운이 나쁘면 식인종의 먹잇감으로 전락할지도 모르죠. 새로운 장비를 연구하거나 제작해 보세요.",Reign Of Kings,"액션, 어드벤처, 인디, RPG, 시뮬레이션","Struggle to survive in a harsh medieval world. Hunt wildlife, mine resources, build structures, and craft weapons and armor in order to protect yourself. You may form a guild, bring war to all opposition, and try to seize the throne and become king!",2,,
B0376,A35,Project Zomboid / Don't Starve / The Forest,"인디, RPG, 시뮬레이션, 앞서 해보기 / 어드벤처, 인디, 시뮬레이션 / 액션, 어드벤처, 인디, 시뮬레이션","[Project Zomboid] Project Zomboid is the ultimate in zombie survival. Alone or in MP: you loot, build, craft, fight, farm and fish in a struggle to survive. A hardcore RPG skillset, a vast map, mass ‖ [Don't Starve] Don’t Starve is an uncompromising wilderness survival game full of science and magic. Enter a strange and unexplored world full of strange creatures, dangers, and surprises. Gather ‖ [The Forest] As the lone survivor of a passenger jet crash, you find yourself in a mysterious forest battling to stay alive against a society of cannibalistic mutants. Build, explore, survive i",Subterrain,인디,"Uncompromising Sci-Fi survival on Mars! Manage the entire colony single-handed! Craft, Research, Explore and Fight against evolving mutants. Vast open world and randomly generated levels to explore! Can you survive long enough to escape the horror?",3,,
B0377,A08,Sid Meier’s Civilization® VI / XCOM® 2 / Stellaris,"전략 / 전략 / 시뮬레이션, 전략","[Sid Meier’s Civilization® VI] 문명 VI 에서는 새로운 방식으로 세상과 소통하고, 제국의 영토를 확장시키며, 문화를 발전시키고, 역사속 위대한 지도자들에 맞서 오래도록 지속될 나만의 문명을 건설해볼 수 있습니다. 클레오파트라를 비롯한 20명의 역사 속 지도자들 중 한명으로 플레이 해보세요. ‖ [XCOM® 2] XCOM 2는 수상 경력이 있는 전략 게임 XCOM: Enemy Unknown의 속편입니다. 인류가 외계인 침략군에게 항복한 지 20년, 이제 지구 상에는 새로운 세계 질서가 존재합니다. 수년간을 어둠 속에서 숨어 있었던 XCOM 부대는 반드시 일어나 외계인의 지배를 무너뜨릴 것입니다. ‖ [Stellaris] 항성간 여행을 통해 우주를 탐험하며 수많은 종족들도 만나보세요. 과학선을 보내 우주를 조사하고 탐험하면서 은하 제국을 건설하고, 건축선을 보내 새로 발견한 행성에 기지를 건설하세요. 소속 사회를 위한 탐험에 나서 매장된 보물과 은하계의 경이를 발견하고, 탐험가의 한계치와 진화 범위를 설정하세요. 동맹이 체결되고, 전쟁이 ",Empyrion - Galactic Survival,"어드벤처, 인디, 시뮬레이션, 전략","Build and explore in a true space sandbox survival adventure. Construct mighty capital vessels, sprawling planetary settlements, and vast space stations in your galactic journey to discover the mysteries of Empyrion!",2,,
B0378,A22,Deck of Ashes / Dicefolk / Cubic Cosmos,"어드벤처, 인디, RPG, 전략 / 캐주얼, 인디, 전략 / 전략","[Deck of Ashes] 덱 오브 애쉬즈(Deck of Ashes)는 전술 카드 전투를 벌이는 어드벤처 게임입니다. 한 번에 한 캐릭터씩 안티히어로 일행을 이끌어 속죄의 여행을 떠나보세요. 저주받은 판타지 세계를 탐험하며 강력한 카드를 찾아보세요. 독특한 전투 덱을 형성하여 적들을 무찌르세요! 잿빛 저주의 세계를 제거하실 수 있겠습니까? ‖ [Dicefolk] 마법 주사위의 힘을 휘두르고 강력한 키메라 팀을 구축해보세요! 수수께끼의 악을 멈추기 위한 택티컬 덱빌딩 로그라이트 모험이 다가오고 있습니다. 키메라 소환사로서, 신화적인 짐승들을 모집하고 완벽한 팀을 만들고, 다이스포크만의 독특한 주사위 메커니즘을 활용하여 승리로 이끌어주세요. ‖ [Cubic Cosmos] Cubic Cosmos is a thrilling fast-paced roguelike card game. You have been trapped in a deadly game. One wrong move could see you reduced to a plaything of the goddess. Can you free",DICEOMANCER,"캐주얼, 인디, 전략","DICEOMANCER is a roguelike deck-building game. Though you long for a peaceful life, you're forced to embark on an adventure. In this world of swords, magic, and guns, make good use of your dice and deck to find a way back to tranquility! What can the dice be used for? To change... anything.",3,,
B0379,A06,Cities: Skylines / Factorio / Farming Simulator 22,"시뮬레이션, 전략 / 캐주얼, 인디, 시뮬레이션, 전략 / 시뮬레이션","[Cities: Skylines] Cities: Skylines is a modern take on the classic city simulation. The game introduces new game play elements to realize the thrill and hardships of creating and maintaining a real  ‖ [Factorio] Factorio는 무한한 2D 세상에서 복잡성이 증가하는 아이템을 생산하기 위해 자동화 공장을 만드는 게임입니다. - 당신의 상상력으로 공장을 설계, 독창적인 방법으로 간단한 요소를 결합하고 마지막엔 당신을 좋아하지 않는 생물들로 부터 공장을 지키세요. ‖ [Farming Simulator 22] 농장을 만들고 농사를 즐기세요! 작물을 수확하고, 동물을 돌보고, 생산을 관리하고, 계절에 따른 어려움을 이겨내세요.",Belts of Iron,"액션, 인디, 시뮬레이션, 전략, 앞서 해보기","Explore, automate, and fight in this new open world factory automation game. Build factories connected by miles of conveyor belts. Manage power and fluid networks. Explore procedurally generated worlds filled with resources to harvest and hostile creatures to defeat. Play solo or online with friends",3,,
B0380,A13,Death's Door / Children of Morta / Roboquest / Spelunky 2 / Nuclear Throne / Streets of Rogue / Neon Abyss / Curse of the Dead Gods / Rogue Legacy 2 / Have a Nice Death,"액션, 어드벤처, 인디, RPG / 액션, 어드벤처, 인디, RPG / 액션, 인디 / 액션, 인디 / 액션, 인디, RPG / 액션, 어드벤처, 인디, RPG / 액션, 어드벤처, 인디, RPG / 액션, 어드벤처 / 액션, 어드벤처, 인디, RPG / 액션, 인디","[Death's Door] 죽은 자의 영혼을 수확하고 시간을 끝내는 것은 단조로울 수 있지만 까마귀에겐 평범한 일입니다. 하지만 주어진 영혼을 도둑맞게 되면 변화가 일어납니다. 영혼을 도난하고 죽음의 손길이 닿지 않는 영역으로 도망친 절망적인 도둑을 추적하십시오. ‖ [Children of Morta] Children of Morta는 비범한 가족 영웅에 대한 스토리 중심의 액션 RPG 게임입니다. 다가오는 부패에 맞서 모든 결함과 미덕을 갖춘 베르그송 가를 이끄세요. 여러분은 여러분이 아끼는 사람들을 구하기 위해 모든 것을 희생할 수 있으신가요? ‖ [Roboquest] 로보퀘스트는 멸망한 미래 세계의 빠른 FPS 로그라이트입니다. 당신은 재부팅된 수호자로, 강철 궁둥짝을 걷어 찰 준비를 하세요! 혼자서 혹은 친구와 함께 맞서거나 끊임없이 변화하는 환경에서 치명적인 로봇 군단을 섬멸하세요. ‖ [Spelunky 2] Spelunky 2 builds upon the unique, randomized challenges that made the original a roguelike classic, offering a huge adventure designed to satisfy players old and new. Meet the nex ‖ [Nuclear Throne] Nuclear Throne은 포스트 아포칼립스 세계관의 로그라이크 스타일 탑다운 슈터입니다. 여기서 말하는 포스트 아포칼립스는 '인류의 마지막 희망'이 남아 있는 세계가 아니라, '인류는 멸종했고 이제 돌연변이와 괴물들이 세상을 돌아다니는' 그런 세계입니다. 과연 당신은 뉴클리어 쓰론에 도달할 수 있을까요? ‖ [Streets of Rogue] 싸워서 몰래 들어가 임의 생성된 도시를 공격하세요. Nuclear Throne은 무법천지 GTA와 Deus Ex가 혼합된 형태입니다. Rogue-lite가 몰입도 높은 캐릭터를 만나 너무 재미있습니다. ‖ [Neon Abyss] Neon Abyss는 고속의 로그라이크 액션 플랫포머로, 하데스가 만든 '그림 스쿼드'의 일원이 되어 어비스로 총을 들고 뛰어드는 런 앤 건 게임입니다. 무한한 아이템 시너지와 던전 진화 시스템으로, 매번 게임을 할 때마다 다른 경험과 새로운 도전이 등장합니다. 진짜 지옥을 보여주세요! ‖ [Curse of the Dead Gods] 엄청난 부, 영원한 생명, 신성한 힘을 탐하는 마음이 당신을 끝없는 지옥 속의 미로, 치명적인 함정 및 몬스터가 우글거리는 이 저주받은 사원으로 이끌었습니다. ‖ [Rogue Legacy 2] 로그 레거시 2는 로그 레거시에 후속편을 끼얹은 작품입니다. 당신이 죽을 때마다 자식이 가업을 이어받습니다. 딸은 색맹 궁수이고 아들은 평화주의자 요리사일 수도 있죠. 어쨌거나 둘 중 한 명은 전장으로 나가야 합니다. ‖ [Have a Nice Death] Have a Nice Death는 과로에 고생하는 데스가 되어 플레이하는 2D 액션 로그라이크로, 통제 불능인 직원들 때문에 영혼의 균형과 데스의 휴가 계획이 틀어지고 말았습니다. 질서를 회복하려면 대낫을 들고 직원들과 서열 정리를 해야 합니다.",데드 핑거 게임,전략,"내 유람선에 온 걸 환영하오! 주사위가 떨어지는 순간, 네 손가락과 목숨이 오락의 판돈이여 매번의 내기는 죽음과의 친밀한 접촉이다.지혜와 냉혈함으로 살아남자——그렇지 않으면 넌 혈색 요트 위의 또 하나의 제물일 뿐이다. 자, 네가 얼마나 버틸 수 있는지… 발버둥치는 네 꼴, 정말 재미있군……",1,IRRELEVANT,
B0381,A22,Deck of Ashes / Dicefolk / Cubic Cosmos,"어드벤처, 인디, RPG, 전략 / 캐주얼, 인디, 전략 / 전략","[Deck of Ashes] 덱 오브 애쉬즈(Deck of Ashes)는 전술 카드 전투를 벌이는 어드벤처 게임입니다. 한 번에 한 캐릭터씩 안티히어로 일행을 이끌어 속죄의 여행을 떠나보세요. 저주받은 판타지 세계를 탐험하며 강력한 카드를 찾아보세요. 독특한 전투 덱을 형성하여 적들을 무찌르세요! 잿빛 저주의 세계를 제거하실 수 있겠습니까? ‖ [Dicefolk] 마법 주사위의 힘을 휘두르고 강력한 키메라 팀을 구축해보세요! 수수께끼의 악을 멈추기 위한 택티컬 덱빌딩 로그라이트 모험이 다가오고 있습니다. 키메라 소환사로서, 신화적인 짐승들을 모집하고 완벽한 팀을 만들고, 다이스포크만의 독특한 주사위 메커니즘을 활용하여 승리로 이끌어주세요. ‖ [Cubic Cosmos] Cubic Cosmos is a thrilling fast-paced roguelike card game. You have been trapped in a deadly game. One wrong move could see you reduced to a plaything of the goddess. Can you free",DOG WITCH,"인디, 전략","Dog Witch는 마력 깃든 주사위로 주문을 시전하는 로그라이크 덱빌딩 게임입니다. 150개가 넘는 고유한 아이템을 조합해서 끊임없이 진화하는 전략을 창조하고, 콤보의 시너지를 연마하고, 하수인을 소환하고, 끝없이 밀려드는 적들을 막아내세요! 기이한 적들을 상대하다 보면 나도 모르게 꼬리를 흔들게 될 겁니다!",3,,
B0382,A08,Sid Meier’s Civilization® VI / XCOM® 2 / Stellaris,"전략 / 전략 / 시뮬레이션, 전략","[Sid Meier’s Civilization® VI] 문명 VI 에서는 새로운 방식으로 세상과 소통하고, 제국의 영토를 확장시키며, 문화를 발전시키고, 역사속 위대한 지도자들에 맞서 오래도록 지속될 나만의 문명을 건설해볼 수 있습니다. 클레오파트라를 비롯한 20명의 역사 속 지도자들 중 한명으로 플레이 해보세요. ‖ [XCOM® 2] XCOM 2는 수상 경력이 있는 전략 게임 XCOM: Enemy Unknown의 속편입니다. 인류가 외계인 침략군에게 항복한 지 20년, 이제 지구 상에는 새로운 세계 질서가 존재합니다. 수년간을 어둠 속에서 숨어 있었던 XCOM 부대는 반드시 일어나 외계인의 지배를 무너뜨릴 것입니다. ‖ [Stellaris] 항성간 여행을 통해 우주를 탐험하며 수많은 종족들도 만나보세요. 과학선을 보내 우주를 조사하고 탐험하면서 은하 제국을 건설하고, 건축선을 보내 새로 발견한 행성에 기지를 건설하세요. 소속 사회를 위한 탐험에 나서 매장된 보물과 은하계의 경이를 발견하고, 탐험가의 한계치와 진화 범위를 설정하세요. 동맹이 체결되고, 전쟁이 ",이브 온라인,"액션, 대규모 멀티플레이어, RPG, 전략, 무료 플레이","20년 이상의 역사를 지닌 우주 전쟁 게임! 살아 움직이는 SF 샌드박스 MMO의 광활한 우주에서 위대한 도전을 시작하세요. 전투, 거래, 건설 등 다양한 활동으로 플레이어가 직접 만들어가는 우주에 동참하세요.",2,,
B0383,A02,Still Life / Jenny LeClue - Detectivu / Telling Lies,"어드벤처 / 액션, 어드벤처, 캐주얼, 인디 / 어드벤처, 인디, 시뮬레이션",[Still Life] Still Life 2 also now available! ‖ [Jenny LeClue - Detectivu] Jenny LeClue - Detectivu는 조사와 선택지로 가득한 스릴 넘치는 미스터리 어드벤처 게임입니다. ‖ [Telling Lies] 네 명의 삶. 그리고 하나의 큰 거짓말. 아무도 모르게 녹화된 은밀한 대화를 들으며 진실을 알아내십시오. 큰 호평을 받았던 Her Story의 계승작입니다.,少女怪奇事件簿:永生,"캐주얼, 인디","The fog city detective with exceptional intelligence and keen insight, Mei Qu, one day encounters a snow country girl with snow-colored long hair and witch-like beauty, Snell, at a crime scene. From this moment, their fates begin to intertwine, and an adventurous story unfolds.",2,,
B0384,A27,The Raven Remastered / The Frostrune / Mad Experiments: Escape Room,"어드벤처 / 어드벤처 / 어드벤처, 캐주얼, 인디, 시뮬레이션, 전략","[The Raven Remastered] London, 1964. An ancient ruby is stolen from the British Museum. At the crime scene: a raven feather. Is somebody trying to follow in the footsteps of The Raven, the legendary mast ‖ [The Frostrune] Unravel a mystery inspired by Viking myth and legend in The Frostrune, a classic point-and-click adventure based on historically accurate Norse culture and environments. ‖ [Mad Experiments: Escape Room] 수상 후보에 오른 이스케이프 게임 1인 또는 최대 5인까지 플레이하며 3개의 독특한 방을 탐험하고, 두뇌를 자극하는 퍼즐을 풀며 체셔 교수와 그의 실험에 얽힌 어두운 비밀을 밝혀보세요.",Inherit the Earth: Quest for the Orb,"어드벤처, 캐주얼",The Orb of Storms has been stolen and Rif is accused. You have only days to help Rif get to the bottom of the mystery of the missing Orb.,2,,
B0385,A35,Project Zomboid / Don't Starve / The Forest,"인디, RPG, 시뮬레이션, 앞서 해보기 / 어드벤처, 인디, 시뮬레이션 / 액션, 어드벤처, 인디, 시뮬레이션","[Project Zomboid] Project Zomboid is the ultimate in zombie survival. Alone or in MP: you loot, build, craft, fight, farm and fish in a struggle to survive. A hardcore RPG skillset, a vast map, mass ‖ [Don't Starve] Don’t Starve is an uncompromising wilderness survival game full of science and magic. Enter a strange and unexplored world full of strange creatures, dangers, and surprises. Gather ‖ [The Forest] As the lone survivor of a passenger jet crash, you find yourself in a mysterious forest battling to stay alive against a society of cannibalistic mutants. Build, explore, survive i",SurrounDead,"액션, 어드벤처, 인디, RPG, 앞서 해보기",SurrounDead is an open world survival game. Taking place in a world ravaged by an apocalyptic catastrophe. The dead reign free and will stop at nothing to kill you.,3,,
B0386,A01,It Takes Two / Overcooked! 2 / What Remains of Edith Finch,"액션, 어드벤처 / 액션, 캐주얼, 인디 / 어드벤처, 인디","[It Takes Two] It Takes Two에서 생애 가장 정신없는 여정을 시작하세요. 친구가 무료로 참가할 수 있게 친구 패스*로 초대하고, 함께 힘을 합쳐서 수많은 유쾌하고 획기적인 게임 플레이 챌린지를 헤쳐나가세요. ‖ [Overcooked! 2] 혼란스러운 요리 액션으로 가득한 Overcooked가 돌아왔습니다! 양파 왕국으로 돌아가는 여행을 떠나세요. 클래식 협동 또는 온라인 플레이에서 셰프 팀을 만들어서 최대 4명까지 플레이하세요. 앞치마를 준비하세요... 다시 세상을 구할 때가 되었습니다! ‖ [What Remains of Edith Finch] What Remains of Edith Finch(워트 리메인스 오브 에디스 핀치)는 워싱턴 주에 있는 어느 가족에 대한 이상한 이야기의 모음입니다. 플레이어는 에디스가 되어 거대한 핀치 가택을 탐사하고, 가족사를 연구하며 이야기를 찾고, 왜 가족 중에서 그녀만 살아남았는지 알아내야 합니다. 각 이야기는 새로운 가족 구성",The Fidelio Incident,"어드벤처, 인디","The Fidelio Incident is a single-player, first-person thriller set off the coast of Iceland. Inspired by Beethoven's only opera Fidelio. After a violent plane crash, Stanley must search a desolate frozen island in search of his wife Leonore while covering up any traces of their bloody Irish past.",2,,
B0387,A05,Opus Magnum,"인디, 시뮬레이션","[Opus Magnum] Opus Magnum은 SpaceChem, Infinifactory, SHENZHEN I/O를 제작한 Zachtronics의 신작 퍼즐게임입니다. 연금술사들의 최첨단 도구인 변성 기관을 이용해 물약과 독을 만들어내는 기계들을 설계하고 만들어 내세요!",Sudoku Universe / 数独宇宙,"캐주얼, 인디, 전략",Making the best Sudoku game on Steam.,1,IRRELEVANT,
B0388,A26,RimWorld / Oxygen Not Included / Unpacking 언패킹,"인디, 시뮬레이션, 전략 / 인디, 시뮬레이션 / 캐주얼, 인디, 시뮬레이션","[RimWorld] 지능형 AI 이야기꾼이 주도하는 공상과학 정착지 시뮬레이터입니다. 심리, 생태, 총격전과 근접전, 날씨, 기후, 외교, 사람 사이의 관계, 예술, 의학, 무역, 그 외 많은 것들을 시뮬레이션하여 이야기를 생성합니다. ‖ [Oxygen Not Included] Oxygen Not Included는 우주 콜로니 시뮬레이션 게임입니다. 외계의 우주 암석 깊은 곳에서 근면한 일꾼들은 생존하고 나아가 번영하기 위해 과학을 마스터하고, 낯선 새로운 생명체에 맞서며, 경이로운 우주 테크놀로지를 활용해야 합니다. ‖ [Unpacking 언패킹] Unpacking은 상자에서 짐을 꺼내 새집에 맞게 배치하는 친숙한 체험에 대한 명상적 퍼즐 게임입니다. 게임의 일부인 블록 맞추기 게임과 집 꾸미기를 하는 동안, 푸는 짐에 닮긴 삶의 실마리를 찾아가며 만족할 만한 생활 공간을 만들어 보세요.",Universe Sandbox,"캐주얼, 인디, 시뮬레이션, 앞서 해보기","Create & destroy on an unimaginable scale with a realistic physics-based space simulator. Explore the beauty of our universe and the fragility of our planet. Use science to bend the laws of gravity, collide planets, boil away oceans, fire epic space lasers, and customize your universe.",2,,
B0389,A16,The Talos Principle / Rust / Inscryption,"액션, 어드벤처, 인디 / 액션, 어드벤처, 인디, 대규모 멀티플레이어, RPG / 어드벤처, 인디, 전략","[The Talos Principle] 탈로스 법칙은 철학적 SF 소설의 전통을 따른 1인칭 퍼즐 게임입니다. 시리어스 샘을 개발한 크로팀에서 만들었으며, 톰 주버트(FTL, 더 스와퍼)와 조나스 카이라츠(바다는 모든 것을 요구한다.)가 스토리를 작성했습니다. ‖ [Rust] Rust에서의 목표는 오직 하나, 바로 살아남는 것입니다. 섬의 야생 동물, 다른 주민, 환경, 다른 생존자 모두가 여러분의 목숨을 노립니다. 하루 더 살아남을 수 있다면 수단과 방법을 가리지 마세요. ‖ [Inscryption] Inscryption은 검은 잉크로 그려진 카드를 기반으로 한 덱빌딩 로그라이크, 방탈출 퍼즐, 피가 흐르는 심리적 공포 등의 요소가 섞인 여정을 다룹니다. 카드에는 더 어두운 비밀이 새겨져 있습니다…",Superliminal,"액션, 어드벤처","보이는 것이 곧 현실이다. Superliminal은 1인칭 퍼즐게임으로, 플레이어는 착시적인 입체감과 원근감을 이용해 퍼즐을 맞추고 초현실적인 꿈의 세계를 탈출해야 합니다.",3,,
B0390,A07,Into the Breach / Monster Train / Mini Metro,"인디, RPG, 시뮬레이션, 전략 / 전략 / 인디, 시뮬레이션, 전략","[Into the Breach] 미래의 강력한 메크를 조종하여 외계 세력을 물리치세요. 이 턴제 전략 게임에서는 세계를 구하려 시도할 때마다 무작위로 새롭게 생성되는 도전이 여러분 앞에 나타납니다. ‖ [Monster Train] Monster Train is a strategic roguelike deck building game with a twist. Set on a train to hell, you’ll use tactical decision making to defend multiple vertical battlegrounds. With  ‖ [Mini Metro] 미니 메트로는 성장하는 도시를 위해 지하철 노선을 설계하는 게임입니다. 역과 역 사이에 노선을 그려서 열차 운행을 시작하세요. 새로운 역이 열리면 노선을 수정해서 노선도를 효율적으로 유지하세요. 한정된 자원을 어느 곳에 사용할 것인지 결정하세요. 도시를 얼마나 오래 유지할 수 있을까요?",Indies' Lies,"RPG, 전략","A roguelike deck-building game where you craft a deck, spark talents, discover runes, and assemble your team with partners' cards! Play unique stories for every character and explore a world caught in the clash of gods. New Puppeteer DLC just released!",3,,
B0391,A28,Dordogne / A YEAR OF SPRINGS / Botany Manor,"어드벤처, 인디 / 캐주얼, 인디, 시뮬레이션 / 어드벤처","[Dordogne] 이 유년 시절의 여정에서 특별한 내러티브에 몰입하며 도르도뉴의 수천 가지 여름의 색을 탐험하고, 추억을 떠올리며 가족의 비밀을 밝히세요. ‖ [A YEAR OF SPRINGS] 세 명의 여성, 세 개의 이야기, 세 개의 봄. 세 명의 친구들이 사랑, 공감, 그리고 단지 함께하고 싶어하는 감정에 대한 방향을 찾아나가는 3 부작 비주얼 노벨 A YEAR OF SPRINGS 에서 하루, 에리카, 마나미의 이야기를 체험하세요. ‖ [Botany Manor] Welcome to Botany Manor, a stately home in 19th century England. You play as inhabitant Arabella Greene, a retired botanist. Explore your house and gardens, filled with research, t",때 이른 검은 백합,"어드벤처, 인디","그건 때 이른 겨울에 피어난 검은 백합의 저주였을지도 몰라―― 졸업 전, 소녀를 사랑하게 된 소녀…….그 순수한 마음은 '비극적인 루프'에 의해 무참하게 짓밟힌다.당신은 [선택지를 개입]시킨 뒤 [문자를 입력]하여 그녀의 마음을 이끌어 나갈 것이다.",2,,
B0392,A04,Hollow Knight / Dead Cells / Celeste,"액션, 어드벤처, 인디 / 액션, 어드벤처, 인디 / 액션, 어드벤처, 인디","[Hollow Knight] 할로우 나이트에서 자신만의 길을 구축하세요! 크게 파괴된 곤충과 영웅의 왕국을 통한 서사 액션 어드벤처입니다. 손으로 그린 클래식 2D 스타일로 구불구불한 동굴을 탐험하고 오염된 생물과 싸우고 이상한 곤충들과 친구가 되어 보세요. ‖ [Dead Cells] 데드 셀(Dead Cells)는 메트로배니아에서 영감을 받은 로그라이트 액션 플랫포머 게임입니다. 2D 소울 라이트 전투에서 성을 지키는 수호자들을 물리치고 끊임없이 변화하는 거대한 성을 탐험하게 됩니다. 세이브 포인트는 없습니다. 죽이고, 죽고, 배우고, 반복하세요. ‖ [Celeste] 타워폴(TowerFall) 시리즈의 개발자들이 만든 이 초밀착형 플랫폼 게임을 플레이하고, 매들린이 셀레스트 산 정상으로 향하는 여정에서 내면의 악마에게서 살아남을 수 있게 도와주세요. 한땀 한땀 손수 제작한 수백 가지의 도전 과제에 맞서고, 사악한 비밀을 밝혀내고, 산에 숨겨진 수수께끼를 풀어보세요.",Wuppo: Definitive Edition,"액션, 어드벤처, 인디, RPG","처음 보는 동물들과 퍼즐, 몬스터, 어지러운 정치 싸움으로 가득한 이상하면서도 매력적인 세계에서 새로운 집을 찾는 추방자 ‘움’이 되어 플레이합니다.",2,,
B0393,A31,Hearts of Iron IV / Europa Universalis IV / Sid Meier's Civilization® V,"시뮬레이션, 전략 / 시뮬레이션, 전략 / 전략","[Hearts of Iron IV] Victory is at your fingertips! Your ability to lead your nation is your supreme weapon, the strategy game Hearts of Iron IV lets you take command of any nation in World War II; the ‖ [Europa Universalis IV] 비교할 수 없는 자유도, 깊이 있는 스토리, 정확한 역사적 고증을 즐기며 국토를 다스리고 세계를 정복하세요. 세계 역사를 새롭게 쓰며 시대를 풍미할 제국을 만드세요. ‖ [Sid Meier's Civilization® V] Create, discover, and download new player-created maps, scenarios, interfaces, and more!",Red Orchestra 2: Heroes of Stalingrad with Rising Storm,"액션, 대규모 멀티플레이어, 시뮬레이션",Contains full Rising Storm content as well!,1,MODE_MISMATCH,
B0394,A08,Sid Meier’s Civilization® VI / XCOM® 2 / Stellaris,"전략 / 전략 / 시뮬레이션, 전략","[Sid Meier’s Civilization® VI] 문명 VI 에서는 새로운 방식으로 세상과 소통하고, 제국의 영토를 확장시키며, 문화를 발전시키고, 역사속 위대한 지도자들에 맞서 오래도록 지속될 나만의 문명을 건설해볼 수 있습니다. 클레오파트라를 비롯한 20명의 역사 속 지도자들 중 한명으로 플레이 해보세요. ‖ [XCOM® 2] XCOM 2는 수상 경력이 있는 전략 게임 XCOM: Enemy Unknown의 속편입니다. 인류가 외계인 침략군에게 항복한 지 20년, 이제 지구 상에는 새로운 세계 질서가 존재합니다. 수년간을 어둠 속에서 숨어 있었던 XCOM 부대는 반드시 일어나 외계인의 지배를 무너뜨릴 것입니다. ‖ [Stellaris] 항성간 여행을 통해 우주를 탐험하며 수많은 종족들도 만나보세요. 과학선을 보내 우주를 조사하고 탐험하면서 은하 제국을 건설하고, 건축선을 보내 새로 발견한 행성에 기지를 건설하세요. 소속 사회를 위한 탐험에 나서 매장된 보물과 은하계의 경이를 발견하고, 탐험가의 한계치와 진화 범위를 설정하세요. 동맹이 체결되고, 전쟁이 ",AstroForge: Space Pirates,"액션, 어드벤처, 인디, RPG, 전략","나만의 우주선을 만들어 우주를 탐험하세요. 행성 사이를 여행하고, 다양한 상대와 싸우고, 거래하고, 발전시키세요. 가장 효율적인 우주선을 제작하고 멀티플레이어에서 다른 플레이어와 전투를 벌이세요. 17개 언어를 지원합니다.",1,,
B0395,A04,Hollow Knight / Dead Cells / Celeste,"액션, 어드벤처, 인디 / 액션, 어드벤처, 인디 / 액션, 어드벤처, 인디","[Hollow Knight] 할로우 나이트에서 자신만의 길을 구축하세요! 크게 파괴된 곤충과 영웅의 왕국을 통한 서사 액션 어드벤처입니다. 손으로 그린 클래식 2D 스타일로 구불구불한 동굴을 탐험하고 오염된 생물과 싸우고 이상한 곤충들과 친구가 되어 보세요. ‖ [Dead Cells] 데드 셀(Dead Cells)는 메트로배니아에서 영감을 받은 로그라이트 액션 플랫포머 게임입니다. 2D 소울 라이트 전투에서 성을 지키는 수호자들을 물리치고 끊임없이 변화하는 거대한 성을 탐험하게 됩니다. 세이브 포인트는 없습니다. 죽이고, 죽고, 배우고, 반복하세요. ‖ [Celeste] 타워폴(TowerFall) 시리즈의 개발자들이 만든 이 초밀착형 플랫폼 게임을 플레이하고, 매들린이 셀레스트 산 정상으로 향하는 여정에서 내면의 악마에게서 살아남을 수 있게 도와주세요. 한땀 한땀 손수 제작한 수백 가지의 도전 과제에 맞서고, 사악한 비밀을 밝혀내고, 산에 숨겨진 수수께끼를 풀어보세요.",Deviator,"액션, 어드벤처, 인디, 앞서 해보기",Deviator는 정교한 핸드 드로잉 클래식 2D 스타일로 패링과 회피 시스템을 가진 메트로배니아 게임이다. 미지의 황야와 신비한 도시를 탐험해 의식의 공간으로 깊이 들어가고 특이한 생물을 만나며 이 혼란스러운 세상 뒤에 숨겨진 진실을 찾아보세요!,3,,
B0396,A07,Into the Breach / Monster Train / Mini Metro,"인디, RPG, 시뮬레이션, 전략 / 전략 / 인디, 시뮬레이션, 전략","[Into the Breach] 미래의 강력한 메크를 조종하여 외계 세력을 물리치세요. 이 턴제 전략 게임에서는 세계를 구하려 시도할 때마다 무작위로 새롭게 생성되는 도전이 여러분 앞에 나타납니다. ‖ [Monster Train] Monster Train is a strategic roguelike deck building game with a twist. Set on a train to hell, you’ll use tactical decision making to defend multiple vertical battlegrounds. With  ‖ [Mini Metro] 미니 메트로는 성장하는 도시를 위해 지하철 노선을 설계하는 게임입니다. 역과 역 사이에 노선을 그려서 열차 운행을 시작하세요. 새로운 역이 열리면 노선을 수정해서 노선도를 효율적으로 유지하세요. 한정된 자원을 어느 곳에 사용할 것인지 결정하세요. 도시를 얼마나 오래 유지할 수 있을까요?",Freeways,"인디, 시뮬레이션",You are a traffic engineer. Draw freeway interchanges. Optimize for efficency and avoid traffic jams!,3,,
B0397,A04,Hollow Knight / Dead Cells / Celeste,"액션, 어드벤처, 인디 / 액션, 어드벤처, 인디 / 액션, 어드벤처, 인디","[Hollow Knight] 할로우 나이트에서 자신만의 길을 구축하세요! 크게 파괴된 곤충과 영웅의 왕국을 통한 서사 액션 어드벤처입니다. 손으로 그린 클래식 2D 스타일로 구불구불한 동굴을 탐험하고 오염된 생물과 싸우고 이상한 곤충들과 친구가 되어 보세요. ‖ [Dead Cells] 데드 셀(Dead Cells)는 메트로배니아에서 영감을 받은 로그라이트 액션 플랫포머 게임입니다. 2D 소울 라이트 전투에서 성을 지키는 수호자들을 물리치고 끊임없이 변화하는 거대한 성을 탐험하게 됩니다. 세이브 포인트는 없습니다. 죽이고, 죽고, 배우고, 반복하세요. ‖ [Celeste] 타워폴(TowerFall) 시리즈의 개발자들이 만든 이 초밀착형 플랫폼 게임을 플레이하고, 매들린이 셀레스트 산 정상으로 향하는 여정에서 내면의 악마에게서 살아남을 수 있게 도와주세요. 한땀 한땀 손수 제작한 수백 가지의 도전 과제에 맞서고, 사악한 비밀을 밝혀내고, 산에 숨겨진 수수께끼를 풀어보세요.",라핀,"액션, 어드벤처, 인디","LAPIN(라핀)은 용감한 토끼 탐험대의 모험을 다룬 2D 정밀 플랫포머 게임입니다. 정교한 컨트롤으로 목숨을 위협하는 장애물을 돌파하고, 새로운 만남, 아름다운 풍경들로 가득한 모험을 떠나 보세요!",3,,
B0398,A05,Opus Magnum,"인디, 시뮬레이션","[Opus Magnum] Opus Magnum은 SpaceChem, Infinifactory, SHENZHEN I/O를 제작한 Zachtronics의 신작 퍼즐게임입니다. 연금술사들의 최첨단 도구인 변성 기관을 이용해 물약과 독을 만들어내는 기계들을 설계하고 만들어 내세요!",星际工业国,"캐주얼, 인디, 전략","This is a idle game modeled on industrial building gameplay. It will be three-dimensional, complex industrial assembly line, easy, simple plane conveyor belt. At the same time to join the battleship assembly, space campaign, character development, giant construction, trade orders and other gameplay!",2,,
B0399,A18,Euro Truck Simulator 2 / BeamNG.drive / 아세토 코르사 Assetto Corsa,"인디, 시뮬레이션 / 레이싱, 시뮬레이션, 앞서 해보기 / 인디, 레이싱, 시뮬레이션, 스포츠","[Euro Truck Simulator 2] 도로의 왕이 되어 인상적인 거리를 가로질러 중요한 화물을 배달하는 트럭 운전사가 되어 유럽을 여행하세요! 탐험할 도시가 수십 개나 되므로, 당신의 인내심, 기술, 속도가 모두 한계에 도달할 것입니다. ‖ [BeamNG.drive] 뭐든지 할 수 있는 동적 소프트 보디 물리 시뮬레이터입니다. ‖ [아세토 코르사 Assetto Corsa] 아세토 코르사(Assetto Corsa) v1.16은 새로운 레이저 스캔 트랙 ""라구나 세카(Laguna Seca)"" 및 기다리던 Alfa Romeo Giulia Quadrifoglio를 포함한 7개의 신차를 소개합니다! 체인지로그에서 더 자세한 내용을 확인하세요!",ARC_the beginning,"캐주얼, 인디, 레이싱, 스포츠","컬러풀한 싱글플레이 아케이드 레이서: **여의도에서 영감을 받은 가상의 섬 ‘고구마 아일랜드’**를 탐험하고, 차량을 커스터마이징하며, 스토리 레이스를 클리어하세요. 🌸",2,,
B0400,A34,Pid / ChromaGun / Deer & Boy,"어드벤처, 인디 / 액션, 어드벤처, 인디 / 액션, 어드벤처, 인디","[Pid] You are stranded on a strange and peculiar planet. It’s time to embark on your journey and find your way home! Explore a gravity defying and challenging platformer with striking vi ‖ [ChromaGun] Welcome to ChromaTec’s test lab! You’re here to test our state-of-the-art military-grade color-technology: The ChromaGun (patent pending)! Use it to solve our meticulously designed ‖ [Deer & Boy] 도망친 소년은 길 잃은 어린 사슴을 만나 고요하면서도 위태로운 세상을 함께 헤쳐 나갑니다. 퍼즐을 풀고, 높은 곳에 오르고, 위협을 피해 나아가며 당신의 동료는 연약한 아기 사슴에서 어엿한 사슴으로 성장하죠. 혼자서는 할 수 없었던 일을 함께 해내는 법을 배우게 됩니다.",OUTBUDDIES DX,"액션, 어드벤처, 인디","Run, gun and explore an open undercity in this otherworldly non-linear Metroidvania adventure about the Old Gods, strange creatures and the remnants of a lost world!",2,,
B0401,A23,Vomitoreum / Tales of Kenzera™: ZAU / Shantae: Half-Genie Hero,"액션, 어드벤처, 인디 / 액션, 어드벤처, 인디 / 액션, 어드벤처, 인디","[Vomitoreum] Vomitoreum is an FPS Metroidvania with a focus on atmosphere and horror, inspired by the paintings of Zdzisław Beksiński. ‖ [Tales of Kenzera™: ZAU] 샤먼의 춤을 추세요. 아버지의 영혼을 되찾으세요. Surgent Studios가 제작한 메트로이드바니아 스타일의 어드벤처 게임 Tales of Kenzera™: ZAU에서 죽음의 신과 함께 아름답고 위험한 켄제라의 땅으로 용감하게 모험을 떠나세요. ‖ [Shantae: Half-Genie Hero] Shantae embarks on her first full HD adventure! When a mysterious crime wave sweeps Sequin Land, it’s up to Half-Genie Hero Shantae to save the day! Use Shantae’s devastating Hair-",Mute Crimson+,"액션, 어드벤처, 인디","Be a ninja and go on an action platforming adventure to save the world. Climb walls, slice up bad guys, master tricky platforming sequences and face ruthless bosses.",2,,
B0402,A33,Garry's Mod / Team Fortress 2 / Left 4 Dead 2,"캐주얼, 인디, 시뮬레이션 / 액션, 무료 플레이 / 액션","[Garry's Mod] Garry's Mod is a physics sandbox. There aren't any predefined aims or goals. We give you the tools and leave you to play. ‖ [Team Fortress 2] 다양한 전술적 능력과 뚜렷한 개성을 갖춘 9가지 병과의 캐릭터를 플레이하세요. 끊임없이 업데이트되는 새로운 게임 모드, 맵, 장비 그리고 가장 중요한 모자까지 지금 바로 즐겨보세요! ‖ [Left 4 Dead 2] Set in the zombie apocalypse, Left 4 Dead 2 is a co-operative action horror FPS takes you and your friends through the cities, swamps and cemeteries of the Deep South, from Savanna",Infect Cam,"액션, 어드벤처, 인디","A world where the living envy the dead. Cities are plunged into darkness, the world into silence. You are part of the extraction team, but this time you are trying to save not just people, but humanity itself. Gear up, trust your comrades, and dive into the darkness to save humanity!",2,,
B0403,A18,Euro Truck Simulator 2 / BeamNG.drive / 아세토 코르사 Assetto Corsa,"인디, 시뮬레이션 / 레이싱, 시뮬레이션, 앞서 해보기 / 인디, 레이싱, 시뮬레이션, 스포츠","[Euro Truck Simulator 2] 도로의 왕이 되어 인상적인 거리를 가로질러 중요한 화물을 배달하는 트럭 운전사가 되어 유럽을 여행하세요! 탐험할 도시가 수십 개나 되므로, 당신의 인내심, 기술, 속도가 모두 한계에 도달할 것입니다. ‖ [BeamNG.drive] 뭐든지 할 수 있는 동적 소프트 보디 물리 시뮬레이터입니다. ‖ [아세토 코르사 Assetto Corsa] 아세토 코르사(Assetto Corsa) v1.16은 새로운 레이저 스캔 트랙 ""라구나 세카(Laguna Seca)"" 및 기다리던 Alfa Romeo Giulia Quadrifoglio를 포함한 7개의 신차를 소개합니다! 체인지로그에서 더 자세한 내용을 확인하세요!",Derail Valley,"어드벤처, 인디, 시뮬레이션, 앞서 해보기",Drive massive trains and build your career in a vast open railway network. For both PC and VR.,3,,
B0404,A04,Hollow Knight / Dead Cells / Celeste,"액션, 어드벤처, 인디 / 액션, 어드벤처, 인디 / 액션, 어드벤처, 인디","[Hollow Knight] 할로우 나이트에서 자신만의 길을 구축하세요! 크게 파괴된 곤충과 영웅의 왕국을 통한 서사 액션 어드벤처입니다. 손으로 그린 클래식 2D 스타일로 구불구불한 동굴을 탐험하고 오염된 생물과 싸우고 이상한 곤충들과 친구가 되어 보세요. ‖ [Dead Cells] 데드 셀(Dead Cells)는 메트로배니아에서 영감을 받은 로그라이트 액션 플랫포머 게임입니다. 2D 소울 라이트 전투에서 성을 지키는 수호자들을 물리치고 끊임없이 변화하는 거대한 성을 탐험하게 됩니다. 세이브 포인트는 없습니다. 죽이고, 죽고, 배우고, 반복하세요. ‖ [Celeste] 타워폴(TowerFall) 시리즈의 개발자들이 만든 이 초밀착형 플랫폼 게임을 플레이하고, 매들린이 셀레스트 산 정상으로 향하는 여정에서 내면의 악마에게서 살아남을 수 있게 도와주세요. 한땀 한땀 손수 제작한 수백 가지의 도전 과제에 맞서고, 사악한 비밀을 밝혀내고, 산에 숨겨진 수수께끼를 풀어보세요.",Boom Ascent,"액션, 어드벤처, 인디","폭탄을 이용해 장애물로 가득한 세계를 가로질러 정상에 도달하고, 인간의 모습을 되찾을 수 있는 도움을 찾아라. 추락에 주의하라! 이 도전을 받아들일 준비가 되었는가?",2,,
B0405,A24,Valheim / Grounded / My Time at Portia,"액션, 어드벤처, 인디, RPG, 앞서 해보기 / 액션, 어드벤처 / 어드벤처, 캐주얼, 인디, RPG, 시뮬레이션","[Valheim] 북구 신화와 바이킹 문화에 기반한 판타지 세계를 배경으로 펼쳐지는 생존 및 탐험 게임. ‖ [Grounded] The world is a vast, beautiful and dangerous place – especially when you have been shrunk to the size of an ant. Can you thrive alongside the hordes of giant insects, fighting to s ‖ [My Time at Portia] 아름다운 Portia 마을에서 새 삶을 시작하세요! 아버지가 방치한 작업장에서 제작을 부탁받고, 작물을 키우고, 가축을 기르고, 아름다운 세기말의 땅에서 특이한 친구들을 사귀며 작업장을 예전의 멋진 모습으로 복원하세요.",Longvinter,"액션, 어드벤처, 대규모 멀티플레이어, RPG, 시뮬레이션","낚시, 농사, 제작, 수집, 요리, 전리품 획득 또는 다른 플레이어로부터 훔치기, 그리고 친구들과 함께 규칙 없는 오픈 월드 멀티플레이어 샌드박스 게임에서 캠프장이나 마을을 건설하세요!",3,,
B0406,A33,Garry's Mod / Team Fortress 2 / Left 4 Dead 2,"캐주얼, 인디, 시뮬레이션 / 액션, 무료 플레이 / 액션","[Garry's Mod] Garry's Mod is a physics sandbox. There aren't any predefined aims or goals. We give you the tools and leave you to play. ‖ [Team Fortress 2] 다양한 전술적 능력과 뚜렷한 개성을 갖춘 9가지 병과의 캐릭터를 플레이하세요. 끊임없이 업데이트되는 새로운 게임 모드, 맵, 장비 그리고 가장 중요한 모자까지 지금 바로 즐겨보세요! ‖ [Left 4 Dead 2] Set in the zombie apocalypse, Left 4 Dead 2 is a co-operative action horror FPS takes you and your friends through the cities, swamps and cemeteries of the Deep South, from Savanna",Call of Duty®: Black Ops,액션,The biggest first-person action series of all time and the follow-up to critically acclaimed Call of Duty®: Modern Warfare 2 returns with Call of Duty®: Black Ops.,3,,
B0407,A18,Euro Truck Simulator 2 / BeamNG.drive / 아세토 코르사 Assetto Corsa,"인디, 시뮬레이션 / 레이싱, 시뮬레이션, 앞서 해보기 / 인디, 레이싱, 시뮬레이션, 스포츠","[Euro Truck Simulator 2] 도로의 왕이 되어 인상적인 거리를 가로질러 중요한 화물을 배달하는 트럭 운전사가 되어 유럽을 여행하세요! 탐험할 도시가 수십 개나 되므로, 당신의 인내심, 기술, 속도가 모두 한계에 도달할 것입니다. ‖ [BeamNG.drive] 뭐든지 할 수 있는 동적 소프트 보디 물리 시뮬레이터입니다. ‖ [아세토 코르사 Assetto Corsa] 아세토 코르사(Assetto Corsa) v1.16은 새로운 레이저 스캔 트랙 ""라구나 세카(Laguna Seca)"" 및 기다리던 Alfa Romeo Giulia Quadrifoglio를 포함한 7개의 신차를 소개합니다! 체인지로그에서 더 자세한 내용을 확인하세요!",GRIP: Combat Racing,"액션, 인디, 레이싱",GRIP은 격렬한 속도와 중무기로 완전 무장한 하이옥탄 하드코어 전투 레이스입니다.,2,,
B0408,A32,Hardspace: Shipbreaker / Hacknet / The Case of the Golden Idol / 방 탈출 시뮬레이터 / shapez 2 - Factory,"시뮬레이션 / 인디, 시뮬레이션 / 어드벤처, 인디 / 어드벤처, 캐주얼, 인디, 시뮬레이션 / 캐주얼, 인디, 시뮬레이션, 전략","[Hardspace: Shipbreaker] Equipped with cutting-edge salvaging tech, carve & slice spaceships to recover valuable materials. Upgrade your gear to take on more lucrative contracts and pay your billion credit ‖ [Hacknet] Hacknet은 터미널 기반의 몰입형 해킹 시뮬레이터입니다. 최근에 사망한, 그러나 언론 보도와는 달리 사고로 사망하지 않은 해커의 지시에 따라 진실을 추척하십시오. ‖ [The Case of the Golden Idol] A new kind of detective game that allows you to think and investigate freely. Discover clues surrounding 12 strange and gruesome deaths and build your own theory. Pick your suspect ‖ [방 탈출 시뮬레이터] Escape Simulator는 단독 또는 온라인 협동 플레이가 가능한 1인칭 퍼즐 게임입니다. 점점 더 많아지는, 고도의 상호 작용이 가능한 방탈출 세트를 탐험하세요. 가구를 옮기고, 모든 것을 집어 들고 검사하고, 냄비를 부수고 자물쇠를 부수세요! 레벨 편집기를 통해 커뮤니티가 만든 방을 지원합니다. ‖ [shapez 2 - Factory] 공장 건설 게임에 빠져들어 보세요. 단 한 가지에 집중하세요. 대규모 우주 공장을 건설하는 것! 방대하게 펼쳐지는 다층 공장과 만족스러운 생산 라인을 무제한으로 설계하세요. 계속해서 어려워지는 자동화 목표를 적의 위협 없이 자신만의 속도로 달성하세요.",Factory Magnate,"캐주얼, 시뮬레이션, 전략","모두를 위한 캐주얼한 공장 건설 게임입니다. 산업 제국을 성장시키면서 생산 라인을 건설하고, 목표를 완수하고, 새로운 기계를 잠금 해제하세요. 스트레스도 전투도 없이 그저 만족스러운 진전을 이룰 수 있습니다.",2,,
B0409,A25,DOOMBLADE / Transiruby / Blast Brigade vs. the Evil Legion of Dr. Cread,"액션, 어드벤처, 인디 / 액션 / 액션, 어드벤처, 인디","[DOOMBLADE] Deep underground, Gloom Girl discovers DOOMBLADE, a sentient weapon hellbent on escape after eons in chains. Together, “Doom and Gloom” embark on a vengeful quest to unlock the pow ‖ [Transiruby] 차원 대륙의 의문을 풀어라! 는 사이보그 소녀 실비가 검과 엘리먼트 샷으로 적을 쓰러뜨리며 앞으로 나아가는 탐색형 액션 게임입니다! ‖ [Blast Brigade vs. the Evil Legion of Dr. Cread] 스릴 넘치는 플랫포밍과 깊이 있는 탐험 세계, 폭발적인 액션으로 가득한 2D 메트로이드배니아 어드벤처 게임을 즐겨보세요! Blast Brigade에서 영웅들로 팀을 구성해 세계를 구하세요!",Momodora: Reverie Under The Moonlight,"액션, 어드벤처, 인디","달 아래의 진혼곡은 모모도라 시리즈의 4번째 작품이며, 근접 공격 콤보와 공격 회피, 전투를 도와줄 수많은 아이템과 스펠 등 액션에 초점을 둔 횡스크롤 액션 플랫포머 게임입니다. 풍부한 설정과 신비한 스토리를 즐기며 플레이하거나, 악랄 난이도에서 반사신경의 한계에 도전하세요.",3,,
B0410,A31,Hearts of Iron IV / Europa Universalis IV / Sid Meier's Civilization® V,"시뮬레이션, 전략 / 시뮬레이션, 전략 / 전략","[Hearts of Iron IV] Victory is at your fingertips! Your ability to lead your nation is your supreme weapon, the strategy game Hearts of Iron IV lets you take command of any nation in World War II; the ‖ [Europa Universalis IV] 비교할 수 없는 자유도, 깊이 있는 스토리, 정확한 역사적 고증을 즐기며 국토를 다스리고 세계를 정복하세요. 세계 역사를 새롭게 쓰며 시대를 풍미할 제국을 만드세요. ‖ [Sid Meier's Civilization® V] Create, discover, and download new player-created maps, scenarios, interfaces, and more!",Maestro's Cold War 2,"시뮬레이션, 전략, 앞서 해보기",이 간단하면서도 효과적인 전략 게임에서 냉전을 부활시키세요. 깊이 있는 콘텐츠와 뛰어난 반복 플레이성을 제공합니다.,3,,
B0411,A23,Vomitoreum / Tales of Kenzera™: ZAU / Shantae: Half-Genie Hero,"액션, 어드벤처, 인디 / 액션, 어드벤처, 인디 / 액션, 어드벤처, 인디","[Vomitoreum] Vomitoreum is an FPS Metroidvania with a focus on atmosphere and horror, inspired by the paintings of Zdzisław Beksiński. ‖ [Tales of Kenzera™: ZAU] 샤먼의 춤을 추세요. 아버지의 영혼을 되찾으세요. Surgent Studios가 제작한 메트로이드바니아 스타일의 어드벤처 게임 Tales of Kenzera™: ZAU에서 죽음의 신과 함께 아름답고 위험한 켄제라의 땅으로 용감하게 모험을 떠나세요. ‖ [Shantae: Half-Genie Hero] Shantae embarks on her first full HD adventure! When a mysterious crime wave sweeps Sequin Land, it’s up to Half-Genie Hero Shantae to save the day! Use Shantae’s devastating Hair-",TEMBO THE BADASS ELEPHANT,"액션, 어드벤처, 인디","Shell City is plunged into a state of emergency after coming under attack from the devastating forces of PHANTOM. As the National Army struggle to contain the terrifying war machines, they call upon the only thing that stands between Shell City’s obliteration and its salvation; the peanut chompin’, ",2,,
B0412,A21,DARK SOULS™ III / The Witcher 3: Wild Hunt / The Elder Scrolls V: Skyrim Special Edition,액션 / RPG / RPG,"[DARK SOULS™ III] 장르를 새로 개척했다는 평가를 들으며 많은 좋은 평가들을 얻고 있는 다크 소울 시리즈는 계속해서 한계를 넘어서, 더욱 야심찬 단계에 도전하고자 하고 있습니다. 준비를 하고 어둠을 밝히십시오! ‖ [The Witcher 3: Wild Hunt] 리비아의 게롤트가 되어 의뢰를 받고 괴물을 사냥하세요. 전쟁의 상처가 가득하고 괴물이 들끓는 대륙을 마음껏 탐험해 보세요. 지금 가장 중요한 일은 대륙의 판도를 뒤바꿀 수도 있는 살아 있는 무기이자 예언의 아이, 시리를 추적하는 것입니다. ‖ [The Elder Scrolls V: Skyrim Special Edition] 200회 이상 올해의 게임에 선정된 The Elder Scrolls V: Skyrim Special Edition이 놀라운 디테일로 판타지에 생명을 불어넣었습니다. Special Edition에는 비평가들의 극찬을 받은 게임 및 새로운 기능이 포함된 애드온이 들어 있습니다.",Atonement: Scourge of Time,"어드벤처, 인디, RPG","The last king was killed over 400 years ago and the global rule of the land ceased to exist. The Vindicator is coming. ~a decadent, dark fantasy world with a new take on the concepts of Angels and Demons!",2,,
B0413,A20,Counter-Strike 2 / PUBG: BATTLEGROUNDS / 톰 클랜시의 레인보우식스 시즈,"액션, 무료 플레이 / 액션, 어드벤처, 대규모 멀티플레이어, 무료 플레이 / 액션, 무료 플레이","[Counter-Strike 2] Counter-Strike는 20년이 넘는 시간 동안 전 세계 수백만 명의 플레이어가 모여 수준 높은 경쟁을 펼칠 수 있는 플랫폼을 제공해 왔습니다. 그리고 이제 곧 Counter-Strike 2와 함께 새로운 CS 시대의 막이 열립니다. ‖ [PUBG: BATTLEGROUNDS] 배틀로얄 유행의 시작이자, 그 정수를 보여준 PUBG: 배틀그라운드를 지금 무료로 플레이하세요! 다양한 맵에 낙하하여 무기와 보급품을 확보하고, 점점 줄어드는 블루존 속에서 끝까지 살아남아 승리를 쟁취하세요. ‖ [톰 클랜시의 레인보우식스 시즈] 톰 클랜시의 레인보우식스 시즈는 탁월한 계획과 기술이 승부를 좌우하는 전술적인 정예 팀 기반 슈팅 게임입니다.",War Brokers,"액션, 인디, 대규모 멀티플레이어, 시뮬레이션, 앞서 해보기","전쟁 브로커 초점이 재미와 전술 게임 플레이에 열린 세계 온라인 FPS 게임이다. , 드라이브 비행하고 팀 승리를 도보로 싸운다.",2,,
B0414,A18,Euro Truck Simulator 2 / BeamNG.drive / 아세토 코르사 Assetto Corsa,"인디, 시뮬레이션 / 레이싱, 시뮬레이션, 앞서 해보기 / 인디, 레이싱, 시뮬레이션, 스포츠","[Euro Truck Simulator 2] 도로의 왕이 되어 인상적인 거리를 가로질러 중요한 화물을 배달하는 트럭 운전사가 되어 유럽을 여행하세요! 탐험할 도시가 수십 개나 되므로, 당신의 인내심, 기술, 속도가 모두 한계에 도달할 것입니다. ‖ [BeamNG.drive] 뭐든지 할 수 있는 동적 소프트 보디 물리 시뮬레이터입니다. ‖ [아세토 코르사 Assetto Corsa] 아세토 코르사(Assetto Corsa) v1.16은 새로운 레이저 스캔 트랙 ""라구나 세카(Laguna Seca)"" 및 기다리던 Alfa Romeo Giulia Quadrifoglio를 포함한 7개의 신차를 소개합니다! 체인지로그에서 더 자세한 내용을 확인하세요!",Drift racing car,"액션, 어드벤처, 캐주얼, 인디, 레이싱, 시뮬레이션, 스포츠","This is a racing game that can drift flexibly. You can make your own game vehicles, vehicle hubs and friction smoke. Multi vehicle viewing angle, arbitrary switching",2,,
B0415,A33,Garry's Mod / Team Fortress 2 / Left 4 Dead 2,"캐주얼, 인디, 시뮬레이션 / 액션, 무료 플레이 / 액션","[Garry's Mod] Garry's Mod is a physics sandbox. There aren't any predefined aims or goals. We give you the tools and leave you to play. ‖ [Team Fortress 2] 다양한 전술적 능력과 뚜렷한 개성을 갖춘 9가지 병과의 캐릭터를 플레이하세요. 끊임없이 업데이트되는 새로운 게임 모드, 맵, 장비 그리고 가장 중요한 모자까지 지금 바로 즐겨보세요! ‖ [Left 4 Dead 2] Set in the zombie apocalypse, Left 4 Dead 2 is a co-operative action horror FPS takes you and your friends through the cities, swamps and cemeteries of the Deep South, from Savanna",People Playground,"액션, 캐주얼, 인디, 시뮬레이션","Shoot, stab, burn, poison, tear, vaporise, or crush ragdolls in a large open space.",3,,
B0416,A25,DOOMBLADE / Transiruby / Blast Brigade vs. the Evil Legion of Dr. Cread,"액션, 어드벤처, 인디 / 액션 / 액션, 어드벤처, 인디","[DOOMBLADE] Deep underground, Gloom Girl discovers DOOMBLADE, a sentient weapon hellbent on escape after eons in chains. Together, “Doom and Gloom” embark on a vengeful quest to unlock the pow ‖ [Transiruby] 차원 대륙의 의문을 풀어라! 는 사이보그 소녀 실비가 검과 엘리먼트 샷으로 적을 쓰러뜨리며 앞으로 나아가는 탐색형 액션 게임입니다! ‖ [Blast Brigade vs. the Evil Legion of Dr. Cread] 스릴 넘치는 플랫포밍과 깊이 있는 탐험 세계, 폭발적인 액션으로 가득한 2D 메트로이드배니아 어드벤처 게임을 즐겨보세요! Blast Brigade에서 영웅들로 팀을 구성해 세계를 구하세요!",Curse Crackers: For Whom the Belle Toils,"액션, 어드벤처, 캐주얼, RPG, 시뮬레이션","Bounce, vault, and fight your way through a whimsical world with the help of your loyal companion. Eat snacks, collect artifacts, and travel the world to stop Bonnie and her boney band of troublemakers!",2,,
B0417,A17,Lethal Company / Phasmophobia / Deep Rock Galactic,"액션, 어드벤처, 인디, 앞서 해보기 / 액션, 인디, 앞서 해보기 / 액션","[Lethal Company] A co-op horror about scavenging at abandoned moons to sell scrap to the Company. ‖ [Phasmophobia] Phasmophobia is a 4 player online co-op psychological horror. Paranormal activity is on the rise and it’s up to you and your team to use all the ghost-hunting equipment at your dis ‖ [Deep Rock Galactic] 딥 락 갤럭틱은 1-4인의 플레이어가 협동하는 FPS 게임으로, 상남자 우주 드워프, 100% 파괴 가능한 맵 환경, 절차적 생성 동굴 지형, 그리고 끊임없이 등장하는 외계 괴물 무리가 특징입니다.",Content Warning,"액션, 어드벤처, 인디",친구들이 무서운 짓을 벌이는 모습을 촬영해 SpöökTube 인플루언서가 되어보세요! (혼자 가지는 않기를 강력하게 권장해 드립니다),3,,
B0418,A12,Baldur's Gate 3 / Mount & Blade II: Bannerlord / Kenshi,"어드벤처, RPG, 전략 / 액션, 인디, RPG, 시뮬레이션, 전략 / 액션, 인디, RPG, 시뮬레이션, 전략","[Baldur's Gate 3] Baldur’s Gate 3 is a story-rich, party-based RPG set in the universe of Dungeons & Dragons, where your choices shape a tale of fellowship and betrayal, survival and sacrifice, and  ‖ [Mount & Blade II: Bannerlord] 본 게임은 전략/액션 RPG입니다. 캐릭터를 생성하고, 외교에 참여하고, 제작, 거래를 하고, 방대한 중세풍의 샌드박스에서 새로운 땅을 정복하십시오. 군대를 일으켜 전쟁에 뛰어들고, 깊이가 있으나 직관적인 실력 기반의 전투 시스템을 채용한 대규모 실시간 전투에서 자신의 부대에 명령을 내리고 함께 싸우십시오. ‖ [Kenshi] 자유롭게 돌아다니는 분대 기반의 RPG. 스토리를 따라가는 대신 제한 없는 샌드박스식 게임플레이에 중점을 두었습니다. 무역상, 도둑, 반란군, 전쟁 군주, 모험가, 농부, 노예 등 다양한 삶을 체험할 수 있습니다. 운이 나쁘면 식인종의 먹잇감으로 전락할지도 모르죠. 새로운 장비를 연구하거나 제작해 보세요.",Eyes of War,"액션, 인디, 전략","Eyes of War는 중세 시대를 배경으로 한 실시간 전략 게임으로, 캐릭터 모드에서 모든 유닛을 제어할 수 있는 싱글 플레이어와 멀티플레이어 경험을 제공합니다. 성을 짓고, 군대를 이끌며, 전장을 지배하세요. Eyes of War가 중세 시대의 장대한 전투로 여러분을 초대합니다!",2,,
B0419,A15,서브노티카 / The Long Dark / No Man's Sky,"어드벤처, 인디 / 어드벤처, 인디, 시뮬레이션, 전략 / 액션, 어드벤처","[서브노티카] 위험과 경이로움이 가득한 외계의 바다 속으로 내려가세요. 장비를 제작하고, 잠수함을 조종하며 야생 생물보다 앞서가세요. 우거진 산호초, 화산, 동굴 같은 많은 장소들을 탐험하세요. 물론 살아남는 걸 잊으면 안 되겠죠. ‖ [The Long Dark] The Long Dark는 깊은 생각을 요구하는 탐험 생존 게임입니다. 플레이어는 지구 자기장 이상으로 인한 대재앙이 휩쓸고 간 세상에서 혼자 드넓은 설원 황무지를 탐험하며 살아남아야 합니다. 좀비는 등장하지 않으며 오직 플레이어와 추위, 그리고 자연 속의 위험들만 존재합니다. 고요한 종말의 세상에 오신 것을 환영합니다. ‖ [No Man's Sky] No Man's Sky는 무한히 펼쳐지는 우주에서의 탐험과 생존을 그린 SF 게임입니다.",VoidExpanse,"액션, 인디, RPG, 시뮬레이션, 전략","Explore the vast reaches of VoidExpanse -- mine asteroids, upgrade your ship, trade, complete missions, advance your character and survive fast-paced combat with hostile aliens and mercenaries in the rich and exciting Sci-Fi universe of VoidExpanse!",2,,
B0420,A12,Baldur's Gate 3 / Mount & Blade II: Bannerlord / Kenshi,"어드벤처, RPG, 전략 / 액션, 인디, RPG, 시뮬레이션, 전략 / 액션, 인디, RPG, 시뮬레이션, 전략","[Baldur's Gate 3] Baldur’s Gate 3 is a story-rich, party-based RPG set in the universe of Dungeons & Dragons, where your choices shape a tale of fellowship and betrayal, survival and sacrifice, and  ‖ [Mount & Blade II: Bannerlord] 본 게임은 전략/액션 RPG입니다. 캐릭터를 생성하고, 외교에 참여하고, 제작, 거래를 하고, 방대한 중세풍의 샌드박스에서 새로운 땅을 정복하십시오. 군대를 일으켜 전쟁에 뛰어들고, 깊이가 있으나 직관적인 실력 기반의 전투 시스템을 채용한 대규모 실시간 전투에서 자신의 부대에 명령을 내리고 함께 싸우십시오. ‖ [Kenshi] 자유롭게 돌아다니는 분대 기반의 RPG. 스토리를 따라가는 대신 제한 없는 샌드박스식 게임플레이에 중점을 두었습니다. 무역상, 도둑, 반란군, 전쟁 군주, 모험가, 농부, 노예 등 다양한 삶을 체험할 수 있습니다. 운이 나쁘면 식인종의 먹잇감으로 전락할지도 모르죠. 새로운 장비를 연구하거나 제작해 보세요.",The Walking Trade,"인디, 시뮬레이션","좀비 대재앙 속에서 상점을 운영하세요! 배터리를 거래하고, 재고를 만들고, 직원을 관리하고, 언데드 무리를 물리치세요. 영웅이 되시겠습니까, 아니면 어떤 대가를 치르더라도 이익을 남기시겠습니까? 여러분의 선택에 따라 상점과 운명이 결정됩니다.",1,IRRELEVANT,
B0421,A17,Lethal Company / Phasmophobia / Deep Rock Galactic,"액션, 어드벤처, 인디, 앞서 해보기 / 액션, 인디, 앞서 해보기 / 액션","[Lethal Company] A co-op horror about scavenging at abandoned moons to sell scrap to the Company. ‖ [Phasmophobia] Phasmophobia is a 4 player online co-op psychological horror. Paranormal activity is on the rise and it’s up to you and your team to use all the ghost-hunting equipment at your dis ‖ [Deep Rock Galactic] 딥 락 갤럭틱은 1-4인의 플레이어가 협동하는 FPS 게임으로, 상남자 우주 드워프, 100% 파괴 가능한 맵 환경, 절차적 생성 동굴 지형, 그리고 끊임없이 등장하는 외계 괴물 무리가 특징입니다.",Midnight Heist,"액션, 어드벤처, 인디, 시뮬레이션","Go on heists through Midnight City alone or with up to four players to fulfill tasks as a hacker for various organizations. Improve your reputation, earn money, and uncover the secrets of shady companies all while being hunted by terrifying entities.",2,,
B0422,A02,Still Life / Jenny LeClue - Detectivu / Telling Lies,"어드벤처 / 액션, 어드벤처, 캐주얼, 인디 / 어드벤처, 인디, 시뮬레이션",[Still Life] Still Life 2 also now available! ‖ [Jenny LeClue - Detectivu] Jenny LeClue - Detectivu는 조사와 선택지로 가득한 스릴 넘치는 미스터리 어드벤처 게임입니다. ‖ [Telling Lies] 네 명의 삶. 그리고 하나의 큰 거짓말. 아무도 모르게 녹화된 은밀한 대화를 들으며 진실을 알아내십시오. 큰 호평을 받았던 Her Story의 계승작입니다.,Memento Mori,어드벤처,The enhanced version of Memento Mori which includes the full soundtrack.,2,,
B0423,A03,Balatro / Hades / Vampire Survivors,"캐주얼, 인디, 전략 / 액션, 인디, RPG / 액션, 캐주얼, 인디, RPG","[Balatro] 포커 로그라이크 게임. Balatro는 불법 포커 패로 게임을 하고, 판을 뒤엎는 조커를 발견하고, 아드레날린이 치솟는 강력한 콤보를 만드는 덱 빌딩 게임입니다. ‖ [Hades] Bastion, Transistor, Pyre의 제작사에서 선보이는 이 로그라이크 던전 탐색형 게임에서 핵 앤 슬래시로 지하 세계를 탈출하고 죽음의 신에게 도전하세요. ‖ [Vampire Survivors] 수많은 어둠의 피조물을 쓰러뜨리며 새벽이 올 때까지 생존하세요! Vampire Survivors는 로그라이트 요소를 갖춘 고딕 호러 케주얼 게임입니다. 당신의 선택으로 순식간에 수백 마리의 괴물이 눈덩이처럼 불어날 수 있죠.",Moonsigil Atlas 달의 인장,전략,"에너지가 없는 덱 빌딩 로그라이크 게임입니다. 물리적 공간에서 카드 게임을 하세요! 함께 카드를 내고, 카드의 형태를 만들고, 강력한 콤보로 승리하세요!",3,,
B0424,A30,Stardew Valley / Slime Rancher / Raft,"인디, RPG, 시뮬레이션 / 액션, 어드벤처, 인디, 시뮬레이션 / 어드벤처, 인디, 시뮬레이션","[Stardew Valley] You've inherited your grandfather's old farm plot in Stardew Valley. Armed with hand-me-down tools and a few coins, you set out to begin your new life. Can you learn to live off th ‖ [Slime Rancher] 슬라임 랜쳐는 젊고 용감한 랜쳐, 베아트릭스 르뷰가 지구에서 1,000광년 떨어진 '머나먼 평야'에서 슬라임들과 씨름하며 생계를 꾸려나가는 이야기입니다. 긍정적인 마인드와 강인한 의지로 베아트릭스는 진공팩을 사용하여 끊임없이 말랑말랑하게 굴러나오는 슬라임들을 피하며 이름을 알리고, 부자가 되려 합니다. ‖ [Raft] Raft™ throws you and your friends into an epic oceanic adventure! Alone or together, players battle to survive a perilous voyage across a vast sea! Gather debris, scavenge reefs an",내 친구 페파,어드벤처,"페파와 함께 재미가 가득한 모험을 시작하세요. 나만의 스타일을 만들고, 좋아하는 캐릭터를 만나고, 페파의 세계에서 놀아보세요. 마치 TV 쇼에 있는 것 같답니다!",0,IRRELEVANT,
B0425,A09,Roots of Yggdrasil / Ancient Gods / Flick Shot Rogues,"인디, 전략 / RPG, 전략 / 인디, 전략","[Roots of Yggdrasil] Build settlements, explore the Nine Realms, collect artifacts and upgrade your deck to reach the top of Yggdrasil in this post-Ragnarok roguelike city-builder! Can you survive the  ‖ [Ancient Gods] Ancient Gods is a fusion of hero collector and deck-building rogue-lite where you collect your character, fight, and experience exciting events. Any character can use all the cards ‖ [Flick Shot Rogues] 계획하고, 조준하고, 쏘세요! FLICK SHOT ROGUES는 테이블 위에서 물건을 튕기는 촉각적 만족감과 사람들이 좋아하는 턴제 로그라이크의 전략적 깊이를 결합한 게임입니다. 말도 안되는 콤보를 연결하고, 캐릭터, 아이템, 스킬을 잠금 해제하면서, 섬을 정복하세요!",Vault of the Void,"인디, 전략","Vault of the Void is a fast-paced roguelike deckbuilder where the power is in your hands. Continuously customise your deck, crafting powerful combos and ingenious strategies. Upgrade your cards with Void Stones, infusing them with new abilities to help defeat the minions of The Void!",3,,
B0426,A29,Salt and Sanctuary,"액션, 인디, RPG","[Salt and Sanctuary] 두렵고도 잔혹한 섬의 탐험을 시작합니다… Salt and Sanctuary는 신속하고, 잔인하며, 복잡한 전투 시스템을 지닌 2D RPG입니다. 저주받은 도시의 잊힌 영역이나, 피에 물든 던전이나, 오염된 기념비와 같은 장소를 돌아다니며, 한때 축복을 받았지만 지금은 타락하고 만 영주들을 조우하세요.",The Fall of the Dungeon Guardians - Enhanced Edition,"인디, RPG, 전략","In this tactical combat & dungeon crawler mash-up, explore a massive dungeon, full of danger, mystery and secrets. Fight your way through hordes of enemies and powerful creatures, with your tank, healer & damage dealers party.",2,,
B0427,A35,Project Zomboid / Don't Starve / The Forest,"인디, RPG, 시뮬레이션, 앞서 해보기 / 어드벤처, 인디, 시뮬레이션 / 액션, 어드벤처, 인디, 시뮬레이션","[Project Zomboid] Project Zomboid is the ultimate in zombie survival. Alone or in MP: you loot, build, craft, fight, farm and fish in a struggle to survive. A hardcore RPG skillset, a vast map, mass ‖ [Don't Starve] Don’t Starve is an uncompromising wilderness survival game full of science and magic. Enter a strange and unexplored world full of strange creatures, dangers, and surprises. Gather ‖ [The Forest] As the lone survivor of a passenger jet crash, you find yourself in a mysterious forest battling to stay alive against a society of cannibalistic mutants. Build, explore, survive i",Fear the Night - 恐惧之夜,"액션, 어드벤처, 대규모 멀티플레이어, RPG, 시뮬레이션","In Fear the Night, you are a survivor in a world plagued with zombies. Team up with other survivors and work together to rebuild society from its ashes or choose to trust no one and go your own way in a lawless world.",3,,
B0428,A17,Lethal Company / Phasmophobia / Deep Rock Galactic,"액션, 어드벤처, 인디, 앞서 해보기 / 액션, 인디, 앞서 해보기 / 액션","[Lethal Company] A co-op horror about scavenging at abandoned moons to sell scrap to the Company. ‖ [Phasmophobia] Phasmophobia is a 4 player online co-op psychological horror. Paranormal activity is on the rise and it’s up to you and your team to use all the ghost-hunting equipment at your dis ‖ [Deep Rock Galactic] 딥 락 갤럭틱은 1-4인의 플레이어가 협동하는 FPS 게임으로, 상남자 우주 드워프, 100% 파괴 가능한 맵 환경, 절차적 생성 동굴 지형, 그리고 끊임없이 등장하는 외계 괴물 무리가 특징입니다.",Son of a Witch,"액션, 어드벤처, 인디","Action roguelike for 1-4 players with cute graphics and deep game mechanics. Combine dozens of different weapons, magic items, potions and spells with unique effects to beat 8 enemy factions and 28 bosses. Can you find the ancient goblin artifact at the end of the dungeon?",1,,
B0429,A06,Cities: Skylines / Factorio / Farming Simulator 22,"시뮬레이션, 전략 / 캐주얼, 인디, 시뮬레이션, 전략 / 시뮬레이션","[Cities: Skylines] Cities: Skylines is a modern take on the classic city simulation. The game introduces new game play elements to realize the thrill and hardships of creating and maintaining a real  ‖ [Factorio] Factorio는 무한한 2D 세상에서 복잡성이 증가하는 아이템을 생산하기 위해 자동화 공장을 만드는 게임입니다. - 당신의 상상력으로 공장을 설계, 독창적인 방법으로 간단한 요소를 결합하고 마지막엔 당신을 좋아하지 않는 생물들로 부터 공장을 지키세요. ‖ [Farming Simulator 22] 농장을 만들고 농사를 즐기세요! 작물을 수확하고, 동물을 돌보고, 생산을 관리하고, 계절에 따른 어려움을 이겨내세요.",Metropolis,"시뮬레이션, 전략","Metropolis - The Ultimate City Simulator. In a game of construction, politics and real estate, build and manage your city to become the most liveable city in the world.",3,,
B0430,A05,Opus Magnum,"인디, 시뮬레이션","[Opus Magnum] Opus Magnum은 SpaceChem, Infinifactory, SHENZHEN I/O를 제작한 Zachtronics의 신작 퍼즐게임입니다. 연금술사들의 최첨단 도구인 변성 기관을 이용해 물약과 독을 만들어내는 기계들을 설계하고 만들어 내세요!",functional,시뮬레이션,functional is a puzzle game about math and abstraction.,3,,
B0431,A02,Still Life / Jenny LeClue - Detectivu / Telling Lies,"어드벤처 / 액션, 어드벤처, 캐주얼, 인디 / 어드벤처, 인디, 시뮬레이션",[Still Life] Still Life 2 also now available! ‖ [Jenny LeClue - Detectivu] Jenny LeClue - Detectivu는 조사와 선택지로 가득한 스릴 넘치는 미스터리 어드벤처 게임입니다. ‖ [Telling Lies] 네 명의 삶. 그리고 하나의 큰 거짓말. 아무도 모르게 녹화된 은밀한 대화를 들으며 진실을 알아내십시오. 큰 호평을 받았던 Her Story의 계승작입니다.,Scene Investigators,"어드벤처, 인디","Scene Investigators는 ""트루 크라임"" 장르의 팬들을 위한 하드코어 연역 추리 게임입니다. 재현된 범죄 현장에 들어가 증거를 자세하게 관찰하고 범죄 뒤에 숨은 동기를 분석하고 실제로 어떤 일이 일어났는지 밝혀내세요.",3,,
B0432,A20,Counter-Strike 2 / PUBG: BATTLEGROUNDS / 톰 클랜시의 레인보우식스 시즈,"액션, 무료 플레이 / 액션, 어드벤처, 대규모 멀티플레이어, 무료 플레이 / 액션, 무료 플레이","[Counter-Strike 2] Counter-Strike는 20년이 넘는 시간 동안 전 세계 수백만 명의 플레이어가 모여 수준 높은 경쟁을 펼칠 수 있는 플랫폼을 제공해 왔습니다. 그리고 이제 곧 Counter-Strike 2와 함께 새로운 CS 시대의 막이 열립니다. ‖ [PUBG: BATTLEGROUNDS] 배틀로얄 유행의 시작이자, 그 정수를 보여준 PUBG: 배틀그라운드를 지금 무료로 플레이하세요! 다양한 맵에 낙하하여 무기와 보급품을 확보하고, 점점 줄어드는 블루존 속에서 끝까지 살아남아 승리를 쟁취하세요. ‖ [톰 클랜시의 레인보우식스 시즈] 톰 클랜시의 레인보우식스 시즈는 탁월한 계획과 기술이 승부를 좌우하는 전술적인 정예 팀 기반 슈팅 게임입니다.",War Trigger Classic,"액션, 인디","Compete with friends or players from around the globe using some of the world's deadliest modern weapons and vehicles in this intense First Person Shooter. Play in unique environments designed for infantry, vehicle, and air combat.",2,,
B0433,A30,Stardew Valley / Slime Rancher / Raft,"인디, RPG, 시뮬레이션 / 액션, 어드벤처, 인디, 시뮬레이션 / 어드벤처, 인디, 시뮬레이션","[Stardew Valley] You've inherited your grandfather's old farm plot in Stardew Valley. Armed with hand-me-down tools and a few coins, you set out to begin your new life. Can you learn to live off th ‖ [Slime Rancher] 슬라임 랜쳐는 젊고 용감한 랜쳐, 베아트릭스 르뷰가 지구에서 1,000광년 떨어진 '머나먼 평야'에서 슬라임들과 씨름하며 생계를 꾸려나가는 이야기입니다. 긍정적인 마인드와 강인한 의지로 베아트릭스는 진공팩을 사용하여 끊임없이 말랑말랑하게 굴러나오는 슬라임들을 피하며 이름을 알리고, 부자가 되려 합니다. ‖ [Raft] Raft™ throws you and your friends into an epic oceanic adventure! Alone or together, players battle to survive a perilous voyage across a vast sea! Gather debris, scavenge reefs an",목장이야기 Let's! 바람의 그랜드 바자르,"캐주얼, 시뮬레이션",산들바람이 부는 마을에서 새로운 목장 생활이 시작한다.,3,,
B0434,A25,DOOMBLADE / Transiruby / Blast Brigade vs. the Evil Legion of Dr. Cread,"액션, 어드벤처, 인디 / 액션 / 액션, 어드벤처, 인디","[DOOMBLADE] Deep underground, Gloom Girl discovers DOOMBLADE, a sentient weapon hellbent on escape after eons in chains. Together, “Doom and Gloom” embark on a vengeful quest to unlock the pow ‖ [Transiruby] 차원 대륙의 의문을 풀어라! 는 사이보그 소녀 실비가 검과 엘리먼트 샷으로 적을 쓰러뜨리며 앞으로 나아가는 탐색형 액션 게임입니다! ‖ [Blast Brigade vs. the Evil Legion of Dr. Cread] 스릴 넘치는 플랫포밍과 깊이 있는 탐험 세계, 폭발적인 액션으로 가득한 2D 메트로이드배니아 어드벤처 게임을 즐겨보세요! Blast Brigade에서 영웅들로 팀을 구성해 세계를 구하세요!",Fe,"액션, 어드벤처","살아 숨 쉬는 북 유럽의 깊은 숲을 달리고, 기어오르고, 날고, 탐험하며 신비한 생물체들과 만날 수 있습니다. Fe가 되어 절대 떠나고 싶지 않을 세상을 발견해 보세요.",2,,
B0435,A03,Balatro / Hades / Vampire Survivors,"캐주얼, 인디, 전략 / 액션, 인디, RPG / 액션, 캐주얼, 인디, RPG","[Balatro] 포커 로그라이크 게임. Balatro는 불법 포커 패로 게임을 하고, 판을 뒤엎는 조커를 발견하고, 아드레날린이 치솟는 강력한 콤보를 만드는 덱 빌딩 게임입니다. ‖ [Hades] Bastion, Transistor, Pyre의 제작사에서 선보이는 이 로그라이크 던전 탐색형 게임에서 핵 앤 슬래시로 지하 세계를 탈출하고 죽음의 신에게 도전하세요. ‖ [Vampire Survivors] 수많은 어둠의 피조물을 쓰러뜨리며 새벽이 올 때까지 생존하세요! Vampire Survivors는 로그라이트 요소를 갖춘 고딕 호러 케주얼 게임입니다. 당신의 선택으로 순식간에 수백 마리의 괴물이 눈덩이처럼 불어날 수 있죠.",Crush the Industry,"인디, RPG, 전략",로그라이크 덱빌더 게임에서 목숨을 위협하는 게임 스튜디오의 정상에 오르세요! Crush the Industry에는 전략적인 전투에 약간의 변형과 다양한 반복 플레이 파고들기 요소가 준비되어 있습니다.,3,,
B0436,A31,Hearts of Iron IV / Europa Universalis IV / Sid Meier's Civilization® V,"시뮬레이션, 전략 / 시뮬레이션, 전략 / 전략","[Hearts of Iron IV] Victory is at your fingertips! Your ability to lead your nation is your supreme weapon, the strategy game Hearts of Iron IV lets you take command of any nation in World War II; the ‖ [Europa Universalis IV] 비교할 수 없는 자유도, 깊이 있는 스토리, 정확한 역사적 고증을 즐기며 국토를 다스리고 세계를 정복하세요. 세계 역사를 새롭게 쓰며 시대를 풍미할 제국을 만드세요. ‖ [Sid Meier's Civilization® V] Create, discover, and download new player-created maps, scenarios, interfaces, and more!",Godless Tactics,"어드벤처, 전략","Lead an elite strike team through the wars of a reborn civilisation, and decide the fate of humanity through your achievements and choices. Traverse a dynamic war-map, engage in fast, turn-based battles, and explore the world of 2952.",2,,
B0437,A26,RimWorld / Oxygen Not Included / Unpacking 언패킹,"인디, 시뮬레이션, 전략 / 인디, 시뮬레이션 / 캐주얼, 인디, 시뮬레이션","[RimWorld] 지능형 AI 이야기꾼이 주도하는 공상과학 정착지 시뮬레이터입니다. 심리, 생태, 총격전과 근접전, 날씨, 기후, 외교, 사람 사이의 관계, 예술, 의학, 무역, 그 외 많은 것들을 시뮬레이션하여 이야기를 생성합니다. ‖ [Oxygen Not Included] Oxygen Not Included는 우주 콜로니 시뮬레이션 게임입니다. 외계의 우주 암석 깊은 곳에서 근면한 일꾼들은 생존하고 나아가 번영하기 위해 과학을 마스터하고, 낯선 새로운 생명체에 맞서며, 경이로운 우주 테크놀로지를 활용해야 합니다. ‖ [Unpacking 언패킹] Unpacking은 상자에서 짐을 꺼내 새집에 맞게 배치하는 친숙한 체험에 대한 명상적 퍼즐 게임입니다. 게임의 일부인 블록 맞추기 게임과 집 꾸미기를 하는 동안, 푸는 짐에 닮긴 삶의 실마리를 찾아가며 만족할 만한 생활 공간을 만들어 보세요.",Colony Survival,"액션, 어드벤처, 인디, 전략, 앞서 해보기","콜로니 서바이벌은 2인 개발진이 제작한 독특한 1인칭 전략 게임입니다. 복셀 세계에서 나만의 정착지를 만들어 보세요. 경비병, 농부, 광부 등 정착민에게 명령을 내리세요. 그리고 매일 밤 공격해 오는 괴물 무리에 맞서 정착지를 지키세요!",2,,
B0438,A33,Garry's Mod / Team Fortress 2 / Left 4 Dead 2,"캐주얼, 인디, 시뮬레이션 / 액션, 무료 플레이 / 액션","[Garry's Mod] Garry's Mod is a physics sandbox. There aren't any predefined aims or goals. We give you the tools and leave you to play. ‖ [Team Fortress 2] 다양한 전술적 능력과 뚜렷한 개성을 갖춘 9가지 병과의 캐릭터를 플레이하세요. 끊임없이 업데이트되는 새로운 게임 모드, 맵, 장비 그리고 가장 중요한 모자까지 지금 바로 즐겨보세요! ‖ [Left 4 Dead 2] Set in the zombie apocalypse, Left 4 Dead 2 is a co-operative action horror FPS takes you and your friends through the cities, swamps and cemeteries of the Deep South, from Savanna",PONE,"액션, 어드벤처, 앞서 해보기",A co-op survival horror game where you and your closest friends must work together to survive in an upside down world crawling with the infected.,3,,
B0439,A32,Hardspace: Shipbreaker / Hacknet / The Case of the Golden Idol / 방 탈출 시뮬레이터 / shapez 2 - Factory,"시뮬레이션 / 인디, 시뮬레이션 / 어드벤처, 인디 / 어드벤처, 캐주얼, 인디, 시뮬레이션 / 캐주얼, 인디, 시뮬레이션, 전략","[Hardspace: Shipbreaker] Equipped with cutting-edge salvaging tech, carve & slice spaceships to recover valuable materials. Upgrade your gear to take on more lucrative contracts and pay your billion credit ‖ [Hacknet] Hacknet은 터미널 기반의 몰입형 해킹 시뮬레이터입니다. 최근에 사망한, 그러나 언론 보도와는 달리 사고로 사망하지 않은 해커의 지시에 따라 진실을 추척하십시오. ‖ [The Case of the Golden Idol] A new kind of detective game that allows you to think and investigate freely. Discover clues surrounding 12 strange and gruesome deaths and build your own theory. Pick your suspect ‖ [방 탈출 시뮬레이터] Escape Simulator는 단독 또는 온라인 협동 플레이가 가능한 1인칭 퍼즐 게임입니다. 점점 더 많아지는, 고도의 상호 작용이 가능한 방탈출 세트를 탐험하세요. 가구를 옮기고, 모든 것을 집어 들고 검사하고, 냄비를 부수고 자물쇠를 부수세요! 레벨 편집기를 통해 커뮤니티가 만든 방을 지원합니다. ‖ [shapez 2 - Factory] 공장 건설 게임에 빠져들어 보세요. 단 한 가지에 집중하세요. 대규모 우주 공장을 건설하는 것! 방대하게 펼쳐지는 다층 공장과 만족스러운 생산 라인을 무제한으로 설계하세요. 계속해서 어려워지는 자동화 목표를 적의 위협 없이 자신만의 속도로 달성하세요.",Escape Memoirs: Mansion Heist,"어드벤처, 캐주얼, 인디","""Escape Memoirs: Mansion Heist"" is a co-operative atmospheric reverse escape-room puzzle game. You are a master thief who has been hired to rob a mysterious mansion, filled with various puzzles. Do you think you have what it takes to conquer the challenges that await you in the mansion.",3,,
B0440,A06,Cities: Skylines / Factorio / Farming Simulator 22,"시뮬레이션, 전략 / 캐주얼, 인디, 시뮬레이션, 전략 / 시뮬레이션","[Cities: Skylines] Cities: Skylines is a modern take on the classic city simulation. The game introduces new game play elements to realize the thrill and hardships of creating and maintaining a real  ‖ [Factorio] Factorio는 무한한 2D 세상에서 복잡성이 증가하는 아이템을 생산하기 위해 자동화 공장을 만드는 게임입니다. - 당신의 상상력으로 공장을 설계, 독창적인 방법으로 간단한 요소를 결합하고 마지막엔 당신을 좋아하지 않는 생물들로 부터 공장을 지키세요. ‖ [Farming Simulator 22] 농장을 만들고 농사를 즐기세요! 작물을 수확하고, 동물을 돌보고, 생산을 관리하고, 계절에 따른 어려움을 이겨내세요.",ShapeHero Factory -쉐이프히어로 팩토리-,"캐주얼, 인디, 시뮬레이션, 전략","""ShapeHero Factory""는 공장, 로그라이트 그리고 타워 디펜스를 융합한 게임입니다. 도형을 조합하여 다양한 영웅을 대량으로 만들어 내세요. 태어난 영웅들은 자동으로 싸웁니다. 여러분이 해야 할 일은 그들을 만들어 내기 위한 ""최적의 공장""을 건설하는 것입니다.",3,,
B0441,A33,Garry's Mod / Team Fortress 2 / Left 4 Dead 2,"캐주얼, 인디, 시뮬레이션 / 액션, 무료 플레이 / 액션","[Garry's Mod] Garry's Mod is a physics sandbox. There aren't any predefined aims or goals. We give you the tools and leave you to play. ‖ [Team Fortress 2] 다양한 전술적 능력과 뚜렷한 개성을 갖춘 9가지 병과의 캐릭터를 플레이하세요. 끊임없이 업데이트되는 새로운 게임 모드, 맵, 장비 그리고 가장 중요한 모자까지 지금 바로 즐겨보세요! ‖ [Left 4 Dead 2] Set in the zombie apocalypse, Left 4 Dead 2 is a co-operative action horror FPS takes you and your friends through the cities, swamps and cemeteries of the Deep South, from Savanna",Dude Simulator,"액션, 어드벤처, 인디, 시뮬레이션",Dude Simulator is an open world sandbox game. This is a life simulator. The main objective is to enjoy what you are doing.,2,,
B0442,A29,Salt and Sanctuary,"액션, 인디, RPG","[Salt and Sanctuary] 두렵고도 잔혹한 섬의 탐험을 시작합니다… Salt and Sanctuary는 신속하고, 잔인하며, 복잡한 전투 시스템을 지닌 2D RPG입니다. 저주받은 도시의 잊힌 영역이나, 피에 물든 던전이나, 오염된 기념비와 같은 장소를 돌아다니며, 한때 축복을 받았지만 지금은 타락하고 만 영주들을 조우하세요.",Kingdom of Atham: Crown of the Champions,"액션, 어드벤처, 캐주얼, 인디, RPG, 전략, 무료 플레이","""Kingdom of Atham: Crown of the Champions - Embark on a medieval fantasy survival odyssey. Reclaim the stolen Crown, battle dark forces, and explore diverse lands. Uncover secrets, wield magic, and craft your destiny. Will you become the true champion of Atham?""",1,LOW_QUALITY,
B0443,A03,Balatro / Hades / Vampire Survivors,"캐주얼, 인디, 전략 / 액션, 인디, RPG / 액션, 캐주얼, 인디, RPG","[Balatro] 포커 로그라이크 게임. Balatro는 불법 포커 패로 게임을 하고, 판을 뒤엎는 조커를 발견하고, 아드레날린이 치솟는 강력한 콤보를 만드는 덱 빌딩 게임입니다. ‖ [Hades] Bastion, Transistor, Pyre의 제작사에서 선보이는 이 로그라이크 던전 탐색형 게임에서 핵 앤 슬래시로 지하 세계를 탈출하고 죽음의 신에게 도전하세요. ‖ [Vampire Survivors] 수많은 어둠의 피조물을 쓰러뜨리며 새벽이 올 때까지 생존하세요! Vampire Survivors는 로그라이트 요소를 갖춘 고딕 호러 케주얼 게임입니다. 당신의 선택으로 순식간에 수백 마리의 괴물이 눈덩이처럼 불어날 수 있죠.",Evil West,"액션, 어드벤처, RPG",어둠의 위협이 옛 서부를 잠식해갑니다. 혼자 또는 협동 모드에서 피에 굶주린 괴물들과 멋지고 화끈하게 싸우십시오. 번개가 깃든 건틀렛으로 뱀파이어 군대를 쳐부수고 거친 서부의 슈퍼히어로가 되십시오.,1,GENRE_ONLY,
B0444,A35,Project Zomboid / Don't Starve / The Forest,"인디, RPG, 시뮬레이션, 앞서 해보기 / 어드벤처, 인디, 시뮬레이션 / 액션, 어드벤처, 인디, 시뮬레이션","[Project Zomboid] Project Zomboid is the ultimate in zombie survival. Alone or in MP: you loot, build, craft, fight, farm and fish in a struggle to survive. A hardcore RPG skillset, a vast map, mass ‖ [Don't Starve] Don’t Starve is an uncompromising wilderness survival game full of science and magic. Enter a strange and unexplored world full of strange creatures, dangers, and surprises. Gather ‖ [The Forest] As the lone survivor of a passenger jet crash, you find yourself in a mysterious forest battling to stay alive against a society of cannibalistic mutants. Build, explore, survive i",Hand Simulator: Horror,"액션, 어드벤처, 인디, 대규모 멀티플레이어, 시뮬레이션","Fear clouds the mind. Fear paralyzes the body. If your hands are shaking with fear, you will remain in this hell forever.",1,MODE_MISMATCH,
B0445,A09,Roots of Yggdrasil / Ancient Gods / Flick Shot Rogues,"인디, 전략 / RPG, 전략 / 인디, 전략","[Roots of Yggdrasil] Build settlements, explore the Nine Realms, collect artifacts and upgrade your deck to reach the top of Yggdrasil in this post-Ragnarok roguelike city-builder! Can you survive the  ‖ [Ancient Gods] Ancient Gods is a fusion of hero collector and deck-building rogue-lite where you collect your character, fight, and experience exciting events. Any character can use all the cards ‖ [Flick Shot Rogues] 계획하고, 조준하고, 쏘세요! FLICK SHOT ROGUES는 테이블 위에서 물건을 튕기는 촉각적 만족감과 사람들이 좋아하는 턴제 로그라이크의 전략적 깊이를 결합한 게임입니다. 말도 안되는 콤보를 연결하고, 캐릭터, 아이템, 스킬을 잠금 해제하면서, 섬을 정복하세요!",Ballionaire,"캐주얼, 인디, 전략",BALLIONAIRE는 전략과 물리 엔진이 만나 경이로운 부를 창출하는 빠른 페이스의 역동적 로그라이크 게임입니다! 치열한 띠어리크래프팅을 통해 게임을 뒤트는 시너지를 찾아내고 승리를 차지하세요! 자동땡그랑 장르에 오신 것을 환영합니다!,3,,
B0446,A28,Dordogne / A YEAR OF SPRINGS / Botany Manor,"어드벤처, 인디 / 캐주얼, 인디, 시뮬레이션 / 어드벤처","[Dordogne] 이 유년 시절의 여정에서 특별한 내러티브에 몰입하며 도르도뉴의 수천 가지 여름의 색을 탐험하고, 추억을 떠올리며 가족의 비밀을 밝히세요. ‖ [A YEAR OF SPRINGS] 세 명의 여성, 세 개의 이야기, 세 개의 봄. 세 명의 친구들이 사랑, 공감, 그리고 단지 함께하고 싶어하는 감정에 대한 방향을 찾아나가는 3 부작 비주얼 노벨 A YEAR OF SPRINGS 에서 하루, 에리카, 마나미의 이야기를 체험하세요. ‖ [Botany Manor] Welcome to Botany Manor, a stately home in 19th century England. You play as inhabitant Arabella Greene, a retired botanist. Explore your house and gardens, filled with research, t",Cloudy Valley,"어드벤처, 캐주얼, 인디","Go on a summer vacation to the Cloudy Valley archipelago! Swim, climb, and explore the different islands at your own pace. Discover treasures or enjoy a cozy and relaxing atmosphere by the waves...",3,,
B0447,A26,RimWorld / Oxygen Not Included / Unpacking 언패킹,"인디, 시뮬레이션, 전략 / 인디, 시뮬레이션 / 캐주얼, 인디, 시뮬레이션","[RimWorld] 지능형 AI 이야기꾼이 주도하는 공상과학 정착지 시뮬레이터입니다. 심리, 생태, 총격전과 근접전, 날씨, 기후, 외교, 사람 사이의 관계, 예술, 의학, 무역, 그 외 많은 것들을 시뮬레이션하여 이야기를 생성합니다. ‖ [Oxygen Not Included] Oxygen Not Included는 우주 콜로니 시뮬레이션 게임입니다. 외계의 우주 암석 깊은 곳에서 근면한 일꾼들은 생존하고 나아가 번영하기 위해 과학을 마스터하고, 낯선 새로운 생명체에 맞서며, 경이로운 우주 테크놀로지를 활용해야 합니다. ‖ [Unpacking 언패킹] Unpacking은 상자에서 짐을 꺼내 새집에 맞게 배치하는 친숙한 체험에 대한 명상적 퍼즐 게임입니다. 게임의 일부인 블록 맞추기 게임과 집 꾸미기를 하는 동안, 푸는 짐에 닮긴 삶의 실마리를 찾아가며 만족할 만한 생활 공간을 만들어 보세요.",Terra revive,"어드벤처, 인디, 시뮬레이션","A simulation of rebuilding a planet after it has been almost completely destroyed. Your task is to make the earth fit for human life again. Survive, build and explore!",2,,
